platform,query,page,product_name,current_price,original_price,discount,fake_discount,rating,urgency_text,has_urgency,suspicious_discount,full_text,product_url
Ajio,shoes,1,NIKE,"₹4,348","₹8,695",50% off,No,2.8,None,False,False,"NEWSEASON Quick View NIKE Men Air Winflo 11 Wide Running Shoes 2.8 |   4 ₹4,348 ₹8,695 (50% off) Offer Price: ₹ 3,913",https://www.ajio.com/nike-men-air-winflo-11-wide-running-shoes/p/469817394_orange?
Ajio,shoes,1,NIKE,"₹4,848","₹9,695",50% off,No,4.9,None,False,False,"NEWSEASON Quick View NIKE Men Air Winflo 11 Running Shoes 4.9 |   7 ₹4,848 ₹9,695 (50% off) Offer Price: ₹ 4,363",https://www.ajio.com/nike-men-air-winflo-11-running-shoes/p/469817444_white?
Ajio,shoes,1,NIKE,"₹2,748","₹5,495",50% off,No,3.3,None,False,False,"BESTSELLER Quick View NIKE SB Heritage Vulc Low-Top Lace-Up Casual Shoes 3.3 |   201 ₹2,748 ₹5,495 (50% off) Offer Price: ₹ 2,473",https://www.ajio.com/nike-sb-heritage-vulc-low-top-lace-up-casual-shoes/p/460846168_white?
Ajio,shoes,1,NIKE,"₹5,398","₹10,795",50% off,No,2.3,None,False,False,"NEWSEASON Quick View NIKE Men Air Max Dawn Running Shoes 2.3 |   3 ₹5,398 ₹10,795 (50% off) Best Price ₹ 4,858",https://www.ajio.com/nike-men-air-max-dawn-running-shoes/p/469817379_blue?
Ajio,shoes,1,Skechers,"₹2,200","₹5,499",60% off,No,4.2,None,False,False,"BESTSELLER Quick View Skechers Go Run Consistant Lace-Up Shoes 4.2 |   230 ₹2,200 ₹5,499 (60% off) Offer Price: ₹ 1,700",https://www.ajio.com/skechers-go-run-consistant-lace-up-shoes/p/469544798_black?
Ajio,shoes,1,Puma,"₹3,099","₹4,999",38% off,No,4.1,None,False,False,"BESTSELLER Quick View Puma Men Low-Top Lace-Up Running Shoes 4.1 |   215 ₹3,099 ₹4,999 (38% off) Offer Price: ₹ 2,479",https://www.ajio.com/puma-men-low-top-lace-up-running-shoes/p/703425552_charcoal?
Ajio,shoes,1,NIKE,"₹3,148","₹6,295",50% off,No,4.2,None,False,False,"BESTSELLER Quick View NIKE Quest 5 Lace-Up Running Shoes 4.2 |   1K ₹3,148 ₹6,295 (50% off) Offer Price: ₹ 2,833",https://www.ajio.com/nike-quest-5-lace-up-running-shoes/p/469180114_black?
Ajio,shoes,1,Lee Cooper,₹570,"₹1,899",70% off,No,4.1,None,False,True,"BESTSELLER Quick View Lee Cooper Men Lace-Up Shoes 4.1 |   132 ₹570 ₹1,899 (70% off) Offer Price: ₹ 399",https://www.ajio.com/lee-cooper-men-lace-up-shoes/p/450157154_black?
Ajio,shoes,1,NIKE,"₹6,097","₹9,995",39% off,No,3.9,None,False,False,"BESTSELLER Quick View NIKE Men Air Max 90 Lace-Up-Up Sneakers 3.9 |   197 ₹6,097 ₹9,995 (39% off)",https://www.ajio.com/nike-men-air-max-90-lace-up-up-sneakers/p/469764328_blackgrey?
Ajio,shoes,1,NIKE,"₹3,548","₹7,095",50% off,No,3.5,None,False,False,"BESTSELLER Quick View NIKE Men Ebernon Low Premium Lace-Up Sneakers 3.5 |   229 ₹3,548 ₹7,095 (50% off) Offer Price: ₹ 3,193",https://www.ajio.com/nike-men-ebernon-low-premium-lace-up-sneakers/p/469749335_white?
Ajio,shoes,1,NIKE,"₹5,948","₹11,895",50% off,No,N/A,None,False,False,"BESTSELLER Quick View NIKE Air Zoom Pegasus 40 Running Shoes 4 |   148 ₹5,948 ₹11,895 (50% off) Offer Price: ₹ 5,353",https://www.ajio.com/nike-air-zoom-pegasus-40-running-shoes/p/469581827_black?
Ajio,shoes,1,NIKE,"₹4,871","₹6,495",25% off,No,4.3,None,False,False,"BESTSELLER Quick View NIKE Men Court Vision Low Lace-Up  Sneakers 4.3 |   16 ₹4,871 ₹6,495 (25% off) Offer Price: ₹ 4,384",https://www.ajio.com/nike-men-court-vision-low-lace-up-sneakers/p/469811285_white?
Ajio,shoes,1,RED TAPE,₹986,"₹5,799",83% off,No,4.1,None,False,True,"Quick View RED TAPE Men Round-Toe Lace-Up Sneakers 4.1 |   1K ₹986 ₹5,799 (83% off) Offer Price: ₹ 887",https://www.ajio.com/red-tape-men-round-toe-lace-up-sneakers-/p/700333424_grey?
Ajio,shoes,1,Adidas Kids,"₹3,299",N/A,N/A,N/A,1.0,None,False,False,"BESTSELLER Quick View Adidas Kids Boys Kids Stunicon 1.0 K Slip-On Shoes 3.9 |   196 ₹3,299",https://www.ajio.com/adidas-kids-boys-kids-stunicon-1-0-k-slip-on-shoes/p/410263517_blackwhite?
Ajio,shoes,1,NIKE,"₹7,998","₹15,995",50% off,No,N/A,None,False,False,"NEWSEASON Quick View NIKE Men Air Max 2017 Running Shoes ₹7,998 ₹15,995 (50% off) Best Price ₹ 7,198",https://www.ajio.com/nike-men-air-max-2017-running-shoes/p/469817364_black?
Ajio,shoes,1,NIKE,"₹4,547","₹6,495",30% off,No,3.8,None,False,False,"BESTSELLER Quick View NIKE Men Court Vision Low Lace-Up  Sneakers 3.8 |   26 ₹4,547 ₹6,495 (30% off) Offer Price: ₹ 4,092",https://www.ajio.com/nike-men-court-vision-low-lace-up-sneakers/p/469811286_grey?
Ajio,shoes,1,Bata,₹599,₹999,40% off,No,4.1,None,False,False,BESTSELLER Quick View Bata Boys Round-Toe Slip-On Shoes 4.1 |   16 ₹599 ₹999 (40% off) Offer Price: ₹ 419,https://www.ajio.com/bata-boys-round-toe-slip-on-shoes/p/701982312_black?
Ajio,shoes,1,MAX,₹399,₹279,N/A,No,N/A,None,False,False,BESTSELLER Quick View MAX Girls Mid-Top Lace-Up Shoes 5 |   2 ₹399 Offer Price: ₹ 279,https://www.ajio.com/max-girls-mid-top-lace-up-shoes/p/703475592_white?
Ajio,shoes,1,RED TAPE,"₹1,105","₹8,499",87% off,No,3.8,None,False,True,"BESTSELLER Quick View RED TAPE Men Round-Toe Sneakers with Lace Fastening 3.8 |   1.1K ₹1,105 ₹8,499 (87% off)",https://www.ajio.com/red-tape-men-round-toe-sneakers-with-lace-fastening-/p/702521017_black?
Ajio,shoes,1,Puma,"₹1,620","₹5,999",73% off,No,N/A,None,False,True,"BESTSELLER Quick View Puma Men 9-T Lace-Up Sneakers 4 |   70 ₹1,620 ₹5,999 (73% off) Offer Price: ₹ 1,200",https://www.ajio.com/puma-men-9-t-lace-up-sneakers/p/469652848_black?
Ajio,shoes,1,NIKE,"₹3,248","₹6,495",50% off,No,N/A,None,False,False,"BESTSELLER Quick View NIKE SB Alleyoop Lace-Up Sneakers 4 |   85 ₹3,248 ₹6,495 (50% off) Offer Price: ₹ 2,923",https://www.ajio.com/nike-sb-alleyoop-lace-up-sneakers/p/469812816_blue?
Ajio,shoes,1,NIKE,"₹3,748","₹7,495",50% off,No,3.5,None,False,False,"Quick View NIKE Men Air Max Alpha Trainer 5 Football Shoes 3.5 |   14 ₹3,748 ₹7,495 (50% off) Offer Price: ₹ 3,373",https://www.ajio.com/nike-men-air-max-alpha-trainer-5-football-shoes/p/469551502_black?
Ajio,shoes,1,Puma,"₹3,360","₹7,999",58% off,No,3.7,None,False,False,"Quick View Puma Conduct Pro Running Shoes 3.7 |   14 ₹3,360 ₹7,999 (58% off) Offer Price: ₹ 2,856",https://www.ajio.com/puma-conduct-pro-running-shoes/p/701157897_black?
Ajio,shoes,1,CONVERSE,"₹4,799","₹3,839",N/A,No,4.2,None,False,False,"BESTSELLER Quick View CONVERSE Unisex Chuck Taylor All Star High-Top Canvas Sneakers 4.2 |   582 ₹4,799 Offer Price: ₹ 3,839",https://www.ajio.com/converse-unisex-chuck-taylor-all-star-high-top-canvas-sneakers/p/700111742_black?
Ajio,shoes,1,NIKE,"₹3,987","₹5,695",30% off,No,3.7,None,False,False,"Quick View NIKE Precision VII Basketball Shoes 3.7 |   141 ₹3,987 ₹5,695 (30% off) Offer Price: ₹ 3,588",https://www.ajio.com/nike-precision-vii-basketball-shoes/p/469647492_white?
Ajio,shoes,1,NIKE,"₹6,295",N/A,N/A,N/A,3.1,None,False,False,"Quick View NIKE Men Precision 8 Mid Basketball Shoes 3.1 |   7 ₹6,295",https://www.ajio.com/nike-men-precision-8-mid-basketball-shoes/p/469815074_white?
Ajio,shoes,1,NIKE,"₹4,555","₹8,595",47% off,No,4.2,None,False,False,"Quick View NIKE Men Killshot 2 Leather Tennis Shoes 4.2 |   49 ₹4,555 ₹8,595 (47% off)",https://www.ajio.com/nike-men-killshot-2-leather-tennis-shoes/p/469759369_blackgrey?
Ajio,shoes,1,Puma,"₹2,100","₹4,999",58% off,No,3.8,None,False,False,"BESTSELLER Quick View Puma Skyrocket Lite Running Shoes 3.8 |   353 ₹2,100 ₹4,999 (58% off) Offer Price: ₹ 1,600",https://www.ajio.com/puma-skyrocket-lite-running-shoes/p/701216813_black?
Ajio,shoes,1,NIKE,"₹7,995",N/A,N/A,N/A,4.3,None,False,False,"BESTSELLER Quick View NIKE Men P-6000 Running Shoes 4.3 |   17 ₹7,995",https://www.ajio.com/nike-men-p-6000-running-shoes/p/469815001_white?
Ajio,shoes,1,NIKE,"₹8,295","₹6,221",N/A,No,3.9,None,False,False,"BESTSELLER Quick View NIKE Men Dunk Low Lace-Up  Sneakers 3.9 |   11 ₹8,295 Offer Price: ₹ 6,221",https://www.ajio.com/nike-men-dunk-low-lace-up-sneakers/p/469811255_white?
Ajio,shoes,1,Puma,"₹2,480","₹7,999",69% off,No,4.5,None,False,False,"BESTSELLER Quick View Puma Men Sneakers with Synthetic upper 4.5 |   2 ₹2,480 ₹7,999 (69% off) Offer Price: ₹ 1,980",https://www.ajio.com/puma-men-sneakers-with-synthetic-upper/p/701115736_white?
Ajio,shoes,1,RED TAPE,"₹1,040","₹6,499",84% off,No,2.6,None,False,True,"Quick View RED TAPE Men Printed Round Toe Lace-Up Sport Shoes 2.6 |   9 ₹1,040 ₹6,499 (84% off) Offer Price: ₹ 975",https://www.ajio.com/red-tape-men-printed-round-toe-lace-up-sport-shoes/p/703438203_beige?
Ajio,shoes,1,Puma,"₹1,575","₹4,499",65% off,No,3.8,None,False,False,"Quick View Puma Smashic Comfort Casual Sneakers 3.8 |   14.8K ₹1,575 ₹4,499 (65% off) Offer Price: ₹ 1,103",https://www.ajio.com/puma-smashic-comfort-casual-sneakers/p/465654605_white?
Ajio,shoes,1,Puma,"₹2,800","₹7,999",65% off,No,3.4,None,False,False,"Quick View Puma Fade Pro Running Shoes 3.4 |   68 ₹2,800 ₹7,999 (65% off) Offer Price: ₹ 2,300",https://www.ajio.com/puma-fade-pro-running-shoes/p/701157678_white?
Ajio,shoes,1,ADIDAS,"₹2,332","₹5,299",56% off,No,4.3,None,False,False,"BESTSELLER Quick View ADIDAS Men Aero Turbo Thrive Running Shoes 4.3 |   25 ₹2,332 ₹5,299 (56% off) Offer Price: ₹ 1,832",https://www.ajio.com/adidas-men-aero-turbo-thrive-running-shoes/p/469802472_black?
Ajio,shoes,1,Under Armour,"₹4,124","₹7,499",45% off,No,4.3,None,False,False,"Quick View Under Armour Men Lockdown 7 Basketball Shoes 4.3 |   7 ₹4,124 ₹7,499 (45% off) Offer Price: ₹ 3,624",https://www.ajio.com/under-armour-men-lockdown-7-basketball-shoes/p/469797738_blue?
Ajio,shoes,1,Skechers,"₹2,460","₹5,999",59% off,No,4.4,None,False,False,"Quick View Skechers Men Go Run Consistent Shoes 4.4 |   64 ₹2,460 ₹5,999 (59% off)",https://www.ajio.com/skechers-men-go-run-consistent-shoes/p/450165634_gray?
Ajio,shoes,1,ASICS,"₹3,000","₹5,999",50% off,No,N/A,None,False,False,"Quick View ASICS Men Gel-Venture 9 Running Shoes ₹3,000 ₹5,999 (50% off) Offer Price: ₹ 2,500",https://www.ajio.com/asics-men-gel-venture-9-running-shoes/p/469718516_darkblue?
Ajio,watches,1,Giordano,"₹5,499","₹14,950",63% off,No,2.3,None,False,False,"Quick View Giordano Men Analogue Watch 2.3 |   3 ₹5,499 ₹14,950 (63% off) Offer Price: ₹ 4,949",https://www.ajio.com/giordano-men-analogue-watch/p/701648644_black?
Ajio,watches,1,SONATA,"₹5,195","₹4,695",N/A,No,N/A,None,False,False,"Quick View SONATA Men Chronos Analogue Watch-77187KM06 ₹5,195 Offer Price: ₹ 4,695",https://www.ajio.com/sonata-men-chronos-analogue-watch-77187km06/p/4935286630_multi?
Ajio,watches,1,French Connection,"₹3,177","₹8,450",62% off,No,N/A,None,False,False,"Quick View French Connection Women FCM06RTM Chronograph Watch with Metallic Strap ₹3,177 ₹8,450 (62% off) Offer Price: ₹ 2,677",https://www.ajio.com/french-connection-women-fcm06rtm-chronograph-watch-with-metallic-strap-/p/701177167_silver?
Ajio,watches,1,KOTTY,₹323,"₹1,899",83% off,No,N/A,None,False,True,"Quick View KOTTY Men regular fit shirt ₹323 ₹1,899 (83% off) Offer Price: ₹ 277",https://www.ajio.com/kotty-men-regular-fit-shirt/p/700488184_beige?
Ajio,watches,1,Memoir,₹800,"₹1,199",33% off,No,N/A,None,False,False,"Quick View Memoir Men Brass Bracelet ₹800 ₹1,199 (33% off) Offer Price: ₹ 560",https://www.ajio.com/memoir-men-brass-bracelet/p/700743123_white?
Ajio,watches,1,Pierre Lanier,"₹42,995","₹41,495",N/A,No,N/A,None,False,False,"Quick View Pierre Lanier Men Automatic Analog Stainless Steel Watch 345A459 ₹42,995 Offer Price: ₹ 41,495",https://www.ajio.com/pierre-lanier-men-automatic-analog-stainless-steel-watch-345a459/p/702507359_black?
Ajio,watches,1,TREX,₹364,"₹1,299",72% off,No,N/A,None,False,True,"Quick View TREX Women Analogue Watch with Stainless Steel Strap- 305 ₹364 ₹1,299 (72% off) Offer Price: ₹ 260",https://www.ajio.com/trex-women-analogue-watch-with-stainless-steel-strap-305/p/703180373_rosegold?
Ajio,watches,1,Minutiae,₹340,"₹1,999",83% off,No,N/A,None,False,True,"Quick View Minutiae Gold-Plated Evil-Eye Crystal Stud Designed  Watch Charms ₹340 ₹1,999 (83% off) Offer Price: ₹ 291",https://www.ajio.com/minutiae-gold-plated-evil-eye-crystal-stud-designed-watch-charms/p/701492812_gold?
Ajio,watches,1,Louis Devin,₹598,"₹2,599",77% off,No,N/A,None,False,True,"Quick View Louis Devin Set of 2 Women Analogue Wrist Watch-LDCM-191-BLK-GRN ₹598 ₹2,599 (77% off) Offer Price: ₹ 520",https://www.ajio.com/louis-devin-set-of-2-women-analogue-wrist-watch-ldcm-191-blk-grn-/p/701770752_black?
Ajio,watches,1,Miraggio,"₹2,599","₹3,999",35% off,No,4.5,None,False,False,"BESTSELLER Quick View Miraggio Kate Structured Shoulder Tote Bag 4.5 |   479 ₹2,599 ₹3,999 (35% off) Offer Price: ₹ 2,099",https://www.ajio.com/miraggio-kate-structured-shoulder-tote-bag/p/466306493_black?
Ajio,watches,1,Olevs,"₹6,415","₹18,329",65% off,No,N/A,None,False,False,"Quick View Olevs Men Water-Resistant Chronograph Watch-2859 ₹6,415 ₹18,329 (65% off) Offer Price: ₹ 5,915",https://www.ajio.com/olevs-men-water-resistant-chronograph-watch-2859/p/702753791_black?
Ajio,watches,1,Mathey- Tissot,"₹18,000","₹30,000",40% off,No,N/A,None,False,False,"BESTSELLER Quick View Mathey- Tissot Men Swiss Made Quartz Limited Edition Silver Bracelet Style Watch - D7917TV ₹18,000 ₹30,000 (40% off) Offer Price: ₹ 16,200",https://www.ajio.com/mathey-tissot-men-swiss-made-quartz-limited-edition-silver-bracelet-style-watch--d7917tv/p/702410149_silver?
Ajio,watches,1,JUST CAVALLI,"₹26,600","₹33,250",20% off,No,N/A,None,False,False,"BESTSELLER Quick View JUST CAVALLI Women Spiral Wrist Watch-JC1L391M0035 ₹26,600 ₹33,250 (20% off) Offer Price: ₹ 23,940",https://www.ajio.com/just-cavalli-women-spiral-wrist-watch-jc1l391m0035/p/702818265_rosegold?
Ajio,watches,1,XAGO,"₹1,440","₹1,600",10% off,No,N/A,None,False,False,"Quick View XAGO Gold-Plated Drop Earrings ₹1,440 ₹1,600 (10% off) Offer Price: ₹ 1,008",https://www.ajio.com/xago-gold-plated-drop-earrings/p/464971943_red?
Ajio,watches,1,Salty,"₹2,384","₹4,499",47% off,No,N/A,None,False,False,"NEW Quick View Salty Women Analogue Watch with Jewellery Clasp - WT-S-0029-G-G ₹2,384 ₹4,499 (47% off) Offer Price: ₹ 1,884",https://www.ajio.com/salty-women-analogue-watch-with-jewellery-clasp--wt-s-0029-g-g/p/703398315_gold?
Ajio,watches,1,TREX,₹300,₹999,70% off,No,3.3,None,False,True,Quick View TREX Women Pack of 2 Printed Dial Analogue Watches-ZZLYBLACK+GREY1 3.3 |   3 ₹300 ₹999 (70% off) Offer Price: ₹ 210,https://www.ajio.com/trex-women-pack-of-2-printed-dial-analogue-watches-zzlyblack-grey1/p/700825196_multi?
Ajio,watches,1,Daniel Klein,"₹7,595","₹10,850",30% off,No,N/A,None,False,False,"Quick View Daniel Klein Men Analogue Watch ₹7,595 ₹10,850 (30% off) Offer Price: ₹ 6,836",https://www.ajio.com/daniel-klein-men-analogue-watch/p/701550421_silver?
Ajio,watches,1,Crestello,₹480,"₹1,999",76% off,No,3.3,None,False,True,"Quick View Crestello Men  Analogue Watch 3.3 |   35 ₹480 ₹1,999 (76% off) Offer Price: ₹ 400",https://www.ajio.com/crestello--men-analogue-watch/p/700989167_silver?
Ajio,watches,1,TORNADO,"₹19,320","₹27,600",30% off,No,N/A,None,False,False,"Quick View TORNADO Men Analogue Wrist Watch with Tang Buckle Closure-T25001-BLBB ₹19,320 ₹27,600 (30% off) Offer Price: ₹ 18,820",https://www.ajio.com/tornado-men-analogue-wrist-watch-with-tang-buckle-closure-t25001-blbb/p/702844060_black?
Ajio,watches,1,Andamen,"₹2,394","₹3,990",40% off,No,N/A,None,False,False,"Quick View Andamen Printed Regular Fit Cotton Shirt 4 |   2 ₹2,394 ₹3,990 (40% off) Offer Price: ₹ 2,155",https://www.ajio.com/andamen-printed-regular-fit-cotton-shirt/p/467276665_green?
Ajio,watches,1,Joker & Witch,"₹1,900","₹7,598",75% off,No,N/A,None,False,True,"Quick View Joker & Witch Women Analogue Watch ₹1,900 ₹7,598 (75% off) Offer Price: ₹ 1,520",https://www.ajio.com/joker--witch-women-analogue-watch/p/701511260_rosegold?
Ajio,watches,1,Daniel Klein,"₹10,845","₹12,050",10% off,No,N/A,None,False,False,"Quick View Daniel Klein Women Round Dial Analogue Watch ₹10,845 ₹12,050 (10% off) Offer Price: ₹ 9,845",https://www.ajio.com/daniel-klein-women-round-dial-analogue-watch/p/702310452_silver?
Ajio,watches,1,VALLEY OF JEWELLERY (VOJ),₹330,"₹3,000",89% off,No,N/A,None,False,True,"Quick View VALLEY OF JEWELLERY (VOJ) Women Silver-Plated Necklace & Earrings Set ₹330 ₹3,000 (89% off) Offer Price: ₹ 283",https://www.ajio.com/valley-of-jewellery-voj-women-silver-plated-necklace--earrings-set/p/700274296_silver?
Ajio,watches,1,THE BRO CODE,₹598,"₹2,599",77% off,No,2.8,None,False,True,"Quick View THE BRO CODE Combo of 4 Set 2.8 |   4 ₹598 ₹2,599 (77% off) Offer Price: ₹ 512",https://www.ajio.com/the-bro-code-combo-of-4-set/p/466245881_white?
Ajio,watches,1,LORENZ,₹549,"₹1,999",73% off,No,N/A,None,False,True,"Quick View LORENZ MK-4044R Round Dial Analogue Watch 4 |   25 ₹549 ₹1,999 (73% off) Offer Price: ₹ 400",https://www.ajio.com/lorenz-mk-4044r-round-dial-analogue-watch/p/466248073_silver?
Ajio,watches,1,Joker & Witch,"₹1,400","₹5,598",75% off,No,N/A,None,False,True,"Quick View Joker & Witch Women Analogue Watch with Bracelet ₹1,400 ₹5,598 (75% off) Offer Price: ₹ 1,120",https://www.ajio.com/joker--witch-women-analogue-watch-with-bracelet/p/701507309_rosegold?
Ajio,watches,1,Daniel Klein,"₹3,465","₹5,250",34% off,No,N/A,None,False,False,"Quick View Daniel Klein DK.1.12335-6 Water-Resistant Analogue Watch 5 |   3 ₹3,465 ₹5,250 (34% off) Offer Price: ₹ 2,965",https://www.ajio.com/daniel-klein-dk-1-12335-6-water-resistant-analogue-watch/p/460606625_gunmetal?
Ajio,watches,1,Carlington,"₹1,000","₹4,999",80% off,No,N/A,None,False,True,"Quick View Carlington Men Digital Watch ₹1,000 ₹4,999 (80% off) Offer Price: ₹ 900",https://www.ajio.com/carlington-men-digital-watch/p/701543884_green?
Ajio,watches,1,FASTRACK,"₹12,995","₹12,245",N/A,No,3.0,None,False,False,"Quick View FASTRACK Men Automatics 3.0 Analog Watch-3333QM02 ₹12,995 Offer Price: ₹ 12,245",https://www.ajio.com/fastrack-men-automatics-3-0-analog-watch-3333qm02/p/4935316470_multi?
Ajio,watches,1,Casio,"₹6,995","₹5,995",N/A,No,3.8,None,False,False,"Quick View Casio Men Water-Resistant Analogue Watch-MTP-B145D-2A2VDF 3.8 |   35 ₹6,995 Offer Price: ₹ 5,995",https://www.ajio.com/casio-men-water-resistant-analogue-watch-mtp-b145d-2a2vdf/p/469595326_blue?
Ajio,watches,1,Daniel Klein,"₹5,100","₹8,500",40% off,No,N/A,None,False,False,"Quick View Daniel Klein Women Analogue Watch - DK.1.14154-5 ₹5,100 ₹8,500 (40% off) Offer Price: ₹ 4,590",https://www.ajio.com/daniel-klein-women-analogue-watch--dk-1-14154-5/p/703315961_brown?
Ajio,watches,1,Swisstyle,₹399,"₹2,599",85% off,No,N/A,None,False,True,"Quick View Swisstyle HT-GR353-BLK-BLK Round-Dial Analogue Watch ₹399 ₹2,599 (85% off) Offer Price: ₹ 390",https://www.ajio.com/swisstyle-ht-gr353-blk-blk-round-dial-analogue-watch/p/466424585_black?
Ajio,watches,1,Daniel Klein,"₹7,625","₹15,250",50% off,No,N/A,None,False,False,"Quick View Daniel Klein Analogue Watch with Deployant Clasp ₹7,625 ₹15,250 (50% off) Offer Price: ₹ 6,863",https://www.ajio.com/daniel-klein-analogue-watch-with-deployant-clasp/p/467180343_gold?
Ajio,watches,1,VALANOVA,"₹31,524","₹36,507",14% off,No,N/A,None,False,False,"Quick View VALANOVA Women Diamond Studded Ring-AGR0100B-BYL ₹31,524 ₹36,507 (14% off) Offer Price: ₹ 30,894",https://www.ajio.com/valanova-women-diamond-studded-ring-agr0100b-byl/p/469648985_yellow?
Ajio,watches,1,Olevs,"₹4,780","₹11,949",60% off,No,N/A,None,False,False,"Quick View Olevs Men Wrist Watch-3655 ₹4,780 ₹11,949 (60% off) Offer Price: ₹ 4,280",https://www.ajio.com/olevs-men-wrist-watch-3655/p/702798703_silver?
Ajio,watches,1,ABDESIGNS,₹600,"₹1,199",50% off,No,N/A,None,False,False,"Quick View ABDESIGNS Women Gold-Plated Beaded Link Bracelet ₹600 ₹1,199 (50% off) Offer Price: ₹ 420",https://www.ajio.com/abdesigns-women-gold-plated-beaded-link-bracelet/p/700109866_white?
Ajio,watches,1,Olevs,"₹3,660","₹9,149",60% off,No,N/A,None,False,False,"Quick View Olevs Women Analogue Watch with Water Resistance - 3692 ₹3,660 ₹9,149 (60% off) Offer Price: ₹ 3,160",https://www.ajio.com/olevs-women-analogue-watch-with-water-resistance--3692/p/702798926_silver?
Ajio,watches,1,Timex,"₹2,195","₹5,995",63% off,No,N/A,None,False,False,"Quick View Timex Rectangle Wearable Gadgets ₹2,195 ₹5,995 (63% off) Offer Price: ₹ 1,976",https://www.ajio.com/timex-rectangle-wearable-gadgets/p/700922497_black?
Ajio,watches,1,Ray-Ban,"₹10,488","₹12,790",18% off,No,N/A,None,False,False,"Quick View Ray-Ban 0RB385791963151 Full-Rim Square Sunglasses ₹10,488 ₹12,790 (18% off) Offer Price: ₹ 9,738",https://www.ajio.com/ray-ban-0rb385791963151-full-rim-square-sunglasses/p/460710020_gold?
Ajio,watches,1,Buda Jeans Co,₹735,"₹3,499",79% off,No,N/A,None,False,True,"NEW Quick View Buda Jeans Co Men Round Dial Shape Wrist Watch ₹735 ₹3,499 (79% off) Offer Price: ₹ 662",https://www.ajio.com/buda-jeans-co-men-round-dial-shape-wrist-watch/p/703174724_black?
Ajio,watches,1,UNSIZED,"₹2,799","₹2,299",N/A,No,N/A,None,False,False,"Quick View UNSIZED Men Regular Fit Shirt with Spread Collar ₹2,799 Offer Price: ₹ 2,299",https://www.ajio.com/unsized-men-regular-fit-shirt-with-spread-collar/p/466914259_pink?
Ajio,watches,1,Casio,"₹2,995","₹2,396",N/A,No,4.5,None,False,False,"Quick View Casio D097 Youth Men (AE-1200WH-1AVDF) Digital Wrist Watch 4.5 |   613 ₹2,995 Offer Price: ₹ 2,396",https://www.ajio.com/casio-d097-youth-men-ae-1200wh-1avdf-digital-wrist-watch/p/4910101030_multi?
Ajio,watches,1,Carlington,"₹1,020","₹2,999",66% off,No,4.1,None,False,False,"BESTSELLER Quick View Carlington Men Digital Watch-Endurance 1801 4.1 |   50 ₹1,020 ₹2,999 (66% off) Offer Price: ₹ 714",https://www.ajio.com/carlington-men-digital-watch-endurance-1801-/p/702487726_black?
Ajio,watches,1,Giordano,"₹6,999","₹13,995",50% off,No,3.3,None,False,False,"Quick View Giordano Men Analogue Watch 3.3 |   17 ₹6,999 ₹13,995 (50% off) Offer Price: ₹ 6,299",https://www.ajio.com/giordano-men-analogue-watch/p/701417974_multi?
Ajio,watches,1,LORENZ,₹499,"₹1,499",67% off,No,3.9,None,False,False,"Quick View LORENZ MK-4041R Round Shape Analogue Watch 3.9 |   348 ₹499 ₹1,499 (67% off) Offer Price: ₹ 349",https://www.ajio.com/lorenz-mk-4041r-round-shape-analogue-watch/p/466281394_black?
Ajio,watches,1,French Connection,"₹2,542","₹6,950",63% off,No,3.7,None,False,False,"Quick View French Connection Women Green Dial Iris Analogue Watch - FCB5GRL 3.7 |   9 ₹2,542 ₹6,950 (63% off) Offer Price: ₹ 2,042",https://www.ajio.com/french-connection-women-green-dial-iris-analogue-watch--fcb5grl/p/700204894_green?
Ajio,watches,1,Haute Sauce,₹985,"₹2,188",55% off,No,3.9,None,False,False,"Quick View Haute Sauce HSWC1093 Stone-Studded Analogue Watch 3.9 |   56 ₹985 ₹2,188 (55% off) Offer Price: ₹ 690",https://www.ajio.com/haute-sauce-hswc1093-stone-studded-analogue-watch-/p/465921935_gold?
Ajio,watches,1,Louis Devin,₹480,"₹1,999",76% off,No,3.2,None,False,True,"BESTSELLER Quick View Louis Devin LD-CP188-BRW-BWCH Women Round Analogue Watch 3.2 |   26 ₹480 ₹1,999 (76% off) Offer Price: ₹ 400",https://www.ajio.com/louis-devin-ld-cp188-brw-bwch-women-round-analogue-watch/p/701756804_brown?
Ajio,watches,1,Maserati,"₹15,743","₹24,220",35% off,No,4.4,None,False,False,"Quick View Maserati Round-Shaped Analogue Watch 4.4 |   72 ₹15,743 ₹24,220 (35% off) Offer Price: ₹ 14,743",https://www.ajio.com/maserati-round-shaped-analogue-watch/p/463985435_black?
Ajio,watches,1,Joker & Witch,"₹1,375","₹5,499",75% off,No,4.1,None,False,True,"Quick View Joker & Witch Women Round Dial Analogue Watch 4.1 |   8 ₹1,375 ₹5,499 (75% off) Offer Price: ₹ 1,100",https://www.ajio.com/joker--witch-women-round-dial-analogue-watch-/p/701505723_gold?
Ajio,watches,1,GUESS,"₹9,347","₹16,995",45% off,No,N/A,None,False,False,"NEWSEASON Quick View GUESS Water-Resistant Chronograph Watch-GW0202G6 ₹9,347 ₹16,995 (45% off) Offer Price: ₹ 8,347",https://www.ajio.com/guess-water-resistant-chronograph-watch-gw0202g6/p/703373754_white?
Ajio,watches,1,Carlington,"₹1,410","₹2,999",53% off,No,3.7,None,False,False,"BESTSELLER Quick View Carlington Men Round-Dial Tang Buckle Watch 3.7 |   112 ₹1,410 ₹2,999 (53% off) Offer Price: ₹ 987",https://www.ajio.com/carlington-men-round-dial-tang-buckle-watch/p/700915291_teal?
Ajio,watches,1,Joker & Witch,₹800,"₹3,199",75% off,No,3.8,None,False,True,"BESTSELLER Quick View Joker & Witch Women Analogue Watch with Leather Strap-AMWW639 3.8 |   24 ₹800 ₹3,199 (75% off) Offer Price: ₹ 640",https://www.ajio.com/joker--witch-women-analogue-watch-with-leather-strap-amww639/p/466700931_beige?
Ajio,watches,1,TITAN,"₹8,295","₹7,295",N/A,No,N/A,None,False,False,"NEW Quick View TITAN Men Water-Resistant Analogue Watch-NU1805QM04 ₹8,295 Offer Price: ₹ 7,295",https://www.ajio.com/titan-men-water-resistant-analogue-watch-nu1805qm04/p/4935353490_multi?
Ajio,watches,1,Swisstyle,₹480,"₹1,999",76% off,No,3.1,None,False,True,"Quick View Swisstyle Men Water-Resistant Analogue Wrist Watch 3.1 |   34 ₹480 ₹1,999 (76% off) Offer Price: ₹ 400",https://www.ajio.com/swisstyle-men-water-resistant-analogue-wrist-watch/p/701360492_silver?
Ajio,watches,1,ARMANI EXCHANGE,"₹15,995","₹14,396",N/A,No,3.4,None,False,False,"BESTSELLER Quick View ARMANI EXCHANGE Men Water-Resistant Chronograph Watch-AX7165SET 3.4 |   11 ₹15,995 Offer Price: ₹ 14,396",https://www.ajio.com/armani-exchange-men-water-resistant-chronograph-watch-ax7165set/p/4934127120_multi?
Ajio,watches,1,GUESS,"₹13,747","₹24,995",45% off,No,N/A,None,False,False,"Quick View GUESS Gold Dial Chrono Watch - GW0048G2 ₹13,747 ₹24,995 (45% off) Offer Price: ₹ 12,747",https://www.ajio.com/guess-gold-dial-chrono-watch--gw0048g2/p/703148597_black?
Ajio,watches,1,FASTRACK,"₹1,995","₹2,850",30% off,No,4.7,None,False,False,"Quick View FASTRACK Men Water-Resistance Analog Watch-FV30012QM01W 4.7 |   10 ₹1,995 ₹2,850 (30% off) Offer Price: ₹ 1,495",https://www.ajio.com/fastrack-men-water-resistance-analog-watch-fv30012qm01w/p/4935094610_multi?
Ajio,watches,1,FOSSIL,"₹7,498","₹14,995",50% off,No,4.5,None,False,False,"Quick View FOSSIL FS5830 Everett Analogue Watch 4.5 |   4 ₹7,498 ₹14,995 (50% off) Offer Price: ₹ 6,498",https://www.ajio.com/fossil-fs5830-everett-analogue-watch/p/469178299_gunmetal?
Ajio,watches,1,FASTRACK,"₹1,677","₹2,490",33% off,No,4.7,None,False,False,"Quick View FASTRACK Men Vyb Water-Resistant Analogue Watch-FV30031KM01W 4.7 |   6 ₹1,677 ₹2,490 (33% off) Offer Price: ₹ 1,177",https://www.ajio.com/fastrack-men-vyb-water-resistant-analogue-watch-fv30031km01w/p/469792547_blue?
Ajio,watches,1,TOMMY HILFIGER,"₹6,475","₹9,250",30% off,No,N/A,None,False,False,"Quick View TOMMY HILFIGER Men Water-Resistant Analogue Watch-TH1792200 ₹6,475 ₹9,250 (30% off) Offer Price: ₹ 5,475",https://www.ajio.com/tommy-hilfiger-men-water-resistant-analogue-watch-th1792200/p/4934868970_multi?
Ajio,watches,1,TITAN,"₹3,445","₹2,756",N/A,No,3.3,None,False,False,"NEW Quick View TITAN Men Analogue Watch-NU1825SM11 3.3 |   4 ₹3,445 Offer Price: ₹ 2,756",https://www.ajio.com/titan-men-analogue-watch-nu1825sm11/p/4935353750_multi?
Ajio,watches,1,ARMANI EXCHANGE,"₹11,495","₹10,495",N/A,No,3.2,None,False,False,"BESTSELLER Quick View ARMANI EXCHANGE Men Water-Resistant Chronograph Watch-AX4167 3.2 |   15 ₹11,495 Offer Price: ₹ 10,495",https://www.ajio.com/armani-exchange-men-water-resistant-chronograph-watch-ax4167/p/4934126860_multi?
Ajio,watches,1,GUESS,"₹8,797","₹15,995",45% off,No,3.9,None,False,False,"Quick View GUESS Men Analogue Watch 3.9 |   34 ₹8,797 ₹15,995 (45% off) Offer Price: ₹ 7,797",https://www.ajio.com/guess-men-analogue-watch/p/700769127_blue?
Ajio,watches,1,Louis Devin,₹460,"₹1,999",77% off,No,4.2,None,False,True,"BESTSELLER Quick View Louis Devin Women Analogue Wrist Watch-LD-LS193-SLV-CH 4.2 |   24 ₹460 ₹1,999 (77% off) Offer Price: ₹ 400",https://www.ajio.com/louis-devin-women-analogue-wrist-watch-ld-ls193-slv-ch/p/702163983_silver?
Ajio,watches,1,DANIEL HECHTER,"₹3,088","₹5,450",43% off,No,N/A,None,False,False,"Quick View DANIEL HECHTER Men Analogue Wrist Watch with Tang Buckle Closure-DHM1001 4 |   101 ₹3,088 ₹5,450 (43% off) Offer Price: ₹ 2,588",https://www.ajio.com/daniel-hechter-men-analogue-wrist-watch-with-tang-buckle-closure-dhm1001/p/701417443_black?
Ajio,watches,1,French Connection,"₹4,930","₹19,999",75% off,No,3.5,None,False,True,"Quick View French Connection Men Black Dial Automatic Watch - FCA05-5 3.5 |   16 ₹4,930 ₹19,999 (75% off) Offer Price: ₹ 4,430",https://www.ajio.com/french-connection-men-black-dial-automatic-watch--fca05-5/p/467191457_rosegold?
Ajio,watches,1,Haute Sauce,₹637,"₹1,990",68% off,No,3.2,None,False,False,"Quick View Haute Sauce FW22-HSWC1025 Analogue Watch with Stainless Steel Strap 3.2 |   36 ₹637 ₹1,990 (68% off) Offer Price: ₹ 446",https://www.ajio.com/haute-sauce-fw22-hswc1025-analogue-watch-with-stainless-steel-strap/p/464906682_silver?
Ajio,watches,1,Joker & Witch,₹950,"₹3,799",75% off,No,3.4,None,False,True,"Quick View Joker & Witch Analogue Watch with Square Dial 3.4 |   99 ₹950 ₹3,799 (75% off) Offer Price: ₹ 760",https://www.ajio.com/joker--witch-analogue-watch-with-square-dial/p/463414311_rosegold?
Ajio,watches,1,UNITED COLORS OF BENETTON,"₹1,998","₹3,995",50% off,No,N/A,None,False,False,"Quick View UNITED COLORS OF BENETTON Men  Round Dial Analog Watch ₹1,998 ₹3,995 (50% off) Offer Price: ₹ 1,498",https://www.ajio.com/united-colors-of-benetton--men-round-dial-analog-watch/p/701113068_silver?
Ajio,watches,1,GUESS,"₹11,547","₹20,995",45% off,No,4.6,None,False,False,"BESTSELLER Quick View GUESS Men Analogue Watch - GW0265G2 4.6 |   29 ₹11,547 ₹20,995 (45% off) Offer Price: ₹ 10,547",https://www.ajio.com/guess-men-analogue-watch--gw0265g2/p/700772390_gold?
Ajio,watches,1,Frank Time,₹687,"₹1,499",54% off,No,3.5,None,False,False,"Quick View Frank Time Men FT-0049 SL Rectangular Shaped Analogue Watch with Tang Buckle Closure 3.5 |   11 ₹687 ₹1,499 (54% off) Offer Price: ₹ 481",https://www.ajio.com/frank-time-men-ft-0049-sl-rectangular-shaped-analogue-watch-with-tang-buckle-closure/p/700355207_black?
Ajio,watches,1,Carlington,"₹1,050","₹6,999",85% off,No,3.5,None,False,True,"BESTSELLER Quick View Carlington Men Digital Wrist Watch - Endurance 9145 Black 3.5 |   60 ₹1,050 ₹6,999 (85% off)",https://www.ajio.com/carlington-men-digital-wrist-watch--endurance-9145-black/p/701520704_black?
Ajio,watches,1,Mathey- Tissot,"₹21,000","₹30,000",30% off,No,N/A,None,False,False,"Quick View Mathey- Tissot Men Swiss Made Quartz Multicolor Bracelet Style Watch - H453RN ₹21,000 ₹30,000 (30% off) Offer Price: ₹ 18,900",https://www.ajio.com/mathey-tissot-men-swiss-made-quartz-multicolor-bracelet-style-watch--h453rn/p/702410006_multi?
Ajio,watches,1,TREX,₹288,"₹1,029",72% off,No,3.6,None,False,True,"Quick View TREX Women Wrist Watches - LR 3.6 |   39 ₹288 ₹1,029 (72% off) Offer Price: ₹ 206",https://www.ajio.com/trex-women-wrist-watches--lr/p/702660854_rosegold?
Ajio,watches,1,DANIEL HECHTER,"₹3,299","₹6,450",49% off,No,4.1,None,False,False,"Quick View DANIEL HECHTER Men Chronograph Watch with Silicone Strap - DHM1007 4.1 |   19 ₹3,299 ₹6,450 (49% off) Offer Price: ₹ 2,799",https://www.ajio.com/daniel-hechter-men-chronograph-watch-with-silicone-strap--dhm1007/p/701432816_green?
Ajio,watches,1,FASTRACK,"₹1,750","₹2,500",30% off,No,4.2,None,False,False,"Quick View FASTRACK Women Water-Resistance Analoug Watch-FV60045QM01W 4.2 |   5 ₹1,750 ₹2,500 (30% off) Offer Price: ₹ 1,250",https://www.ajio.com/fastrack-women-water-resistance-analoug-watch-fv60045qm01w/p/4935094740_multi?
Ajio,watches,1,Swiss Military By Chrono,"₹15,960","₹26,600",40% off,No,N/A,None,False,False,"Quick View Swiss Military By Chrono Water-Resistant Analogue Watch-SM34021.05 ₹15,960 ₹26,600 (40% off) Offer Price: ₹ 15,210",https://www.ajio.com/swiss-military-by-chrono-water-resistant-analogue-watch-sm34021-05/p/703312062_black?
Ajio,watches,1,Invicta,"₹6,555","₹16,500",60% off,No,4.7,None,False,False,"Quick View Invicta Men Quartz Silver Bracelet Style Watch - 47355 4.7 |   23 ₹6,555 ₹16,500 (60% off) Offer Price: ₹ 5,555",https://www.ajio.com/invicta-men-quartz-silver-bracelet-style-watch--47355/p/701002092_silver?
Ajio,watches,1,Casio,"₹4,495","₹3,596",N/A,No,N/A,None,False,False,"Quick View Casio Men Enticer Stainless Steel Analogue Watch-MTP-1302DA-3AVDF ₹4,495 Offer Price: ₹ 3,596",https://www.ajio.com/casio-men-enticer-stainless-steel-analogue-watch-mtp-1302da-3avdf/p/4935329800_multi?
Ajio,watches,1,Giordano,"₹2,999","₹7,950",62% off,No,3.7,None,False,False,"Quick View Giordano Women Analogue Wrist Watch with Stainless Steel Strap - GZ-60103-11 3.7 |   12 ₹2,999 ₹7,950 (62% off) Offer Price: ₹ 2,499",https://www.ajio.com/giordano-women-analogue-wrist-watch-with-stainless-steel-strap--gz-60103-11/p/702105971_silver?
Ajio,watches,1,Giordano,"₹4,299","₹10,950",61% off,No,N/A,None,False,False,"Quick View Giordano Men Square Dial Chronograph Watch 4 |   7 ₹4,299 ₹10,950 (61% off) Offer Price: ₹ 3,799",https://www.ajio.com/giordano-men-square-dial-chronograph-watch/p/701419000_blue?
Ajio,watches,1,Invicta,"₹7,334","₹23,500",69% off,No,4.5,None,False,False,"BESTSELLER Quick View Invicta Men Analogue Multicolor Bracelet Style Watch - 40010 4.5 |   25 ₹7,334 ₹23,500 (69% off) Offer Price: ₹ 6,334",https://www.ajio.com/invicta-men-analogue-multicolor-bracelet-style-watch--40010/p/466874074_silver?
Ajio,watches,1,Timex,"₹2,877","₹4,795",40% off,No,4.2,None,False,False,"Quick View Timex Men TWEG184SMU12 Analogue Wrist Watch 4.2 |   19 ₹2,877 ₹4,795 (40% off) Offer Price: ₹ 2,377",https://www.ajio.com/timex-men-tweg184smu12-analogue-wrist-watch/p/467196852_black?
Ajio,watches,1,TITAN,"₹1,906","₹1,995",4% off,No,3.9,None,False,False,"BESTSELLER Quick View TITAN NP1802SL06 Water-Resistant Analogue Watch 3.9 |   30 ₹1,906 ₹1,995 (4% off) Offer Price: ₹ 1,406",https://www.ajio.com/titan-np1802sl06-water-resistant-analogue-watch/p/4928527420_multi?
Ajio,watches,1,D1 Milano,"₹13,983","₹16,450",15% off,No,N/A,None,False,False,"Quick View D1 Milano Analogue Wrist Watch with Synthentic Strap-PCBJ49 ₹13,983 ₹16,450 (15% off) Offer Price: ₹ 12,983",https://www.ajio.com/d1-milano-analogue-wrist-watch-with-synthentic-strap-pcbj49/p/703255906_blue?
Ajio,watches,1,TREX,₹280,₹999,72% off,No,3.5,None,False,True,BESTSELLER Quick View TREX Women Analogue Watch 3.5 |   174 ₹280 ₹999 (72% off) Offer Price: ₹ 200,https://www.ajio.com/trex-women-analogue-watch/p/701051070_blue?
Ajio,watches,1,Unltd.,"₹1,559","₹11,995",87% off,No,N/A,None,False,True,"Quick View Unltd. Men Analogue Watch ₹1,559 ₹11,995 (87% off)",https://www.ajio.com/unltd-men-analogue-watch/p/701092085_blue?
Ajio,watches,1,LORENZ,₹449,"₹1,499",70% off,No,3.5,None,False,True,"Quick View LORENZ MK-4039R Round Dial Analogue Watch 3.5 |   34 ₹449 ₹1,499 (70% off) Offer Price: ₹ 314",https://www.ajio.com/lorenz-mk-4039r-round-dial-analogue-watch/p/466248071_brown?
Ajio,watches,1,Haute Sauce,₹930,"₹1,859",50% off,No,3.5,None,False,False,"Quick View Haute Sauce HSWC1159 Analogue Wrist Watch with Embellished Dial 3.5 |   69 ₹930 ₹1,859 (50% off) Offer Price: ₹ 651",https://www.ajio.com/haute-sauce-hswc1159-analogue-wrist-watch-with-embellished-dial/p/466625121_rosegold?
Ajio,watches,1,GUESS,"₹16,146","₹18,995",15% off,No,3.8,None,False,False,"Quick View GUESS GW0265G8 Analogue Watch with Metal Strap 3.8 |   20 ₹16,146 ₹18,995 (15% off) Offer Price: ₹ 14,531",https://www.ajio.com/guess-gw0265g8-analogue-watch-with-metal-strap/p/464945732_multi?
Ajio,watches,1,Giordano,"₹2,499","₹7,500",67% off,No,3.5,None,False,False,"BESTSELLER Quick View Giordano Women Water-Resistant Analogue Watch-GZ-60057 3.5 |   4 ₹2,499 ₹7,500 (67% off) Offer Price: ₹ 1,999",https://www.ajio.com/giordano-women-water-resistant-analogue-watch-gz-60057/p/4933858080_multi?
Ajio,watches,1,Timex,"₹2,097","₹3,495",40% off,No,4.3,None,False,False,"BESTSELLER Quick View Timex Women Analogue Watch with Metal Strap-TWTL121SMU02 4.3 |   58 ₹2,097 ₹3,495 (40% off) Offer Price: ₹ 1,597",https://www.ajio.com/timex-women-analogue-watch-with-metal-strap-twtl121smu02/p/467199843_rosegold?
Ajio,watches,1,ARMANI EXCHANGE,"₹9,447","₹13,495",30% off,No,N/A,None,False,False,"BESTSELLER Quick View ARMANI EXCHANGE Women Round Dial Shape Watch ₹9,447 ₹13,495 (30% off) Offer Price: ₹ 8,447",https://www.ajio.com/armani-exchange-women-round-dial-shape-watch/p/702384656_black?
Ajio,watches,1,Joker & Witch,"₹2,500","₹9,999",75% off,No,3.6,None,False,True,"BESTSELLER Quick View Joker & Witch Women Round Dial Analogue Watch 3.6 |   28 ₹2,500 ₹9,999 (75% off) Offer Price: ₹ 2,000",https://www.ajio.com/joker--witch-women-round-dial-analogue-watch/p/701505702_white?
Ajio,watches,1,Timex,"₹1,995","₹5,495",64% off,No,N/A,None,False,False,"BESTSELLER Quick View Timex Unisex Smart Wrist Watch with Silicone Strap - TWIXW1500T 4 |   5 ₹1,995 ₹5,495 (64% off) Offer Price: ₹ 1,796",https://www.ajio.com/timex-unisex-smart-wrist-watch-with-silicone-strap--twixw1500t/p/702250189_black?
Ajio,watches,1,Invicta,"₹6,412","₹16,500",61% off,No,4.2,None,False,False,"BESTSELLER Quick View Invicta Men Analogue Silver Bracelet Style Watch - 26970 4.2 |   35 ₹6,412 ₹16,500 (61% off) Offer Price: ₹ 5,412",https://www.ajio.com/invicta-men-analogue-silver-bracelet-style-watch--26970/p/467074106_silver?
Ajio,watches,1,Unltd.,"₹1,619","₹8,995",82% off,No,N/A,None,False,True,"Quick View Unltd. Women Analogue Watch ₹1,619 ₹8,995 (82% off) Offer Price: ₹ 1,457",https://www.ajio.com/unltd-women-analogue-watch/p/701105653_gold?
Ajio,watches,1,Casio,"₹3,995","₹3,196",N/A,No,4.4,None,False,False,"Quick View Casio Men Water-Resistant Analogue Watch-MTP-1302PD-2AVEF 4.4 |   71 ₹3,995 Offer Price: ₹ 3,196",https://www.ajio.com/casio-men-water-resistant-analogue-watch-mtp-1302pd-2avef/p/469595324_blue?
Ajio,watches,1,Daniel Klein,"₹3,308","₹7,350",55% off,No,4.2,None,False,False,"Quick View Daniel Klein Women DK11138-7 Embellished Dial Watch With Metal Strap 4.2 |   296 ₹3,308 ₹7,350 (55% off) Offer Price: ₹ 2,808",https://www.ajio.com/daniel-klein-women-dk11138-7-embellished-dial-watch-with-metal-strap/p/460607313_blue?
Ajio,watches,1,FASTRACK,"₹2,395","₹1,895",N/A,No,4.6,None,False,False,"BESTSELLER Quick View FASTRACK Men Stunners Water-Resistant Analogue Watch-38159WL01 4.6 |   5 ₹2,395 Offer Price: ₹ 1,895",https://www.ajio.com/fastrack-men-stunners-water-resistant-analogue-watch-38159wl01/p/4934181690_multi?
Ajio,watches,1,FASTRACK,"₹2,419","₹3,195",24% off,No,1.0,None,False,False,"Quick View FASTRACK Men Style Up 1.0 Analogue Watch - NS3184QM01 4.5 |   2 ₹2,419 ₹3,195 (24% off) Offer Price: ₹ 1,919",https://www.ajio.com/fastrack-men-style-up-1-0-analogue-watch--ns3184qm01/p/4934053770_multi?
Ajio,watches,1,GUESS,"₹10,447","₹18,995",45% off,No,N/A,None,False,False,"Quick View GUESS Women Analogue Watch ₹10,447 ₹18,995 (45% off) Offer Price: ₹ 9,447",https://www.ajio.com/guess-women-analogue-watch/p/701239703_gold?
Ajio,watches,1,Crestello,₹460,"₹1,999",77% off,No,4.1,None,False,True,"Quick View Crestello Women Analogue Watch with Metal Strap-CR-JWL151-BRWN 4.1 |   90 ₹460 ₹1,999 (77% off) Offer Price: ₹ 400",https://www.ajio.com/crestello-women-analogue-watch-with-metal-strap-cr-jwl151-brwn/p/700021292_brown?
Ajio,watches,1,SONATA,"₹1,450","₹2,140",32% off,No,N/A,None,False,False,"Quick View SONATA Men Water-Resistance Analogue Watch-SP70040NM01W 5 |   7 ₹1,450 ₹2,140 (32% off) Offer Price: ₹ 1,015",https://www.ajio.com/sonata-men-water-resistance-analogue-watch-sp70040nm01w/p/4935095460_multi?
Ajio,watches,1,Casio,"₹2,695","₹2,156",N/A,No,4.2,None,False,False,"BESTSELLER Quick View Casio Men D306 Vintage A168XES-1BDF Black Digital Dial Transparent Resin Strap 4.2 |   370 ₹2,695 Offer Price: ₹ 2,156",https://www.ajio.com/casio-men-d306-vintage-a168xes-1bdf-black-digital-dial-transparent-resin-strap/p/469538611_black?
Ajio,watches,1,Crestello,₹520,"₹2,599",80% off,No,3.9,None,False,True,"Quick View Crestello Women Chain Analogue Watch 3.9 |   110 ₹520 ₹2,599 (80% off) Offer Price: ₹ 468",https://www.ajio.com/crestello-women-chain-analogue-watch/p/700990627_rosegold?
Ajio,watches,1,TITAN,"₹4,055","₹8,630",53% off,No,4.4,None,False,False,"BESTSELLER Quick View TITAN Women Acetate Analogue Watch - NS95205KP01 4.4 |   5 ₹4,055 ₹8,630 (53% off) Offer Price: ₹ 3,244",https://www.ajio.com/titan-women-acetate-analogue-watch--ns95205kp01/p/4934044060_multi?
Ajio,watches,1,Joker & Witch,₹850,"₹3,399",75% off,No,4.8,None,False,True,"Quick View Joker & Witch Analogue Watch with Chain Strap 4.8 |   19 ₹850 ₹3,399 (75% off) Offer Price: ₹ 680",https://www.ajio.com/joker--witch-analogue-watch-with-chain-strap/p/463414101_multi?
Ajio,watches,1,Giordano,"₹2,799","₹8,350",66% off,No,4.5,None,False,False,"Quick View Giordano Women Analogue Watch 4.5 |   2 ₹2,799 ₹8,350 (66% off) Offer Price: ₹ 2,299",https://www.ajio.com/giordano-women-analogue-watch/p/702373829_rosegold?
Ajio,watches,1,Casio,"₹5,995","₹4,995",N/A,No,4.4,None,False,False,"BESTSELLER Quick View Casio A832 Enticer Men (MTP-1374D-1AVDF) Analog Wrist Watch 4.4 |   286 ₹5,995 Offer Price: ₹ 4,995",https://www.ajio.com/casio-a832-enticer-men-mtp-1374d-1avdf-analog-wrist-watch/p/460812828_grey?
Ajio,watches,2,Daniel Radcliffe,₹300,₹999,70% off,No,N/A,None,False,True,Quick View Daniel Radcliffe Men Analogue Watch 2 |   2 ₹300 ₹999 (70% off) Offer Price: ₹ 210,https://www.ajio.com/daniel-radcliffe-men-analogue-watch/p/703509602_silver?
Ajio,watches,2,Casio,"₹1,895","₹1,395",N/A,No,4.2,None,False,False,"Quick View Casio Men D011 Vintage A158WA-1DF Black Digital Dial Silver Stainless Steel Band 4.2 |   3.9K ₹1,895 Offer Price: ₹ 1,395",https://www.ajio.com/casio-men-d011-vintage-a158wa-1df-black-digital-dial-silver-stainless-steel-band/p/460812866_black?
Ajio,watches,2,French Accent,₹679,"₹1,358",50% off,No,2.6,None,False,False,"Quick View French Accent Men Analogue Watch with Leather Strap-SS25-FAWC1067 2.6 |   12 ₹679 ₹1,358 (50% off) Offer Price: ₹ 475",https://www.ajio.com/french-accent-men-analogue-watch-with-leather-strap-ss25-fawc1067/p/701264019_brown?
Ajio,watches,2,TITAN,"₹4,445","₹3,556",N/A,No,4.7,None,False,False,"NEW Quick View TITAN Men Analogue Watch-NU1823QM01 4.7 |   7 ₹4,445 Offer Price: ₹ 3,556",https://www.ajio.com/titan-men-analogue-watch-nu1823qm01/p/4935353590_multi?
Ajio,watches,2,Joker & Witch,"₹1,225","₹4,899",75% off,No,N/A,None,False,True,"Quick View Joker & Witch Analogue Watch with Tang Buckle Closure 4 |   77 ₹1,225 ₹4,899 (75% off) Offer Price: ₹ 980",https://www.ajio.com/joker--witch-analogue-watch-with-tang-buckle-closure/p/466689532_black?
Ajio,watches,2,TREX,₹476,"₹1,699",72% off,No,2.4,None,False,True,"BESTSELLER Quick View TREX Men Analogue Wrist Watch-TRX-021 2.4 |   16 ₹476 ₹1,699 (72% off) Offer Price: ₹ 340",https://www.ajio.com/trex-men-analogue-wrist-watch-trx-021/p/702592116_silver?
Ajio,watches,2,TREX,₹532,"₹1,899",72% off,No,3.8,None,False,True,"BESTSELLER Quick View TREX Men Analogue Wrist Watch - 900 3.8 |   110 ₹532 ₹1,899 (72% off) Offer Price: ₹ 380",https://www.ajio.com/trex-men-analogue-wrist-watch--900/p/702564411_black?
Ajio,watches,2,Redux,₹320,"₹1,599",80% off,No,3.3,None,False,True,"BESTSELLER Quick View Redux RWS0042S Analogue Watch with Contrast Dial 3.3 |   362 ₹320 ₹1,599 (80% off) Offer Price: ₹ 288",https://www.ajio.com/redux-rws0042s-analogue-watch-with-contrast-dial/p/469161988_silver?
Ajio,watches,2,SONATA,₹895,₹627,N/A,No,N/A,None,False,False,NEWSEASON Quick View SONATA Men Water-Resistant Analogue Watch-NU77049SM02 ₹895 Offer Price: ₹ 627,https://www.ajio.com/sonata-men-water-resistant-analogue-watch-nu77049sm02/p/469818101_white?
Ajio,watches,2,Crestello,₹500,"₹1,999",75% off,No,3.2,None,False,True,"BESTSELLER Quick View Crestello Men Stainless Steel Analogue Watch - CR-WT246-BRW-CH 3.2 |   46 ₹500 ₹1,999 (75% off) Offer Price: ₹ 400",https://www.ajio.com/crestello-men-stainless-steel-analogue-watch--cr-wt246-brw-ch/p/702029535_silver?
Ajio,watches,2,SONATA,"₹1,448","₹1,495",3% off,No,4.5,None,False,False,"BESTSELLER Quick View SONATA Men Water-Resistant Digital Watch--NT77134PM01W 4.5 |   44 ₹1,448 ₹1,495 (3% off) Offer Price: ₹ 1,014",https://www.ajio.com/sonata-men-water-resistant-digital-watch-nt77134pm01w/p/469753138_black?
Ajio,watches,2,ARMANI EXCHANGE,"₹5,998","₹11,995",50% off,No,N/A,None,False,False,"Quick View ARMANI EXCHANGE AX5578 Water-Resistant Analogue Watch ₹5,998 ₹11,995 (50% off) Offer Price: ₹ 4,998",https://www.ajio.com/armani-exchange-ax5578-water-resistant-analogue-watch/p/410342911_001?
Ajio,watches,2,Daniel Klein,"₹5,543","₹12,050",54% off,No,N/A,None,False,False,"Quick View Daniel Klein DK.1.13321-6 Chronograph Watch with Silicone Strap 4 |   26 ₹5,543 ₹12,050 (54% off) Offer Price: ₹ 4,989",https://www.ajio.com/daniel-klein-dk-1-13321-6-chronograph-watch-with-silicone-strap/p/465284090_green?
Ajio,watches,2,Carlington,"₹1,700","₹4,999",66% off,No,3.8,None,False,False,"BESTSELLER Quick View Carlington Men Legacy-9955-Silver Analogue Watch with Push-Button Clasp 3.8 |   67 ₹1,700 ₹4,999 (66% off) Offer Price: ₹ 1,200",https://www.ajio.com/carlington-men-legacy-9955-silver-analogue-watch-with-push-button-clasp/p/701361320_silver?
Ajio,watches,2,Casio,"₹3,795","₹3,036",N/A,No,3.8,None,False,False,"Quick View Casio A1177 Enticer Men (MTP-V300L-7AUDF) Analog Wrist Watch 3.8 |   219 ₹3,795 Offer Price: ₹ 3,036",https://www.ajio.com/casio-a1177-enticer-men-mtp-v300l-7audf-analog-wrist-watch/p/460901204_white?
Ajio,watches,2,FASTRACK,"₹1,492","₹2,205",32% off,No,4.7,None,False,False,"Quick View FASTRACK Men Vyb Water-Resistant Analogue Watch-FV30031QM01W 4.7 |   6 ₹1,492 ₹2,205 (32% off) Offer Price: ₹ 1,044",https://www.ajio.com/fastrack-men-vyb-water-resistant-analogue-watch-fv30031qm01w/p/469792543_grey?
Ajio,watches,2,Skylona,₹390,"₹1,299",70% off,No,3.8,None,False,True,"Quick View Skylona Analogue Watch with Tang Buckle Closure 3.8 |   303 ₹390 ₹1,299 (70% off) Offer Price: ₹ 273",https://www.ajio.com/skylona-analogue-watch-with-tang-buckle-closure/p/464538499_brown?
Ajio,watches,2,FASTRACK,₹985,₹995,1% off,No,3.9,None,False,False,BESTSELLER Quick View FASTRACK Unisex Water-Resistant Analogue Watch-NT68011PP08 3.9 |   57 ₹985 ₹995 (1% off) Offer Price: ₹ 690,https://www.ajio.com/fastrack-unisex-water-resistant-analogue-watch-nt68011pp08/p/469752167_grey?
Ajio,watches,2,GUESS,"₹8,247","₹14,995",45% off,No,3.8,None,False,False,"BESTSELLER Quick View GUESS Men Analogue Watch 3.8 |   65 ₹8,247 ₹14,995 (45% off) Offer Price: ₹ 7,247",https://www.ajio.com/guess-men-analogue-watch/p/700770736_black?
Ajio,watches,2,ARMANI EXCHANGE,"₹9,897","₹16,495",40% off,No,3.8,None,False,False,"BESTSELLER Quick View ARMANI EXCHANGE Men Water-Resistant Chronograph Watch-AX2862 3.8 |   8 ₹9,897 ₹16,495 (40% off) Offer Price: ₹ 8,897",https://www.ajio.com/armani-exchange-men-water-resistant-chronograph-watch-ax2862/p/4934126720_multi?
Ajio,watches,2,Joker & Witch,"₹2,000","₹7,999",75% off,No,4.3,None,False,True,"Quick View Joker & Witch Women Round Dial Analogue Watch 4.3 |   6 ₹2,000 ₹7,999 (75% off) Offer Price: ₹ 1,600",https://www.ajio.com/joker--witch-women-round-dial-analogue-watch-/p/701505914_rosegold?
Ajio,watches,2,Casio,"₹1,295",₹907,N/A,No,4.3,None,False,False,"BESTSELLER Quick View Casio D002 Vintage Unisex (F-91W-1Q) Digital Wrist Watch 4.3 |   570 ₹1,295 Offer Price: ₹ 907",https://www.ajio.com/casio-d002-vintage-unisex-f-91w-1q-digital-wrist-watch/p/460901354_grey?
Ajio,watches,2,Casio,"₹1,995","₹1,495",N/A,No,4.2,None,False,False,"BESTSELLER Quick View Casio Men D339 Vintage A159W-N1DF Black Digital Dial Silver Stainless Steel Band 4.2 |   585 ₹1,995 Offer Price: ₹ 1,495",https://www.ajio.com/casio-men-d339-vintage-a159w-n1df-black-digital-dial-silver-stainless-steel-band/p/469620646_black?
Ajio,watches,2,FERRO,"₹6,650","₹33,250",80% off,No,N/A,None,False,True,"Quick View FERRO Men Analogue Wrist Watch with Deployant Clasp-FM31443A-G ₹6,650 ₹33,250 (80% off) Offer Price: ₹ 6,150",https://www.ajio.com/ferro-men-analogue-wrist-watch-with-deployant-clasp-fm31443a-g/p/702469174_black?
Ajio,watches,2,French Connection,"₹4,052","₹15,995",75% off,No,3.5,None,False,True,"Quick View French Connection Women Snake-Shaped Wrap-Around Analogue Watch-FCN0189URGM 3.5 |   6 ₹4,052 ₹15,995 (75% off) Offer Price: ₹ 3,552",https://www.ajio.com/french-connection-women-snake-shaped-wrap-around-analogue-watch-fcn0189urgm/p/702559041_rosegold?
Ajio,watches,3,SONATA,"₹1,397","₹1,995",30% off,No,3.9,None,False,False,"BESTSELLER Quick View SONATA Women Water-Resistant Analogue Watch-SP80111WM03 3.9 |   8 ₹1,397 ₹1,995 (30% off) Offer Price: ₹ 978",https://www.ajio.com/sonata-women-water-resistant-analogue-watch-sp80111wm03/p/469792762_rosegold?
Ajio,bags,1,Puma,"₹1,283","₹2,999",57% off,No,4.1,None,False,False,"BESTSELLER Quick View Puma Storm Water-Resistant Backpack 27L 4.1 |   828 ₹1,283 ₹2,999 (57% off) Offer Price: ₹ 1,200",https://www.ajio.com/puma-storm-water-resistant-backpack-27l/p/466826583_black?
Ajio,bags,1,ARISTOCRAT,"₹1,199","₹7,990",85% off,No,4.5,None,False,True,"BESTSELLER Quick View ARISTOCRAT Unisex Trolley Bag with Number Lock 4.5 |   2 ₹1,199 ₹7,990 (85% off)",https://www.ajio.com/aristocrat-unisex-trolley-bag-with-number-lock/p/703066948_blue?
Ajio,bags,1,NIKE,"₹2,096","₹2,795",25% off,No,N/A,None,False,False,"BESTSELLER Quick View NIKE Logo Print Duffle Bag 4 |   8 ₹2,096 ₹2,795 (25% off) Best Price ₹ 1,886",https://www.ajio.com/nike-logo-print-duffle-bag/p/469813263_red?
Ajio,bags,1,ARISTOCRAT,"₹2,845","₹18,880",85% off,No,4.1,None,False,True,"BESTSELLER Quick View ARISTOCRAT Unisex Comet Set of 2 Trolley Bag Hard Luggage with Combination Lock - S|M 4.1 |   71 ₹2,845 ₹18,880 (85% off)",https://www.ajio.com/aristocrat-unisex-comet-set-of-2-trolley-bag-hard-luggage-with-combination-lock--s-m/p/702108039_blue?
Ajio,bags,1,ENSAC,₹823,"₹1,799",54% off,No,2.8,None,False,False,"BESTSELLER Quick View ENSAC Girls Striped Duffle Bag with Adjustable Strap 2.8 |   19 ₹823 ₹1,799 (54% off) Offer Price: ₹ 576",https://www.ajio.com/ensac-girls-striped-duffle-bag-with-adjustable-strap/p/703086585_cream?
Ajio,bags,1,NIKE,"₹1,957","₹2,795",30% off,No,N/A,None,False,False,"BESTSELLER Quick View NIKE Logo Print Duffle Bag 5 |   4 ₹1,957 ₹2,795 (30% off) Best Price ₹ 1,761",https://www.ajio.com/nike-logo-print-duffle-bag/p/469813262_blue?
Ajio,bags,1,Puma,"₹2,609","₹4,499",42% off,No,4.4,None,False,False,"BESTSELLER Quick View Puma Convertible Gym Bag 4.4 |   82 ₹2,609 ₹4,499 (42% off) Offer Price: ₹ 2,087",https://www.ajio.com/puma-convertible-gym-bag/p/700778632_black?
Ajio,bags,1,Puma,"₹1,890","₹4,499",58% off,No,4.2,None,False,False,"BESTSELLER Quick View Puma Trailblazer Extra Large Rucksack 4.2 |   42 ₹1,890 ₹4,499 (58% off) Best Price ₹ 1,390",https://www.ajio.com/puma-trailblazer-extra-large-rucksack/p/700007157_black?
Ajio,bags,1,Urban Yog,"₹2,520","₹6,999",64% off,No,N/A,None,False,False,"BESTSELLER Quick View Urban Yog Makemeebold 3 In 1 Hot Air Brush Hair Dryer 4 |   409 ₹2,520 ₹6,999 (64% off) Offer Price: ₹ 2,020",https://www.ajio.com/urban-yog-makemeebold-3-in-1-hot-air-brush-hair-dryer/p/4946117880_multi?
Ajio,bags,1,NIKE,"₹1,647","₹2,995",45% off,No,4.3,None,False,False,"BESTSELLER Quick View NIKE Men Hayward Patrol Crossbody Bag 4.3 |   49 ₹1,647 ₹2,995 (45% off) Best Price ₹ 1,482",https://www.ajio.com/nike-men-hayward-patrol-crossbody-bag/p/469755004_black?
Ajio,bags,1,TOMMY HILFIGER,"₹1,750","₹3,499",50% off,No,N/A,None,False,False,"BESTSELLER Quick View TOMMY HILFIGER Laptop Bag 4 |   38 ₹1,750 ₹3,499 (50% off) Best Price ₹ 1,250",https://www.ajio.com/tommy-hilfiger--laptop-bag/p/700535281_black?
Ajio,bags,1,MOKOBARA,"₹16,298","₹38,999",58% off,No,N/A,None,False,False,"BESTSELLER Quick View MOKOBARA Men Set of 3 Hard Body Luggage Bags 4 |   13 ₹16,298 ₹38,999 (58% off) Offer Price: ₹ 14,668",https://www.ajio.com/mokobara-men-set-of-3-hard-body-luggage-bags-/p/702163411_green?
Ajio,bags,1,ARISTOCRAT,"₹4,910","₹17,790",72% off,No,2.4,None,False,True,"BESTSELLER Quick View ARISTOCRAT Unisex Aristocrat Trolley 2.4 |   5 ₹4,910 ₹17,790 (72% off) Offer Price: ₹ 4,665",https://www.ajio.com/aristocrat-unisex-aristocrat-trolley/p/703306009_blue?
Ajio,bags,1,Skybags,₹399,"₹1,880",79% off,No,3.9,None,False,True,"BESTSELLER Quick View Skybags Unisex Active Nxt Colourblock Travel Duffel Bag with Adjustable Strap - 29L 3.9 |   653 ₹399 ₹1,880 (79% off) Offer Price: ₹ 342",https://www.ajio.com/skybags-unisex-active-nxt-colourblock-travel-duffel-bag-with-adjustable-strap--29l/p/469200749_green?
Ajio,bags,1,NIKE,₹895,₹806,N/A,No,4.3,None,False,False,BESTSELLER Quick View NIKE Heritage S Crossbody Bag 4.3 |   52 ₹895 Offer Price: ₹ 806,https://www.ajio.com/nike-heritage-s-crossbody-bag/p/469212393_black?
Ajio,bags,1,NIKE,"₹2,495","₹2,246",N/A,No,4.5,None,False,False,"BESTSELLER Quick View NIKE BRSLA S Duffel Bag - 9.5 (41L) 4.5 |   130 ₹2,495 Offer Price: ₹ 2,246",https://www.ajio.com/nike-brsla-s-duffel-bag--9-5-41l-/p/469349789_black?
Ajio,bags,1,NIKE,"₹1,721","₹2,295",25% off,No,4.7,None,False,False,"BESTSELLER Quick View NIKE BRSLA Duffel Bag-25 L 4.7 |   3 ₹1,721 ₹2,295 (25% off) Best Price ₹ 1,549",https://www.ajio.com/nike-brsla-duffel-bag-25-l/p/469811199_red?
Ajio,bags,1,SUPERDRY,"₹1,895","₹4,210",55% off,No,4.4,None,False,False,"BESTSELLER Quick View SUPERDRY Tarp Crossbody Bag 4.4 |   210 ₹1,895 ₹4,210 (55% off) Best Price ₹ 1,395",https://www.ajio.com/superdry-tarp-crossbody-bag/p/410409141_1km?
Ajio,bags,1,Skybags,"₹6,642","₹22,500",70% off,No,4.5,None,False,True,"BESTSELLER Quick View Skybags Unisex Set of 3 Striped Large Trolley Bags 4.5 |   4 ₹6,642 ₹22,500 (70% off) Offer Price: ₹ 6,310",https://www.ajio.com/skybags-unisex-set-of-3-striped-large-trolley-bags-/p/702958151_black?
Ajio,bags,1,SUPERDRY SPORT,"₹2,700","₹5,999",55% off,No,4.6,None,False,False,"BESTSELLER Quick View SUPERDRY SPORT Sport Kit Duffel Bage 4.6 |   1K ₹2,700 ₹5,999 (55% off) Offer Price: ₹ 2,160",https://www.ajio.com/superdry-sport-sport-kit-duffel-bage/p/410206697_o2a?
Ajio,bags,1,TOMMY HILFIGER,"₹3,999","₹4,999",20% off,No,N/A,None,False,False,"BESTSELLER Quick View TOMMY HILFIGER Unisex Crossbody Nexo Bag ₹3,999 ₹4,999 (20% off) Best Price ₹ 3,199",https://www.ajio.com/tommy-hilfiger-unisex-crossbody-nexo-bag/p/443805087_black?
Ajio,bags,1,TOMMY HILFIGER,"₹1,864","₹4,499",59% off,No,4.7,None,False,False,"BESTSELLER Quick View TOMMY HILFIGER Padded Business Case 4.7 |   12 ₹1,864 ₹4,499 (59% off) Offer Price: ₹ 1,364",https://www.ajio.com/tommy-hilfiger-padded-business-case/p/702596918_navy?
Ajio,bags,1,TOMMY HILFIGER,"₹3,766","₹9,799",62% off,No,4.1,None,False,False,"Quick View TOMMY HILFIGER Unisex TSA Lock luggage Bag 4.1 |   10 ₹3,766 ₹9,799 (62% off) Best Price ₹ 3,578",https://www.ajio.com/tommy-hilfiger-unisex-tsa-lock-luggage-bag/p/700072492_navy?
Ajio,bags,1,ARISTOCRAT,"₹1,339","₹7,990",83% off,No,3.9,None,False,True,"BESTSELLER Quick View ARISTOCRAT Unisex Comet Cabin Trolley Bag  | Hard Luggage with Combination Lock | S 3.9 |   345 ₹1,339 ₹7,990 (83% off)",https://www.ajio.com/aristocrat-unisex-comet-cabin-trolley-bag--hard-luggage-with-combination-lock--s/p/701737260_grey?
Ajio,bags,1,IMPULSE,"₹1,625","₹6,500",75% off,No,N/A,None,False,True,"Quick View IMPULSE Colourblock Rucksack with Adjustable Shoulder Straps 4 |   64 ₹1,625 ₹6,500 (75% off) Offer Price: ₹ 1,300",https://www.ajio.com/impulse-colourblock-rucksack-with-adjustable-shoulder-straps/p/469043455_blue?
Ajio,bags,1,Miraggio,"₹2,274","₹3,499",35% off,No,4.5,None,False,False,"BESTSELLER Quick View Miraggio Bella Shoulder Bag with Detachable Sling Strap 4.5 |   410 ₹2,274 ₹3,499 (35% off) Offer Price: ₹ 1,774",https://www.ajio.com/miraggio-bella-shoulder-bag-with-detachable-sling-strap/p/466306469_tan?
Ajio,bags,1,NETPLAY,₹450,"₹1,499",70% off,No,4.1,None,False,True,"BESTSELLER Quick View NETPLAY Men 13"" Laptop Crossbody Bag 4.1 |   144 ₹450 ₹1,499 (70% off) Offer Price: ₹ 315",https://www.ajio.com/netplay-men-13-laptop-crossbody-bag/p/442950593_grey?
Ajio,bags,1,NIKE,₹995,₹896,N/A,No,4.5,None,False,False,BESTSELLER Quick View NIKE ACDMY Shoe Bag- - SP21 4.5 |   63 ₹995 Offer Price: ₹ 896,https://www.ajio.com/nike-acdmy-shoe-bag--sp21/p/469687896_blackgrey?
Ajio,bags,1,STEVE MADDEN,"₹8,399","₹11,999",30% off,No,3.7,None,False,False,"Quick View STEVE MADDEN Bjude-7 Tote Bag with Adjustable Strap 3.7 |   11 ₹8,399 ₹11,999 (30% off) Offer Price: ₹ 7,399",https://www.ajio.com/steve-madden-bjude-7-tote-bag-with-adjustable-strap/p/410541176_blk?
Ajio,bags,1,Little Surprise Box,"₹4,480","₹7,000",36% off,No,N/A,None,False,False,"BESTSELLER Quick View Little Surprise Box Girls Unicorn Print Backpack with Lunch Bag ₹4,480 ₹7,000 (36% off) Offer Price: ₹ 3,980",https://www.ajio.com/little-surprise-box-girls-unicorn-print-backpack-with-lunch-bag/p/702013654_purple?
Ajio,bags,1,ARISTOCRAT,"₹1,714","₹10,890",84% off,No,3.6,None,False,True,"BESTSELLER Quick View ARISTOCRAT Unisex Comet Check-in Trolley Bag Hard Luggage with Combination Lock | M 3.6 |   118 ₹1,714 ₹10,890 (84% off)",https://www.ajio.com/aristocrat-unisex-comet-check-in-trolley-bag-hard-luggage-with-combination-lock--m/p/702104053_blue?
Ajio,bags,1,Scarters,"₹16,499","₹19,411",15% off,No,4.4,None,False,False,"BESTSELLER Quick View Scarters 16' Panelled Backpack 4.4 |   11 ₹16,499 ₹19,411 (15% off) Offer Price: ₹ 15,999",https://www.ajio.com/scarters-16-panelled-backpack/p/464928750_blue?
Ajio,bags,1,STEVE MADDEN,"₹3,300","₹10,999",70% off,No,4.8,None,False,True,"Quick View STEVE MADDEN Women BJUDE-2 Patterned Tote Bag 4.8 |   9 ₹3,300 ₹10,999 (70% off) Offer Price: ₹ 2,800",https://www.ajio.com/steve-madden-women-bjude-2-patterned-tote-bag/p/410537829_rds?
Ajio,bags,1,STEVE MADDEN,"₹4,500","₹8,999",50% off,No,N/A,None,False,False,"Quick View STEVE MADDEN Women Bjinny Satchel Bag ₹4,500 ₹8,999 (50% off) Best Price ₹ 3,600",https://www.ajio.com/steve-madden-women-bjinny-satchel-bag/p/410518038_blk?
Ajio,bags,1,HIDESIGN,"₹13,677","₹14,995",9% off,No,N/A,None,False,False,"BESTSELLER Quick View HIDESIGN Leather Formal Briefcase ₹13,677 ₹14,995 (9% off) Offer Price: ₹ 12,309",https://www.ajio.com/hidesign-leather-formal-briefcase/p/702596183_brown?
Ajio,bags,1,Decathlon,₹399,₹499,20% off,No,3.9,None,False,False,BESTSELLER Quick View Decathlon Unisex Waterproof Swimming Pool Pouch 3L 3.9 |   7 ₹399 ₹499 (20% off) Offer Price: ₹ 279,https://www.ajio.com/decathlon-unisex-waterproof-swimming-pool-pouch-3l/p/703111928_white?
Ajio,bags,1,STEVE MADDEN,"₹2,580","₹5,999",57% off,No,4.3,None,False,False,"BESTSELLER Quick View STEVE MADDEN Bbernie Crossbody Bag with Adjustable Strap 4.3 |   73 ₹2,580 ₹5,999 (57% off) Offer Price: ₹ 2,064",https://www.ajio.com/steve-madden-bbernie-crossbody-bag-with-adjustable-strap/p/410519734_blk?
Ajio,bags,1,ARISTOCRAT,"₹6,500","₹33,470",81% off,No,2.7,None,False,True,"BESTSELLER Quick View ARISTOCRAT Unisex Comet Set of 3 Trolley Bag Hard Luggage with Combination Lock - S|M|L 2.7 |   17 ₹6,500 ₹33,470 (81% off)",https://www.ajio.com/aristocrat-unisex-comet-set-of-3-trolley-bag-hard-luggage-with-combination-lock--s-m-l/p/702108044_blue?
Ajio,bags,1,ARISTOCRAT,"₹1,577","₹10,450",85% off,No,N/A,None,False,True,"BESTSELLER Quick View ARISTOCRAT Unisex Trolley Bag with Number Lock ₹1,577 ₹10,450 (85% off)",https://www.ajio.com/aristocrat-unisex-trolley-bag-with-number-lock/p/703066945_blue?
Ajio,bags,1,NIKE,"₹1,097","₹1,995",45% off,No,4.5,None,False,False,"Quick View NIKE Men Tote Bag with Double Handles 4.5 |   25 ₹1,097 ₹1,995 (45% off) Offer Price: ₹ 987",https://www.ajio.com/nike-men-tote-bag-with-double-handles/p/469744877_white?
Ajio,clothing,1,Nyrika,₹672,"₹2,799",76% off,No,2.9,None,False,True,"Quick View Nyrika Women Printed 2-Piece Co-Ord Sets 2.9 |   118 ₹672 ₹2,799 (76% off) Offer Price: ₹ 560",https://www.ajio.com/nyrika-women-printed-2-piece-co-ord-sets/p/703351180_cream?
Ajio,clothing,1,ASHRIFAB,₹585,"₹4,999",88% off,No,2.2,None,False,True,"Quick View ASHRIFAB Women Shirt & Pants Co-Ord Set 2.2 |   542 ₹585 ₹4,999 (88% off) Offer Price: ₹ 501",https://www.ajio.com/ashrifab-women-shirt--pants-co-ord-set-/p/702691624_brown?
Ajio,clothing,1,LEIA,₹550,"₹2,199",75% off,No,3.2,None,False,True,"BESTSELLER Quick View LEIA Women 2-Piece Co-Ord Set with Elasticated Waist 3.2 |   1.6K ₹550 ₹2,199 (75% off) Offer Price: ₹ 440",https://www.ajio.com/leia-women-2-piece-co-ord-set-with-elasticated-waist/p/702589172_black?
Ajio,clothing,1,INF FRENDZ,₹350,₹999,65% off,No,4.3,None,False,False,BESTSELLER Quick View INF FRENDZ Printed Assorted Clothing Set 4.3 |   15 ₹350 ₹999 (65% off) Offer Price: ₹ 245,https://www.ajio.com/inf-frendz-printed-assorted-clothing-set/p/443099629_assorted?
Ajio,clothing,1,NAINVISH,₹560,"₹1,999",72% off,No,N/A,None,False,True,"NEW Quick View NAINVISH Women Tropical Print 2-Piece Co-Ord Set ₹560 ₹1,999 (72% off) Offer Price: ₹ 400",https://www.ajio.com/nainvish-women-tropical-print-2-piece-co-ord-set/p/703481921_blue?
Ajio,clothing,1,Outzidr Global,"₹1,673","₹1,799",7% off,No,N/A,None,False,False,"Quick View Outzidr Global Women Shirt & Pants Co-Ord Set 4 |   6 ₹1,673 ₹1,799 (7% off) Offer Price: ₹ 1,173",https://www.ajio.com/outzidr-global-women-shirt--pants-co-ord-set/p/702405054_navy?
Ajio,clothing,1,COTTINFAB,"₹2,160","₹5,999",64% off,No,3.8,None,False,False,"BESTSELLER Quick View COTTINFAB Embellished 2-piece Clothing Set 3.8 |   318 ₹2,160 ₹5,999 (64% off) Offer Price: ₹ 1,660",https://www.ajio.com/cottinfab-embellished-2-piece-clothing-set/p/464657852_black?
Ajio,clothing,1,MYRIE,₹839,"₹1,998",58% off,No,N/A,None,False,False,"Quick View MYRIE Women Printed 2-Piece Co-Ord Set 3 |   42 ₹839 ₹1,998 (58% off) Offer Price: ₹ 587",https://www.ajio.com/myrie-women-printed-2-piece-co-ord-set/p/702613895_blue?
Ajio,clothing,1,FASHFUN CLOTHING,"₹1,000","₹1,999",50% off,No,2.3,None,False,False,"Quick View FASHFUN CLOTHING Women 2-Piece Co-Ord Set 2.3 |   3 ₹1,000 ₹1,999 (50% off) Offer Price: ₹ 700",https://www.ajio.com/fashfun-clothing-women-2-piece-co-ord-set/p/702600492_rust?
Ajio,clothing,1,Nyrika,₹483,"₹2,299",79% off,No,3.9,None,False,True,"Quick View Nyrika Women Embroidered 2-Piece Co-Ord Set 3.9 |   158 ₹483 ₹2,299 (79% off) Offer Price: ₹ 414",https://www.ajio.com/nyrika-women-embroidered-2-piece-co-ord-set/p/701858583_lavender?
Ajio,clothing,1,Revangi,₹584,"₹3,245",82% off,No,2.9,None,False,True,"Quick View Revangi Women 2-Piece Co-Ord Set 2.9 |   71 ₹584 ₹3,245 (82% off) Offer Price: ₹ 500",https://www.ajio.com/revangi-women-2-piece-co-ord-set/p/702041290_black?
Ajio,clothing,1,KIARABEL,₹999,"₹2,599",62% off,No,3.7,None,False,False,"Quick View KIARABEL Women Embroidered 2-Piece Set 3.7 |   41 ₹999 ₹2,599 (62% off) Offer Price: ₹ 699",https://www.ajio.com/kiarabel-women-embroidered-2-piece-set-/p/701027634_black?
Ajio,clothing,1,TIKHI IMLI,"₹1,999","₹4,997",60% off,No,4.7,None,False,False,"Quick View TIKHI IMLI Women Embroidered 2-Piece Co-Ord Set 4.7 |   3 ₹1,999 ₹4,997 (60% off) Offer Price: ₹ 1,499",https://www.ajio.com/tikhi-imli-women-embroidered-2-piece-co-ord-set/p/702029838_brown?
Ajio,clothing,1,FASHFUN CLOTHING,₹700,"₹1,999",65% off,No,3.1,None,False,False,"Quick View FASHFUN CLOTHING Women Polyester 2-Piece Sets 3.1 |   487 ₹700 ₹1,999 (65% off) Offer Price: ₹ 490",https://www.ajio.com/fashfun-clothing-women-polyester-2-piece-sets/p/701068245_navy?
Ajio,clothing,1,Nyrika,"₹2,649","₹4,999",47% off,No,3.5,None,False,False,"BESTSELLER Quick View Nyrika Women Embroidered 2-Piece Set 3.5 |   6 ₹2,649 ₹4,999 (47% off) Offer Price: ₹ 1,987",https://www.ajio.com/nyrika-women-embroidered-2-piece-set/p/702912815_pink?
Ajio,clothing,1,AAYUSIKA,"₹1,000","₹4,999",80% off,No,N/A,None,False,True,"Quick View AAYUSIKA Women Regular Fit 2-Piece Shirt with Trousers Co-Ord Set ₹1,000 ₹4,999 (80% off) Offer Price: ₹ 857",https://www.ajio.com/aayusika-women-regular-fit-2-piece-shirt-with-trousers-co-ord-set/p/702857283_grey?
Ajio,clothing,1,Deebaco,"₹2,254","₹4,599",51% off,No,N/A,None,False,False,"Quick View Deebaco Women 2-Piece Co-Ord Set ₹2,254 ₹4,599 (51% off) Offer Price: ₹ 1,754",https://www.ajio.com/deebaco-women-2-piece-co-ord-set/p/701852855_black?
Ajio,clothing,1,ASHRIFAB,₹582,"₹4,999",88% off,No,3.1,None,False,True,"Quick View ASHRIFAB Women Shirt & Pants Co-Ord Set 3.1 |   173 ₹582 ₹4,999 (88% off) Offer Price: ₹ 499",https://www.ajio.com/ashrifab-women-shirt--pants-co-ord-set-/p/702703668_yellow?
Ajio,clothing,1,Nyrika,"₹1,529","₹6,949",78% off,No,3.2,None,False,True,"Quick View Nyrika Women Embroidered 3-Piece Co-Ord Set 3.2 |   20 ₹1,529 ₹6,949 (78% off) Offer Price: ₹ 1,310",https://www.ajio.com/nyrika-women-embroidered-3-piece-co-ord-set/p/702130296_yellow?
Ajio,clothing,1,MYRIE,₹500,"₹1,998",75% off,No,N/A,None,False,True,"Quick View MYRIE Women Printed 2-Piece Co-Ord Set 3 |   17 ₹500 ₹1,998 (75% off) Offer Price: ₹ 400",https://www.ajio.com/myrie-women-printed-2-piece-co-ord-set/p/703005159_black?
Ajio,clothing,1,SVARAA,₹799,"₹4,999",84% off,No,N/A,None,False,True,"Quick View SVARAA Women V-Neck 2-Piece Co-Ord Set ₹799 ₹4,999 (84% off) Offer Price: ₹ 684",https://www.ajio.com/svaraa-women-v-neck-2-piece-co-ord-set/p/702807643_grey?
Ajio,clothing,1,VASTRAANVI,"₹1,078","₹2,200",51% off,No,N/A,None,False,False,"NEW Quick View VASTRAANVI Women Printed 2-Piece Co-Ord Set ₹1,078 ₹2,200 (51% off) Offer Price: ₹ 755",https://www.ajio.com/vastraanvi-women-printed-2-piece-co-ord-set/p/703477981_white?
Ajio,clothing,1,Outzidr Global,"₹2,229","₹2,449",9% off,No,3.4,None,False,False,"Quick View Outzidr Global Women Top & Skirts Co-Ord Set 3.4 |   5 ₹2,229 ₹2,449 (9% off) Offer Price: ₹ 1,729",https://www.ajio.com/outzidr-global-women-top--skirts-co-ord-set/p/701975122_offwhite?
Ajio,clothing,1,AVAASA MIX N' MATCH,₹254,₹499,49% off,No,N/A,None,False,False,Quick View AVAASA MIX N' MATCH Women Diya Sprout Print Straight Kurta 4 |   612 ₹254 ₹499 (49% off) Offer Price: ₹ 178,https://www.ajio.com/avaasa-mix-n-match-women-diya-sprout-print-straight-kurta/p/443102068_wine?
Ajio,clothing,1,SVARAA,₹708,"₹4,163",83% off,No,N/A,None,False,True,"Quick View SVARAA Women Printed 2-Piece Co-Ord Sets ₹708 ₹4,163 (83% off) Offer Price: ₹ 606",https://www.ajio.com/svaraa-women-printed-2-piece-co-ord-sets/p/702984545_grey?
Ajio,clothing,1,Nyrika,"₹1,732","₹6,413",73% off,No,N/A,None,False,True,"Quick View Nyrika Women Polyester 2-Piece Sets ₹1,732 ₹6,413 (73% off) Offer Price: ₹ 1,283",https://www.ajio.com/nyrika-women-polyester-2-piece-sets/p/702671889_blue?
Ajio,clothing,1,TUHIRAAJ,₹779,"₹2,499",69% off,No,N/A,None,False,False,"Quick View TUHIRAAJ Women Crepe 2-Piece Sets 1 |   3 ₹779 ₹2,499 (69% off) Offer Price: ₹ 545",https://www.ajio.com/tuhiraaj-women-crepe-2-piece-sets/p/703290735_red?
Ajio,clothing,1,SELVIA,₹878,"₹2,073",58% off,No,2.8,None,False,False,"Quick View SELVIA Top and Trouser 2-Piece Sets 2.8 |   18 ₹878 ₹2,073 (58% off) Offer Price: ₹ 615",https://www.ajio.com/selvia-top-and-trouser-2-piece-sets/p/702405455_blue?
Ajio,clothing,1,GUFRINA,₹700,"₹2,499",72% off,No,N/A,None,False,True,"Quick View GUFRINA Women Printed 2-Piece Co-Ord Set ₹700 ₹2,499 (72% off) Offer Price: ₹ 500",https://www.ajio.com/gufrina-women-printed-2-piece-co-ord-set/p/467267552_pink?
Ajio,clothing,1,FASHFUN CLOTHING,₹720,"₹1,999",64% off,No,4.1,None,False,False,"Quick View FASHFUN CLOTHING Women V-Neck 2-Piece Co-Ord Set 4.1 |   9 ₹720 ₹1,999 (64% off) Offer Price: ₹ 504",https://www.ajio.com/fashfun-clothing-women-v-neck-2-piece-co-ord-set/p/702762643_black?
Ajio,clothing,1,FUSIONIC,"₹3,600","₹9,000",60% off,No,3.6,None,False,False,"Quick View FUSIONIC Women Embroidered 2-Piece Co-Ord Set 3.6 |   8 ₹3,600 ₹9,000 (60% off) Offer Price: ₹ 3,100",https://www.ajio.com/fusionic-women-embroidered-2-piece-co-ord-set/p/700412382_black?
Ajio,clothing,1,Nyrika,₹800,"₹3,999",80% off,No,2.4,None,False,True,"NEW Quick View Nyrika Women Round-Neck Top 2-Piece Sets 2.4 |   125 ₹800 ₹3,999 (80% off) Offer Price: ₹ 685",https://www.ajio.com/nyrika-women-round-neck-top-2-piece-sets/p/703172172_mustard?
Ajio,clothing,1,MITTOO,"₹1,249","₹4,997",75% off,No,N/A,None,False,True,"Quick View MITTOO Women Embroidered 2-Piece Co-Ord Set ₹1,249 ₹4,997 (75% off) Offer Price: ₹ 999",https://www.ajio.com/mittoo-women-embroidered-2-piece-co-ord-set/p/702918405_green?
Ajio,clothing,1,STREET9,₹750,"₹2,499",70% off,No,N/A,None,False,True,"Quick View STREET9 Women Leaf Print 2-Piece Co-Ord Set ₹750 ₹2,499 (70% off) Offer Price: ₹ 525",https://www.ajio.com/street9-women-leaf-print-2-piece-co-ord-set/p/702551150_multi?
Ajio,clothing,1,TIKHI IMLI,"₹1,699","₹4,247",60% off,No,N/A,None,False,False,"Quick View TIKHI IMLI Women Printed 2-Piece Co-Ord Set ₹1,699 ₹4,247 (60% off) Offer Price: ₹ 1,199",https://www.ajio.com/tikhi-imli-women-printed-2-piece-co-ord-set/p/702974330_blue?
Ajio,clothing,1,FASHFUN CLOTHING,₹850,"₹1,999",57% off,No,N/A,None,False,False,"Quick View FASHFUN CLOTHING Women 2-Piece Sets 1 |   2 ₹850 ₹1,999 (57% off) Offer Price: ₹ 595",https://www.ajio.com/fashfun-clothing-women-2-piece-sets/p/701199166_beige?
Ajio,clothing,1,Nyrika,"₹1,470","₹6,999",79% off,No,N/A,None,False,True,"Quick View Nyrika Women Embroidered Shirt & Pants Co-Ord Set ₹1,470 ₹6,999 (79% off) Offer Price: ₹ 1,259",https://www.ajio.com/nyrika-women-embroidered-shirt--pants-co-ord-set/p/702048917_offwhite?
Ajio,clothing,1,Styli,"₹1,424","₹2,499",43% off,No,N/A,None,False,False,"Quick View Styli Crinkled Shirt & Pants Co-Ord Set ₹1,424 ₹2,499 (43% off) Offer Price: ₹ 997",https://www.ajio.com/styli-crinkled-shirt--pants-co-ord-set/p/703285845_green?
Ajio,clothing,1,SHOWOFF,"₹3,329","₹8,998",63% off,No,N/A,None,False,False,"Quick View SHOWOFF Women Graphic Print Cotton 2-Piece Co-Ord Sets ₹3,329 ₹8,998 (63% off) Offer Price: ₹ 2,829",https://www.ajio.com/showoff-women-graphic-print-cotton-2-piece-co-ord-sets/p/702777596_offwhite?
Ajio,clothing,1,Marziyaa,₹540,"₹1,999",73% off,No,3.7,None,False,True,"Quick View Marziyaa Women Round-Neck 2-Piece Set 3.7 |   12 ₹540 ₹1,999 (73% off) Offer Price: ₹ 400",https://www.ajio.com/marziyaa-women-round-neck-2-piece-set/p/702039238_aqua?
Ajio,clothing,1,BinduDi,₹528,"₹1,199",56% off,No,2.8,None,False,False,"Quick View BinduDi Women Shirt & Pants Co-Ord Set 2.8 |   32 ₹528 ₹1,199 (56% off) Offer Price: ₹ 370",https://www.ajio.com/bindudi-women-shirt--pants-co-ord-set/p/703112230_teal?
Ajio,clothing,1,Nyrika,₹644,"₹2,299",72% off,No,2.3,None,False,True,"Quick View Nyrika Women 2-Piece Top & Pants Co-Ord Set 2.3 |   30 ₹644 ₹2,299 (72% off) Offer Price: ₹ 460",https://www.ajio.com/nyrika-women-2-piece-top--pants-co-ord-set-/p/703313297_teal?
Ajio,clothing,1,DAWINAR,₹250,₹999,75% off,No,N/A,None,False,True,BESTSELLER Quick View DAWINAR Girls Ribbed Top & Shorts Set 3 |   1.1K ₹250 ₹999 (75% off) Offer Price: ₹ 188,https://www.ajio.com/dawinar-girls-ribbed-top--shorts-set/p/700863867_white?
Ajio,clothing,1,SVARAA,₹492,"₹1,697",71% off,No,2.4,None,False,True,"Quick View SVARAA Women 2-Piece Shirt & Pants Set 2.4 |   938 ₹492 ₹1,697 (71% off) Offer Price: ₹ 344",https://www.ajio.com/svaraa-women-2-piece-shirt--pants-set/p/701809626_orange?
Ajio,clothing,1,Cutiekins,₹477,"₹2,649",82% off,No,3.4,None,False,True,"Quick View Cutiekins Girls Printed Top & Pants Set 3.4 |   13 ₹477 ₹2,649 (82% off) Offer Price: ₹ 409",https://www.ajio.com/cutiekins-girls-printed-top--pants-set/p/702908314_mustard?
Ajio,clothing,1,TEXSTILE,₹399,"₹1,996",80% off,No,2.2,None,False,True,"Quick View TEXSTILE Women Floral Print 2-Piece Co-Ord Sets 2.2 |   18 ₹399 ₹1,996 (80% off) Offer Price: ₹ 342",https://www.ajio.com/texstile-women-floral-print-2-piece-co-ord-sets/p/702761934_yellow?
Ajio,clothing,1,Kiana House Of Fashion,₹440,"₹1,998",78% off,No,2.8,None,False,True,"Quick View Kiana House Of Fashion Women Printed 2-Piece Co-Ord Set 2.8 |   512 ₹440 ₹1,998 (78% off) Offer Price: ₹ 377",https://www.ajio.com/kiana-house-of-fashion-women-printed-2-piece-co-ord-set/p/702102370_red?
Ajio,clothing,1,SVARAA,₹523,"₹2,178",76% off,No,1.8,None,False,True,"Quick View SVARAA Women Printed 2-Piece Co-Ord Set 1.8 |   4 ₹523 ₹2,178 (76% off) Offer Price: ₹ 436",https://www.ajio.com/svaraa-women-printed-2-piece-co-ord-set/p/702943606_black?
Ajio,clothing,1,ASHRIFAB,₹899,"₹4,999",82% off,No,3.1,None,False,True,"Quick View ASHRIFAB Women Embroidered Shirt & Pants Co-Ord Set 3.1 |   157 ₹899 ₹4,999 (82% off) Offer Price: ₹ 750",https://www.ajio.com/ashrifab-women-embroidered-shirt--pants-co-ord-set/p/703001727_lime?
Ajio,clothing,1,TIKHI IMLI,"₹1,619","₹4,497",64% off,No,N/A,None,False,False,"Quick View TIKHI IMLI Women Embroidered 2-Piece Co-Ord Set 4 |   28 ₹1,619 ₹4,497 (64% off) Offer Price: ₹ 1,133",https://www.ajio.com/tikhi-imli-women-embroidered-2-piece-co-ord-set/p/702128901_peach?
Ajio,clothing,1,Popmantra,₹559,"₹3,995",86% off,No,N/A,None,False,True,"NEW Quick View Popmantra Women Leaf Print 2-Piece Co-Ord Set ₹559 ₹3,995 (86% off) Offer Price: ₹ 479",https://www.ajio.com/popmantra-women-leaf-print-2-piece-co-ord-set/p/703402819_navy?
Ajio,clothing,1,FASTDEAL X AG,₹342,₹950,64% off,No,4.7,None,False,False,Quick View FASTDEAL X AG Boya Printed Shirt & Shorts Set 4.7 |   3 ₹342 ₹950 (64% off) Offer Price: ₹ 239,https://www.ajio.com/fastdeal-x-ag-boya-printed-shirt--shorts-set/p/702199507_blue?
Ajio,clothing,1,Revangi,₹480,"₹1,999",76% off,No,2.5,None,False,True,"Quick View Revangi Women Printed 2-Piece Sets 2.5 |   30 ₹480 ₹1,999 (76% off) Offer Price: ₹ 400",https://www.ajio.com/revangi-women-printed-2-piece-sets/p/702223126_blue?
Ajio,clothing,1,SVARAA,₹749,"₹2,997",75% off,No,2.3,None,False,True,"Quick View SVARAA Women Printed 2-Piece Co-Ord Set 2.3 |   36 ₹749 ₹2,997 (75% off) Offer Price: ₹ 599",https://www.ajio.com/svaraa-women-printed-2-piece-co-ord-set/p/702859379_black?
Ajio,clothing,1,Nyrika,₹605,"₹2,749",78% off,No,2.6,None,False,True,"Quick View Nyrika Women Printed 2-Piece Co-Ord Set 2.6 |   29 ₹605 ₹2,749 (78% off) Offer Price: ₹ 518",https://www.ajio.com/nyrika-women-printed-2-piece-co-ord-set/p/703207121_white?
Ajio,clothing,1,SVARAA,"₹1,271","₹3,099",59% off,No,3.4,None,False,False,"BESTSELLER Quick View SVARAA Women Embroidered 2-Piece Co-Ord Set 3.4 |   34 ₹1,271 ₹3,099 (59% off) Offer Price: ₹ 890",https://www.ajio.com/svaraa-women-embroidered-2-piece-co-ord-set/p/702772117_pink?
Ajio,clothing,1,ASHRIFAB,₹904,"₹4,999",82% off,No,2.7,None,False,True,"Quick View ASHRIFAB Women Printed 2-Piece Co-Ord Set 2.7 |   134 ₹904 ₹4,999 (82% off) Offer Price: ₹ 750",https://www.ajio.com/ashrifab-women-printed-2-piece-co-ord-set/p/702703650_blue?
Ajio,clothing,1,Nyrika,₹655,"₹2,730",76% off,No,2.8,None,False,True,"Quick View Nyrika Women Cotton 2-Piece Sets 2.8 |   113 ₹655 ₹2,730 (76% off) Offer Price: ₹ 546",https://www.ajio.com/nyrika-women-cotton-2-piece-sets/p/702951349_green?
Ajio,clothing,1,ASHRIFAB,₹606,"₹4,999",88% off,No,3.1,None,False,True,"Quick View ASHRIFAB Women Printed 2-Piece Co-Ord Set 3.1 |   120 ₹606 ₹4,999 (88% off) Offer Price: ₹ 519",https://www.ajio.com/ashrifab-women-printed-2-piece-co-ord-set/p/702703672_cream?
Ajio,clothing,1,Nyrika,₹750,"₹3,749",80% off,No,1.6,None,False,True,"NEW Quick View Nyrika Women Rayon 2-Piece Sets 1.6 |   9 ₹750 ₹3,749 (80% off) Offer Price: ₹ 642",https://www.ajio.com/nyrika-women-rayon-2-piece-sets/p/703201261_cream?
Ajio,clothing,1,ASHRIFAB,₹654,"₹4,999",87% off,No,2.7,None,False,True,"Quick View ASHRIFAB Women Printed 2-Piece Co-Ord Set 2.7 |   134 ₹654 ₹4,999 (87% off) Offer Price: ₹ 560",https://www.ajio.com/ashrifab-women-printed-2-piece-co-ord-set/p/702703650_green?
Ajio,clothing,1,SVARAA,₹600,"₹2,499",76% off,No,N/A,None,False,True,"Quick View SVARAA Women Cotton 2-Piece Sets ₹600 ₹2,499 (76% off) Offer Price: ₹ 500",https://www.ajio.com/svaraa-women-cotton-2-piece-sets/p/703397680_offwhite?
Ajio,clothing,1,Modestouze Attires,₹840,"₹2,799",70% off,No,2.8,None,False,True,"Quick View Modestouze Attires Women Rayon 2-Piece Sets 2.8 |   17 ₹840 ₹2,799 (70% off) Offer Price: ₹ 588",https://www.ajio.com/modestouze-attires-women-rayon-2-piece-sets/p/702610470_multi?
Ajio,clothing,1,Nyrika,₹546,"₹2,599",79% off,No,N/A,None,False,True,"NEW Quick View Nyrika Women Printed 2-Piece Sets ₹546 ₹2,599 (79% off) Offer Price: ₹ 468",https://www.ajio.com/nyrika-women-printed-2-piece-sets/p/703322700_black?
Ajio,clothing,1,Revangi,₹570,"₹2,999",81% off,No,2.4,None,False,True,"Quick View Revangi Women Printed 2-Piece Co-Ords Sets 2.4 |   58 ₹570 ₹2,999 (81% off) Offer Price: ₹ 488",https://www.ajio.com/revangi-women-printed-2-piece-co-ords-sets/p/702609224_cream?
Ajio,clothing,1,KASHIANXSTYLE,₹638,"₹1,999",68% off,No,N/A,None,False,False,"Quick View KASHIANXSTYLE Women Printed 2-Piece Co-Ord Set 4 |   3 ₹638 ₹1,999 (68% off) Offer Price: ₹ 447",https://www.ajio.com/kashianxstyle-women-printed-2-piece-co-ord-set/p/702739296_beige?
Ajio,clothing,1,TOONYPORT,₹902,"₹2,909",69% off,No,3.9,None,False,False,"Quick View TOONYPORT Girls Embroidered Top & Pants Set with Shirt 3.9 |   51 ₹902 ₹2,909 (69% off) Offer Price: ₹ 631",https://www.ajio.com/toonyport-girls-embroidered-top--pants-set-with-shirt/p/702196961_green?
Ajio,clothing,1,Nyrika,₹822,"₹3,289",75% off,No,3.1,None,False,True,"Quick View Nyrika Women Floral Print 2-Piece Co-Ord Sets 3.1 |   108 ₹822 ₹3,289 (75% off) Offer Price: ₹ 658",https://www.ajio.com/nyrika-women-floral-print-2-piece-co-ord-sets/p/702548759_black?
Ajio,clothing,1,FASHION DREAM,₹630,"₹1,499",58% off,No,3.9,None,False,False,"Quick View FASHION DREAM Girls Graphic Print Top & Pants Set 3.9 |   22 ₹630 ₹1,499 (58% off) Offer Price: ₹ 441",https://www.ajio.com/fashion-dream-girls-graphic-print-top--pants-set/p/703111976_white?
Ajio,clothing,1,BUMZEE,₹300,₹999,70% off,No,N/A,None,False,True,Quick View BUMZEE Colourblock 2-Piece Round-Neck Set 5 |   2 ₹300 ₹999 (70% off) Offer Price: ₹ 210,https://www.ajio.com/bumzee-colourblock-2-piece-round-neck-set/p/702975369_green?
Ajio,clothing,1,SVARAA,₹612,"₹3,599",83% off,No,2.5,None,False,True,"NEW Quick View SVARAA Women Printed 2-Piece Co-Ord Set 2.5 |   10 ₹612 ₹3,599 (83% off) Offer Price: ₹ 524",https://www.ajio.com/svaraa-women-printed-2-piece-co-ord-set/p/703311280_maroon?
Ajio,clothing,1,Nyrika,₹660,"₹5,999",89% off,No,2.3,None,False,True,"Quick View Nyrika Women Printed 2-Piece Co-Ord Set 2.3 |   10 ₹660 ₹5,999 (89% off) Offer Price: ₹ 565",https://www.ajio.com/nyrika-women-printed-2-piece-co-ord-set/p/702372662_cream?
Ajio,clothing,1,MYRIE,₹400,"₹1,998",80% off,No,N/A,None,False,True,"Quick View MYRIE Women Floral Print 2-Piece Co-Ord Sets 3 |   24 ₹400 ₹1,998 (80% off) Offer Price: ₹ 343",https://www.ajio.com/myrie-women-floral-print-2-piece-co-ord-sets/p/703010431_red?
Ajio,clothing,1,Fyre Rose,₹479,"₹1,711",72% off,No,3.3,None,False,True,"Quick View Fyre Rose Women Printed 2-Piece Co-Ord Set 3.3 |   7 ₹479 ₹1,711 (72% off) Offer Price: ₹ 342",https://www.ajio.com/fyre-rose-women-printed-2-piece-co-ord-set/p/703025996_white?
Ajio,clothing,1,SVARAA,"₹1,047","₹4,550",77% off,No,3.3,None,False,True,"NEW Quick View SVARAA Women Embroidered 2-Piece Co-Ord Set 3.3 |   3 ₹1,047 ₹4,550 (77% off) Offer Price: ₹ 897",https://www.ajio.com/svaraa-women-embroidered-2-piece-co-ord-set/p/703326173_cream?
Ajio,clothing,1,Toochki,₹768,"₹2,561",70% off,No,3.4,None,False,True,"Quick View Toochki Women Rayon 2-Piece Sets 3.4 |   151 ₹768 ₹2,561 (70% off) Offer Price: ₹ 538",https://www.ajio.com/toochki-women-rayon-2-piece-sets/p/700997008_offwhite?
Ajio,clothing,1,Revangi,₹429,"₹1,949",78% off,No,N/A,None,False,True,"Quick View Revangi Women Printed 2-Piece Co-Ord Set 1 |   2 ₹429 ₹1,949 (78% off) Offer Price: ₹ 367",https://www.ajio.com/revangi-women-printed-2-piece-co-ord-set-/p/702765657_black?
Ajio,clothing,1,Nyrika,₹340,"₹1,999",83% off,No,N/A,None,False,True,"Quick View Nyrika Women Printed 2-Piece Co-Ord Set 4 |   2 ₹340 ₹1,999 (83% off) Offer Price: ₹ 291",https://www.ajio.com/nyrika-women-printed-2-piece-co-ord-set/p/702323102_black?
Ajio,clothing,1,Kasya,"₹1,583","₹4,165",62% off,No,N/A,None,False,False,"BESTSELLER Quick View Kasya Women Embroidered 2-Piece Co-Ord Set 3 |   685 ₹1,583 ₹4,165 (62% off) Offer Price: ₹ 1,108",https://www.ajio.com/kasya-women-embroidered-2-piece-co-ord-set/p/467042515_green?
Ajio,clothing,1,SVARAA,₹475,"₹1,899",75% off,No,2.4,None,False,True,"Quick View SVARAA Women Rayon 2-Piece Set 2.4 |   14 ₹475 ₹1,899 (75% off) Offer Price: ₹ 380",https://www.ajio.com/svaraa-women-rayon-2-piece-set/p/702891659_orange?
Ajio,clothing,1,Nyrika,₹578,"₹2,890",80% off,No,1.2,None,False,True,"Quick View Nyrika Women Polyester 2-Piece Sets 1.2 |   5 ₹578 ₹2,890 (80% off) Offer Price: ₹ 495",https://www.ajio.com/nyrika-women-polyester-2-piece-sets/p/703061591_teal?
Ajio,clothing,1,LEIA,₹520,"₹1,999",74% off,No,N/A,None,False,True,"Quick View LEIA Women V-Neck 2-Piece Co-Ord Set ₹520 ₹1,999 (74% off) Offer Price: ₹ 400",https://www.ajio.com/leia-women-v-neck-2-piece-co-ord-set/p/702255954_black?
Ajio,clothing,1,PLAYDAY,₹509,₹999,49% off,No,4.2,None,False,False,BESTSELLER Quick View PLAYDAY Girls Embroidered Top & Shorts Set 4.2 |   19 ₹509 ₹999 (49% off) Offer Price: ₹ 356,https://www.ajio.com/playday-girls-embroidered-top--shorts-set/p/443628898_beige?
Ajio,clothing,1,Nyrika,₹689,"₹2,996",77% off,No,2.3,None,False,True,"Quick View Nyrika Women Floral Print 2-Piece Co-Ord Set 2.3 |   6 ₹689 ₹2,996 (77% off) Offer Price: ₹ 590",https://www.ajio.com/nyrika-women-floral-print-2-piece-co-ord-set/p/703030137_offwhite?
Ajio,clothing,1,BERRYLICIOUS,₹740,"₹2,550",71% off,No,4.3,None,False,True,"Quick View BERRYLICIOUS Women Rayon 2-Piece Sets 4.3 |   6 ₹740 ₹2,550 (71% off) Offer Price: ₹ 518",https://www.ajio.com/berrylicious-women-rayon-2-piece-sets/p/703031433_black?
Ajio,clothing,1,Nyrika,"₹1,313","₹4,863",73% off,No,N/A,None,False,True,"Quick View Nyrika Women Printed 2-Piece Co-Ord Set 5 |   3 ₹1,313 ₹4,863 (73% off) Offer Price: ₹ 973",https://www.ajio.com/nyrika-women-printed-2-piece-co-ord-set/p/703069295_black?
Ajio,clothing,1,MOGAL FASHION,₹585,"₹1,299",55% off,No,3.2,None,False,False,"Quick View MOGAL FASHION Women Embroidered 2-Piece Co-Ord Sets 3.2 |   59 ₹585 ₹1,299 (55% off) Offer Price: ₹ 410",https://www.ajio.com/mogal-fashion-women-embroidered-2-piece-co-ord-sets/p/703069106_pink?
Ajio,clothing,1,Hariguru Fashion,"₹1,085","₹1,973",45% off,No,3.5,None,False,False,"Quick View Hariguru Fashion Women Cotton 2-Piece Sets 3.5 |   307 ₹1,085 ₹1,973 (45% off) Offer Price: ₹ 760",https://www.ajio.com/hariguru-fashion-women-cotton-2-piece-sets/p/700774934_coffee?
Ajio,clothing,1,Stylum,₹952,"₹3,399",72% off,No,N/A,None,False,True,"NEW Quick View Stylum Women Printed 2-Piece Co-Ord Set ₹952 ₹3,399 (72% off) Offer Price: ₹ 680",https://www.ajio.com/stylum-women-printed-2-piece-co-ord-set/p/703370284_cream?
Ajio,clothing,1,WARTHY ENT,"₹1,507","₹2,599",42% off,No,N/A,None,False,False,"Quick View WARTHY ENT Women Cotton 2-Piece Sets ₹1,507 ₹2,599 (42% off) Offer Price: ₹ 1,055",https://www.ajio.com/warthy-ent-women-cotton-2-piece-sets/p/702831678_aqua?
Ajio,clothing,1,Revangi,₹392,"₹2,179",82% off,No,2.4,None,False,True,"Quick View Revangi Women V-Neck 2-Piece Co-Ord Set 2.4 |   7 ₹392 ₹2,179 (82% off) Offer Price: ₹ 336",https://www.ajio.com/revangi-women-v-neck-2-piece-co-ord-set/p/701963808_aqua?
Ajio,clothing,1,LIRIT,₹802,"₹2,507",68% off,No,N/A,None,False,False,"Quick View LIRIT Women Rayon 2-Piece Sets ₹802 ₹2,507 (68% off) Offer Price: ₹ 561",https://www.ajio.com/lirit-women-rayon-2-piece-sets/p/702752141_khaki?
Ajio,clothing,1,BOLDSTICH,₹800,"₹1,999",60% off,No,3.5,None,False,False,"NEW Quick View BOLDSTICH Women Rayon 2-Piece Set 3.5 |   4 ₹800 ₹1,999 (60% off) Offer Price: ₹ 560",https://www.ajio.com/boldstich-women-rayon-2-piece-set/p/703399480_black?
Ajio,clothing,1,SVARAA,₹649,"₹2,499",74% off,No,2.3,None,False,True,"Quick View SVARAA Women Printed Rayon 2-Piece Sets 2.3 |   123 ₹649 ₹2,499 (74% off) Offer Price: ₹ 500",https://www.ajio.com/svaraa-women-printed-rayon-2-piece-sets/p/702126802_cream?
Ajio,clothing,1,INDOSTREET,"₹1,362","₹3,999",66% off,No,N/A,None,False,False,"Quick View INDOSTREET Women 2-Piece Co-Ord Set 5 |   2 ₹1,362 ₹3,999 (66% off) Offer Price: ₹ 953",https://www.ajio.com/indostreet-women-2-piece-co-ord-set/p/702738760_peach?
Ajio,clothing,1,MYRIE,₹440,"₹1,998",78% off,No,3.1,None,False,True,"Quick View MYRIE Women Cotton 2-Piece Sets 3.1 |   10 ₹440 ₹1,998 (78% off) Offer Price: ₹ 377",https://www.ajio.com/myrie-women-cotton-2-piece-sets/p/702875802_blue?
Ajio,clothing,1,COTTINFAB,"₹1,209","₹3,899",69% off,No,N/A,None,False,False,"Quick View COTTINFAB Women Spread-Collar 2-Piece Co-Ord Set 5 |   2 ₹1,209 ₹3,899 (69% off) Offer Price: ₹ 846",https://www.ajio.com/cottinfab-women-spread-collar-2-piece-co-ord-set/p/702865572_beige?
Ajio,clothing,1,STREET9,₹480,"₹2,399",80% off,No,3.5,None,False,True,"Quick View STREET9 Women Printed 2-Piece Co-Ord Set 3.5 |   6 ₹480 ₹2,399 (80% off) Offer Price: ₹ 411",https://www.ajio.com/street9-women-printed-2-piece-co-ord-set/p/702549061_multi?
Ajio,clothing,1,FASHION DREAM,₹663,"₹1,699",61% off,No,N/A,None,False,False,"NEW Quick View FASHION DREAM Girls Floral Print 2-Piece Pants & Top Set ₹663 ₹1,699 (61% off) Offer Price: ₹ 464",https://www.ajio.com/fashion-dream-girls-floral-print-2-piece-pants--top-set/p/703419989_pink?
Ajio,clothing,1,SYKON,"₹1,218","₹3,690",67% off,No,1.8,None,False,False,"Quick View SYKON Women Printed Round-Neck 2-Piece Co-Ord Set 1.8 |   18 ₹1,218 ₹3,690 (67% off) Offer Price: ₹ 853",https://www.ajio.com/sykon-women-printed-round-neck-2-piece-co-ord-set/p/702627660_black?
Ajio,clothing,1,SVARAA,₹720,"₹2,999",76% off,No,3.7,None,False,True,"Quick View SVARAA Women Embroidered Shirt & Pants Co-Ord Set 3.7 |   6 ₹720 ₹2,999 (76% off) Offer Price: ₹ 600",https://www.ajio.com/svaraa-women-embroidered-shirt--pants-co-ord-set/p/702672723_offwhite?
Ajio,clothing,1,LERIYA FASHION,₹800,"₹2,499",68% off,No,3.2,None,False,False,"Quick View LERIYA FASHION Women 2-Piece Co-Ord Set 3.2 |   172 ₹800 ₹2,499 (68% off) Offer Price: ₹ 560",https://www.ajio.com/leriya-fashion-women-2-piece-co-ord-set/p/701459803_khaki?
Ajio,clothing,1,FASHION DREAM,₹779,"₹1,899",59% off,No,3.5,None,False,False,"Quick View FASHION DREAM Girls Printed Top & Pants Set 3.5 |   34 ₹779 ₹1,899 (59% off) Offer Price: ₹ 545",https://www.ajio.com/fashion-dream-girls-printed-top--pants-set/p/702767199_navy?
Ajio,clothing,1,BUMZEE,₹275,"₹1,059",74% off,No,2.8,None,False,True,"NEW Quick View BUMZEE Girls Printed Shorts & Top Set 2.8 |   5 ₹275 ₹1,059 (74% off) Offer Price: ₹ 206",https://www.ajio.com/bumzee-girls-printed-shorts--top-set/p/703261909_beige?
Ajio,clothing,1,Nyrika,₹719,"₹3,997",82% off,No,3.2,None,False,True,"Quick View Nyrika Women Printed 2-Piece Co-ord Set 3.2 |   46 ₹719 ₹3,997 (82% off) Offer Price: ₹ 616",https://www.ajio.com/nyrika-women-printed-2-piece-co-ord-set/p/701668818_black?
Ajio,clothing,1,MUHANA,₹685,"₹1,560",56% off,No,N/A,None,False,False,"Quick View MUHANA Women Rayon 2-Piece Sets 4 |   4 ₹685 ₹1,560 (56% off) Offer Price: ₹ 480",https://www.ajio.com/muhana-women-rayon-2-piece-sets/p/703001665_black?
Ajio,clothing,1,MYRIE,₹396,"₹1,798",78% off,No,2.4,None,False,True,"Quick View MYRIE Women Cotton 2-Piece Sets 2.4 |   31 ₹396 ₹1,798 (78% off) Offer Price: ₹ 339",https://www.ajio.com/myrie-women-cotton-2-piece-sets/p/701127294_pink?
Ajio,clothing,1,MITTOO,₹950,"₹4,999",81% off,No,2.5,None,False,True,"Quick View MITTOO Women Embroidered 2-Piece Co-Ord Set 2.5 |   2 ₹950 ₹4,999 (81% off) Offer Price: ₹ 814",https://www.ajio.com/mittoo-women-embroidered-2-piece-co-ord-set/p/702327489_beige?
Ajio,clothing,2,SVARAA,₹644,"₹2,574",75% off,No,2.8,None,False,True,"Quick View SVARAA Women Colourblock 2-Piece Co-Ord Set 2.8 |   5K ₹644 ₹2,574 (75% off) Offer Price: ₹ 515",https://www.ajio.com/svaraa-women-colourblock-2-piece-co-ord-set/p/701775258_beige?
Ajio,clothing,2,Revangi,₹539,"₹2,449",78% off,No,2.7,None,False,True,"Quick View Revangi Women Floral Print 2-Piece Co-Ord Sets 2.7 |   616 ₹539 ₹2,449 (78% off) Offer Price: ₹ 462",https://www.ajio.com/revangi-women-floral-print-2-piece-co-ord-sets/p/702788876_white?
Ajio,clothing,2,SVARAA,₹560,"₹1,599",65% off,No,2.2,None,False,False,"Quick View SVARAA Women Printed 2-Piece Co-Ord Set 2.2 |   1.3K ₹560 ₹1,599 (65% off) Offer Price: ₹ 392",https://www.ajio.com/svaraa-women-printed-2-piece-co-ord-set/p/702810401_black?
Ajio,clothing,2,Fyre Rose,₹706,"₹1,899",63% off,No,3.5,None,False,False,"Quick View Fyre Rose Women Ribbed 2-Piece Co-Ord Sets 3.5 |   44 ₹706 ₹1,899 (63% off) Offer Price: ₹ 494",https://www.ajio.com/fyre-rose-women-ribbed-2-piece-co-ord-sets/p/703179500_khaki?
Ajio,clothing,2,ASHRIFAB,₹681,"₹4,999",86% off,No,N/A,None,False,True,"Quick View ASHRIFAB Women Embroidered 2-Piece Co-Ord Set 3 |   578 ₹681 ₹4,999 (86% off) Offer Price: ₹ 583",https://www.ajio.com/ashrifab-women-embroidered-2-piece-co-ord-set/p/702703628_rust?
Ajio,clothing,2,Kiana House Of Fashion,₹460,"₹2,298",80% off,No,2.7,None,False,True,"BESTSELLER Quick View Kiana House Of Fashion Women Leaf Print 2-Piece Co-Ord Set 2.7 |   305 ₹460 ₹2,298 (80% off) Offer Price: ₹ 394",https://www.ajio.com/kiana-house-of-fashion-women-leaf-print-2-piece-co-ord-set/p/702147067_green?
Ajio,clothing,2,LERIYA FASHION,₹950,"₹2,499",62% off,No,N/A,None,False,False,"Quick View LERIYA FASHION Women 2-Piece Co-Ord Set 3 |   66 ₹950 ₹2,499 (62% off) Offer Price: ₹ 665",https://www.ajio.com/leriya-fashion-women-2-piece-co-ord-set/p/701459839_offwhite?
Ajio,clothing,2,FASHION DREAM,₹612,"₹1,799",66% off,No,3.1,None,False,False,"Quick View FASHION DREAM Girls Printed Pants & Top Set 3.1 |   24 ₹612 ₹1,799 (66% off) Offer Price: ₹ 428",https://www.ajio.com/fashion-dream-girls-printed-pants--top-set/p/702028574_black?
Ajio,clothing,2,Banno's Swagger,₹840,"₹4,199",80% off,No,3.4,None,False,True,"Quick View Banno's Swagger Women Slub 2-Piece Sets 3.4 |   173 ₹840 ₹4,199 (80% off) Offer Price: ₹ 672",https://www.ajio.com/banno-s-swagger-women-slub-2-piece-sets/p/700673779_purple?
Ajio,clothing,2,FASHION DREAM,₹752,"₹2,149",65% off,No,3.8,None,False,False,"BESTSELLER Quick View FASHION DREAM Girls Embroidered Pants & Shirt Set 3.8 |   100 ₹752 ₹2,149 (65% off) Offer Price: ₹ 526",https://www.ajio.com/fashion-dream-girls-embroidered-pants--shirt-set-/p/702464534_white?
Ajio,clothing,2,GUFRINA,₹625,"₹2,499",75% off,No,N/A,None,False,True,"Quick View GUFRINA Printed 2-Piece Shirt with Trousers Set 3 |   416 ₹625 ₹2,499 (75% off) Offer Price: ₹ 500",https://www.ajio.com/gufrina-printed-2-piece-shirt-with-trousers-set/p/467114614_white?
Ajio,clothing,2,BERRYLICIOUS,₹655,"₹2,260",71% off,No,3.7,None,False,True,"Quick View BERRYLICIOUS Women Printed 2-Piece Sets 3.7 |   522 ₹655 ₹2,260 (71% off) Offer Price: ₹ 459",https://www.ajio.com/berrylicious-women-printed-2-piece-sets/p/702439408_pink?
Ajio,clothing,2,SELVIA,₹827,"₹3,323",75% off,No,3.3,None,False,True,"Quick View SELVIA Women T-Shirt & Pants Co-Ord Set 3.3 |   302 ₹827 ₹3,323 (75% off) Offer Price: ₹ 665",https://www.ajio.com/selvia-women-t-shirt--pants-co-ord-set/p/700214955_brown?
Ajio,clothing,2,INF FRENDZ,₹180,₹599,70% off,No,4.2,None,False,True,Quick View INF FRENDZ Printed Dungaree & T-Shirt Co-Ord Set 4.2 |   161 ₹180 ₹599 (70% off),https://www.ajio.com/inf-frendz-printed-dungaree--t-shirt-co-ord-set/p/443054022_beige?
Ajio,clothing,2,LERIYA FASHION,₹750,"₹2,499",70% off,No,3.3,None,False,True,"Quick View LERIYA FASHION Women Printed 2-Piece Co-Ord Set 3.3 |   173 ₹750 ₹2,499 (70% off) Offer Price: ₹ 525",https://www.ajio.com/leriya-fashion-women-printed-2-piece-co-ord-set/p/702415266_offwhite?
Ajio,clothing,2,LEIA,₹820,"₹1,999",59% off,No,3.6,None,False,False,"Quick View LEIA Women 2-Piece Co-Ord Set with Tie-Up 3.6 |   307 ₹820 ₹1,999 (59% off) Offer Price: ₹ 574",https://www.ajio.com/leia-women-2-piece-co-ord-set-with-tie-up/p/701623788_grey?
Ajio,clothing,2,Kiana House Of Fashion,₹400,"₹1,998",80% off,No,2.7,None,False,True,"Quick View Kiana House Of Fashion Women Printed 2-Piece Co-Ord Set 2.7 |   2.6K ₹400 ₹1,998 (80% off) Offer Price: ₹ 343",https://www.ajio.com/kiana-house-of-fashion-women-printed-2-piece-co-ord-set/p/701135766_pink?
Ajio,clothing,2,HARIKS,₹744,"₹1,618",54% off,No,3.3,None,False,False,"Quick View HARIKS Women Embroidered 2-Piece Co-Ord Sets 3.3 |   4 ₹744 ₹1,618 (54% off) Offer Price: ₹ 521",https://www.ajio.com/hariks-women-embroidered-2-piece-co-ord-sets/p/702872308_green?
Ajio,clothing,2,Lofn,₹338,"₹1,299",74% off,No,3.2,None,False,True,"Quick View Lofn Self-design Shorts & T-shirt Set 3.2 |   232 ₹338 ₹1,299 (74% off) Offer Price: ₹ 237",https://www.ajio.com/lofn-self-design-shorts--t-shirt-set/p/700745144_multi?
Ajio,clothing,2,Nyrika,₹460,"₹1,999",77% off,No,2.7,None,False,True,"Quick View Nyrika Women Printed T-Shirt 2-Piece Sets 2.7 |   347 ₹460 ₹1,999 (77% off) Offer Price: ₹ 394",https://www.ajio.com/nyrika-women-printed-t-shirt-2-piece-sets/p/702224090_blue?
Ajio,clothing,2,SVARAA,₹630,"₹3,499",82% off,No,N/A,None,False,True,"Quick View SVARAA Women 3-Piece Co-Ord Set ₹630 ₹3,499 (82% off) Offer Price: ₹ 540",https://www.ajio.com/svaraa-women-3-piece-co-ord-set/p/703081124_brown?
Ajio,clothing,2,Outzidr Global,"₹1,409","₹1,499",6% off,No,2.7,None,False,False,"Quick View Outzidr Global Women Shirt & Trousers Co-Ord Set 2.7 |   15 ₹1,409 ₹1,499 (6% off) Offer Price: ₹ 986",https://www.ajio.com/outzidr-global-women-shirt--trousers-co-ord-set/p/702591123_grey?
Ajio,clothing,2,SVARAA,₹575,"₹2,299",75% off,No,3.6,None,False,True,"Quick View SVARAA Women Embroidered Regular Fit 2-Piece Sets 3.6 |   59 ₹575 ₹2,299 (75% off) Offer Price: ₹ 460",https://www.ajio.com/svaraa-women-embroidered-regular-fit-2-piece-sets/p/701860119_lavender?
Ajio,clothing,2,FABNEX,₹542,"₹4,999",89% off,No,2.9,None,False,True,"Quick View FABNEX Women V-Neck Top & Pants Co-Ord Set 2.9 |   32 ₹542 ₹4,999 (89% off) Offer Price: ₹ 464",https://www.ajio.com/fabnex-women-v-neck-top--pants-co-ord-set/p/703127457_brown?
Ajio,clothing,2,Revangi,₹406,"₹1,399",71% off,No,2.8,None,False,True,"Quick View Revangi Women Printed 2-Piece Co-Ord Set 2.8 |   486 ₹406 ₹1,399 (71% off) Offer Price: ₹ 284",https://www.ajio.com/revangi-women-printed-2-piece-co-ord-set/p/701904765_black?
Ajio,clothing,2,SVARAA,₹525,"₹3,499",85% off,No,3.2,None,False,True,"Quick View SVARAA Women Printed 2-Piece Co-Ord Set 3.2 |   60 ₹525 ₹3,499 (85% off) Offer Price: ₹ 450",https://www.ajio.com/svaraa-women-printed-2-piece-co-ord-set/p/703075388_blue?
Ajio,clothing,2,ASHRIFAB,₹534,"₹4,999",89% off,No,2.2,None,False,True,"Quick View ASHRIFAB Women Shirt & Pants Co-Ord Set 2.2 |   542 ₹534 ₹4,999 (89% off) Offer Price: ₹ 457",https://www.ajio.com/ashrifab-women-shirt--pants-co-ord-set-/p/702691624_yellow?
Ajio,clothing,2,Nyrika,"₹1,450","₹4,999",71% off,No,2.8,None,False,True,"BESTSELLER Quick View Nyrika Women Embroidered 2-Piece Co-Ord Sets 2.8 |   723 ₹1,450 ₹4,999 (71% off) Offer Price: ₹ 1,015",https://www.ajio.com/nyrika-women-embroidered-2-piece-co-ord-sets/p/702756044_offwhite?
Ajio,clothing,2,MOGAL FASHION,₹579,₹999,42% off,No,3.4,None,False,False,NEW Quick View MOGAL FASHION Women Embroidered V-Neck 2-Piece Co-Ord Set 3.4 |   10 ₹579 ₹999 (42% off) Offer Price: ₹ 405,https://www.ajio.com/mogal-fashion-women-embroidered-v-neck-2-piece-co-ord-set/p/703118971_yellow?
Ajio,clothing,2,TIKHI IMLI,"₹1,679","₹3,497",52% off,No,N/A,None,False,False,"Quick View TIKHI IMLI Women Embroidered 2-Piece Co-Ord Sets ₹1,679 ₹3,497 (52% off) Offer Price: ₹ 1,179",https://www.ajio.com/tikhi-imli-women-embroidered-2-piece-co-ord-sets/p/703271389_green?
Ajio,clothing,2,MIRAPARI FASHION,₹990,"₹2,999",67% off,No,2.5,None,False,False,"Quick View MIRAPARI FASHION Women Sweetheart-Neck 3-Piece Co-Ord Set 2.5 |   13 ₹990 ₹2,999 (67% off) Offer Price: ₹ 693",https://www.ajio.com/mirapari-fashion-women-sweetheart-neck-3-piece-co-ord-set/p/700433945_maroon?
Ajio,clothing,2,MITTOO,"₹1,350","₹4,999",73% off,No,N/A,None,False,True,"Quick View MITTOO Women Embroidered 2-Piece Co-Ord Set ₹1,350 ₹4,999 (73% off) Offer Price: ₹ 1,000",https://www.ajio.com/mittoo-women-embroidered-2-piece-co-ord-set/p/701645391_purple?
Ajio,clothing,2,SPAN,"₹1,559","₹2,599",40% off,No,N/A,None,False,False,"Quick View SPAN Women Embroidered 2-Piece Co-Ord Set ₹1,559 ₹2,599 (40% off) Offer Price: ₹ 1,091",https://www.ajio.com/span-women-embroidered-2-piece-co-ord-set/p/702959775_white?
Ajio,clothing,2,ASHRIFAB,₹544,"₹4,999",89% off,No,2.4,None,False,True,"Quick View ASHRIFAB Women Printed 2-Piece Co-Ord Set 2.4 |   16 ₹544 ₹4,999 (89% off) Offer Price: ₹ 466",https://www.ajio.com/ashrifab-women-printed-2-piece-co-ord-set/p/702707871_black?
Ajio,clothing,2,INDOSTREET,"₹1,150","₹4,599",75% off,No,N/A,None,False,True,"Quick View INDOSTREET Women Printed 3-Piece Co-Ord Set ₹1,150 ₹4,599 (75% off) Offer Price: ₹ 920",https://www.ajio.com/indostreet-women-printed-3-piece-co-ord-set/p/702650940_red?
Ajio,clothing,2,Readiprint,"₹1,110","₹3,700",70% off,No,4.5,None,False,True,"Quick View Readiprint Women Embroidered 2-Piece Sets 4.5 |   2 ₹1,110 ₹3,700 (70% off) Offer Price: ₹ 777",https://www.ajio.com/readiprint-women-embroidered-2-piece-sets/p/702482502_green?
Ajio,clothing,2,Nyrika,₹720,"₹2,998",76% off,No,3.2,None,False,True,"Quick View Nyrika Women Embroidered 2-Piece Co-Ord Set 3.2 |   5 ₹720 ₹2,998 (76% off) Offer Price: ₹ 600",https://www.ajio.com/nyrika-women-embroidered-2-piece-co-ord-set/p/702939675_wine?
Ajio,clothing,2,ASHRIFAB,₹518,"₹4,999",90% off,No,3.1,None,False,True,"Quick View ASHRIFAB Women Printed 2-Piece Co-Ord Set 3.1 |   29 ₹518 ₹4,999 (90% off) Offer Price: ₹ 444",https://www.ajio.com/ashrifab-women-printed-2-piece-co-ord-set/p/702707868_pink?
Ajio,clothing,2,INDOSTREET,"₹1,200","₹3,999",70% off,No,N/A,None,False,True,"Quick View INDOSTREET Women Embroidered 2-Piece Co-Ord Sets ₹1,200 ₹3,999 (70% off) Offer Price: ₹ 840",https://www.ajio.com/indostreet-women-embroidered-2-piece-co-ord-sets/p/702672544_orange?
Ajio,clothing,2,LERIYA FASHION,₹775,"₹2,499",69% off,No,N/A,None,False,False,"Quick View LERIYA FASHION Women Polyester 2-Piece Sets ₹775 ₹2,499 (69% off) Offer Price: ₹ 543",https://www.ajio.com/leriya-fashion-women-polyester-2-piece-sets/p/702627392_multi?
Ajio,clothing,2,TUHIRAAJ,₹714,"₹2,499",71% off,No,3.5,None,False,True,"Quick View TUHIRAAJ Women Printed 2-Piece Co-Ord Sets 3.5 |   2 ₹714 ₹2,499 (71% off) Offer Price: ₹ 500",https://www.ajio.com/tuhiraaj-women-printed-2-piece-co-ord-sets/p/703285429_blue?
Ajio,clothing,2,SVARAA,₹700,"₹2,499",72% off,No,N/A,None,False,True,"NEW Quick View SVARAA Women Printed 2-Piece Co-Ord Set ₹700 ₹2,499 (72% off) Offer Price: ₹ 500",https://www.ajio.com/svaraa-women-printed-2-piece-co-ord-set/p/703260255_red?
Ajio,clothing,2,Aavanya,"₹2,100","₹6,999",70% off,No,4.3,None,False,True,"BESTSELLER Quick View Aavanya Women 2-Piece Co-Ord Set with Full Sleeves 4.3 |   3 ₹2,100 ₹6,999 (70% off) Offer Price: ₹ 1,600",https://www.ajio.com/aavanya-women-2-piece-co-ord-set-with-full-sleeves/p/702741553_lime?
Ajio,clothing,2,SVARAA,₹759,"₹3,997",81% off,No,2.5,None,False,True,"Quick View SVARAA Women Printed 2-Piece Co-Ord Set 2.5 |   2 ₹759 ₹3,997 (81% off) Offer Price: ₹ 650",https://www.ajio.com/svaraa-women-printed-2-piece-co-ord-set/p/703021201_blue?
Ajio,clothing,2,Nyrika,₹493,"₹2,899",83% off,No,1.7,None,False,True,"Quick View Nyrika Women Printed 2-Piece Co-Ord Set 1.7 |   3 ₹493 ₹2,899 (83% off) Offer Price: ₹ 422",https://www.ajio.com/nyrika-women-printed-2-piece-co-ord-set-/p/467231811_white?
Ajio,clothing,2,TANUKA,"₹1,200","₹3,749",68% off,No,N/A,None,False,False,"Quick View TANUKA Women Embroidered 2-Piece Co-Ord Set 3 |   4 ₹1,200 ₹3,749 (68% off) Offer Price: ₹ 840",https://www.ajio.com/tanuka-women-embroidered-2-piece-co-ord-set/p/701714662_yellow?
Ajio,clothing,2,BERRYLICIOUS,₹856,"₹2,950",71% off,No,4.5,None,False,True,"Quick View BERRYLICIOUS Rayon 2-Piece Sets 4.5 |   4 ₹856 ₹2,950 (71% off) Offer Price: ₹ 599",https://www.ajio.com/berrylicious-rayon-2-piece-sets/p/702848943_multi?
Ajio,clothing,2,Clothing Culture,₹999,"₹3,499",71% off,No,N/A,None,False,True,"Quick View Clothing Culture Women 2-Piece Tunic & Pants Set ₹999 ₹3,499 (71% off) Offer Price: ₹ 700",https://www.ajio.com/clothing-culture-women-2-piece-tunic--pants-set/p/702005213_navy?
Ajio,clothing,2,SYKON,"₹2,027","₹7,505",73% off,No,N/A,None,False,True,"Quick View SYKON Women 2-Piece Co-Ord Sets 1 |   2 ₹2,027 ₹7,505 (73% off) Offer Price: ₹ 1,527",https://www.ajio.com/sykon-women-2-piece-co-ord-sets/p/702632574_pink?
Ajio,clothing,2,Nyrika,₹679,"₹3,997",83% off,No,N/A,None,False,True,"Quick View Nyrika Women Graphic Print Co-Ord Set 3 |   41 ₹679 ₹3,997 (83% off) Offer Price: ₹ 582",https://www.ajio.com/nyrika-women-graphic-print-co-ord-set/p/701575688_cream?
Ajio,clothing,2,Readiprint,"₹1,892","₹4,400",57% off,No,N/A,None,False,False,"Quick View Readiprint Women Spread Collar Shirt  2-Piece Sets ₹1,892 ₹4,400 (57% off) Offer Price: ₹ 1,392",https://www.ajio.com/readiprint-women-spread-collar-shirt-2-piece-sets/p/701154845_offwhite?
Ajio,clothing,2,Kiana House Of Fashion,₹484,"₹2,198",78% off,No,2.5,None,False,True,"Quick View Kiana House Of Fashion Women Printed 2-Piece Co-Ord Set 2.5 |   24 ₹484 ₹2,198 (78% off) Offer Price: ₹ 415",https://www.ajio.com/kiana-house-of-fashion-women-printed-2-piece-co-ord-set/p/702179487_pink?
Ajio,clothing,2,Maheshvi,₹325,"₹1,299",75% off,No,3.2,None,False,True,"Quick View Maheshvi Women Collar-Neck 2-Piece Sets 3.2 |   25 ₹325 ₹1,299 (75% off) Offer Price: ₹ 260",https://www.ajio.com/maheshvi--women-collar-neck-2-piece-sets/p/702711249_navy?
Ajio,clothing,2,Eshami,₹799,"₹1,997",60% off,No,N/A,None,False,False,"Quick View Eshami Women High-Neck 2-Piece Co-Ord Set ₹799 ₹1,997 (60% off) Offer Price: ₹ 559",https://www.ajio.com/eshami-women-high-neck-2-piece-co-ord-set/p/703309813_maroon?
Ajio,clothing,2,SVARAA,₹947,"₹2,699",65% off,No,N/A,None,False,False,"Quick View SVARAA Women Embroidered 2-Piece Co-Ord Set ₹947 ₹2,699 (65% off) Offer Price: ₹ 663",https://www.ajio.com/svaraa-women-embroidered-2-piece-co-ord-set/p/703031952_offwhite?
Ajio,clothing,2,IKI CHIC,"₹7,889","₹11,999",34% off,No,N/A,None,False,False,"BESTSELLER Quick View IKI CHIC Women Cotton 2-Piece Sets ₹7,889 ₹11,999 (34% off) Offer Price: ₹ 7,389",https://www.ajio.com/iki-chic-women-cotton-2-piece-sets/p/702465256_blue?
Ajio,clothing,2,Nyrika,₹600,"₹3,999",85% off,No,2.2,None,False,True,"NEW Quick View Nyrika Women Leaf 2-Piece Co-Ord Sets 2.2 |   108 ₹600 ₹3,999 (85% off) Offer Price: ₹ 514",https://www.ajio.com/nyrika-women-leaf-2-piece-co-ord-sets/p/703244415_offwhite?
Ajio,clothing,2,MIRCHI FASHION,"₹1,000","₹3,999",75% off,No,3.6,None,False,True,"Quick View MIRCHI FASHION Women Cotton 2-Piece Set 3.6 |   24 ₹1,000 ₹3,999 (75% off) Offer Price: ₹ 800",https://www.ajio.com/mirchi-fashion-women-cotton-2-piece-set/p/701910274_orange?
Ajio,clothing,2,PRADHRUHE,₹499,"₹2,495",80% off,No,3.9,None,False,True,"Quick View PRADHRUHE Women Printed 2-Piece Top with Pants 3.9 |   40 ₹499 ₹2,495 (80% off) Offer Price: ₹ 427",https://www.ajio.com/pradhruhe-women-printed-2-piece-top-with-pants/p/702035339_maroon?
Ajio,clothing,2,Styli,"₹1,200","₹2,499",52% off,No,N/A,None,False,False,"Quick View Styli Crinkled Shirt & Pants Co-Ord Set ₹1,200 ₹2,499 (52% off) Offer Price: ₹ 840",https://www.ajio.com/styli-crinkled-shirt--pants-co-ord-set/p/703285706_navy?
Ajio,clothing,2,Nyrika,₹771,"₹2,854",73% off,No,1.6,None,False,True,"Quick View Nyrika Women Printed 2-Piece Co-Ord Set 1.6 |   5 ₹771 ₹2,854 (73% off) Offer Price: ₹ 571",https://www.ajio.com/nyrika-women-printed-2-piece-co-ord-set/p/702471236_offwhite?
Ajio,clothing,2,Nyrika,₹684,"₹2,629",74% off,No,1.6,None,False,True,"Quick View Nyrika Women Embroidered 2-Piece Co-Ord Set 1.6 |   5 ₹684 ₹2,629 (74% off) Offer Price: ₹ 526",https://www.ajio.com/nyrika-women-embroidered-2-piece-co-ord-set/p/702770461_black?
Ajio,clothing,2,FFU,"₹1,250","₹6,249",80% off,No,2.5,None,False,True,"Quick View FFU Women Printed 2-Piece Co-Ord Set 2.5 |   2 ₹1,250 ₹6,249 (80% off) Offer Price: ₹ 1,071",https://www.ajio.com/ffu-women-printed-2-piece-co-ord-set-/p/702512203_black?
Ajio,clothing,2,Raamony,₹997,"₹2,695",63% off,No,2.7,None,False,False,"Quick View Raamony Women Printed 2-Piece Co-Ord Set 2.7 |   26 ₹997 ₹2,695 (63% off) Offer Price: ₹ 698",https://www.ajio.com/raamony-women-printed-2-piece-co-ord-set/p/701260519_offwhite?
Ajio,clothing,2,Pookiie,"₹1,960","₹3,999",51% off,No,N/A,None,False,False,"NEWSEASON Quick View Pookiie Women Embroidered 2-Piece Co-Ord Set ₹1,960 ₹3,999 (51% off) Offer Price: ₹ 1,460",https://www.ajio.com/pookiie-women-embroidered-2-piece-co-ord-set/p/703335026_black?
Ajio,clothing,2,FASHFUN CLOTHING,₹740,"₹1,999",63% off,No,3.8,None,False,False,"Quick View FASHFUN CLOTHING Women Self-design Top 3.8 |   35 ₹740 ₹1,999 (63% off) Offer Price: ₹ 518",https://www.ajio.com/fashfun-clothing-women-self-design-top/p/701311536_multi?
Ajio,clothing,2,Derifa,"₹2,449","₹3,499",30% off,No,2.5,None,False,False,"Quick View Derifa Women Printed 2-Piece Co-Ord Set 2.5 |   8 ₹2,449 ₹3,499 (30% off) Offer Price: ₹ 1,949",https://www.ajio.com/derifa-women-printed-2-piece-co-ord-set/p/701154398_blue?
Ajio,clothing,2,Weavllite,"₹1,075","₹4,299",75% off,No,3.5,None,False,True,"Quick View Weavllite Women Embroidered 2-Piece Co-Ord Set 3.5 |   2 ₹1,075 ₹4,299 (75% off) Offer Price: ₹ 860",https://www.ajio.com/weavllite-women-embroidered-2-piece-co-ord-set/p/702746489_green?
Ajio,clothing,2,Stylum,"₹1,131","₹3,899",71% off,No,N/A,None,False,True,"NEW Quick View Stylum Women Printed 2-Piece Co-Ord Set ₹1,131 ₹3,899 (71% off) Offer Price: ₹ 792",https://www.ajio.com/stylum-women-printed-2-piece-co-ord-set/p/703370273_black?
Ajio,clothing,2,CHHABRA 555,"₹3,920","₹11,200",65% off,No,N/A,None,False,False,"Quick View CHHABRA 555 Women Embroidered 3-Piece Co-Ord Set ₹3,920 ₹11,200 (65% off) Offer Price: ₹ 3,420",https://www.ajio.com/chhabra-555-women-embroidered-3-piece-co-ord-set/p/702062268_beige?
Ajio,clothing,2,BERRYLICIOUS,"₹1,517","₹5,232",71% off,No,N/A,None,False,True,"Quick View BERRYLICIOUS Embroidered Cotton 2-Piece Sets 4 |   2 ₹1,517 ₹5,232 (71% off) Offer Price: ₹ 1,062",https://www.ajio.com/berrylicious-embroidered-cotton-2-piece-sets/p/701733716_cream?
Ajio,clothing,2,Nyrika,₹648,"₹2,399",73% off,No,N/A,None,False,True,"NEW Quick View Nyrika Women Printed 2-Piece Co-Ord Set ₹648 ₹2,399 (73% off) Offer Price: ₹ 480",https://www.ajio.com/nyrika-women-printed-2-piece-co-ord-set/p/703411611_purple?
Ajio,clothing,2,Pspeaches,₹750,"₹4,997",85% off,No,3.6,None,False,True,"Quick View Pspeaches Girls Printed Top with Bottomwear 3.6 |   51 ₹750 ₹4,997 (85% off) Offer Price: ₹ 642",https://www.ajio.com/pspeaches-girls-printed-top-with-bottomwear/p/467205573_black?
Ajio,clothing,2,FASHFUN CLOTHING,₹760,"₹1,999",62% off,No,N/A,None,False,False,"Quick View FASHFUN CLOTHING Women Printed 2-Piece Co-Ord Set ₹760 ₹1,999 (62% off) Offer Price: ₹ 532",https://www.ajio.com/fashfun-clothing-women-printed-2-piece-co-ord-set/p/702407273_black?
Ajio,clothing,2,Outzidr Global,₹983,"₹1,199",18% off,No,3.3,None,False,False,"Quick View Outzidr Global Women TR-Shirt & Pants Co-Ord Set 3.3 |   15 ₹983 ₹1,199 (18% off) Offer Price: ₹ 688",https://www.ajio.com/outzidr-global-women-tr-shirt--pants-co-ord-set/p/701798926_black?
Ajio,clothing,2,TIKHI IMLI,"₹1,499","₹3,747",60% off,No,N/A,None,False,False,"Quick View TIKHI IMLI Women Embroidered 2-Piece Sets ₹1,499 ₹3,747 (60% off) Offer Price: ₹ 1,049",https://www.ajio.com/tikhi-imli-women-embroidered-2-piece-sets/p/702854515_maroon?
Ajio,clothing,2,Kasya,"₹1,312","₹3,123",58% off,No,N/A,None,False,False,"Quick View Kasya Women Embroidered 2-Piece Co-Ord Set ₹1,312 ₹3,123 (58% off) Offer Price: ₹ 918",https://www.ajio.com/kasya-women-embroidered-2-piece-co-ord-set/p/702352283_offwhite?
Ajio,clothing,2,FASHFUN CLOTHING,₹800,"₹1,999",60% off,No,3.7,None,False,False,"Quick View FASHFUN CLOTHING Women Cropped Shirt & Pants Co-Ord Set 3.7 |   1.6K ₹800 ₹1,999 (60% off) Offer Price: ₹ 560",https://www.ajio.com/fashfun-clothing-women-cropped-shirt--pants-co-ord-set/p/700286237_green?
Ajio,clothing,2,Nyrika,"₹1,419","₹3,999",65% off,No,4.5,None,False,False,"Quick View Nyrika Women Embroidered 2-Piece Co-Ord Set 4.5 |   2 ₹1,419 ₹3,999 (65% off) Offer Price: ₹ 993",https://www.ajio.com/nyrika-women-embroidered-2-piece-co-ord-set/p/702589055_green?
Ajio,clothing,2,COTTINFAB,"₹1,800","₹4,499",60% off,No,N/A,None,False,False,"Quick View COTTINFAB Women V-Neck 2-Piece Co-Ord Set ₹1,800 ₹4,499 (60% off) Offer Price: ₹ 1,300",https://www.ajio.com/cottinfab-women-v-neck-2-piece-co-ord-set/p/702284957_black?
Ajio,clothing,2,Nyrika,"₹1,290","₹2,999",57% off,No,4.1,None,False,False,"Quick View Nyrika Women Embroidered 2-Piece Sets 4.1 |   14 ₹1,290 ₹2,999 (57% off) Offer Price: ₹ 903",https://www.ajio.com/nyrika-women-embroidered-2-piece-sets/p/702582476_navy?
Ajio,clothing,2,SVARAA,"₹1,480","₹3,699",60% off,No,N/A,None,False,False,"Quick View SVARAA Women Printed 2-Piece Co-Ord Set with Bracelet Sleeves ₹1,480 ₹3,699 (60% off) Offer Price: ₹ 1,036",https://www.ajio.com/svaraa-women-printed-2-piece-co-ord-set-with-bracelet-sleeves/p/701118037_multi?
Ajio,clothing,2,SVARAA,₹594,"₹2,199",73% off,No,N/A,None,False,True,"NEW Quick View SVARAA Women Terry 2-Piece Sets 3 |   2 ₹594 ₹2,199 (73% off) Offer Price: ₹ 440",https://www.ajio.com/svaraa-women-terry-2-piece-sets/p/703214825_brown?
Ajio,clothing,2,Nyrika,₹898,"₹2,245",60% off,No,N/A,None,False,False,"Quick View Nyrika Women 2-Piece Co-Ord Set ₹898 ₹2,245 (60% off) Offer Price: ₹ 629",https://www.ajio.com/nyrika-women-2-piece-co-ord-set/p/701999877_black?
Ajio,clothing,2,BERRYLICIOUS,"₹1,001","₹3,450",71% off,No,3.3,None,False,True,"Quick View BERRYLICIOUS Women Printed 2-Piece Co-Ord Set 3.3 |   3 ₹1,001 ₹3,450 (71% off) Offer Price: ₹ 701",https://www.ajio.com/berrylicious-women-printed-2-piece-co-ord-set-/p/702382290_pink?
Ajio,clothing,2,Readiprint,₹980,"₹3,500",72% off,No,2.7,None,False,True,"Quick View Readiprint Women Embroidered 2-Piece Co-Ord Set 2.7 |   6 ₹980 ₹3,500 (72% off) Offer Price: ₹ 700",https://www.ajio.com/readiprint-women-embroidered-2-piece-co-ord-set/p/701302830_navy?
Ajio,clothing,2,INDOSTREET,"₹1,260","₹3,599",65% off,No,N/A,None,False,False,"Quick View INDOSTREET Women 2-Piece Co-Ord Sets ₹1,260 ₹3,599 (65% off) Offer Price: ₹ 882",https://www.ajio.com/indostreet-women-2-piece-co-ord-sets/p/702745276_yellow?
Ajio,clothing,2,SHAE BY SASSAFRAS,"₹1,330","₹3,499",62% off,No,N/A,None,False,False,"Quick View SHAE BY SASSAFRAS Embroidered Shirt & Pants Co-Ord Set ₹1,330 ₹3,499 (62% off) Offer Price: ₹ 931",https://www.ajio.com/shae-by-sassafras-embroidered-shirt--pants-co-ord-set/p/702516755_maroon?
Ajio,clothing,2,FUSIONIC,"₹3,960","₹8,800",55% off,No,N/A,None,False,False,"Quick View FUSIONIC Women Embroidered 2-Piece Co-Ord Set ₹3,960 ₹8,800 (55% off) Offer Price: ₹ 3,460",https://www.ajio.com/fusionic-women-embroidered-2-piece-co-ord-set/p/702416888_mustard?
Ajio,clothing,2,TIKHI IMLI,"₹1,899","₹4,747",60% off,No,N/A,None,False,False,"Quick View TIKHI IMLI Women Embroidered 2-Piece Co-Ord Set 4 |   2 ₹1,899 ₹4,747 (60% off) Offer Price: ₹ 1,399",https://www.ajio.com/tikhi-imli-women-embroidered-2-piece-co-ord-set/p/702128836_mustard?
Ajio,clothing,2,Nyrika,₹766,"₹3,330",77% off,No,N/A,None,False,True,"Quick View Nyrika Women Printed 2-Piece Co-Ord Sets ₹766 ₹3,330 (77% off) Offer Price: ₹ 656",https://www.ajio.com/nyrika-women-printed-2-piece-co-ord-sets/p/702989451_blue?
Ajio,clothing,2,SHAE BY SASSAFRAS,"₹1,620","₹4,499",64% off,No,N/A,None,False,False,"Quick View SHAE BY SASSAFRAS Women Embroidered 2-Piece Co-Ord Set 3 |   6 ₹1,620 ₹4,499 (64% off) Offer Price: ₹ 1,134",https://www.ajio.com/shae-by-sassafras-women-embroidered-2-piece-co-ord-set/p/702500772_purple?
Ajio,clothing,2,Fabzoo,"₹1,196","₹1,899",37% off,No,3.8,None,False,False,"Quick View Fabzoo Women Embroidered 2-Piece Co-Ord Set 3.8 |   58 ₹1,196 ₹1,899 (37% off) Offer Price: ₹ 837",https://www.ajio.com/fabzoo-women-embroidered-2-piece-co-ord-set/p/702856941_mustard?
Ajio,clothing,2,FASHFUN CLOTHING,₹500,"₹1,999",75% off,No,4.1,None,False,True,"Quick View FASHFUN CLOTHING Women V-Neck 2-Piece Co-Ord Set 4.1 |   11 ₹500 ₹1,999 (75% off) Offer Price: ₹ 400",https://www.ajio.com/fashfun-clothing-women-v-neck-2-piece-co-ord-set/p/701074550_teal?
Ajio,clothing,2,SVARAA,₹850,"₹4,999",83% off,No,N/A,None,False,True,"Quick View SVARAA Women Embroidered 2-Piece Co-Ord Sets ₹850 ₹4,999 (83% off) Offer Price: ₹ 728",https://www.ajio.com/svaraa-women-embroidered-2-piece-co-ord-sets/p/703296753_offwhite?
Ajio,clothing,2,JAKANARY,"₹2,094","₹3,950",47% off,No,N/A,None,False,False,"BESTSELLER Quick View JAKANARY Women Clothing Set 4 |   2 ₹2,094 ₹3,950 (47% off) Offer Price: ₹ 1,594",https://www.ajio.com/jakanary-women-clothing-set/p/702015778_black?
Ajio,clothing,2,SVARAA,"₹1,019","₹2,996",66% off,No,N/A,None,False,False,"Quick View SVARAA Women Printed 2-Piece Co-Ord Set ₹1,019 ₹2,996 (66% off) Offer Price: ₹ 713",https://www.ajio.com/svaraa-women-printed-2-piece-co-ord-set/p/703037491_offwhite?
Ajio,clothing,2,SVARAA,₹480,"₹1,999",76% off,No,2.3,None,False,True,"Quick View SVARAA Women Printed 2-Piece Co-Ord Set 2.3 |   3 ₹480 ₹1,999 (76% off) Offer Price: ₹ 400",https://www.ajio.com/svaraa-women-printed-2-piece-co-ord-set/p/702330711_orange?
Ajio,clothing,2,MORLY,₹799,"₹2,499",68% off,No,N/A,None,False,False,"Quick View MORLY Women Printed 2-Piece Co-Ord Set 1 |   5 ₹799 ₹2,499 (68% off) Offer Price: ₹ 559",https://www.ajio.com/morly-women-printed-2-piece-co-ord-set/p/702303576_cream?
Ajio,clothing,2,INDOSTREET,₹800,"₹3,199",75% off,No,N/A,None,False,True,"Quick View INDOSTREET Women Embroidered 2-Piece Co-Ord Set ₹800 ₹3,199 (75% off) Offer Price: ₹ 640",https://www.ajio.com/indostreet-women-embroidered-2-piece-co-ord-set/p/702656114_peach?
Ajio,clothing,2,KASHIANXSTYLE,₹698,"₹1,999",65% off,No,N/A,None,False,False,"Quick View KASHIANXSTYLE Women Printed 2-Piece Co-Ord Set 4 |   3 ₹698 ₹1,999 (65% off) Offer Price: ₹ 489",https://www.ajio.com/kashianxstyle-women-printed-2-piece-co-ord-set/p/702739296_black?
Ajio,clothing,2,MYRIE,₹532,"₹2,535",79% off,No,2.3,None,False,True,"Quick View MYRIE Women Embroidered 2-Piece Co-Ord Set 2.3 |   33 ₹532 ₹2,535 (79% off) Offer Price: ₹ 456",https://www.ajio.com/myrie-women-embroidered-2-piece-co-ord-set/p/701526366_yellow?
Ajio,clothing,3,Nyrika,"₹1,595","₹5,499",71% off,No,N/A,None,False,True,"NEW Quick View Nyrika Women Embellished 3-Piece Co-Ord Sets with Shurg ₹1,595 ₹5,499 (71% off) Offer Price: ₹ 1,117",https://www.ajio.com/nyrika-women-embellished-3-piece-co-ord-sets-with-shurg/p/703487983_orange?
Ajio,clothing,3,BANI WOMEN,"₹1,258","₹2,995",58% off,No,N/A,None,False,False,"Quick View BANI WOMEN Women Embroidered 2-Piece Co-Ord Set ₹1,258 ₹2,995 (58% off) Offer Price: ₹ 881",https://www.ajio.com/bani-women-women-embroidered-2-piece-co-ord-set/p/703185931_blue?
Ajio,clothing,3,HARIKS,₹845,"₹1,838",54% off,No,3.4,None,False,False,"Quick View HARIKS Women Printed 2-Piece Co-Ord Set 3.4 |   5 ₹845 ₹1,838 (54% off) Offer Price: ₹ 592",https://www.ajio.com/hariks-women-printed-2-piece-co-ord-set/p/702544702_orange?
Ajio,clothing,3,Outzidr,"₹1,549","₹1,084",N/A,No,2.7,None,False,False,"Quick View Outzidr Women Printed Shirt & Pants Co-Ord Set 2.7 |   20 ₹1,549 Offer Price: ₹ 1,084",https://www.ajio.com/outzidr-women-printed-shirt--pants-co-ord-set/p/702171774_black?
Ajio,clothing,3,Gignar,"₹2,939","₹2,999",2% off,No,N/A,None,False,False,"Quick View Gignar Women Spread-Collar 2-Piece Set ₹2,939 ₹2,999 (2% off) Offer Price: ₹ 2,439",https://www.ajio.com/gignar-women-spread-collar-2-piece-set/p/700287769_blue?
Ajio,clothing,3,SVARAA,₹629,"₹3,499",82% off,No,N/A,None,False,True,"NEW Quick View SVARAA Women Polyester 2-Piece Sets ₹629 ₹3,499 (82% off) Offer Price: ₹ 539",https://www.ajio.com/svaraa-women-polyester-2-piece-sets/p/703429650_blue?
Ajio,sunglasses,2,Decathlon,"₹1,699","₹2,299",26% off,No,2.8,None,False,False,"BESTSELLER Quick View Decathlon Quechua - Men MH570 Anti UV Hiking Sunglasses 2.8 |   4 ₹1,699 ₹2,299 (26% off) Offer Price: ₹ 1,199",https://www.ajio.com/decathlon-quechua--men-mh570-anti-uv-hiking-sunglasses/p/702582400_blue?
Ajio,sunglasses,2,MOSCHINO,"₹8,816","₹30,400",71% off,No,N/A,None,False,True,"BESTSELLER Quick View MOSCHINO Unisex UV-Protected Oval Sunglasses-20769100055IR 5 |   11 ₹8,816 ₹30,400 (71% off) Offer Price: ₹ 8,066",https://www.ajio.com/moschino-unisex-uv-protected-oval-sunglasses-20769100055ir/p/469750667_grey?
Ajio,sunglasses,2,Ted Smith,₹371,"₹3,090",88% off,No,3.9,None,False,True,"BESTSELLER Quick View Ted Smith Men TS-CANDY-GRY UV-Protected Rectangular Sunglasses 3.9 |   77 ₹371 ₹3,090 (88% off) Offer Price: ₹ 340",https://www.ajio.com/ted-smith-men-ts-candy-gry-uv-protected-rectangular-sunglasses/p/466714524_grey?
Ajio,sunglasses,2,MOSCHINO,"₹4,842","₹26,900",82% off,No,3.7,None,False,True,"BESTSELLER Quick View MOSCHINO Unisex Full-Rim Wayfarer Sunglasses-MOS214/S 3.7 |   3 ₹4,842 ₹26,900 (82% off) Offer Price: ₹ 4,358",https://www.ajio.com/moschino-unisex-full-rim-wayfarer-sunglasses-mos214-s/p/469805659_red?
Ajio,sunglasses,2,Ted Smith,₹291,"₹2,290",87% off,No,3.8,None,False,True,"BESTSELLER Quick View Ted Smith EYEZ-C4 Men Rectangular Sunglasses 3.8 |   30 ₹291 ₹2,290 (87% off) Offer Price: ₹ 262",https://www.ajio.com/ted-smith-eyez-c4-men-rectangular-sunglasses/p/466709401_grey?
Ajio,sunglasses,2,FUNGLASSES,₹500,₹999,50% off,No,3.6,None,False,False,BESTSELLER Quick View FUNGLASSES Men UV Protected Full-Rim Oversized Sunglasses 3.6 |   114 ₹500 ₹999 (50% off) Offer Price: ₹ 350,https://www.ajio.com/funglasses-men-uv-protected-full-rim-oversized-sunglasses/p/700827161_blue?
Ajio,sunglasses,2,VOYAGE,₹799,"₹3,000",73% off,No,N/A,None,False,True,"BESTSELLER Quick View VOYAGE 58243 Full-Rim Wayfarers Sunglasses 4 |   23 ₹799 ₹3,000 (73% off) Offer Price: ₹ 600",https://www.ajio.com/voyage-58243-full-rim-wayfarers-sunglasses/p/466296885_black?
Ajio,sunglasses,2,Ted Smith,₹359,"₹2,990",88% off,No,4.2,None,False,True,"BESTSELLER Quick View Ted Smith BLAZE-C1 Polarised Wayfarer Sunglasses 4.2 |   180 ₹359 ₹2,990 (88% off) Offer Price: ₹ 329",https://www.ajio.com/ted-smith-blaze-c1-polarised-wayfarer-sunglasses/p/466707528_grey?
Ajio,sunglasses,2,RICH CLUB,₹350,₹699,50% off,No,N/A,None,False,False,BESTSELLER Quick View RICH CLUB Boys UV Protected Full-Rim Frame Cat-Eye Sunglasses ₹350 ₹699 (50% off) Offer Price: ₹ 245,https://www.ajio.com/rich-club-boys-uv-protected-full-rim-frame-cat-eye-sunglasses/p/702732016_red?
Ajio,sunglasses,2,Ted Smith,₹346,"₹2,880",88% off,No,3.8,None,False,True,"BESTSELLER Quick View Ted Smith Men LENON-C1 UV-Protected Round Sunglasses 3.8 |   46 ₹346 ₹2,880 (88% off) Offer Price: ₹ 317",https://www.ajio.com/ted-smith-men-lenon-c1-uv-protected-round-sunglasses/p/466714376_black?
Ajio,sunglasses,2,VOYAGE,"₹1,350","₹3,000",55% off,No,3.5,None,False,False,"BESTSELLER Quick View VOYAGE Unisex Sunglasses Metal Frame 3.5 |   28 ₹1,350 ₹3,000 (55% off) Offer Price: ₹ 945",https://www.ajio.com/voyage-unisex-sunglasses-metal-frame-/p/701058554_black?
Ajio,sunglasses,2,Ray-Ban,"₹15,672","₹19,590",20% off,No,N/A,None,False,False,"BESTSELLER Quick View Ray-Ban Unisex UV-Protected Square Sunglasses-0RB4940B68648047 ₹15,672 ₹19,590 (20% off) Offer Price: ₹ 14,922",https://www.ajio.com/ray-ban-unisex-uv-protected-square-sunglasses-0rb4940b68648047/p/469814738_black?
Ajio,sunglasses,2,MOSCHINO,"₹4,910","₹24,900",80% off,No,4.2,None,False,True,"BESTSELLER Quick View MOSCHINO Men Gradient Lens Sunglasses-MOS201/S 4.2 |   10 ₹4,910 ₹24,900 (80% off) Offer Price: ₹ 4,419",https://www.ajio.com/moschino-men-gradient-lens-sunglasses-mos201-s/p/469796668_clearblack?
Ajio,sunglasses,2,Sam & Marshall,₹737,"₹1,249",41% off,No,3.5,None,False,False,"NEW Quick View Sam & Marshall Unisex Lexen UV400 Protection Square Sunglasses 3.5 |   2 ₹737 ₹1,249 (41% off) Offer Price: ₹ 516",https://www.ajio.com/sam--marshall-unisex-lexen-uv400-protection-square-sunglasses/p/703224963_red?
Ajio,sunglasses,2,VOYAGE,₹510,"₹3,000",83% off,No,3.8,None,False,True,"BESTSELLER Quick View VOYAGE G15059 UV-Protected Oval Sunglasses 3.8 |   528 ₹510 ₹3,000 (83% off) Offer Price: ₹ 459",https://www.ajio.com/voyage-g15059-uv-protected-oval-sunglasses/p/466466366_black?
Ajio,sunglasses,2,MOSCHINO,"₹4,960","₹26,900",82% off,No,3.8,None,False,True,"BESTSELLER Quick View MOSCHINO Unisex Square Sunglasses -208564 3.8 |   6 ₹4,960 ₹26,900 (82% off) Offer Price: ₹ 4,464",https://www.ajio.com/moschino-unisex-square-sunglasses-208564/p/469807887_greenblack?
Ajio,sunglasses,2,GUESS,"₹7,386","₹8,490",13% off,No,N/A,None,False,False,"Quick View GUESS Gradient Square Sunglasses-GUS002505601PSG ₹7,386 ₹8,490 (13% off) Offer Price: ₹ 5,909",https://www.ajio.com/guess-gradient-square-sunglasses-gus002505601psg/p/469754708_black?
Ajio,sunglasses,2,MOSCHINO,"₹4,670","₹28,900",84% off,No,3.8,None,False,True,"BESTSELLER Quick View MOSCHINO Unisex Full-Rim Wrap Sunglasses-MOS209/S 3.8 |   11 ₹4,670 ₹28,900 (84% off) Offer Price: ₹ 4,203",https://www.ajio.com/moschino-unisex-full-rim-wrap-sunglasses-mos209-s/p/469805666_rosegold?
Ajio,sunglasses,2,RICH CLUB,₹400,₹999,60% off,No,3.3,None,False,False,BESTSELLER Quick View RICH CLUB Men UV Protected Sunglasses 3.3 |   34 ₹400 ₹999 (60% off) Offer Price: ₹ 280,https://www.ajio.com/rich-club-men-uv-protected-sunglasses--/p/701219140_black?
Ajio,sunglasses,2,VOYAGE,₹840,"₹3,000",72% off,No,4.1,None,False,True,"Quick View VOYAGE Men UV-Protected Square Sunglasses-86367 4.1 |   172 ₹840 ₹3,000 (72% off) Offer Price: ₹ 600",https://www.ajio.com/voyage-men-uv-protected-square-sunglasses-86367/p/467004156_black?
Ajio,sunglasses,2,VOYAGE,"₹1,050","₹3,000",65% off,No,3.7,None,False,False,"BESTSELLER Quick View VOYAGE Men UV-Protected Wayfarer Sunglasses - 952MG3669 3.7 |   177 ₹1,050 ₹3,000 (65% off) Offer Price: ₹ 735",https://www.ajio.com/voyage-men-uv-protected-wayfarer-sunglasses--952mg3669/p/466249705_black?
Ajio,sunglasses,2,ALDO,"₹2,099","₹3,499",40% off,No,N/A,None,False,False,"Quick View ALDO Men Wayfarers Sunglasses ₹2,099 ₹3,499 (40% off) Offer Price: ₹ 1,599",https://www.ajio.com/aldo-men-wayfarers-sunglasses-/p/703398884_black?
Ajio,sunglasses,2,Ray-Ban,"₹10,600","₹13,590",22% off,No,N/A,None,False,False,"Quick View Ray-Ban Women UV-Protected Square Sunglasses-0RB22861292B152 ₹10,600 ₹13,590 (22% off) Offer Price: ₹ 9,850",https://www.ajio.com/ray-ban-women-uv-protected-square-sunglasses-0rb22861292b152/p/4936690170_multi?
Ajio,sunglasses,2,Carlton London,₹740,"₹1,345",45% off,No,4.2,None,False,False,"BESTSELLER Quick View Carlton London Boys Black Lens Blue Aviator Sunglasses - CLSB062 4.2 |   530 ₹740 ₹1,345 (45% off) Best Price ₹ 666",https://www.ajio.com/carlton-london-boys-black-lens-blue-aviator-sunglasses--clsb062/p/464956152_blue?
Ajio,sunglasses,2,Ray-Ban,"₹14,211","₹15,790",10% off,No,N/A,None,False,False,"Quick View Ray-Ban Unisex Polarized Pilot Sunglasses-0RB3925002/4858 ₹14,211 ₹15,790 (10% off) Offer Price: ₹ 13,461",https://www.ajio.com/ray-ban-unisex-polarized-pilot-sunglasses-0rb3925002-4858/p/469768842_black?
Ajio,sunglasses,2,Sam & Marshall,₹945,"₹1,750",46% off,No,4.2,None,False,False,"NEW Quick View Sam & Marshall Unisex Dario UV400 Protection Square Sunglasses 4.2 |   5 ₹945 ₹1,750 (46% off) Offer Price: ₹ 662",https://www.ajio.com/sam--marshall-unisex-dario-uv400-protection-square-sunglasses/p/702661668_blue?
Ajio,sunglasses,2,Vincent Chase,₹999,"₹1,999",50% off,No,3.7,None,False,False,"Quick View Vincent Chase Unisex Polarized and UV Protected Wayfarer Sunglasses -VC S11742 3.7 |   52 ₹999 ₹1,999 (50% off) Offer Price: ₹ 699",https://www.ajio.com/vincent-chase-unisex-polarized-and-uv-protected-wayfarer-sunglasses-vc-s11742/p/466199439_black?
Ajio,sunglasses,2,Carlton London,"₹1,451","₹4,145",65% off,No,N/A,None,False,False,"Quick View Carlton London Premium Men Polarised UV Protected Lens Rectangle Sunglasses - CLSM134 ₹1,451 ₹4,145 (65% off) Offer Price: ₹ 1,161",https://www.ajio.com/carlton-london-premium-men-polarised-uv-protected-lens-rectangle-sunglasses--clsm134/p/465920384_black?
Ajio,sunglasses,2,Oakley,"₹9,586","₹11,690",18% off,No,N/A,None,False,False,"NEW Quick View Oakley Unisex UV-Protected Lens Rectangular Sunglasses - 0OO9522 ₹9,586 ₹11,690 (18% off) Offer Price: ₹ 9,086",https://www.ajio.com/oakley-unisex-uv-protected-lens-rectangular-sunglasses--0oo9522/p/4936696680_multi?
Ajio,sunglasses,2,Ray-Ban,"₹9,012","₹10,990",18% off,No,N/A,None,False,False,"Quick View Ray-Ban Men Gradient Aviators-0RB3449I 3 |   3 ₹9,012 ₹10,990 (18% off) Offer Price: ₹ 8,262",https://www.ajio.com/ray-ban-men-gradient-aviators-0rb3449i/p/4933744880_multi?
Ajio,sunglasses,2,Ted Smith,₹362,"₹1,780",80% off,No,4.3,None,False,True,"Quick View Ted Smith Men Full-rim Frame UV Protected Lens Sunglasses 4.3 |   6 ₹362 ₹1,780 (80% off) Offer Price: ₹ 326",https://www.ajio.com/ted-smith-men-full-rim-frame-uv-protected-lens-sunglasses/p/702558009_black?
Ajio,sunglasses,2,Carlton London,₹718,"₹1,795",60% off,No,N/A,None,False,False,"Quick View Carlton London Premium Men Polarised UV Protected Lens Rectangle Sunglasses - CLSM158 4 |   541 ₹718 ₹1,795 (60% off) Offer Price: ₹ 574",https://www.ajio.com/carlton-london-premium-men-polarised-uv-protected-lens-rectangle-sunglasses--clsm158/p/465953541_clear?
Ajio,sunglasses,2,Ted Smith,₹370,"₹3,080",88% off,No,3.8,None,False,True,"BESTSELLER Quick View Ted Smith Men Fun-Rim Metal Frame Sunglasses 3.8 |   63 ₹370 ₹3,080 (88% off) Offer Price: ₹ 339",https://www.ajio.com/ted-smith-men-fun-rim-metal-frame-sunglasses/p/700445077_clear?
Ajio,sunglasses,2,Sam & Marshall,"₹1,825","₹2,500",27% off,No,2.7,None,False,False,"Quick View Sam & Marshall Unisex Kun UV400 Protection Square Sunglasses 2.7 |   12 ₹1,825 ₹2,500 (27% off) Offer Price: ₹ 1,325",https://www.ajio.com/sam--marshall-unisex-kun-uv400-protection-square-sunglasses/p/702661680_orange?
Ajio,sunglasses,2,MOSCHINO,"₹7,801","₹26,900",71% off,No,N/A,None,False,True,"BESTSELLER Quick View MOSCHINO Unisex Full-Rim Wayfarer Sunglasses-MOS214/S 4 |   5 ₹7,801 ₹26,900 (71% off) Offer Price: ₹ 7,051",https://www.ajio.com/moschino-unisex-full-rim-wayfarer-sunglasses-mos214-s/p/469805657_black?
Ajio,sunglasses,2,CARRERA,"₹5,768","₹10,300",44% off,No,4.5,None,False,False,"Quick View CARRERA Men UV-Protected Aviator Sunglasses - 206155LKS63GB 4.5 |   2 ₹5,768 ₹10,300 (44% off) Offer Price: ₹ 5,191",https://www.ajio.com/carrera-men-uv-protected-aviator-sunglasses--206155lks63gb/p/700191792_gold?
Ajio,sunglasses,2,TOMMY HILFIGER,"₹7,693","₹10,990",30% off,No,N/A,None,False,False,"Quick View TOMMY HILFIGER UV Protected Lens Sunglasses-TH 8009 C3 Bkgdgn-19 56 ₹7,693 ₹10,990 (30% off) Offer Price: ₹ 6,693",https://www.ajio.com/tommy-hilfiger-uv-protected-lens-sunglasses-th-8009-c3-bkgdgn-19-56/p/703137546_black?
Ajio,sunglasses,2,Resist Eyewear,"₹1,450","₹4,999",71% off,No,3.7,None,False,True,"BESTSELLER Quick View Resist Eyewear UV Protected Black Wayfarer Sunglasses for Men and Women 3.7 |   662 ₹1,450 ₹4,999 (71% off) Offer Price: ₹ 1,015",https://www.ajio.com/resist-eyewear-uv-protected-black-wayfarer-sunglasses-for-men-and-women/p/465601331_black?
Ajio,sunglasses,2,GUESS,"₹4,909","₹7,670",36% off,No,N/A,None,False,False,"Quick View GUESS Men UV Protected Gradient Square Full-Rim Sunglasses - GUS69736102WSG 3 |   2 ₹4,909 ₹7,670 (36% off) Offer Price: ₹ 3,927",https://www.ajio.com/guess-men-uv-protected-gradient-square-full-rim-sunglasses--gus69736102wsg/p/460896337_black?
Ajio,sunglasses,2,John Jacobs,"₹1,999","₹6,000",67% off,No,4.1,None,False,False,"Quick View John Jacobs Unisex UV Protected Square Sunglasses -JJ S12961 4.1 |   34 ₹1,999 ₹6,000 (67% off) Offer Price: ₹ 1,499",https://www.ajio.com/john-jacobs-unisex-uv-protected-square-sunglasses-jj-s12961/p/464856716_grey?
Ajio,sunglasses,2,VOYAGE,₹600,"₹3,000",80% off,No,4.4,None,False,True,"Quick View VOYAGE Men UV-Protected Round Sunglasses-2206MG3770 4.4 |   542 ₹600 ₹3,000 (80% off) Offer Price: ₹ 540",https://www.ajio.com/voyage-men-uv-protected-round-sunglasses-2206mg3770/p/466285908_black?
