platform,query,page,product_name,current_price,original_price,discount,fake_discount,rating,urgency_text,has_urgency,suspicious_discount,is_sponsored,full_text,product_url
Amazon,smartphones,1,OnePlus Nord CE6 Lite | 8GB+128GB | Hyper Black | Segment's Fastest Dimensity 7400 Apex Processor | 7000mAh Battery | Se,₹25998.00,"₹33,999",(24% off),No,4.3,Limited time deal,True,False,True,"Sponsored Sponsored You are seeing this ad based on the product’s relevance to your search query. Let us know OnePlus Nord CE6 Lite | 8GB+128GB | Hyper Black | Segment's Fastest Dimensity 7400 Apex Processor | 7000mAh Battery | Segment's Highest 144Hz Refresh Rate | 50MP Main Camera, 4K Video Recording Top Reviewed for Battery life 4.3 4.3 out of 5 stars (450) Limited time deal Price, product page",https://www.amazon.in/sspa/click?ie=UTF8&spc=MTo4OTczNzQxNzQ3MTA2NTY6MTc4MTA3MjYwNTpzcF9hdGY6MzAxMDg2NzAwNDA2NjMyOjowOjo&url=%2FOnePlus-Segments-Dimensity-Processor-Recording%2Fdp%2FB0GVYXPZBS%2Fref%3Dsr_1_1_sspa%3Fdib%3DeyJ2IjoiMSJ9.LvJhgejdQJRe7xQfAw57m_tJgI0RQDbdQpvP9K1nccu_035-woLkFVCHJtAQEUyhWGrPuJ5UkS_9BXBoLSWOd8GtZFIQqqn84qXME8dPS7RV3lBm_317_lDZAd5tnPH5yJXUcmY8cOv_HFq4Xsy5NV5ERc_LHj71IsrK9TPHsWiPX1SrkIIRHPiKqNsmVHtydH3XShpOBNIkUas3NuDjZLop336fquFtUMnJ4vPRBo4.OdxzJqE8jByep57ho3ykWIadb8kSUKb78crahymw1Vw%26dib_tag%3Dse%26keywords%3Dsmartphones%26qid%3D1781072605%26sr%3D8-1-spons%26aref%3DDAu4vFXQ8d%26sp_csd%3Dd2lkZ2V0TmFtZT1zcF9hdGY%26psc%3D1&aref=DAu4vFXQ8d&sp_cr=ZAZ
Amazon,smartphones,1,"REDMI A7 Pro 5G (Black, 4GB RAM,128GB Storage) | Segment's Fastest Processor | Segment's Largest Battery | Segment's Lar",₹13999.00,"₹16,999",(18% off),No,3.6,None,False,False,True,"Sponsored Sponsored You are seeing this ad based on the product’s relevance to your search query. Let us know REDMI A7 Pro 5G (Black, 4GB RAM,128GB Storage) | Segment's Fastest Processor | Segment's Largest Battery | Segment's Largest & Smoothest 6.9in 120Hz Display 3.6 3.6 out of 5 stars (655) 5K+ bought in past month Price, product page ₹13,999 ₹ 13,999 M.R.P: ₹16,999 M.R.P: ₹16,999 ₹16,999 (18%",https://www.amazon.in/sspa/click?ie=UTF8&spc=MTo4OTczNzQxNzQ3MTA2NTY6MTc4MTA3MjYwNTpzcF9hdGY6MzAxMDM4NzY3NzA1NzMyOjowOjo&url=%2FREDMI-A7-Pro-5G-Processor%2Fdp%2FB0GS5M4VMH%2Fref%3Dsr_1_2_sspa%3Fdib%3DeyJ2IjoiMSJ9.LvJhgejdQJRe7xQfAw57m_tJgI0RQDbdQpvP9K1nccu_035-woLkFVCHJtAQEUyhWGrPuJ5UkS_9BXBoLSWOd8GtZFIQqqn84qXME8dPS7RV3lBm_317_lDZAd5tnPH5yJXUcmY8cOv_HFq4Xsy5NV5ERc_LHj71IsrK9TPHsWiPX1SrkIIRHPiKqNsmVHtydH3XShpOBNIkUas3NuDjZLop336fquFtUMnJ4vPRBo4.OdxzJqE8jByep57ho3ykWIadb8kSUKb78crahymw1Vw%26dib_tag%3Dse%26keywords%3Dsmartphones%26qid%3D1781072605%26sr%3D8-2-spons%26aref%3DvsZqfdiYw3%26sp_csd%3Dd2lkZ2V0TmFtZT1zcF9hdGY%26psc%3D1&aref=vsZqfdiYw3&sp_cr=ZAZ
Amazon,smartphones,1,"Samsung Galaxy M07 Mobile (Black, 4GB RAM, 64GB Storage) | MediaTek Helio G99 | AnTuTu 624K | IP54| 50MP Camera | 7.6mm ",₹10499.00,"₹10,999",(5% off),No,4.2,None,False,False,False,"Samsung Galaxy M07 Mobile (Black, 4GB RAM, 64GB Storage) | MediaTek Helio G99 | AnTuTu 624K | IP54| 50MP Camera | 7.6mm Slim | 5000mAh Battery | 25W Fast Charging | 6 Gen OS Upgrades | Without Charger 4.2 4.2 out of 5 stars (1.6K) 5K+ bought in past month Price, product page ₹10,499 ₹ 10,499 M.R.P: ₹10,999 M.R.P: ₹10,999 ₹10,999 (5% off) Up to 5% back with Amazon Pay ICICI card Up to 5% back with ",https://www.amazon.in/Samsung-Storage-MediaTek-Charging-Upgrades/dp/B0FN7QTRPY/ref=sr_1_3?dib=eyJ2IjoiMSJ9.LvJhgejdQJRe7xQfAw57m_tJgI0RQDbdQpvP9K1nccu_035-woLkFVCHJtAQEUyhWGrPuJ5UkS_9BXBoLSWOd8GtZFIQqqn84qXME8dPS7RV3lBm_317_lDZAd5tnPH5yJXUcmY8cOv_HFq4Xsy5NV5ERc_LHj71IsrK9TPHsWiPX1SrkIIRHPiKqNsmVHtydH3XShpOBNIkUas3NuDjZLop336fquFtUMnJ4vPRBo4.OdxzJqE8jByep57ho3ykWIadb8kSUKb78crahymw1Vw&dib_tag=se&keywords=smartphones&qid=1781072605&sr=8-3
Amazon,smartphones,1,"Samsung Galaxy F06 5G, Lit Voilet (6GB, 128GB)",₹13971.00,"₹15,499",(10% off),No,4.2,None,False,False,False,"Amazon's Choice for ""smartphones"" Samsung Galaxy F06 5G, Lit Voilet (6GB, 128GB) 4.2 4.2 out of 5 stars (131) 1K+ bought in past month Price, product page ₹13,971 ₹ 13,971 M.R.P: ₹15,499 M.R.P: ₹15,499 ₹15,499 (10% off) Up to 5% back with Amazon Pay ICICI card Up to 5% back with Amazon Pay ICI... FREE delivery Fri, 12 Jun Or fastest delivery Tomorrow 8 am - 12 pm Add to cart More Buying Choices ₹1",https://www.amazon.in/Samsung-Galaxy-F06-5G-Voilet/dp/B0F8ZVRLZB/ref=sr_1_4?dib=eyJ2IjoiMSJ9.LvJhgejdQJRe7xQfAw57m_tJgI0RQDbdQpvP9K1nccu_035-woLkFVCHJtAQEUyhWGrPuJ5UkS_9BXBoLSWOd8GtZFIQqqn84qXME8dPS7RV3lBm_317_lDZAd5tnPH5yJXUcmY8cOv_HFq4Xsy5NV5ERc_LHj71IsrK9TPHsWiPX1SrkIIRHPiKqNsmVHtydH3XShpOBNIkUas3NuDjZLop336fquFtUMnJ4vPRBo4.OdxzJqE8jByep57ho3ykWIadb8kSUKb78crahymw1Vw&dib_tag=se&keywords=smartphones&qid=1781072605&sr=8-4
Amazon,smartphones,1,"realme NARZO 90 5G (Carbon Black,8GB+128GB) | 7000mAh Biggest Battery | 60W Fastest Charging | 50MP Front & Rear AI Came",₹19999.00,N/A,N/A,N/A,4.1,None,False,False,False,"realme NARZO 90 5G (Carbon Black,8GB+128GB) | 7000mAh Biggest Battery | 60W Fastest Charging | 50MP Front & Rear AI Cameras | 4000nits Brightest Display | AI Assist | IP69 Dust & Water Resistance Top Reviewed for Battery life 4.1 4.1 out of 5 stars (1K) 2K+ bought in past month Price, product page ₹19,999 ₹ 19,999 Up to 5% back with Amazon Pay ICICI card Up to 5% back with Amazon Pay ICI... FREE d",https://www.amazon.in/realme-Charging-4000nits-Brightest-Resistance/dp/B0G49YZTTW/ref=sr_1_5?dib=eyJ2IjoiMSJ9.LvJhgejdQJRe7xQfAw57m_tJgI0RQDbdQpvP9K1nccu_035-woLkFVCHJtAQEUyhWGrPuJ5UkS_9BXBoLSWOd8GtZFIQqqn84qXME8dPS7RV3lBm_317_lDZAd5tnPH5yJXUcmY8cOv_HFq4Xsy5NV5ERc_LHj71IsrK9TPHsWiPX1SrkIIRHPiKqNsmVHtydH3XShpOBNIkUas3NuDjZLop336fquFtUMnJ4vPRBo4.OdxzJqE8jByep57ho3ykWIadb8kSUKb78crahymw1Vw&dib_tag=se&keywords=smartphones&qid=1781072605&sr=8-5
Amazon,smartphones,1,"iQOO Z10R 5G (Moonstone, 12GB RAM, 256GB Storage) | 32MP 4K Selfie Camera | Quad-Curved AMOLED Display | Dimensity 7400 ",₹26999.00,N/A,N/A,N/A,4.4,None,False,False,False,"iQOO Z10R 5G (Moonstone, 12GB RAM, 256GB Storage) | 32MP 4K Selfie Camera | Quad-Curved AMOLED Display | Dimensity 7400 Processor with 750K+ AnTuTu Top Reviewed for Battery life 4.4 4.4 out of 5 stars (4.5K) 1K+ bought in past month Price, product page ₹26,999 ₹ 26,999 Up to 5% back with Amazon Pay ICICI card Up to 5% back with Amazon Pay ICI... FREE delivery Fri, 12 Jun Or fastest delivery Tomorr",https://www.amazon.in/iQOO-Moonstone-Quad-Curved-Dimensity-Processor/dp/B0FHB6HZYM/ref=sr_1_6?dib=eyJ2IjoiMSJ9.LvJhgejdQJRe7xQfAw57m_tJgI0RQDbdQpvP9K1nccu_035-woLkFVCHJtAQEUyhWGrPuJ5UkS_9BXBoLSWOd8GtZFIQqqn84qXME8dPS7RV3lBm_317_lDZAd5tnPH5yJXUcmY8cOv_HFq4Xsy5NV5ERc_LHj71IsrK9TPHsWiPX1SrkIIRHPiKqNsmVHtydH3XShpOBNIkUas3NuDjZLop336fquFtUMnJ4vPRBo4.OdxzJqE8jByep57ho3ykWIadb8kSUKb78crahymw1Vw&dib_tag=se&keywords=smartphones&qid=1781072605&sr=8-6
Amazon,smartphones,1,"realme NARZO 80 Pro 5G (Speed Silver,8GB+256GB) | Segment's 1st MediaTek Dimensity 7400 Chipset | 6000mAh Titan Battery ",₹23999.00,"₹25,999",(8% off),No,4.3,None,False,False,False,"realme NARZO 80 Pro 5G (Speed Silver,8GB+256GB) | Segment's 1st MediaTek Dimensity 7400 Chipset | 6000mAh Titan Battery + 80W Ultra Charge | 4500nits HyperGlow Esports Display | IP69 Waterproof Top Reviewed for Battery life 4.3 4.3 out of 5 stars (2.8K) 1K+ bought in past month Price, product page ₹23,999 ₹ 23,999 M.R.P: ₹25,999 M.R.P: ₹25,999 ₹25,999 (8% off) Up to 5% back with Amazon Pay ICICI c",https://www.amazon.in/realme-Segments-Dimensity-HyperGlow-Waterproof/dp/B0F1D9LCK3/ref=sr_1_7?dib=eyJ2IjoiMSJ9.LvJhgejdQJRe7xQfAw57m_tJgI0RQDbdQpvP9K1nccu_035-woLkFVCHJtAQEUyhWGrPuJ5UkS_9BXBoLSWOd8GtZFIQqqn84qXME8dPS7RV3lBm_317_lDZAd5tnPH5yJXUcmY8cOv_HFq4Xsy5NV5ERc_LHj71IsrK9TPHsWiPX1SrkIIRHPiKqNsmVHtydH3XShpOBNIkUas3NuDjZLop336fquFtUMnJ4vPRBo4.OdxzJqE8jByep57ho3ykWIadb8kSUKb78crahymw1Vw&dib_tag=se&keywords=smartphones&qid=1781072605&sr=8-7
Amazon,smartphones,1,"realme NARZO 80 Lite 4G (Beach Gold 2026, 4GB+64GB) | 6300mAh Segment's Biggest Battery | 7.94mm Slim Design | 300% Ultr",₹11999.00,"₹16,999",(29% off),No,4.2,None,False,False,False,"realme NARZO 80 Lite 4G (Beach Gold 2026, 4GB+64GB) | 6300mAh Segment's Biggest Battery | 7.94mm Slim Design | 300% Ultra Volume | Pulse Light: 9 Colors, 5 Glow Modes | Ai Assist 4.2 4.2 out of 5 stars (2.9K) Price, product page ₹11,999 ₹ 11,999 M.R.P: ₹16,999 M.R.P: ₹16,999 ₹16,999 (29% off) Up to 5% back with Amazon Pay ICICI card Up to 5% back with Amazon Pay ICI... FREE delivery Fri, 12 Jun Or",https://www.amazon.in/realme-6300mAh-Segments-Biggest-Battery/dp/B0H1B6WTN3/ref=sr_1_8?dib=eyJ2IjoiMSJ9.LvJhgejdQJRe7xQfAw57m_tJgI0RQDbdQpvP9K1nccu_035-woLkFVCHJtAQEUyhWGrPuJ5UkS_9BXBoLSWOd8GtZFIQqqn84qXME8dPS7RV3lBm_317_lDZAd5tnPH5yJXUcmY8cOv_HFq4Xsy5NV5ERc_LHj71IsrK9TPHsWiPX1SrkIIRHPiKqNsmVHtydH3XShpOBNIkUas3NuDjZLop336fquFtUMnJ4vPRBo4.OdxzJqE8jByep57ho3ykWIadb8kSUKb78crahymw1Vw&dib_tag=se&keywords=smartphones&qid=1781072605&sr=8-8
Amazon,smartphones,1,"OPPO K14x 5G Smartphone, 6GB RAM, 128GB Storage, ICY Blue, Dual Camera, 48-Month Fluency Protection",₹17999.00,"₹19,999",(10% off),No,3.8,None,False,False,False,"OPPO K14x 5G Smartphone, 6GB RAM, 128GB Storage, ICY Blue, Dual Camera, 48-Month Fluency Protection 3.8 3.8 out of 5 stars (35) 500+ bought in past month Price, product page ₹17,999 ₹ 17,999 M.R.P: ₹19,999 M.R.P: ₹19,999 ₹19,999 (10% off) Up to 5% back with Amazon Pay ICICI card Up to 5% back with Amazon Pay ICI... FREE delivery Fri, 12 Jun Or fastest delivery Tomorrow 8 am - 12 pm Add to cart Mor",https://www.amazon.in/OPPO-Smartphone-Storage-48-Month-Protection/dp/B0GPDJ1PRN/ref=sr_1_10?dib=eyJ2IjoiMSJ9.LvJhgejdQJRe7xQfAw57m_tJgI0RQDbdQpvP9K1nccu_035-woLkFVCHJtAQEUyhWGrPuJ5UkS_9BXBoLSWOd8GtZFIQqqn84qXME8dPS7RV3lBm_317_lDZAd5tnPH5yJXUcmY8cOv_HFq4Xsy5NV5ERc_LHj71IsrK9TPHsWiPX1SrkIIRHPiKqNsmVHtydH3XShpOBNIkUas3NuDjZLop336fquFtUMnJ4vPRBo4.OdxzJqE8jByep57ho3ykWIadb8kSUKb78crahymw1Vw&dib_tag=se&keywords=smartphones&qid=1781072605&sr=8-10
Amazon,smartphones,1,OnePlus Nord 6 | 8GB+256GB | Fresh Mint | Snapdragon 8s Gen 4 | Segment's First Stable 165FPS Gaming | Segment's Largest,₹42999.00,"₹52,999",(19% off),No,4.3,None,False,False,True,"Sponsored Sponsored You are seeing this ad based on the product’s relevance to your search query. Let us know OnePlus Nord 6 | 8GB+256GB | Fresh Mint | Snapdragon 8s Gen 4 | Segment's First Stable 165FPS Gaming | Segment's Largest 9000mAh Battery | Most Complete IP Rating | Personalized AI Top Reviewed for Battery life 4.3 4.3 out of 5 stars (1.3K) 5K+ bought in past month Price, product page ₹42,",https://www.amazon.in/sspa/click?ie=UTF8&spc=MTo4OTczNzQxNzQ3MTA2NTY6MTc4MTA3MjYwNTpzcF9tdGY6MzAxMDI3MTcxMzI0ODMyOjowOjo&url=%2FOnePlus-Snapdragon-Segments-Complete-Personalized%2Fdp%2FB0GRBBPBGQ%2Fref%3Dsr_1_11_sspa%3Fdib%3DeyJ2IjoiMSJ9.LvJhgejdQJRe7xQfAw57m_tJgI0RQDbdQpvP9K1nccu_035-woLkFVCHJtAQEUyhWGrPuJ5UkS_9BXBoLSWOd8GtZFIQqqn84qXME8dPS7RV3lBm_317_lDZAd5tnPH5yJXUcmY8cOv_HFq4Xsy5NV5ERc_LHj71IsrK9TPHsWiPX1SrkIIRHPiKqNsmVHtydH3XShpOBNIkUas3NuDjZLop336fquFtUMnJ4vPRBo4.OdxzJqE8jByep57ho3ykWIadb8kSUKb78crahymw1Vw%26dib_tag%3Dse%26keywords%3Dsmartphones%26qid%3D1781072605%26sr%3D8-11-spons%26aref%3DbAL0dYVpqQ%26sp_csd%3Dd2lkZ2V0TmFtZT1zcF9tdGY%26psc%3D1&aref=bAL0dYVpqQ&sp_cr=ZAZ
Amazon,smartphones,1,"REDMI Note 15 5G (Black, 8GB RAM 256GB Storage) | 108MP OIS Camera | Snapdragon 6 Gen 3 | 17.2cm Tough Curved AMOLED Scr",₹28999.00,N/A,N/A,N/A,4.1,None,False,False,True,"Sponsored Sponsored You are seeing this ad based on the product’s relevance to your search query. Let us know REDMI Note 15 5G (Black, 8GB RAM 256GB Storage) | 108MP OIS Camera | Snapdragon 6 Gen 3 | 17.2cm Tough Curved AMOLED Screen | Segment's Slimmest Phone | 5520mAh Battery | 45W Fast Charging 4.1 4.1 out of 5 stars (854) 500+ bought in past month Price, product page ₹28,999 ₹ 28,999 Up to 5% ",https://www.amazon.in/sspa/click?ie=UTF8&spc=MTo4OTczNzQxNzQ3MTA2NTY6MTc4MTA3MjYwNTpzcF9tdGY6MzAwODkzODEyODU1MTMyOjowOjo&url=%2FStorage-Snapdragon-Segments-Slimmest-Charging%2Fdp%2FB0G5G25YBQ%2Fref%3Dsr_1_12_sspa%3Fdib%3DeyJ2IjoiMSJ9.LvJhgejdQJRe7xQfAw57m_tJgI0RQDbdQpvP9K1nccu_035-woLkFVCHJtAQEUyhWGrPuJ5UkS_9BXBoLSWOd8GtZFIQqqn84qXME8dPS7RV3lBm_317_lDZAd5tnPH5yJXUcmY8cOv_HFq4Xsy5NV5ERc_LHj71IsrK9TPHsWiPX1SrkIIRHPiKqNsmVHtydH3XShpOBNIkUas3NuDjZLop336fquFtUMnJ4vPRBo4.OdxzJqE8jByep57ho3ykWIadb8kSUKb78crahymw1Vw%26dib_tag%3Dse%26keywords%3Dsmartphones%26qid%3D1781072605%26sr%3D8-12-spons%26aref%3DCquvlk0YcC%26sp_csd%3Dd2lkZ2V0TmFtZT1zcF9tdGY%26psc%3D1&aref=Cquvlk0YcC&sp_cr=ZAZ
Amazon,smartphones,1,"vivo T5x 5G (Star Silver, 8GB RAM, 256GB Storage) | 50MP AI Dual Camera | 32MP Selfie | 6.76"" FHD+ Display | 7200mAh Bat",₹26840.00,"₹33,999",(21% off),No,4.4,None,False,False,False,"vivo T5x 5G (Star Silver, 8GB RAM, 256GB Storage) | 50MP AI Dual Camera | 32MP Selfie | 6.76"" FHD+ Display | 7200mAh Battery | Dimensity 7400-Turbo Processor | Fast Charging | Dual SIM Smartphone 4.4 4.4 out of 5 stars (83) 500+ bought in past month Price, product page ₹26,840 ₹ 26,840 M.R.P: ₹33,999 M.R.P: ₹33,999 ₹33,999 (21% off) Up to 5% back with Amazon Pay ICICI card Up to 5% back with Amazo",https://www.amazon.in/vivo-Dimensity-7400-Turbo-Processor-Smartphone/dp/B0GTV6S8Q2/ref=sr_1_13?dib=eyJ2IjoiMSJ9.LvJhgejdQJRe7xQfAw57m_tJgI0RQDbdQpvP9K1nccu_035-woLkFVCHJtAQEUyhWGrPuJ5UkS_9BXBoLSWOd8GtZFIQqqn84qXME8dPS7RV3lBm_317_lDZAd5tnPH5yJXUcmY8cOv_HFq4Xsy5NV5ERc_LHj71IsrK9TPHsWiPX1SrkIIRHPiKqNsmVHtydH3XShpOBNIkUas3NuDjZLop336fquFtUMnJ4vPRBo4.OdxzJqE8jByep57ho3ykWIadb8kSUKb78crahymw1Vw&dib_tag=se&keywords=smartphones&qid=1781072605&sr=8-13
Amazon,smartphones,1,"Samsung Galaxy M06 5G Mobile (Sage Green, 4GB RAM, 128GB Storage) | MediaTek Dimensity 6300 | AnTuTu 623K+ | 12 5G Bands",₹13999.00,N/A,N/A,N/A,4.0,None,False,False,False,"Samsung Galaxy M06 5G Mobile (Sage Green, 4GB RAM, 128GB Storage) | MediaTek Dimensity 6300 | AnTuTu 623K+ | 12 5G Bands | 25W Fast Charging | 4 Gen OS Upgrades | 50MP Camera | Without Charger 4.0 4.0 out of 5 stars (2.9K) 2K+ bought in past month Price, product page ₹13,999 ₹ 13,999 Up to 5% back with Amazon Pay ICICI card Up to 5% back with Amazon Pay ICI... FREE delivery Fri, 12 Jun Or fastest ",https://www.amazon.in/Samsung-MediaTek-Dimensity-Charging-Upgrades/dp/B0DX6P3RX9/ref=sr_1_14?dib=eyJ2IjoiMSJ9.LvJhgejdQJRe7xQfAw57m_tJgI0RQDbdQpvP9K1nccu_035-woLkFVCHJtAQEUyhWGrPuJ5UkS_9BXBoLSWOd8GtZFIQqqn84qXME8dPS7RV3lBm_317_lDZAd5tnPH5yJXUcmY8cOv_HFq4Xsy5NV5ERc_LHj71IsrK9TPHsWiPX1SrkIIRHPiKqNsmVHtydH3XShpOBNIkUas3NuDjZLop336fquFtUMnJ4vPRBo4.OdxzJqE8jByep57ho3ykWIadb8kSUKb78crahymw1Vw&dib_tag=se&keywords=smartphones&qid=1781072605&sr=8-14
Amazon,smartphones,1,"POCO M7 Plus 5G, Carbon Black (6GB, 128GB)",₹15899.00,"₹16,999",(6% off),No,3.7,None,False,False,False,"POCO M7 Plus 5G, Carbon Black (6GB, 128GB) 3.7 3.7 out of 5 stars (78) 3K+ bought in past month Price, product page ₹15,899 ₹ 15,899 M.R.P: ₹16,999 M.R.P: ₹16,999 ₹16,999 (6% off) Up to 5% back with Amazon Pay ICICI card Up to 5% back with Amazon Pay ICI... FREE delivery Fri, 12 Jun Or fastest delivery Today 4 pm - 8 pm Add to cart",https://www.amazon.in/POCO-M7-Plus-5G-Carbon/dp/B0FRNNP6F5/ref=sr_1_15?dib=eyJ2IjoiMSJ9.LvJhgejdQJRe7xQfAw57m_tJgI0RQDbdQpvP9K1nccu_035-woLkFVCHJtAQEUyhWGrPuJ5UkS_9BXBoLSWOd8GtZFIQqqn84qXME8dPS7RV3lBm_317_lDZAd5tnPH5yJXUcmY8cOv_HFq4Xsy5NV5ERc_LHj71IsrK9TPHsWiPX1SrkIIRHPiKqNsmVHtydH3XShpOBNIkUas3NuDjZLop336fquFtUMnJ4vPRBo4.OdxzJqE8jByep57ho3ykWIadb8kSUKb78crahymw1Vw&dib_tag=se&keywords=smartphones&qid=1781072605&sr=8-15
Amazon,smartphones,1,"Samsung Galaxy M56 5G Mobile (Black, 8GB RAM, 128GB Storage)| Segment Slimmest | Gorilla Glass Victus+ | 10 Bit HDR Vide",₹23499.00,"₹33,999",(31% off),No,4.3,None,False,False,False,"Samsung Galaxy M56 5G Mobile (Black, 8GB RAM, 128GB Storage)| Segment Slimmest | Gorilla Glass Victus+ | 10 Bit HDR Video | 50MP Camera | AI | Vapour Cooling Chamber | Lag-free Gaming| Without Charger 4.3 4.3 out of 5 stars (2K) 5K+ bought in past month Price, product page ₹23,499 ₹ 23,499 M.R.P: ₹33,999 M.R.P: ₹33,999 ₹33,999 (31% off) Up to 5% back with Amazon Pay ICICI card Up to 5% back with A",https://www.amazon.in/Samsung-Slimmest-Enhanced-Nightography-Processor/dp/B0F43WXC8K/ref=sr_1_16?dib=eyJ2IjoiMSJ9.LvJhgejdQJRe7xQfAw57m_tJgI0RQDbdQpvP9K1nccu_035-woLkFVCHJtAQEUyhWGrPuJ5UkS_9BXBoLSWOd8GtZFIQqqn84qXME8dPS7RV3lBm_317_lDZAd5tnPH5yJXUcmY8cOv_HFq4Xsy5NV5ERc_LHj71IsrK9TPHsWiPX1SrkIIRHPiKqNsmVHtydH3XShpOBNIkUas3NuDjZLop336fquFtUMnJ4vPRBo4.OdxzJqE8jByep57ho3ykWIadb8kSUKb78crahymw1Vw&dib_tag=se&keywords=smartphones&qid=1781072605&sr=8-16
Amazon,smartphones,1,"SAMSUNG Galaxy F07 (Green, 64 GB) (4 GB RAM)",₹10189.00,"₹11,999",(15% off),No,3.8,None,False,False,False,"SAMSUNG Galaxy F07 (Green, 64 GB) (4 GB RAM) 3.8 3.8 out of 5 stars (150) 4K+ bought in past month Price, product page ₹10,189 ₹ 10,189 M.R.P: ₹11,999 M.R.P: ₹11,999 ₹11,999 (15% off) Up to 5% back with Amazon Pay ICICI card Up to 5% back with Amazon Pay ICI... FREE delivery Fri, 12 Jun Or fastest delivery Tomorrow 8 am - 12 pm Add to cart More Buying Choices ₹10,129 (9 new offers)",https://www.amazon.in/SAMSUNG-Galaxy-F07-Green-RAM/dp/B0FT7T3GZF/ref=sr_1_17?dib=eyJ2IjoiMSJ9.LvJhgejdQJRe7xQfAw57m_tJgI0RQDbdQpvP9K1nccu_035-woLkFVCHJtAQEUyhWGrPuJ5UkS_9BXBoLSWOd8GtZFIQqqn84qXME8dPS7RV3lBm_317_lDZAd5tnPH5yJXUcmY8cOv_HFq4Xsy5NV5ERc_LHj71IsrK9TPHsWiPX1SrkIIRHPiKqNsmVHtydH3XShpOBNIkUas3NuDjZLop336fquFtUMnJ4vPRBo4.OdxzJqE8jByep57ho3ykWIadb8kSUKb78crahymw1Vw&dib_tag=se&keywords=smartphones&qid=1781072605&sr=8-17
Amazon,smartphones,1,"realme C71 4G Smartphone 6GB+128GB,6.745 inch Screen, 90Hz Eye Comfort Display, 6300mAh Battery, 37MP Cameras, Unisoc T7",₹13999.00,N/A,N/A,N/A,3.8,Only 2 left,True,False,False,"realme C71 4G Smartphone 6GB+128GB,6.745 inch Screen, 90Hz Eye Comfort Display, 6300mAh Battery, 37MP Cameras, Unisoc T7250 Chip, IP54, Sea Blue 3.8 3.8 out of 5 stars (312) 1K+ bought in past month Price, product page ₹13,999 ₹ 13,999 Up to 5% back with Amazon Pay ICICI card Up to 5% back with Amazon Pay ICI... FREE delivery Fri, 12 Jun Or fastest delivery Tomorrow 8 am - 12 pm Only 2 left in sto",https://www.amazon.in/realme-Smartphone-Comfort-Display-6300mAh/dp/B0GFW1BJ1D/ref=sr_1_18?dib=eyJ2IjoiMSJ9.LvJhgejdQJRe7xQfAw57m_tJgI0RQDbdQpvP9K1nccu_035-woLkFVCHJtAQEUyhWGrPuJ5UkS_9BXBoLSWOd8GtZFIQqqn84qXME8dPS7RV3lBm_317_lDZAd5tnPH5yJXUcmY8cOv_HFq4Xsy5NV5ERc_LHj71IsrK9TPHsWiPX1SrkIIRHPiKqNsmVHtydH3XShpOBNIkUas3NuDjZLop336fquFtUMnJ4vPRBo4.OdxzJqE8jByep57ho3ykWIadb8kSUKb78crahymw1Vw&dib_tag=se&keywords=smartphones&qid=1781072605&sr=8-18
Amazon,smartphones,1,"Samsung Galaxy A07 5G Smartphone (Light Violet, 6GB RAM, 128GB Storage) | 120Hz Refresh Rate | Massive 6000mAh Battery |",₹17499.00,"₹21,499",(19% off),No,4.2,None,False,False,False,"Samsung Galaxy A07 5G Smartphone (Light Violet, 6GB RAM, 128GB Storage) | 120Hz Refresh Rate | Massive 6000mAh Battery | 50MP True Dual Camera | 6 Gen OS Upgrades | Knox Vault 4.2 4.2 out of 5 stars (46) 200+ bought in past month Price, product page ₹17,499 ₹ 17,499 M.R.P: ₹21,499 M.R.P: ₹21,499 ₹21,499 (19% off) Up to 5% back with Amazon Pay ICICI card Up to 5% back with Amazon Pay ICI... FREE de",https://www.amazon.in/Samsung-Smartphone-Storage-Refresh-Upgrades/dp/B0GHWSHPP7/ref=sr_1_19?dib=eyJ2IjoiMSJ9.LvJhgejdQJRe7xQfAw57m_tJgI0RQDbdQpvP9K1nccu_035-woLkFVCHJtAQEUyhWGrPuJ5UkS_9BXBoLSWOd8GtZFIQqqn84qXME8dPS7RV3lBm_317_lDZAd5tnPH5yJXUcmY8cOv_HFq4Xsy5NV5ERc_LHj71IsrK9TPHsWiPX1SrkIIRHPiKqNsmVHtydH3XShpOBNIkUas3NuDjZLop336fquFtUMnJ4vPRBo4.OdxzJqE8jByep57ho3ykWIadb8kSUKb78crahymw1Vw&dib_tag=se&keywords=smartphones&qid=1781072605&sr=8-19
Amazon,smartphones,1,"Samsung Galaxy F06 5G, Bahama Blue (4GB, 128GB)",₹12999.00,"₹16,999",(24% off),No,4.1,None,False,False,False,"Samsung Galaxy F06 5G, Bahama Blue (4GB, 128GB) 4.1 4.1 out of 5 stars (845) 3K+ bought in past month Price, product page ₹12,999 ₹ 12,999 M.R.P: ₹16,999 M.R.P: ₹16,999 ₹16,999 (24% off) Up to 5% back with Amazon Pay ICICI card Up to 5% back with Amazon Pay ICI... FREE delivery Fri, 12 Jun Or fastest delivery Tomorrow 8 am - 12 pm Add to cart More Buying Choices ₹12,738 (12 new offers)",https://www.amazon.in/Samsung-Galaxy-Bahama-Blue-128GB/dp/B0DYP4NYYJ/ref=sr_1_20?dib=eyJ2IjoiMSJ9.LvJhgejdQJRe7xQfAw57m_tJgI0RQDbdQpvP9K1nccu_035-woLkFVCHJtAQEUyhWGrPuJ5UkS_9BXBoLSWOd8GtZFIQqqn84qXME8dPS7RV3lBm_317_lDZAd5tnPH5yJXUcmY8cOv_HFq4Xsy5NV5ERc_LHj71IsrK9TPHsWiPX1SrkIIRHPiKqNsmVHtydH3XShpOBNIkUas3NuDjZLop336fquFtUMnJ4vPRBo4.OdxzJqE8jByep57ho3ykWIadb8kSUKb78crahymw1Vw&dib_tag=se&keywords=smartphones&qid=1781072605&sr=8-20
Amazon,smartphones,1,OnePlus 15R | 12GB+256GB | Charcoal Black | World's First Snapdragon® 8 Gen 5 | 7400mAh Battery | Personalised AI | Game,₹54999.00,N/A,N/A,N/A,4.5,None,False,False,True,"Sponsored Sponsored You are seeing this ad based on the product’s relevance to your search query. Let us know OnePlus 15R | 12GB+256GB | Charcoal Black | World's First Snapdragon® 8 Gen 5 | 7400mAh Battery | Personalised AI | Game-Changing 165Hz Display | IP68 IP69 IP66 & IP69K | 4K 120fps Video Top Reviewed for Battery life 4.5 4.5 out of 5 stars (1.6K) 1K+ bought in past month Price, product pag",https://www.amazon.in/sspa/click?ie=UTF8&spc=MTo4OTczNzQxNzQ3MTA2NTY6MTc4MTA3MjYwNTpzcF9idGY6MzAwODY0NjI0Mjk3MjMyOjowOjo&url=%2FOnePlus-Charcoal-Snapdragon%25C2%25AE-Personalised-Game-Changing%2Fdp%2FB0FZSWZZW2%2Fref%3Dsr_1_21_sspa%3Fdib%3DeyJ2IjoiMSJ9.LvJhgejdQJRe7xQfAw57m_tJgI0RQDbdQpvP9K1nccu_035-woLkFVCHJtAQEUyhWGrPuJ5UkS_9BXBoLSWOd8GtZFIQqqn84qXME8dPS7RV3lBm_317_lDZAd5tnPH5yJXUcmY8cOv_HFq4Xsy5NV5ERc_LHj71IsrK9TPHsWiPX1SrkIIRHPiKqNsmVHtydH3XShpOBNIkUas3NuDjZLop336fquFtUMnJ4vPRBo4.OdxzJqE8jByep57ho3ykWIadb8kSUKb78crahymw1Vw%26dib_tag%3Dse%26keywords%3Dsmartphones%26qid%3D1781072605%26sr%3D8-21-spons%26aref%3DjeMYYVI4P5%26sp_csd%3Dd2lkZ2V0TmFtZT1zcF9idGY%26psc%3D1&aref=jeMYYVI4P5&sp_cr=ZAZ
Amazon,smartphones,1,"REDMI Note 15 Pro 5G (Carbon Black, 8GB+256GB) | 200MasterPixel OIS Camera | Dimensity 7400-Ultra | 17.3cm CrystalRes AM",₹34999.00,N/A,N/A,N/A,3.9,None,False,False,True,"Sponsored Sponsored You are seeing this ad based on the product’s relevance to your search query. Let us know REDMI Note 15 Pro 5G (Carbon Black, 8GB+256GB) | 200MasterPixel OIS Camera | Dimensity 7400-Ultra | 17.3cm CrystalRes AMOLED Screen | IP66/68/69/69K | Mega 6580mAh Si/C Battery | 45W Fast Charging Top Reviewed for Battery life 3.9 3.9 out of 5 stars (360) 300+ bought in past month Price, p",https://www.amazon.in/sspa/click?ie=UTF8&spc=MTo4OTczNzQxNzQ3MTA2NTY6MTc4MTA3MjYwNTpzcF9idGY6MzAwOTE1MTE1NjU3MDMyOjowOjo&url=%2F200MasterPixel-Dimensity-7400-Ultra-CrystalRes-Charging%2Fdp%2FB0GF23R9B6%2Fref%3Dsr_1_22_sspa%3Fdib%3DeyJ2IjoiMSJ9.LvJhgejdQJRe7xQfAw57m_tJgI0RQDbdQpvP9K1nccu_035-woLkFVCHJtAQEUyhWGrPuJ5UkS_9BXBoLSWOd8GtZFIQqqn84qXME8dPS7RV3lBm_317_lDZAd5tnPH5yJXUcmY8cOv_HFq4Xsy5NV5ERc_LHj71IsrK9TPHsWiPX1SrkIIRHPiKqNsmVHtydH3XShpOBNIkUas3NuDjZLop336fquFtUMnJ4vPRBo4.OdxzJqE8jByep57ho3ykWIadb8kSUKb78crahymw1Vw%26dib_tag%3Dse%26keywords%3Dsmartphones%26qid%3D1781072605%26sr%3D8-22-spons%26aref%3DzAgmrBRxpd%26sp_csd%3Dd2lkZ2V0TmFtZT1zcF9idGY%26psc%3D1&aref=zAgmrBRxpd&sp_cr=ZAZ
Amazon,smartphones,2,"REDMI A7 Pro 5G (Mist Blue, 4GB RAM, 64GB Storage) | Segment's Fastest Processor | Segment's Largest Battery | Segment's",₹12999.00,"₹15,999",(19% off),No,3.6,None,False,False,True,"Sponsored Sponsored You are seeing this ad based on the product’s relevance to your search query. Let us know REDMI A7 Pro 5G (Mist Blue, 4GB RAM, 64GB Storage) | Segment's Fastest Processor | Segment's Largest Battery | Segment's Largest & Smoothest 6.9in 120Hz Display 3.6 3.6 out of 5 stars (655) 5K+ bought in past month Price, product page ₹12,999 ₹ 12,999 M.R.P: ₹15,999 M.R.P: ₹15,999 ₹15,999 ",https://www.amazon.in/sspa/click?ie=UTF8&spc=MTo3MzI5MTQ2NjEwNDg3NDAwOjE3ODEwNzI2NjI6c3BfYXRmX25leHQ6MzAxMDM4NzY3NzA1OTMyOjowOjo&url=%2FStorage-Segments-Fastest-Processor-Smoothest%2Fdp%2FB0GS5Y7QBF%2Fref%3Dsr_1_18_sspa%3Fdib%3DeyJ2IjoiMSJ9.yGSQ8woyLzXqOYGm_zVt1zgadDbJNijlDPvLmpS_EV9Jna5ASWCgJNXW9ZJr4pHGqWIlHLw3Tx6t4mvexhNC3_0INxNz4222XxcudlPXHoxTyp7Ng22mcRSMbcAAO3ug22-IN1LEbGyL8vwxMMRqJB-n6yWDjXTbYavvcsaL-D8uw1hKLaIKs1L0uoAatejLv1CY2-ijLmCxpEtlnEYIVGAxJNnr79CnqLuySNFq1bw.IlaEKkkXcJOww3jLnRtJiXaB1TlaJrZYW9b5v0Gv5D4%26dib_tag%3Dse%26keywords%3Dsmartphones%26qid%3D1781072662%26aref%3DSpJZvnk3P9%26sp_csd%3Dd2lkZ2V0TmFtZT1zcF9hdGZfbmV4dA%26psc%3D1&aref=SpJZvnk3P9&sp_cr=ZAZ
Amazon,smartphones,2,"acerpure Acerone Liquid 4G Smartphone (Blue, 4GB RAM, 64GB Storage) with 6.5"" IPS Display, 20MP Rear Camera, 5000mAh Bat",₹8499.00,"₹18,900",(55% off),No,3.4,None,False,False,False,"acerpure Acerone Liquid 4G Smartphone (Blue, 4GB RAM, 64GB Storage) with 6.5"" IPS Display, 20MP Rear Camera, 5000mAh Battery, Android 14, Octa-Core MT6765 Processor 3.4 3.4 out of 5 stars (28) 300+ bought in past month Price, product page ₹8,499 ₹ 8,499 M.R.P: ₹18,900 M.R.P: ₹18,900 ₹18,900 (55% off) Up to 5% back with Amazon Pay ICICI card Up to 5% back with Amazon Pay ICI... FREE delivery Fri, 1",https://www.amazon.in/acerpure-Acerone-Liquid-Smartphone-Octa-Core/dp/B0GTQ5X45R/ref=sr_1_19?dib=eyJ2IjoiMSJ9.yGSQ8woyLzXqOYGm_zVt1zgadDbJNijlDPvLmpS_EV9Jna5ASWCgJNXW9ZJr4pHGqWIlHLw3Tx6t4mvexhNC3_0INxNz4222XxcudlPXHoxTyp7Ng22mcRSMbcAAO3ug22-IN1LEbGyL8vwxMMRqJB-n6yWDjXTbYavvcsaL-D8uw1hKLaIKs1L0uoAatejLv1CY2-ijLmCxpEtlnEYIVGAxJNnr79CnqLuySNFq1bw.IlaEKkkXcJOww3jLnRtJiXaB1TlaJrZYW9b5v0Gv5D4&dib_tag=se&keywords=smartphones&qid=1781072662
Amazon,smartphones,2,"Samsung Galaxy F06 5G (Bahama Blue, 128 GB) (6 GB RAM)",₹13895.00,"₹15,499",(10% off),No,3.9,None,False,False,False,"Samsung Galaxy F06 5G (Bahama Blue, 128 GB) (6 GB RAM) 3.9 3.9 out of 5 stars (228) 1K+ bought in past month Price, product page ₹13,895 ₹ 13,895 M.R.P: ₹15,499 M.R.P: ₹15,499 ₹15,499 (10% off) Up to 5% back with Amazon Pay ICICI card Up to 5% back with Amazon Pay ICI... FREE delivery Sat, 13 Jun Or fastest delivery Tomorrow, 11 Jun Add to cart More Buying Choices ₹13,878 (13 new offers)",https://www.amazon.in/Samsung-Galaxy-Bahama-Blue-128GB/dp/B0DYKC512N/ref=sr_1_21?dib=eyJ2IjoiMSJ9.yGSQ8woyLzXqOYGm_zVt1zgadDbJNijlDPvLmpS_EV9Jna5ASWCgJNXW9ZJr4pHGqWIlHLw3Tx6t4mvexhNC3_0INxNz4222XxcudlPXHoxTyp7Ng22mcRSMbcAAO3ug22-IN1LEbGyL8vwxMMRqJB-n6yWDjXTbYavvcsaL-D8uw1hKLaIKs1L0uoAatejLv1CY2-ijLmCxpEtlnEYIVGAxJNnr79CnqLuySNFq1bw.IlaEKkkXcJOww3jLnRtJiXaB1TlaJrZYW9b5v0Gv5D4&dib_tag=se&keywords=smartphones&qid=1781072662
Amazon,smartphones,2,"Samsung Galaxy M17e 5G Mobile (Blitz Blue, 6GB RAM, 128GB Storage) | Smoothest 120 Hz Refresh Rate| Monster 6000 mAh Bat",₹17499.00,"₹20,999",(17% off),No,3.7,None,False,False,False,"Samsung Galaxy M17e 5G Mobile (Blitz Blue, 6GB RAM, 128GB Storage) | Smoothest 120 Hz Refresh Rate| Monster 6000 mAh Battery | IP54 | 6 Gen OS Upgrades | AI | Gemini Live | Without Charger 3.7 3.7 out of 5 stars (52) 1K+ bought in past month Price, product page ₹17,499 ₹ 17,499 M.R.P: ₹20,999 M.R.P: ₹20,999 ₹20,999 (17% off) Up to 5% back with Amazon Pay ICICI card Up to 5% back with Amazon Pay IC",https://www.amazon.in/Samsung-Storage-Smoothest-Refresh-Upgrades/dp/B0GN16HF5W/ref=sr_1_23?dib=eyJ2IjoiMSJ9.yGSQ8woyLzXqOYGm_zVt1zgadDbJNijlDPvLmpS_EV9Jna5ASWCgJNXW9ZJr4pHGqWIlHLw3Tx6t4mvexhNC3_0INxNz4222XxcudlPXHoxTyp7Ng22mcRSMbcAAO3ug22-IN1LEbGyL8vwxMMRqJB-n6yWDjXTbYavvcsaL-D8uw1hKLaIKs1L0uoAatejLv1CY2-ijLmCxpEtlnEYIVGAxJNnr79CnqLuySNFq1bw.IlaEKkkXcJOww3jLnRtJiXaB1TlaJrZYW9b5v0Gv5D4&dib_tag=se&keywords=smartphones&qid=1781072662
Amazon,smartphones,2,"OPPO K14x 5G Smartphone, Prism Violet, 4GB RAM, 64GB Storage, 6500mAh Battery, 45W Fast Charge",₹15491.00,"₹20,000",(23% off),No,4.4,None,False,False,False,"OPPO K14x 5G Smartphone, Prism Violet, 4GB RAM, 64GB Storage, 6500mAh Battery, 45W Fast Charge 4.4 4.4 out of 5 stars (18) 300+ bought in past month Price, product page ₹15,491 ₹ 15,491 M.R.P: ₹20,000 M.R.P: ₹20,000 ₹20,000 (23% off) Up to 5% back with Amazon Pay ICICI card Up to 5% back with Amazon Pay ICI... FREE delivery Fri, 12 Jun Or fastest delivery Tomorrow 8 am - 12 pm Add to cart",https://www.amazon.in/OPPO-Smartphone-Storage-6500mAh-Battery/dp/B0GSRJ52CQ/ref=sr_1_26?dib=eyJ2IjoiMSJ9.yGSQ8woyLzXqOYGm_zVt1zgadDbJNijlDPvLmpS_EV9Jna5ASWCgJNXW9ZJr4pHGqWIlHLw3Tx6t4mvexhNC3_0INxNz4222XxcudlPXHoxTyp7Ng22mcRSMbcAAO3ug22-IN1LEbGyL8vwxMMRqJB-n6yWDjXTbYavvcsaL-D8uw1hKLaIKs1L0uoAatejLv1CY2-ijLmCxpEtlnEYIVGAxJNnr79CnqLuySNFq1bw.IlaEKkkXcJOww3jLnRtJiXaB1TlaJrZYW9b5v0Gv5D4&dib_tag=se&keywords=smartphones&qid=1781072662
Amazon,smartphones,2,OnePlus Nord 6 | 12GB+256GB | Pitch Black | Snapdragon 8s Gen 4 | Segment's First Stable 165FPS Gaming | Segment's Large,₹47998.00,"₹56,999",(16% off),No,4.3,None,False,False,True,"Sponsored Sponsored You are seeing this ad based on the product’s relevance to your search query. Let us know OnePlus Nord 6 | 12GB+256GB | Pitch Black | Snapdragon 8s Gen 4 | Segment's First Stable 165FPS Gaming | Segment's Largest 9000mAh Battery | Most Complete IP Rating | Personalized AI Top Reviewed for Battery life 4.3 4.3 out of 5 stars (1.3K) 3K+ bought in past month Price, product page ₹4",https://www.amazon.in/sspa/click?ie=UTF8&spc=MTo3MzI5MTQ2NjEwNDg3NDAwOjE3ODEwNzI2NjI6c3BfbXRmOjMwMTAyNzE3MTMyNTAzMjo6MDo6&url=%2FOnePlus-Snapdragon-Segments-Complete-Personalized%2Fdp%2FB0GRBH61FR%2Fref%3Dsr_1_27_sspa%3Fdib%3DeyJ2IjoiMSJ9.yGSQ8woyLzXqOYGm_zVt1zgadDbJNijlDPvLmpS_EV9Jna5ASWCgJNXW9ZJr4pHGqWIlHLw3Tx6t4mvexhNC3_0INxNz4222XxcudlPXHoxTyp7Ng22mcRSMbcAAO3ug22-IN1LEbGyL8vwxMMRqJB-n6yWDjXTbYavvcsaL-D8uw1hKLaIKs1L0uoAatejLv1CY2-ijLmCxpEtlnEYIVGAxJNnr79CnqLuySNFq1bw.IlaEKkkXcJOww3jLnRtJiXaB1TlaJrZYW9b5v0Gv5D4%26dib_tag%3Dse%26keywords%3Dsmartphones%26qid%3D1781072662%26aref%3DFTQbOMrybU%26sp_csd%3Dd2lkZ2V0TmFtZT1zcF9tdGY%26psc%3D1&aref=FTQbOMrybU&sp_cr=ZAZ
Amazon,smartphones,2,Poco C85 5G Power Black 6GB RAM 128GB ROM,₹15999.00,N/A,N/A,N/A,3.7,None,False,False,False,"Poco C85 5G Power Black 6GB RAM 128GB ROM 3.7 3.7 out of 5 stars (101) 1K+ bought in past month Price, product page ₹15,999 ₹ 15,999 Up to 5% back with Amazon Pay ICICI card Up to 5% back with Amazon Pay ICI... FREE delivery Fri, 12 Jun Or fastest delivery Tomorrow 8 am - 12 pm Add to cart More Buying Choices ₹14,499 (4 new offers)",https://www.amazon.in/C85-5G-Power-Black-128GB/dp/B0GGRDS2XR/ref=sr_1_29?dib=eyJ2IjoiMSJ9.yGSQ8woyLzXqOYGm_zVt1zgadDbJNijlDPvLmpS_EV9Jna5ASWCgJNXW9ZJr4pHGqWIlHLw3Tx6t4mvexhNC3_0INxNz4222XxcudlPXHoxTyp7Ng22mcRSMbcAAO3ug22-IN1LEbGyL8vwxMMRqJB-n6yWDjXTbYavvcsaL-D8uw1hKLaIKs1L0uoAatejLv1CY2-ijLmCxpEtlnEYIVGAxJNnr79CnqLuySNFq1bw.IlaEKkkXcJOww3jLnRtJiXaB1TlaJrZYW9b5v0Gv5D4&dib_tag=se&keywords=smartphones&qid=1781072662
Amazon,smartphones,2,"Nothing Phone (3), Black (16GB, 512 GB) | Snapdragon 8s Gen 4 | 50MP + 50MP + 50MP Rear Camera | 1.5K+ 120Hz AMOLED Flex",₹52999.00,"₹94,999",(44% off),No,4.5,None,False,False,False,"Nothing Phone (3), Black (16GB, 512 GB) | Snapdragon 8s Gen 4 | 50MP + 50MP + 50MP Rear Camera | 1.5K+ 120Hz AMOLED Flexible LTPS Display 4.5 4.5 out of 5 stars (232) 100+ bought in past month Price, product page ₹52,999 ₹ 52,999 M.R.P: ₹94,999 M.R.P: ₹94,999 ₹94,999 (44% off) Up to 5% back with Amazon Pay ICICI card Up to 5% back with Amazon Pay ICI... FREE delivery Fri, 12 Jun Or fastest deliver",https://www.amazon.in/Nothing-Phone-Black-16GB-512/dp/B0F7RB8NNL/ref=sr_1_30?dib=eyJ2IjoiMSJ9.yGSQ8woyLzXqOYGm_zVt1zgadDbJNijlDPvLmpS_EV9Jna5ASWCgJNXW9ZJr4pHGqWIlHLw3Tx6t4mvexhNC3_0INxNz4222XxcudlPXHoxTyp7Ng22mcRSMbcAAO3ug22-IN1LEbGyL8vwxMMRqJB-n6yWDjXTbYavvcsaL-D8uw1hKLaIKs1L0uoAatejLv1CY2-ijLmCxpEtlnEYIVGAxJNnr79CnqLuySNFq1bw.IlaEKkkXcJOww3jLnRtJiXaB1TlaJrZYW9b5v0Gv5D4&dib_tag=se&keywords=smartphones&qid=1781072662
Amazon,smartphones,2,"Tecno Spark GO 3 (Galaxy Blue, 4GB+64GB | Super Durability Drop Resistant & IP64 Rated | Make Calls Without Network* |El",₹11499.00,"₹11,999",(4% off),No,4.5,None,False,False,False,"Tecno Spark GO 3 (Galaxy Blue, 4GB+64GB | Super Durability Drop Resistant & IP64 Rated | Make Calls Without Network* |Ella Al in Your Own Language | Super Smooth 120Hz 6.74"" Display |5000mAh Battery 4.5 4.5 out of 5 stars (78) 300+ bought in past month Price, product page ₹11,499 ₹ 11,499 M.R.P: ₹11,999 M.R.P: ₹11,999 ₹11,999 (4% off) Up to 5% back with Amazon Pay ICICI card Up to 5% back with Ama",https://www.amazon.in/Tecno-Durability-Resistant-Without-Language/dp/B0G6L4BVWV/ref=sr_1_31?dib=eyJ2IjoiMSJ9.yGSQ8woyLzXqOYGm_zVt1zgadDbJNijlDPvLmpS_EV9Jna5ASWCgJNXW9ZJr4pHGqWIlHLw3Tx6t4mvexhNC3_0INxNz4222XxcudlPXHoxTyp7Ng22mcRSMbcAAO3ug22-IN1LEbGyL8vwxMMRqJB-n6yWDjXTbYavvcsaL-D8uw1hKLaIKs1L0uoAatejLv1CY2-ijLmCxpEtlnEYIVGAxJNnr79CnqLuySNFq1bw.IlaEKkkXcJOww3jLnRtJiXaB1TlaJrZYW9b5v0Gv5D4&dib_tag=se&keywords=smartphones&qid=1781072662
Amazon,smartphones,2,"Samsung Galaxy M17 5G Mobile (Sapphire Black, 6GB RAM, 128GB Storage) | 50MP OIS Triple Camera | Gorilla Glass Victus | ",₹18999.00,"₹23,999",(21% off),No,4.0,None,False,False,False,"Samsung Galaxy M17 5G Mobile (Sapphire Black, 6GB RAM, 128GB Storage) | 50MP OIS Triple Camera | Gorilla Glass Victus | IP54 | 6 Gen OS Upgrades | AI | Gemini Live | Lag-Free Gaming | Without Charger 4.0 4.0 out of 5 stars (60) Price, product page ₹18,999 ₹ 18,999 M.R.P: ₹23,999 M.R.P: ₹23,999 ₹23,999 (21% off) Up to 5% back with Amazon Pay ICICI card Up to 5% back with Amazon Pay ICI... FREE deli",https://www.amazon.in/Samsung-Sapphire-Storage-Upgrades-Lag-Free/dp/B0G81P4MPG/ref=sr_1_32?dib=eyJ2IjoiMSJ9.yGSQ8woyLzXqOYGm_zVt1zgadDbJNijlDPvLmpS_EV9Jna5ASWCgJNXW9ZJr4pHGqWIlHLw3Tx6t4mvexhNC3_0INxNz4222XxcudlPXHoxTyp7Ng22mcRSMbcAAO3ug22-IN1LEbGyL8vwxMMRqJB-n6yWDjXTbYavvcsaL-D8uw1hKLaIKs1L0uoAatejLv1CY2-ijLmCxpEtlnEYIVGAxJNnr79CnqLuySNFq1bw.IlaEKkkXcJOww3jLnRtJiXaB1TlaJrZYW9b5v0Gv5D4&dib_tag=se&keywords=smartphones&qid=1781072662
Amazon,smartphones,2,"realme narzo 100 Lite 5G (Frost Silver,4GB+128GB) | 7000mAh Titan Battery | 4 Years, Zero Lag | 144 Hz Ultra Smooth Disp",₹16499.00,"₹27,999",(41% off),No,4.0,None,False,False,False,"realme narzo 100 Lite 5G (Frost Silver,4GB+128GB) | 7000mAh Titan Battery | 4 Years, Zero Lag | 144 Hz Ultra Smooth Display | 6 nm Octa-core 5G Chipset | Color Pop Design | VC Cooling 4.0 4.0 out of 5 stars (113) 2K+ bought in past month Price, product page ₹16,499 ₹ 16,499 M.R.P: ₹27,999 M.R.P: ₹27,999 ₹27,999 (41% off) Save ₹500 ₹500 off coupon applied Save ₹500 with coupon FREE delivery Fri, 12",https://www.amazon.in/realme-7000mAh-Battery-Display-Octa-core/dp/B0GTRHJYYF/ref=sr_1_33?dib=eyJ2IjoiMSJ9.yGSQ8woyLzXqOYGm_zVt1zgadDbJNijlDPvLmpS_EV9Jna5ASWCgJNXW9ZJr4pHGqWIlHLw3Tx6t4mvexhNC3_0INxNz4222XxcudlPXHoxTyp7Ng22mcRSMbcAAO3ug22-IN1LEbGyL8vwxMMRqJB-n6yWDjXTbYavvcsaL-D8uw1hKLaIKs1L0uoAatejLv1CY2-ijLmCxpEtlnEYIVGAxJNnr79CnqLuySNFq1bw.IlaEKkkXcJOww3jLnRtJiXaB1TlaJrZYW9b5v0Gv5D4&dib_tag=se&keywords=smartphones&qid=1781072662
Amazon,smartphones,2,"Lava Bold N2 (Siachen White, 4 GB RAM, 64 GB Storage) | 13MP AI Dual Rear Camera | Largest 6.75"" HD+ Display | 5000 mAh ",₹8899.00,"₹9,499",(6% off),No,3.7,None,False,False,False,"Lava Bold N2 (Siachen White, 4 GB RAM, 64 GB Storage) | 13MP AI Dual Rear Camera | Largest 6.75"" HD+ Display | 5000 mAh Battery & 10W Charging | IP64 Water & Dust Proof | Charger & Phone-Case in Box 3.7 3.7 out of 5 stars (167) 3K+ bought in past month Price, product page ₹8,899 ₹ 8,899 M.R.P: ₹9,499 M.R.P: ₹9,499 ₹9,499 (6% off) Up to 5% back with Amazon Pay ICICI card Up to 5% back with Amazon P",https://www.amazon.in/Lava-Siachen-Storage-Charging-Phone-Case/dp/B0GL1JFK48/ref=sr_1_34?dib=eyJ2IjoiMSJ9.yGSQ8woyLzXqOYGm_zVt1zgadDbJNijlDPvLmpS_EV9Jna5ASWCgJNXW9ZJr4pHGqWIlHLw3Tx6t4mvexhNC3_0INxNz4222XxcudlPXHoxTyp7Ng22mcRSMbcAAO3ug22-IN1LEbGyL8vwxMMRqJB-n6yWDjXTbYavvcsaL-D8uw1hKLaIKs1L0uoAatejLv1CY2-ijLmCxpEtlnEYIVGAxJNnr79CnqLuySNFq1bw.IlaEKkkXcJOww3jLnRtJiXaB1TlaJrZYW9b5v0Gv5D4&dib_tag=se&keywords=smartphones&qid=1781072662
Amazon,smartphones,2,OnePlus 15 | 12GB+256GB | Ultra Violet | India's First Snapdragon® 8 Elite Gen 5 | 7300mAh Battery | Personalised AI | G,₹77999.00,"₹86,999",(10% off),No,4.6,Only 2 left,True,False,False,"OnePlus 15 | 12GB+256GB | Ultra Violet | India's First Snapdragon® 8 Elite Gen 5 | 7300mAh Battery | Personalised AI | Game-Changing 165Hz Display | Triple 50MP Camera with 4K 120fps Dolby Vision Top Reviewed for Battery life 4.6 4.6 out of 5 stars (1.3K) 100+ bought in past month Price, product page ₹77,999 ₹ 77,999 M.R.P: ₹86,999 M.R.P: ₹86,999 ₹86,999 (10% off) Save extra with No Cost EMI Save ",https://www.amazon.in/OnePlus-Snapdragon%C2%AE-7300mAh-Personalised-Game-Changing/dp/B0FTRYH3XM/ref=sr_1_35?dib=eyJ2IjoiMSJ9.yGSQ8woyLzXqOYGm_zVt1zgadDbJNijlDPvLmpS_EV9Jna5ASWCgJNXW9ZJr4pHGqWIlHLw3Tx6t4mvexhNC3_0INxNz4222XxcudlPXHoxTyp7Ng22mcRSMbcAAO3ug22-IN1LEbGyL8vwxMMRqJB-n6yWDjXTbYavvcsaL-D8uw1hKLaIKs1L0uoAatejLv1CY2-ijLmCxpEtlnEYIVGAxJNnr79CnqLuySNFq1bw.IlaEKkkXcJOww3jLnRtJiXaB1TlaJrZYW9b5v0Gv5D4&dib_tag=se&keywords=smartphones&qid=1781072662
Amazon,smartphones,2,"Motorola Edge 60 Fusion 5G Smartphone with 6.67"" 120Hz pOLED Display, 50MP OIS Camera, Android 14, Dimensity 7030 Proces",₹21040.00,N/A,N/A,N/A,4.3,None,False,False,False,"Motorola Edge 60 Fusion 5G Smartphone with 6.67"" 120Hz pOLED Display, 50MP OIS Camera, Android 14, Dimensity 7030 Processor, 68W Fast Charging (Pantone Amazonite, 8GB + 256GB Storage) 4.3 4.3 out of 5 stars (1.4K) 100+ bought in past month Price, product page ₹21,040 ₹ 21,040 Add to cart +2",https://www.amazon.in/Motorola-Smartphone-Dimensity-Processor-Amazonite/dp/B0F46SJ5SB/ref=sr_1_36?dib=eyJ2IjoiMSJ9.yGSQ8woyLzXqOYGm_zVt1zgadDbJNijlDPvLmpS_EV9Jna5ASWCgJNXW9ZJr4pHGqWIlHLw3Tx6t4mvexhNC3_0INxNz4222XxcudlPXHoxTyp7Ng22mcRSMbcAAO3ug22-IN1LEbGyL8vwxMMRqJB-n6yWDjXTbYavvcsaL-D8uw1hKLaIKs1L0uoAatejLv1CY2-ijLmCxpEtlnEYIVGAxJNnr79CnqLuySNFq1bw.IlaEKkkXcJOww3jLnRtJiXaB1TlaJrZYW9b5v0Gv5D4&dib_tag=se&keywords=smartphones&qid=1781072662
Amazon,laptops,1,"Dell 15 Smart Choice (Previously Inspiron), 13th Gen Intel Core i5-1334U (16GB RAM, 1TB SSD) FHD, 15.6""/39.62cm, Windows",₹70490.00,"₹99,478",(29% off),No,3.8,None,False,False,True,"Sponsored Sponsored You are seeing this ad based on the product’s relevance to your search query. Let us know Dell 15 Smart Choice (Previously Inspiron), 13th Gen Intel Core i5-1334U (16GB RAM, 1TB SSD) FHD, 15.6""/39.62cm, Windows 11 MSO'24, Silver, 1.62kg, 12 Month McAfee, Backlit KB, Thin & Light Laptop 3.8 3.8 out of 5 stars (553) 300+ bought in past month Price, product page ₹70,490 ₹ 70,490 M",https://www.amazon.in/sspa/click?ie=UTF8&spc=MTo1MTkzNTY0NTg0MzkyMTc2OjE3ODEwNzI4NDI6c3BfYXRmOjMwMDUxMTcyNDkzOTAzMjo6MDo6&url=%2FDell-Generation-i5-1334U-Processor-Keyboard%2Fdp%2FB0DSFQZTVW%2Fref%3Dsr_1_1_sspa%3Fdib%3DeyJ2IjoiMSJ9.WNpp85Buul2KLMt7vVFOdkxpUoVMCEwP21T7ykBnw6CYPspn7kN8wiBKCV5OGVnDLEle61y1e2vyEgJbbhe127JM8Caj_ickk1SpsbXYgR7sWewezJ19b5rIsfqGCTFD-XTK414JEADDHMSO9iri69c-gNyRRiaKKCJlWJQO699o9DMuKUzy36247Bm4vjqxzYeB62jZ7u_Kh1v4zQ7akoccLWST2E_XiF4eRzQXuic.HAHZneGpq6848Kk5l3DFQ0ZsPK46LRKsVehRe73iyoQ%26dib_tag%3Dse%26keywords%3Dlaptops%26qid%3D1781072842%26sr%3D8-1-spons%26aref%3DhblGNX1gro%26sp_csd%3Dd2lkZ2V0TmFtZT1zcF9hdGY%26psc%3D1&aref=hblGNX1gro&sp_cr=ZAZ
Amazon,laptops,1,"Lenovo V14 Intel Core i3 13th Gen 14"" FHD (1920x1080) Antiglare 250 Nits Thin and Light Laptop (16GB RAM/512GB SSD/Windo",₹70990.00,"₹72,000",(1% off),No,3.7,None,False,False,True,"Sponsored Sponsored You are seeing this ad based on the product’s relevance to your search query. Let us know Lenovo V14 Intel Core i3 13th Gen 14"" FHD (1920x1080) Antiglare 250 Nits Thin and Light Laptop (16GB RAM/512GB SSD/Windows 11 Home/Office Home 2024/Iron Grey/1.43 kg), 83A0A0PCIN 3.7 3.7 out of 5 stars (7) 50+ bought in past month Price, product page ₹70,990 ₹ 70,990 M.R.P: ₹72,000 M.R.P: ",https://www.amazon.in/sspa/click?ie=UTF8&spc=MTo1MTkzNTY0NTg0MzkyMTc2OjE3ODEwNzI4NDI6c3BfYXRmOjMwMDY5NjkxMDA2MTgzMjo6MDo6&url=%2FLenovo-1920x1080-Antiglare-Windows-83A0A0PCIN%2Fdp%2FB0FNQZ9HWX%2Fref%3Dsr_1_2_sspa%3Fdib%3DeyJ2IjoiMSJ9.WNpp85Buul2KLMt7vVFOdkxpUoVMCEwP21T7ykBnw6CYPspn7kN8wiBKCV5OGVnDLEle61y1e2vyEgJbbhe127JM8Caj_ickk1SpsbXYgR7sWewezJ19b5rIsfqGCTFD-XTK414JEADDHMSO9iri69c-gNyRRiaKKCJlWJQO699o9DMuKUzy36247Bm4vjqxzYeB62jZ7u_Kh1v4zQ7akoccLWST2E_XiF4eRzQXuic.HAHZneGpq6848Kk5l3DFQ0ZsPK46LRKsVehRe73iyoQ%26dib_tag%3Dse%26keywords%3Dlaptops%26qid%3D1781072842%26sr%3D8-2-spons%26aref%3DM0zFv9qL7N%26sp_csd%3Dd2lkZ2V0TmFtZT1zcF9hdGY%26psc%3D1&aref=M0zFv9qL7N&sp_cr=ZAZ
Amazon,laptops,1,"Dell 15 (Previously Inspiron) Laptop, 14th Gen Intel Core i3/Core 3 100U Processor, 8GB DDR4, 512 SSD, 15.6"" FHD 120Hz I",₹45490.00,"₹48,692",(7% off),No,4.0,None,False,False,False,"Amazon's Choice for ""laptops"" Dell 15 (Previously Inspiron) Laptop, 14th Gen Intel Core i3/Core 3 100U Processor, 8GB DDR4, 512 SSD, 15.6"" FHD 120Hz IPS 250 nit Display, Win 11 + Office H&S 2024, Carbon Black, Thin & Light 1.63Kg 4.0 4.0 out of 5 stars (1.1K) 300+ bought in past month Price, product page ₹45,490 ₹ 45,490 M.R.P: ₹48,692 M.R.P: ₹48,692 ₹48,692 (7% off) Up to 5% back with Amazon Pay ",https://www.amazon.in/Dell-Previously-Inspiron-Processor-Display/dp/B0BQJ68HHC/ref=sr_1_3?dib=eyJ2IjoiMSJ9.WNpp85Buul2KLMt7vVFOdkxpUoVMCEwP21T7ykBnw6CYPspn7kN8wiBKCV5OGVnDLEle61y1e2vyEgJbbhe127JM8Caj_ickk1SpsbXYgR7sWewezJ19b5rIsfqGCTFD-XTK414JEADDHMSO9iri69c-gNyRRiaKKCJlWJQO699o9DMuKUzy36247Bm4vjqxzYeB62jZ7u_Kh1v4zQ7akoccLWST2E_XiF4eRzQXuic.HAHZneGpq6848Kk5l3DFQ0ZsPK46LRKsVehRe73iyoQ&dib_tag=se&keywords=laptops&qid=1781072842&sr=8-3
Amazon,laptops,1,"ASUS Vivobook 15, Smartchoice,Intel Core i5 13th Gen 13420H,16GB RAM, 512GB SSD, FHD 15.6"",Windows 11, Office Home 2024,",₹60990.00,"₹69,990",(13% off),No,4.2,None,False,False,False,"ASUS Vivobook 15, Smartchoice,Intel Core i5 13th Gen 13420H,16GB RAM, 512GB SSD, FHD 15.6"",Windows 11, Office Home 2024, Quiet Blue, 1.70 kg, X1502VA-BQ836WS,Intel UHD iGPU, M365 Basic (1Year)* Laptop 4.2 4.2 out of 5 stars (776) 300+ bought in past month Price, product page ₹60,990 ₹ 60,990 M.R.P: ₹69,990 M.R.P: ₹69,990 ₹69,990 (13% off) Save extra with No Cost EMI Save extra with No Cost EMI FRE",https://www.amazon.in/ASUS-Vivobook-i5-13420H-Keyboard-X1502VA-BQ836WS/dp/B0DTYKLHYC/ref=sr_1_4?dib=eyJ2IjoiMSJ9.WNpp85Buul2KLMt7vVFOdkxpUoVMCEwP21T7ykBnw6CYPspn7kN8wiBKCV5OGVnDLEle61y1e2vyEgJbbhe127JM8Caj_ickk1SpsbXYgR7sWewezJ19b5rIsfqGCTFD-XTK414JEADDHMSO9iri69c-gNyRRiaKKCJlWJQO699o9DMuKUzy36247Bm4vjqxzYeB62jZ7u_Kh1v4zQ7akoccLWST2E_XiF4eRzQXuic.HAHZneGpq6848Kk5l3DFQ0ZsPK46LRKsVehRe73iyoQ&dib_tag=se&keywords=laptops&qid=1781072842&sr=8-4
Amazon,laptops,1,"HP 15, AMD Ryzen 5 7520U,(16GB LPDDR5, 512GB SSD), Anti-Glare, Micro-Edge, FHD, 15.6''/39.6cm, Win 11, Office 24,M365 Ba",₹54690.00,"₹55,691",(2% off),No,4.0,None,False,False,False,"HP 15, AMD Ryzen 5 7520U,(16GB LPDDR5, 512GB SSD), Anti-Glare, Micro-Edge, FHD, 15.6''/39.6cm, Win 11, Office 24,M365 Basic(1yr)*,Silver, 1.59kg, fc0690au, FHD Camera, Backlit KB Laptop 4.0 4.0 out of 5 stars (176) 100+ bought in past month Price, product page ₹54,690 ₹ 54,690 M.R.P: ₹55,691 M.R.P: ₹55,691 ₹55,691 (2% off) Save extra with No Cost EMI Save extra with No Cost EMI FREE delivery Fri, ",https://www.amazon.in/HP-Anti-Glare-Micro-Edge-fc0690au-Graphics/dp/B0CY2PLQ8N/ref=sr_1_5?dib=eyJ2IjoiMSJ9.WNpp85Buul2KLMt7vVFOdkxpUoVMCEwP21T7ykBnw6CYPspn7kN8wiBKCV5OGVnDLEle61y1e2vyEgJbbhe127JM8Caj_ickk1SpsbXYgR7sWewezJ19b5rIsfqGCTFD-XTK414JEADDHMSO9iri69c-gNyRRiaKKCJlWJQO699o9DMuKUzy36247Bm4vjqxzYeB62jZ7u_Kh1v4zQ7akoccLWST2E_XiF4eRzQXuic.HAHZneGpq6848Kk5l3DFQ0ZsPK46LRKsVehRe73iyoQ&dib_tag=se&keywords=laptops&qid=1781072842&sr=8-5
Amazon,laptops,1,"Dell 15, Intel Core i3/Core 3 14th Gen-100U, 16GB DDR4, 512GB SSD, FHD IPS, 15.6""/39.62cm, Windows 11, Microsoft Office ",₹48990.00,"₹53,074",(8% off),No,3.7,None,False,False,False,"Dell 15, Intel Core i3/Core 3 14th Gen-100U, 16GB DDR4, 512GB SSD, FHD IPS, 15.6""/39.62cm, Windows 11, Microsoft Office Home 2024, Carbon Black, 1.63Kg, Thin & Light, Laptop Model NO - Dell 15 DCU5250 3.7 3.7 out of 5 stars (46) 400+ bought in past month Price, product page ₹48,990 ₹ 48,990 M.R.P: ₹53,074 M.R.P: ₹53,074 ₹53,074 (8% off) Up to 5% back with Amazon Pay ICICI card Up to 5% back with A",https://www.amazon.in/Dell-15-Processor-Graphics-Display/dp/B0FDWH5WTL/ref=sr_1_6?dib=eyJ2IjoiMSJ9.WNpp85Buul2KLMt7vVFOdkxpUoVMCEwP21T7ykBnw6CYPspn7kN8wiBKCV5OGVnDLEle61y1e2vyEgJbbhe127JM8Caj_ickk1SpsbXYgR7sWewezJ19b5rIsfqGCTFD-XTK414JEADDHMSO9iri69c-gNyRRiaKKCJlWJQO699o9DMuKUzy36247Bm4vjqxzYeB62jZ7u_Kh1v4zQ7akoccLWST2E_XiF4eRzQXuic.HAHZneGpq6848Kk5l3DFQ0ZsPK46LRKsVehRe73iyoQ&dib_tag=se&keywords=laptops&qid=1781072842&sr=8-6
Amazon,laptops,1,"Acer Smartchoice Aspire One, Intel Core Celeron N4500, Office 2024 + M365 Basic, 12GB LPDDR4X / 512GB SSD, 14.0""/35.56cm",₹39990.00,"₹59,999",(33% off),No,3.3,None,False,False,False,"Acer Smartchoice Aspire One, Intel Core Celeron N4500, Office 2024 + M365 Basic, 12GB LPDDR4X / 512GB SSD, 14.0""/35.56cm TN HD Display, Win 11 Home, Pure Silver, 1.3KG, A114-45, Thin and Light Laptop 3.3 3.3 out of 5 stars (594) 50+ bought in past month Price, product page ₹39,990 ₹ 39,990 M.R.P: ₹59,999 M.R.P: ₹59,999 ₹59,999 (33% off) Up to 5% back with Amazon Pay ICICI card Up to 5% back with A",https://www.amazon.in/Acer-Smartchoice-Celeron-LPDDR4X-A114-45/dp/B0GW8JNM6J/ref=sr_1_7?dib=eyJ2IjoiMSJ9.WNpp85Buul2KLMt7vVFOdkxpUoVMCEwP21T7ykBnw6CYPspn7kN8wiBKCV5OGVnDLEle61y1e2vyEgJbbhe127JM8Caj_ickk1SpsbXYgR7sWewezJ19b5rIsfqGCTFD-XTK414JEADDHMSO9iri69c-gNyRRiaKKCJlWJQO699o9DMuKUzy36247Bm4vjqxzYeB62jZ7u_Kh1v4zQ7akoccLWST2E_XiF4eRzQXuic.HAHZneGpq6848Kk5l3DFQ0ZsPK46LRKsVehRe73iyoQ&dib_tag=se&keywords=laptops&qid=1781072842&sr=8-7
Amazon,laptops,1,"Lenovo V15 G4 AMD Athlon Silver 7120U Laptop 8GB LPDDR5 Ram, 512 GB SSD PCIe, Windows 11 Lifetime Validity,15.6"" FHD Scr",₹43999.00,N/A,N/A,N/A,4.0,None,False,False,False,"Lenovo V15 G4 AMD Athlon Silver 7120U Laptop 8GB LPDDR5 Ram, 512 GB SSD PCIe, Windows 11 Lifetime Validity,15.6"" FHD Screen, AMD Radeon 610M, Silver, 1 Year Brand Warranty 4.0 4.0 out of 5 stars (350) 100+ bought in past month Price, product page ₹43,999 ₹ 43,999 Up to 5% back with Amazon Pay ICICI card Up to 5% back with Amazon Pay ICI... FREE delivery Sat, 13 Jun Or fastest delivery Tomorrow, 11",https://www.amazon.in/Lenovo-V15-Lifetime-Validity-Warranty/dp/B0CL7CMTXS/ref=sr_1_8?dib=eyJ2IjoiMSJ9.WNpp85Buul2KLMt7vVFOdkxpUoVMCEwP21T7ykBnw6CYPspn7kN8wiBKCV5OGVnDLEle61y1e2vyEgJbbhe127JM8Caj_ickk1SpsbXYgR7sWewezJ19b5rIsfqGCTFD-XTK414JEADDHMSO9iri69c-gNyRRiaKKCJlWJQO699o9DMuKUzy36247Bm4vjqxzYeB62jZ7u_Kh1v4zQ7akoccLWST2E_XiF4eRzQXuic.HAHZneGpq6848Kk5l3DFQ0ZsPK46LRKsVehRe73iyoQ&dib_tag=se&keywords=laptops&qid=1781072842&sr=8-8
Amazon,laptops,1,"HP 15, 13th Gen Intel Core i3-1315U Laptop (8GB DDR4,512GB SSD) Anti-Glare, Micro-Edge,15.6''/39.6cm, FHD, Win11,M365 Ba",₹49890.00,"₹50,903",(2% off),No,4.2,None,False,False,False,"HP 15, 13th Gen Intel Core i3-1315U Laptop (8GB DDR4,512GB SSD) Anti-Glare, Micro-Edge,15.6''/39.6cm, FHD, Win11,M365 Basic(1yr),Office Home24, Silver,1.59kg, FHD Camera w/Privacy Shutter, fd0569TU 4.2 4.2 out of 5 stars (2.2K) 100+ bought in past month Price, product page ₹49,890 ₹ 49,890 M.R.P: ₹50,903 M.R.P: ₹50,903 ₹50,903 (2% off) Up to 5% back with Amazon Pay ICICI card Up to 5% back with Am",https://www.amazon.in/HP-i3-1315U-Anti-Glare-Micro-Edge-fd0569TU/dp/B0F4R5W1NC/ref=sr_1_9?dib=eyJ2IjoiMSJ9.WNpp85Buul2KLMt7vVFOdkxpUoVMCEwP21T7ykBnw6CYPspn7kN8wiBKCV5OGVnDLEle61y1e2vyEgJbbhe127JM8Caj_ickk1SpsbXYgR7sWewezJ19b5rIsfqGCTFD-XTK414JEADDHMSO9iri69c-gNyRRiaKKCJlWJQO699o9DMuKUzy36247Bm4vjqxzYeB62jZ7u_Kh1v4zQ7akoccLWST2E_XiF4eRzQXuic.HAHZneGpq6848Kk5l3DFQ0ZsPK46LRKsVehRe73iyoQ&dib_tag=se&keywords=laptops&qid=1781072842&sr=8-9
Amazon,laptops,1,"EBook 11.6"" HD Laptop | Best Student & Office Work Laptop | Celeron N4020 | 4GB DDR4 | 128GB eMMC + M.2 SSD Expandable S",₹16990.00,"₹25,000",(32% off),No,3.4,None,False,False,False,"EBook 11.6"" HD Laptop | Best Student & Office Work Laptop | Celeron N4020 | 4GB DDR4 | 128GB eMMC + M.2 SSD Expandable Slot | Win 11 Home |31Wh Battery | UHD Graphics 600 | Black 3.4 3.4 out of 5 stars (49) 300+ bought in past month Price, product page ₹16,990 ₹ 16,990 M.R.P: ₹25,000 M.R.P: ₹25,000 ₹25,000 (32% off) Up to 5% back with Amazon Pay ICICI card Up to 5% back with Amazon Pay ICI... FREE",https://www.amazon.in/Neopticon-Student-Celeron-Expandable-Graphics/dp/B0G2MT8YVV/ref=sr_1_10?dib=eyJ2IjoiMSJ9.WNpp85Buul2KLMt7vVFOdkxpUoVMCEwP21T7ykBnw6CYPspn7kN8wiBKCV5OGVnDLEle61y1e2vyEgJbbhe127JM8Caj_ickk1SpsbXYgR7sWewezJ19b5rIsfqGCTFD-XTK414JEADDHMSO9iri69c-gNyRRiaKKCJlWJQO699o9DMuKUzy36247Bm4vjqxzYeB62jZ7u_Kh1v4zQ7akoccLWST2E_XiF4eRzQXuic.HAHZneGpq6848Kk5l3DFQ0ZsPK46LRKsVehRe73iyoQ&dib_tag=se&keywords=laptops&qid=1781072842&sr=8-10
Amazon,laptops,1,"Dell Inspiron 3530, Intel Core i7 13th Gen -1355U, 16GB RAM, 512GB SSD, FHD, 15.6""/39.62cm, Windows 11, Microsoft Office",₹91250.00,"₹99,990",(9% off),No,3.8,None,False,False,True,"Sponsored Sponsored You are seeing this ad based on the product’s relevance to your search query. Let us know Dell Inspiron 3530, Intel Core i7 13th Gen -1355U, 16GB RAM, 512GB SSD, FHD, 15.6""/39.62cm, Windows 11, Microsoft Office Home 2024, Silver, 1.62kg, Backlit KB, M365, 15 Month McAfee Laptop 3.8 3.8 out of 5 stars (91) 50+ bought in past month Price, product page ₹91,250 ₹ 91,250 M.R.P: ₹99,",https://www.amazon.in/sspa/click?ie=UTF8&spc=MTo1MTkzNTY0NTg0MzkyMTc2OjE3ODEwNzI4NDI6c3BfbXRmOjMwMDk1ODA4ODI5MTQzMjo6MDo6&url=%2FDell-Inspiron-15-3530-Laptop-i7-1355U%2Fdp%2FB0DSFP9FCS%2Fref%3Dsr_1_11_sspa%3Fdib%3DeyJ2IjoiMSJ9.WNpp85Buul2KLMt7vVFOdkxpUoVMCEwP21T7ykBnw6CYPspn7kN8wiBKCV5OGVnDLEle61y1e2vyEgJbbhe127JM8Caj_ickk1SpsbXYgR7sWewezJ19b5rIsfqGCTFD-XTK414JEADDHMSO9iri69c-gNyRRiaKKCJlWJQO699o9DMuKUzy36247Bm4vjqxzYeB62jZ7u_Kh1v4zQ7akoccLWST2E_XiF4eRzQXuic.HAHZneGpq6848Kk5l3DFQ0ZsPK46LRKsVehRe73iyoQ%26dib_tag%3Dse%26keywords%3Dlaptops%26qid%3D1781072842%26sr%3D8-11-spons%26aref%3DVKlJEWYYAp%26sp_csd%3Dd2lkZ2V0TmFtZT1zcF9tdGY%26psc%3D1&aref=VKlJEWYYAp&sp_cr=ZAZ
Amazon,laptops,1,"Lenovo Ideapad Slim 3, 13th Gen Intel Core i7 13620H, 16GB RAM, 512GB SSD, WUXGA IPS, 15.3""/38.8cm, Win 11, Office 2024,",₹81390.00,"₹89,390",(9% off),No,4.1,None,False,False,True,"Sponsored Sponsored You are seeing this ad based on the product’s relevance to your search query. Let us know Lenovo Ideapad Slim 3, 13th Gen Intel Core i7 13620H, 16GB RAM, 512GB SSD, WUXGA IPS, 15.3""/38.8cm, Win 11, Office 2024, Top Metal Cover Grey, 1.6Kg, 83K100CJIN/S1IN, Backlit KB, Laptop 4.1 4.1 out of 5 stars (443) 400+ bought in past month Price, product page ₹81,390 ₹ 81,390 M.R.P: ₹89,3",https://www.amazon.in/sspa/click?ie=UTF8&spc=MTo1MTkzNTY0NTg0MzkyMTc2OjE3ODEwNzI4NDI6c3BfbXRmOjMwMDk2MTU0OTkxNjgzMjo6MDo6&url=%2FLenovo-Smartchoice-I7-13620H-Keyboard-83K100CJIN%2Fdp%2FB0F2162VGQ%2Fref%3Dsr_1_12_sspa%3Fdib%3DeyJ2IjoiMSJ9.WNpp85Buul2KLMt7vVFOdkxpUoVMCEwP21T7ykBnw6CYPspn7kN8wiBKCV5OGVnDLEle61y1e2vyEgJbbhe127JM8Caj_ickk1SpsbXYgR7sWewezJ19b5rIsfqGCTFD-XTK414JEADDHMSO9iri69c-gNyRRiaKKCJlWJQO699o9DMuKUzy36247Bm4vjqxzYeB62jZ7u_Kh1v4zQ7akoccLWST2E_XiF4eRzQXuic.HAHZneGpq6848Kk5l3DFQ0ZsPK46LRKsVehRe73iyoQ%26dib_tag%3Dse%26keywords%3Dlaptops%26qid%3D1781072842%26sr%3D8-12-spons%26aref%3D1d0KZd47QZ%26sp_csd%3Dd2lkZ2V0TmFtZT1zcF9tdGY%26psc%3D1&aref=1d0KZd47QZ&sp_cr=ZAZ
Amazon,laptops,1,"MSI Thin A15, AMD 7th Gen. Ryzen 7 7735HS, 40CM FHD 144Hz Gaming Laptop (16GB/1TB NVMe SSD/Windows 11 Home/NVIDIA GeForc",₹65990.00,"₹92,990",(29% off),No,4.5,None,False,False,False,"MSI Thin A15, AMD 7th Gen. Ryzen 7 7735HS, 40CM FHD 144Hz Gaming Laptop (16GB/1TB NVMe SSD/Windows 11 Home/NVIDIA GeForce RTX 3050, GDDR6 4GB/Cosmos Gray/1.8Kg) B7UC-103IN 4.5 4.5 out of 5 stars (10) 100+ bought in past month Price, product page ₹65,990 ₹ 65,990 M.R.P: ₹92,990 M.R.P: ₹92,990 ₹92,990 (29% off) Up to 5% back with Amazon Pay ICICI card Up to 5% back with Amazon Pay ICI... FREE delive",https://www.amazon.in/MSI-7735HS-Windows-GeForce-B7UC-103IN/dp/B097PM1MBH/ref=sr_1_13?dib=eyJ2IjoiMSJ9.WNpp85Buul2KLMt7vVFOdkxpUoVMCEwP21T7ykBnw6CYPspn7kN8wiBKCV5OGVnDLEle61y1e2vyEgJbbhe127JM8Caj_ickk1SpsbXYgR7sWewezJ19b5rIsfqGCTFD-XTK414JEADDHMSO9iri69c-gNyRRiaKKCJlWJQO699o9DMuKUzy36247Bm4vjqxzYeB62jZ7u_Kh1v4zQ7akoccLWST2E_XiF4eRzQXuic.HAHZneGpq6848Kk5l3DFQ0ZsPK46LRKsVehRe73iyoQ&dib_tag=se&keywords=laptops&qid=1781072842&sr=8-13
Amazon,laptops,1,"HP Victus, AMD Ryzen 7 7445HS, 4GB RTX 2050, 16GB DDR5(Upgradeable) 512GB SSD, FHD, 144Hz, 300 nits, IPS, 15.6'', Win11,",₹65990.00,"₹80,595.83",(18% off),No,3.9,None,False,False,False,"HP Victus, AMD Ryzen 7 7445HS, 4GB RTX 2050, 16GB DDR5(Upgradeable) 512GB SSD, FHD, 144Hz, 300 nits, IPS, 15.6'', Win11, M365* Office24, Blue, 2.29kg, fb3189ax /3122/ 23ax Backlit, Gaming Laptop 3.9 3.9 out of 5 stars (23) 200+ bought in past month Price, product page ₹65,990 ₹ 65,990 M.R.P: ₹80,595.83 M.R.P: ₹80,595.83 ₹80,595.83 (18% off) Save extra with No Cost EMI Save extra with No Cost EMI F",https://www.amazon.in/HP-Upgradeable-Office24-fb3189ax-Backlit/dp/B0FQWH1TT3/ref=sr_1_14?dib=eyJ2IjoiMSJ9.WNpp85Buul2KLMt7vVFOdkxpUoVMCEwP21T7ykBnw6CYPspn7kN8wiBKCV5OGVnDLEle61y1e2vyEgJbbhe127JM8Caj_ickk1SpsbXYgR7sWewezJ19b5rIsfqGCTFD-XTK414JEADDHMSO9iri69c-gNyRRiaKKCJlWJQO699o9DMuKUzy36247Bm4vjqxzYeB62jZ7u_Kh1v4zQ7akoccLWST2E_XiF4eRzQXuic.HAHZneGpq6848Kk5l3DFQ0ZsPK46LRKsVehRe73iyoQ&dib_tag=se&keywords=laptops&qid=1781072842&sr=8-14
Amazon,laptops,1,"Lenovo IdeaPad 1 AMD Ryzen 5 5500U 15.6"" HD Thin and Light Laptop (8GB RAM/512GB SSD/Windows 11 Home/Office Home 2024/1 ",₹49800.00,"₹69,990",(29% off),No,4.1,None,False,False,False,"Lenovo IdeaPad 1 AMD Ryzen 5 5500U 15.6"" HD Thin and Light Laptop (8GB RAM/512GB SSD/Windows 11 Home/Office Home 2024/1 Year ADP Free/Grey/1.6Kg), 82R4011MIN 4.1 4.1 out of 5 stars (2.1K) Price, product page ₹49,800 ₹ 49,800 M.R.P: ₹69,990 M.R.P: ₹69,990 ₹69,990 (29% off) Up to 5% back with Amazon Pay ICICI card Up to 5% back with Amazon Pay ICI... FREE delivery Mon, 15 Jun Alexa Built-in Alexa Bu",https://www.amazon.in/Lenovo-MSOffice-82R400BRIN-Integrated-Graphics/dp/B09MM58Y7Q/ref=sr_1_15?dib=eyJ2IjoiMSJ9.WNpp85Buul2KLMt7vVFOdkxpUoVMCEwP21T7ykBnw6CYPspn7kN8wiBKCV5OGVnDLEle61y1e2vyEgJbbhe127JM8Caj_ickk1SpsbXYgR7sWewezJ19b5rIsfqGCTFD-XTK414JEADDHMSO9iri69c-gNyRRiaKKCJlWJQO699o9DMuKUzy36247Bm4vjqxzYeB62jZ7u_Kh1v4zQ7akoccLWST2E_XiF4eRzQXuic.HAHZneGpq6848Kk5l3DFQ0ZsPK46LRKsVehRe73iyoQ&dib_tag=se&keywords=laptops&qid=1781072842&sr=8-15
Amazon,laptops,1,"Dell G15, 13th Gen Intel Core i5-13450HX Processor, NVIDIA RTX 3050-6GB, (16GB RAM 1TB SSD) FHD 15.6""/39.62 cm, Orange B",₹79490.00,"₹1,05,398",(25% off),No,4.0,None,False,False,False,"Dell G15, 13th Gen Intel Core i5-13450HX Processor, NVIDIA RTX 3050-6GB, (16GB RAM 1TB SSD) FHD 15.6""/39.62 cm, Orange Backlit Keyboard, Win 11, MS Office'24, Dark Shadow Grey, 2.65Kg Gaming Laptop 4.0 4.0 out of 5 stars (1.5K) 300+ bought in past month Price, product page ₹79,490 ₹ 79,490 M.R.P: ₹1,05,398 M.R.P: ₹1,05,398 ₹1,05,398 (25% off) Save extra with No Cost EMI Save extra with No Cost EMI",https://www.amazon.in/Dell-Smartchoice-G15-5530-Gaming-i5-13450HX/dp/B0CRKXDX83/ref=sr_1_16?dib=eyJ2IjoiMSJ9.WNpp85Buul2KLMt7vVFOdkxpUoVMCEwP21T7ykBnw6CYPspn7kN8wiBKCV5OGVnDLEle61y1e2vyEgJbbhe127JM8Caj_ickk1SpsbXYgR7sWewezJ19b5rIsfqGCTFD-XTK414JEADDHMSO9iri69c-gNyRRiaKKCJlWJQO699o9DMuKUzy36247Bm4vjqxzYeB62jZ7u_Kh1v4zQ7akoccLWST2E_XiF4eRzQXuic.HAHZneGpq6848Kk5l3DFQ0ZsPK46LRKsVehRe73iyoQ&dib_tag=se&keywords=laptops&qid=1781072842&sr=8-16
Amazon,laptops,1,"Lenovo V15 G4 AMD Ryzen 5 7520U 15.6 inch FHD Laptop, AMD Graphics, 16GB DDR5 5500Mhz Ram, 512GB SSD NVMe, Windows 11, D",₹53990.00,"₹99,999",(46% off),No,4.0,None,False,False,False,"Lenovo V15 G4 AMD Ryzen 5 7520U 15.6 inch FHD Laptop, AMD Graphics, 16GB DDR5 5500Mhz Ram, 512GB SSD NVMe, Windows 11, Dolby Audio, Arctic Grey, 1 Year Onsite Brand Warranty 4.0 4.0 out of 5 stars (469) 100+ bought in past month Price, product page ₹53,990 ₹ 53,990 M.R.P: ₹99,999 M.R.P: ₹99,999 ₹99,999 (46% off) Up to 5% back with Amazon Pay ICICI card Up to 5% back with Amazon Pay ICI... FREE del",https://www.amazon.in/Lenovo-Graphics-5500Mhz-Windows-Warranty/dp/B0F29HNJL1/ref=sr_1_17?dib=eyJ2IjoiMSJ9.WNpp85Buul2KLMt7vVFOdkxpUoVMCEwP21T7ykBnw6CYPspn7kN8wiBKCV5OGVnDLEle61y1e2vyEgJbbhe127JM8Caj_ickk1SpsbXYgR7sWewezJ19b5rIsfqGCTFD-XTK414JEADDHMSO9iri69c-gNyRRiaKKCJlWJQO699o9DMuKUzy36247Bm4vjqxzYeB62jZ7u_Kh1v4zQ7akoccLWST2E_XiF4eRzQXuic.HAHZneGpq6848Kk5l3DFQ0ZsPK46LRKsVehRe73iyoQ&dib_tag=se&keywords=laptops&qid=1781072842&sr=8-17
Amazon,laptops,1,"Acer Aspire Lite, AMD Ryzen 3-7330U, Office 2024 + M365 Basic,8GB RAM, 256GB SSD, Full HD IPS, 15.6""/39.62 cm, Windows 1",₹55675.00,"₹66,999",(17% off),No,N/A,None,False,False,False,"Acer Aspire Lite, AMD Ryzen 3-7330U, Office 2024 + M365 Basic,8GB RAM, 256GB SSD, Full HD IPS, 15.6""/39.62 cm, Windows 11 Home, Steel Gray, 1.59 KG, AL15-41, Metal Body, Premium Thin and Light Laptop Price, product page ₹55,675 ₹ 55,675 M.R.P: ₹66,999 M.R.P: ₹66,999 ₹66,999 (17% off) Up to 5% back with Amazon Pay ICICI card Up to 5% back with Amazon Pay ICI... FREE delivery Fri, 12 Jun Or fastest ",https://www.amazon.in/Acer-3-7330U-Windows-AL15-41-Premium/dp/B0GXYV3XR4/ref=sr_1_18?dib=eyJ2IjoiMSJ9.WNpp85Buul2KLMt7vVFOdkxpUoVMCEwP21T7ykBnw6CYPspn7kN8wiBKCV5OGVnDLEle61y1e2vyEgJbbhe127JM8Caj_ickk1SpsbXYgR7sWewezJ19b5rIsfqGCTFD-XTK414JEADDHMSO9iri69c-gNyRRiaKKCJlWJQO699o9DMuKUzy36247Bm4vjqxzYeB62jZ7u_Kh1v4zQ7akoccLWST2E_XiF4eRzQXuic.HAHZneGpq6848Kk5l3DFQ0ZsPK46LRKsVehRe73iyoQ&dib_tag=se&keywords=laptops&qid=1781072842&sr=8-18
Amazon,laptops,1,"HP 15 (2026), AMD Ryzen 7 Octa Core 7735U - (16 GB DDR5/512 GB SSD/AMD Radeon 680M Graphics/Windows 11 Home) Thin & Ligh",₹58650.00,"₹70,502",(17% off),No,5.0,None,False,False,False,"HP 15 (2026), AMD Ryzen 7 Octa Core 7735U - (16 GB DDR5/512 GB SSD/AMD Radeon 680M Graphics/Windows 11 Home) Thin & Light Business Laptop/15.6"" FHD Display/Backlit + Fingerprint/Silver/1.5kg/MS Office 5.0 5.0 out of 5 stars (1) 50+ bought in past month Price, product page ₹58,650 ₹ 58,650 M.R.P: ₹70,502 M.R.P: ₹70,502 ₹70,502 (17% off) Up to 5% back with Amazon Pay ICICI card Up to 5% back with Am",https://www.amazon.in/HP-15-Ryzen-Octa-7735U/dp/B0GQ1G79X4/ref=sr_1_19?dib=eyJ2IjoiMSJ9.WNpp85Buul2KLMt7vVFOdkxpUoVMCEwP21T7ykBnw6CYPspn7kN8wiBKCV5OGVnDLEle61y1e2vyEgJbbhe127JM8Caj_ickk1SpsbXYgR7sWewezJ19b5rIsfqGCTFD-XTK414JEADDHMSO9iri69c-gNyRRiaKKCJlWJQO699o9DMuKUzy36247Bm4vjqxzYeB62jZ7u_Kh1v4zQ7akoccLWST2E_XiF4eRzQXuic.HAHZneGpq6848Kk5l3DFQ0ZsPK46LRKsVehRe73iyoQ&dib_tag=se&keywords=laptops&qid=1781072842&sr=8-19
Amazon,laptops,1,"HP 15 255R G10, AMD Ryzen 5 7535U Hexa Core (6 Core, 12 Threads, 2.9 to Max 4.3 Ghz) (8 GB/512 GB SSD/AMD Radeon Graphic",₹47400.00,"₹75,000",(37% off),No,4.2,Only 1 left,True,False,False,"HP 15 255R G10, AMD Ryzen 5 7535U Hexa Core (6 Core, 12 Threads, 2.9 to Max 4.3 Ghz) (8 GB/512 GB SSD/AMD Radeon Graphics/dos) Thin and Light Laptop(15.6 inch HD Display, Matt Silver, 1.45 4.2 4.2 out of 5 stars (19) 50+ bought in past month Price, product page ₹47,400 ₹ 47,400 M.R.P: ₹75,000 M.R.P: ₹75,000 ₹75,000 (37% off) Up to 5% back with Amazon Pay ICICI card Up to 5% back with Amazon Pay IC",https://www.amazon.in/HP-G10-Threads-Graphics-Display/dp/B0G7YY5JV5/ref=sr_1_20?dib=eyJ2IjoiMSJ9.WNpp85Buul2KLMt7vVFOdkxpUoVMCEwP21T7ykBnw6CYPspn7kN8wiBKCV5OGVnDLEle61y1e2vyEgJbbhe127JM8Caj_ickk1SpsbXYgR7sWewezJ19b5rIsfqGCTFD-XTK414JEADDHMSO9iri69c-gNyRRiaKKCJlWJQO699o9DMuKUzy36247Bm4vjqxzYeB62jZ7u_Kh1v4zQ7akoccLWST2E_XiF4eRzQXuic.HAHZneGpq6848Kk5l3DFQ0ZsPK46LRKsVehRe73iyoQ&dib_tag=se&keywords=laptops&qid=1781072842&sr=8-20
Amazon,laptops,1,"Lenovo IdeaPad Slim 3, 13th Gen Intel Core i5 13420H, 24GB RAM, 1TB SSD, WUXGA IPS, 15.3""/38.8cm, Windows 11, Office Hom",₹78990.00,"₹87,990",(10% off),No,4.2,None,False,False,True,"Sponsored Sponsored You are seeing this ad based on the product’s relevance to your search query. Let us know Lenovo IdeaPad Slim 3, 13th Gen Intel Core i5 13420H, 24GB RAM, 1TB SSD, WUXGA IPS, 15.3""/38.8cm, Windows 11, Office Home 2024, Grey, 1.6Kg, Backlit Keyboard, 1Yr ADP Free, 83K100PLIN, Laptop 4.2 4.2 out of 5 stars (87) 50+ bought in past month Price, product page ₹78,990 ₹ 78,990 M.R.P: ₹",https://www.amazon.in/sspa/click?ie=UTF8&spc=MTo1MTkzNTY0NTg0MzkyMTc2OjE3ODEwNzI4NDI6c3BfYnRmOjMwMDk2MTU0OTkxNzAzMjo6MDo6&url=%2FLenovo-IdeaPad-i5-13420H-Keyboard-83K100PLIN%2Fdp%2FB0FCY7BTCX%2Fref%3Dsr_1_21_sspa%3Fdib%3DeyJ2IjoiMSJ9.WNpp85Buul2KLMt7vVFOdkxpUoVMCEwP21T7ykBnw6CYPspn7kN8wiBKCV5OGVnDLEle61y1e2vyEgJbbhe127JM8Caj_ickk1SpsbXYgR7sWewezJ19b5rIsfqGCTFD-XTK414JEADDHMSO9iri69c-gNyRRiaKKCJlWJQO699o9DMuKUzy36247Bm4vjqxzYeB62jZ7u_Kh1v4zQ7akoccLWST2E_XiF4eRzQXuic.HAHZneGpq6848Kk5l3DFQ0ZsPK46LRKsVehRe73iyoQ%26dib_tag%3Dse%26keywords%3Dlaptops%26qid%3D1781072842%26sr%3D8-21-spons%26aref%3DplipCV49m8%26sp_csd%3Dd2lkZ2V0TmFtZT1zcF9idGY%26psc%3D1&aref=plipCV49m8&sp_cr=ZAZ
Amazon,laptops,1,"Lenovo Yoga Slim 7, Intel Core Ultra 5 125H, 16GB RAM, 512GB SSD, AI PC, WUXGA-OLED, 14""/35.5cm, Windows 11, Microsoft 3",₹84990.00,"₹1,13,290",(25% off),No,4.2,None,False,False,True,"Sponsored Sponsored You are seeing this ad based on the product’s relevance to your search query. Let us know Lenovo Yoga Slim 7, Intel Core Ultra 5 125H, 16GB RAM, 512GB SSD, AI PC, WUXGA-OLED, 14""/35.5cm, Windows 11, Microsoft 365 Basic + Office 2024, Grey, 1.39Kg, 83CV00DFIN, AI Powered Laptop 4.2 4.2 out of 5 stars (37) 100+ bought in past month Price, product page ₹84,990 ₹ 84,990 M.R.P: ₹1,1",https://www.amazon.in/sspa/click?ie=UTF8&spc=MTo1MTkzNTY0NTg0MzkyMTc2OjE3ODEwNzI4NDI6c3BfYnRmOjMwMDk2MTU0OTkxNjIzMjo6MDo6&url=%2FLenovo-WUXGA-OLED-Windows-Microsoft-83CV00DFIN%2Fdp%2FB0FNQYPBT9%2Fref%3Dsr_1_22_sspa%3Fdib%3DeyJ2IjoiMSJ9.WNpp85Buul2KLMt7vVFOdkxpUoVMCEwP21T7ykBnw6CYPspn7kN8wiBKCV5OGVnDLEle61y1e2vyEgJbbhe127JM8Caj_ickk1SpsbXYgR7sWewezJ19b5rIsfqGCTFD-XTK414JEADDHMSO9iri69c-gNyRRiaKKCJlWJQO699o9DMuKUzy36247Bm4vjqxzYeB62jZ7u_Kh1v4zQ7akoccLWST2E_XiF4eRzQXuic.HAHZneGpq6848Kk5l3DFQ0ZsPK46LRKsVehRe73iyoQ%26dib_tag%3Dse%26keywords%3Dlaptops%26qid%3D1781072842%26sr%3D8-22-spons%26aref%3DV4ohzTZHDu%26sp_csd%3Dd2lkZ2V0TmFtZT1zcF9idGY%26psc%3D1&aref=V4ohzTZHDu&sp_cr=ZAZ
Amazon,laptops,2,"Dell 15, 13th Gen Intel Core i5-1334U (16GB DDR4, 512GB SSD) Anti-Glare FHD 15.6""/39.62cm, Windows 11, Microsoft Office ",₹63490.00,"₹73,163",(13% off),No,3.8,None,False,False,True,"Sponsored Sponsored You are seeing this ad based on the product’s relevance to your search query. Let us know Dell 15, 13th Gen Intel Core i5-1334U (16GB DDR4, 512GB SSD) Anti-Glare FHD 15.6""/39.62cm, Windows 11, Microsoft Office Home 2024, Grey, 1.66kg, [Vostro 3530], 12 Month McAfee, Thin & Light Laptop 3.8 3.8 out of 5 stars (553) 500+ bought in past month Price, product page ₹63,490 ₹ 63,490 M",https://www.amazon.in/sspa/click?ie=UTF8&spc=MTo3MTE2OTU5MjQyMzE2Mzc6MTc4MTA3MjkwNzpzcF9hdGZfbmV4dDozMDA3NjQwMzY0MTgyMzI6OjA6Og&url=%2FDell-i5-1334U-Anti-Glare-Vostro-3530%2Fdp%2FB0D2Y1BLDT%2Fref%3Dsr_1_17_sspa%3Fdib%3DeyJ2IjoiMSJ9.tseiwX3rbTHkTpB38uQx5_lDk9xXuDY8qBQOk4WtRWCCUGaBHfmmEw76kIqnMqPZLJw_GCo7kS4q0AH4J2bx-1H_k1H7ruiVgu7ZMTKAX9YhQgt8sC_5UaIzy_SMx82eu-lwVwIi7r7sqOIlOOxIggoyRq1vZFlVLvX85LucL0VdH0iz0sUMYLn9DRHhFtJNUunkbX7WypOWqxVbJ-eLGJ7M8Ogf8Ffn4e2IqR2flGs.HGe79HPdEbAk6Dz4nsBGFoWK2UT1tZMapQqSORYoLGA%26dib_tag%3Dse%26keywords%3Dlaptops%26qid%3D1781072907%26aref%3D2wLeEr8099%26sp_csd%3Dd2lkZ2V0TmFtZT1zcF9hdGZfbmV4dA%26psc%3D1&aref=2wLeEr8099&sp_cr=ZAZ
Amazon,laptops,2,"ASUS Vivobook 16, Smartchoice, Intel Core Ultra 5 Series 2, 16GB RAM, 512GB SSD, FHD+ 16"", Windows 11, Office Home 2024,",₹67990.00,"₹92,990",(27% off),No,4.4,Limited time deal,True,False,False,"ASUS Vivobook 16, Smartchoice, Intel Core Ultra 5 Series 2, 16GB RAM, 512GB SSD, FHD+ 16"", Windows 11, Office Home 2024, Silver, 1.88kg, X1607CA-MB142WS, Intel iGPU, M365 Basic (1Year)* Laptop 4.4 4.4 out of 5 stars (80) 100+ bought in past month Limited time deal Price, product page ₹67,990 ₹ 67,990 M.R.P: ₹92,990 M.R.P: ₹92,990 ₹92,990 (27% off) Save extra with No Cost EMI Save extra with No Cos",https://www.amazon.in/ASUS-Vivobook-Backlit-Keyboard-X1607CA-MB142WS/dp/B0DT74FF9P/ref=sr_1_20?dib=eyJ2IjoiMSJ9.tseiwX3rbTHkTpB38uQx5_lDk9xXuDY8qBQOk4WtRWCCUGaBHfmmEw76kIqnMqPZLJw_GCo7kS4q0AH4J2bx-1H_k1H7ruiVgu7ZMTKAX9YhQgt8sC_5UaIzy_SMx82eu-lwVwIi7r7sqOIlOOxIggoyRq1vZFlVLvX85LucL0VdH0iz0sUMYLn9DRHhFtJNUunkbX7WypOWqxVbJ-eLGJ7M8Ogf8Ffn4e2IqR2flGs.HGe79HPdEbAk6Dz4nsBGFoWK2UT1tZMapQqSORYoLGA&dib_tag=se&keywords=laptops&qid=1781072907
Amazon,laptops,2,"ASUS Chromebook CX1405 (2026), Smartchoice,Intel N50 Processor, Intel UHD iGPU, 8GB RAM, 128GB SSD, FHD, 14"" (35.5 cm), ",₹30990.00,N/A,N/A,N/A,2.7,None,False,False,False,"ASUS Chromebook CX1405 (2026), Smartchoice,Intel N50 Processor, Intel UHD iGPU, 8GB RAM, 128GB SSD, FHD, 14"" (35.5 cm), Chrome OS, Pure Grey, 1.39 Kg, CX1405CTA-S60622, 42WHrs, Thin & Light Laptop 2.7 2.7 out of 5 stars (10) 100+ bought in past month Price, product page ₹30,990 ₹ 30,990 Up to 5% back with Amazon Pay ICICI card Up to 5% back with Amazon Pay ICI... FREE delivery Fri, 12 Jun Or faste",https://www.amazon.in/ASUS-Chromebook-Smartchoice-Processor-CX1405CTA-S60622/dp/B0GN2Y3T6M/ref=sr_1_21?dib=eyJ2IjoiMSJ9.tseiwX3rbTHkTpB38uQx5_lDk9xXuDY8qBQOk4WtRWCCUGaBHfmmEw76kIqnMqPZLJw_GCo7kS4q0AH4J2bx-1H_k1H7ruiVgu7ZMTKAX9YhQgt8sC_5UaIzy_SMx82eu-lwVwIi7r7sqOIlOOxIggoyRq1vZFlVLvX85LucL0VdH0iz0sUMYLn9DRHhFtJNUunkbX7WypOWqxVbJ-eLGJ7M8Ogf8Ffn4e2IqR2flGs.HGe79HPdEbAk6Dz4nsBGFoWK2UT1tZMapQqSORYoLGA&dib_tag=se&keywords=laptops&qid=1781072907
Amazon,laptops,2,"HP Pavilion Plus, Intel Core i5-1335U-13th Gen Laptop, (16GB LPDDR5x,512GB SSD),IPS, 300 nits, 14''(35.6cm) 2K,Win 11, M",₹64990.00,"₹83,999",(23% off),No,3.6,None,False,False,False,"HP Pavilion Plus, Intel Core i5-1335U-13th Gen Laptop, (16GB LPDDR5x,512GB SSD),IPS, 300 nits, 14''(35.6cm) 2K,Win 11, M365 Basic(1yr), Office Home 24, Silver,1.38kg, 5MP Camera w/Shutter, ew0107TU 3.6 3.6 out of 5 stars (52) 100+ bought in past month Price, product page ₹64,990 ₹ 64,990 M.R.P: ₹83,999 M.R.P: ₹83,999 ₹83,999 (23% off) Up to 5% back with Amazon Pay ICICI card Up to 5% back with Ama",https://www.amazon.in/HP-Pavilion-i5-1335U-13th-LPDDR5x-ew0107TU/dp/B07FLHBMXY/ref=sr_1_22?dib=eyJ2IjoiMSJ9.tseiwX3rbTHkTpB38uQx5_lDk9xXuDY8qBQOk4WtRWCCUGaBHfmmEw76kIqnMqPZLJw_GCo7kS4q0AH4J2bx-1H_k1H7ruiVgu7ZMTKAX9YhQgt8sC_5UaIzy_SMx82eu-lwVwIi7r7sqOIlOOxIggoyRq1vZFlVLvX85LucL0VdH0iz0sUMYLn9DRHhFtJNUunkbX7WypOWqxVbJ-eLGJ7M8Ogf8Ffn4e2IqR2flGs.HGe79HPdEbAk6Dz4nsBGFoWK2UT1tZMapQqSORYoLGA&dib_tag=se&keywords=laptops&qid=1781072907
Amazon,laptops,2,"ASUS Vivobook Go 15 (2025), AMD Ryzen 5 7520U Thin & Light Laptop(16GB RAM/512GB SSD/FHD/15.6""/60Hz/Windows 11/M365 Basi",₹52990.00,"₹54,990",(4% off),No,4.2,None,False,False,False,"ASUS Vivobook Go 15 (2025), AMD Ryzen 5 7520U Thin & Light Laptop(16GB RAM/512GB SSD/FHD/15.6""/60Hz/Windows 11/M365 Basic (1Year)*/Office Home 2024/Backlit KB/Mixed Black/1.63Kg) E1504FA-BQ2414WS 4.2 4.2 out of 5 stars (62) 50+ bought in past month Price, product page ₹52,990 ₹ 52,990 M.R.P: ₹54,990 M.R.P: ₹54,990 ₹54,990 (4% off) Up to 5% back with Amazon Pay ICICI card Up to 5% back with Amazon ",https://www.amazon.in/ASUS-Vivobook-Windows-Backlit-E1504FA-BQ2414WS/dp/B0FRND8VVY/ref=sr_1_23?dib=eyJ2IjoiMSJ9.tseiwX3rbTHkTpB38uQx5_lDk9xXuDY8qBQOk4WtRWCCUGaBHfmmEw76kIqnMqPZLJw_GCo7kS4q0AH4J2bx-1H_k1H7ruiVgu7ZMTKAX9YhQgt8sC_5UaIzy_SMx82eu-lwVwIi7r7sqOIlOOxIggoyRq1vZFlVLvX85LucL0VdH0iz0sUMYLn9DRHhFtJNUunkbX7WypOWqxVbJ-eLGJ7M8Ogf8Ffn4e2IqR2flGs.HGe79HPdEbAk6Dz4nsBGFoWK2UT1tZMapQqSORYoLGA&dib_tag=se&keywords=laptops&qid=1781072907
Amazon,laptops,2,Lenovo IdeaPad Slim 3 12th Gen Intel Core i5-12450H 15.6 Inch (39.6cm) FHD Thin & Light Laptop (16GB/512GB SSD/Windows 1,₹64250.00,"₹76,690",(16% off),No,4.5,Only 2 left,True,False,False,"Lenovo IdeaPad Slim 3 12th Gen Intel Core i5-12450H 15.6 Inch (39.6cm) FHD Thin & Light Laptop (16GB/512GB SSD/Windows 11/Office Home 2024/3months Game Pass/Arctic Grey/1.62Kg), 83ER00MCIN 4.5 4.5 out of 5 stars (19) 50+ bought in past month Price, product page ₹64,250 ₹ 64,250 M.R.P: ₹76,690 M.R.P: ₹76,690 ₹76,690 (16% off) Up to 5% back with Amazon Pay ICICI card Up to 5% back with Amazon Pay IC",https://www.amazon.in/Lenovo-IdeaPad-i5-12450H-Windows-83ER00MCIN/dp/B0FJF95B56/ref=sr_1_25?dib=eyJ2IjoiMSJ9.tseiwX3rbTHkTpB38uQx5_lDk9xXuDY8qBQOk4WtRWCCUGaBHfmmEw76kIqnMqPZLJw_GCo7kS4q0AH4J2bx-1H_k1H7ruiVgu7ZMTKAX9YhQgt8sC_5UaIzy_SMx82eu-lwVwIi7r7sqOIlOOxIggoyRq1vZFlVLvX85LucL0VdH0iz0sUMYLn9DRHhFtJNUunkbX7WypOWqxVbJ-eLGJ7M8Ogf8Ffn4e2IqR2flGs.HGe79HPdEbAk6Dz4nsBGFoWK2UT1tZMapQqSORYoLGA&dib_tag=se&keywords=laptops&qid=1781072907
Amazon,laptops,2,"ASUS Vivobook S14,Smartchoice,AMD Ryzen AI 7 350,16GB RAM,1TB SSD,OLED, 14"",Windows 11, Office24, M365 Basic (1Yr)*,Cool",N/A,N/A,N/A,N/A,4.0,None,False,False,False,"ASUS Vivobook S14,Smartchoice,AMD Ryzen AI 7 350,16GB RAM,1TB SSD,OLED, 14"",Windows 11, Office24, M365 Basic (1Yr)*,Cool Silver,1.4Kg,M3407KA-SF048WS,50Tops,Metallic Design,Next-Gen AI Laptop,Copilot+ 4.0 4.0 out of 5 stars (17) 50+ bought in past month Currently unavailable. See options",https://www.amazon.in/ASUS-Vivobook-Smartchoice-Office24-M3407KA-SF048WS/dp/B0FMRSTPLB/ref=sr_1_26?dib=eyJ2IjoiMSJ9.tseiwX3rbTHkTpB38uQx5_lDk9xXuDY8qBQOk4WtRWCCUGaBHfmmEw76kIqnMqPZLJw_GCo7kS4q0AH4J2bx-1H_k1H7ruiVgu7ZMTKAX9YhQgt8sC_5UaIzy_SMx82eu-lwVwIi7r7sqOIlOOxIggoyRq1vZFlVLvX85LucL0VdH0iz0sUMYLn9DRHhFtJNUunkbX7WypOWqxVbJ-eLGJ7M8Ogf8Ffn4e2IqR2flGs.HGe79HPdEbAk6Dz4nsBGFoWK2UT1tZMapQqSORYoLGA&dib_tag=se&keywords=laptops&qid=1781072907
Amazon,laptops,2,Lenovo Chromebook Intel Celeron N4500 (4GB RAM/64GB eMMC 5.1/11.6 Inch (29.46cm)/HD Display/2Wx2 Stereo Speakers/HD Came,₹17990.00,"₹36,502",(51% off),No,3.9,None,False,False,False,"Lenovo Chromebook Intel Celeron N4500 (4GB RAM/64GB eMMC 5.1/11.6 Inch (29.46cm)/HD Display/2Wx2 Stereo Speakers/HD Camera/Chrome OS/Blue/1.21Kg), 82UY0014HA 3.9 3.9 out of 5 stars (180) 100+ bought in past month Price, product page ₹17,990 ₹ 17,990 M.R.P: ₹36,502 M.R.P: ₹36,502 ₹36,502 (51% off) Up to 5% back with Amazon Pay ICICI card Up to 5% back with Amazon Pay ICI... FREE delivery Fri, 12 Ju",https://www.amazon.in/Lenovo-SmartChoice-Chromebook-Speakers-82UY0014HA/dp/B0F2TMZJ24/ref=sr_1_29?dib=eyJ2IjoiMSJ9.tseiwX3rbTHkTpB38uQx5_lDk9xXuDY8qBQOk4WtRWCCUGaBHfmmEw76kIqnMqPZLJw_GCo7kS4q0AH4J2bx-1H_k1H7ruiVgu7ZMTKAX9YhQgt8sC_5UaIzy_SMx82eu-lwVwIi7r7sqOIlOOxIggoyRq1vZFlVLvX85LucL0VdH0iz0sUMYLn9DRHhFtJNUunkbX7WypOWqxVbJ-eLGJ7M8Ogf8Ffn4e2IqR2flGs.HGe79HPdEbAk6Dz4nsBGFoWK2UT1tZMapQqSORYoLGA&dib_tag=se&keywords=laptops&qid=1781072907
Amazon,laptops,2,"Dell 15, Smart Choice AMD Ryzen 7-7730U, 16GB DDR4, 512GB SSD, FHD, 15.6""/39.6cm, Windows 11, Microsoft Office Home 2024",₹58990.00,"₹77,528",(24% off),No,3.5,None,False,False,False,"Dell 15, Smart Choice AMD Ryzen 7-7730U, 16GB DDR4, 512GB SSD, FHD, 15.6""/39.6cm, Windows 11, Microsoft Office Home 2024, Silver, 1.63Kg, 120Hz 250nits, AMD Radeon Graphics, Thin & Light Laptop 3.5 3.5 out of 5 stars (43) 100+ bought in past month Price, product page ₹58,990 ₹ 58,990 M.R.P: ₹77,528 M.R.P: ₹77,528 ₹77,528 (24% off) Save extra with No Cost EMI Save extra with No Cost EMI FREE delive",https://www.amazon.in/Dell-15-Platinum-Graphics-Standard/dp/B0FDQ2R315/ref=sr_1_30?dib=eyJ2IjoiMSJ9.tseiwX3rbTHkTpB38uQx5_lDk9xXuDY8qBQOk4WtRWCCUGaBHfmmEw76kIqnMqPZLJw_GCo7kS4q0AH4J2bx-1H_k1H7ruiVgu7ZMTKAX9YhQgt8sC_5UaIzy_SMx82eu-lwVwIi7r7sqOIlOOxIggoyRq1vZFlVLvX85LucL0VdH0iz0sUMYLn9DRHhFtJNUunkbX7WypOWqxVbJ-eLGJ7M8Ogf8Ffn4e2IqR2flGs.HGe79HPdEbAk6Dz4nsBGFoWK2UT1tZMapQqSORYoLGA&dib_tag=se&keywords=laptops&qid=1781072907
Amazon,laptops,2,𝗗𝗲𝗹𝗹Laptop Model 5400 Laptop | InteI Core i5 8th Gen | 8GB RAM | 256GB SSD | 14” FHD Display | Win 10 | Business Laptop ,₹28250.00,"₹50,995",(45% off),No,5.0,None,False,False,False,"𝗗𝗲𝗹𝗹Laptop Model 5400 Laptop | InteI Core i5 8th Gen | 8GB RAM | 256GB SSD | 14” FHD Display | Win 10 | Business Laptop | Seller Warranty | A+ Condition (Refab) 5.0 5.0 out of 5 stars (1) Price, product page ₹28,250 ₹ 28,250 M.R.P: ₹50,995 M.R.P: ₹50,995 ₹50,995 (45% off) Up to 5% back with Amazon Pay ICICI card Up to 5% back with Amazon Pay ICI... FREE delivery Fri, 12 Jun Add to cart",https://www.amazon.in/%F0%9D%97%97%F0%9D%97%B2%F0%9D%97%B9%F0%9D%97%B9Laptop-5400-8th-Gen-Condition/dp/B0GXP82YKC/ref=sr_1_31?dib=eyJ2IjoiMSJ9.tseiwX3rbTHkTpB38uQx5_lDk9xXuDY8qBQOk4WtRWCCUGaBHfmmEw76kIqnMqPZLJw_GCo7kS4q0AH4J2bx-1H_k1H7ruiVgu7ZMTKAX9YhQgt8sC_5UaIzy_SMx82eu-lwVwIi7r7sqOIlOOxIggoyRq1vZFlVLvX85LucL0VdH0iz0sUMYLn9DRHhFtJNUunkbX7WypOWqxVbJ-eLGJ7M8Ogf8Ffn4e2IqR2flGs.HGe79HPdEbAk6Dz4nsBGFoWK2UT1tZMapQqSORYoLGA&dib_tag=se&keywords=laptops&qid=1781072907
Amazon,laptops,2,"Apple 2026 MacBook Air 13″ Laptop with M5 chip: AI and Apple Intelligence, 34.46 cm (13.6″) Liquid Retina Display, 16GB ",₹110300.00,"₹1,19,900",(8% off),No,4.8,None,False,False,False,"Apple 2026 MacBook Air 13″ Laptop with M5 chip: AI and Apple Intelligence, 34.46 cm (13.6″) Liquid Retina Display, 16GB Unified Memory, 512GB SSD Storage, 12MP Center Stage Camera, Touch ID; Sky Blue 4.8 4.8 out of 5 stars (31) 500+ bought in past month Price, product page ₹1,10,300 ₹ 1,10,300 M.R.P: ₹1,19,900 M.R.P: ₹1,19,900 ₹1,19,900 (8% off) Up to 5% back with Amazon Pay ICICI card Up to 5% ba",https://www.amazon.in/Apple-2026-MacBook-Laptop-chip/dp/B0GR1RQ144/ref=sr_1_32?dib=eyJ2IjoiMSJ9.tseiwX3rbTHkTpB38uQx5_lDk9xXuDY8qBQOk4WtRWCCUGaBHfmmEw76kIqnMqPZLJw_GCo7kS4q0AH4J2bx-1H_k1H7ruiVgu7ZMTKAX9YhQgt8sC_5UaIzy_SMx82eu-lwVwIi7r7sqOIlOOxIggoyRq1vZFlVLvX85LucL0VdH0iz0sUMYLn9DRHhFtJNUunkbX7WypOWqxVbJ-eLGJ7M8Ogf8Ffn4e2IqR2flGs.HGe79HPdEbAk6Dz4nsBGFoWK2UT1tZMapQqSORYoLGA&dib_tag=se&keywords=laptops&qid=1781072907
Amazon,laptops,2,"HP Smartchoice Victus, 14th Gen Intel Core i5-14450HX, 6GB RTX 3050 (24GB DDR5, 512GB SSD) FHD, 144Hz, 15.6''/39.6cm, Wi",₹89990.00,"₹1,01,199.59",(11% off),No,4.2,None,False,False,False,"HP Smartchoice Victus, 14th Gen Intel Core i5-14450HX, 6GB RTX 3050 (24GB DDR5, 512GB SSD) FHD, 144Hz, 15.6''/39.6cm, Win11, M365* Office24, Mica Silver, 2.3kg, fa2303tx/fa2315tx, RGB Gaming Laptop 4.2 4.2 out of 5 stars (27) 100+ bought in past month Price, product page ₹89,990 ₹ 89,990 M.R.P: ₹1,01,199.59 M.R.P: ₹1,01,199.59 ₹1,01,199.59 (11% off) Save extra with No Cost EMI Save extra with No C",https://www.amazon.in/HP-Smartchoice-i5-14450HX-Office24-fa2303tx/dp/B0G46HR61G/ref=sr_1_33?dib=eyJ2IjoiMSJ9.tseiwX3rbTHkTpB38uQx5_lDk9xXuDY8qBQOk4WtRWCCUGaBHfmmEw76kIqnMqPZLJw_GCo7kS4q0AH4J2bx-1H_k1H7ruiVgu7ZMTKAX9YhQgt8sC_5UaIzy_SMx82eu-lwVwIi7r7sqOIlOOxIggoyRq1vZFlVLvX85LucL0VdH0iz0sUMYLn9DRHhFtJNUunkbX7WypOWqxVbJ-eLGJ7M8Ogf8Ffn4e2IqR2flGs.HGe79HPdEbAk6Dz4nsBGFoWK2UT1tZMapQqSORYoLGA&dib_tag=se&keywords=laptops&qid=1781072907
Amazon,laptops,2,"HP Smartchoice OmniBook 5 OLED (Previously Pavilion), Snapdragon X Processor (16GB LPDDR5x, 512GB SSD) 2K, 14''/35.6cm, ",₹79990.00,"₹83,704",(4% off),No,4.2,None,False,False,False,"HP Smartchoice OmniBook 5 OLED (Previously Pavilion), Snapdragon X Processor (16GB LPDDR5x, 512GB SSD) 2K, 14''/35.6cm, Win11, M365(1yr)* Office24, Silver, 1.35kg, he0014QU, Next-Gen AI Laptop 4.2 4.2 out of 5 stars (292) 400+ bought in past month Price, product page ₹79,990 ₹ 79,990 M.R.P: ₹83,704 M.R.P: ₹83,704 ₹83,704 (4% off) Save extra with No Cost EMI Save extra with No Cost EMI FREE deliver",https://www.amazon.in/HP-Previously-Snapdragon-Processor-Light-Weight/dp/B0F8P4Y7VF/ref=sr_1_34?dib=eyJ2IjoiMSJ9.tseiwX3rbTHkTpB38uQx5_lDk9xXuDY8qBQOk4WtRWCCUGaBHfmmEw76kIqnMqPZLJw_GCo7kS4q0AH4J2bx-1H_k1H7ruiVgu7ZMTKAX9YhQgt8sC_5UaIzy_SMx82eu-lwVwIi7r7sqOIlOOxIggoyRq1vZFlVLvX85LucL0VdH0iz0sUMYLn9DRHhFtJNUunkbX7WypOWqxVbJ-eLGJ7M8Ogf8Ffn4e2IqR2flGs.HGe79HPdEbAk6Dz4nsBGFoWK2UT1tZMapQqSORYoLGA&dib_tag=se&keywords=laptops&qid=1781072907
Amazon,laptops,2,"Primebook 2 Pro (2026) | 8GB RAM, 128GB UFS Storage | 14.1-Inch FHD IPS Display | 14 Hours Battery | MediaTek Helio G99 ",₹25990.00,"₹49,990",(48% off),No,4.4,None,False,False,False,"Primebook 2 Pro (2026) | 8GB RAM, 128GB UFS Storage | 14.1-Inch FHD IPS Display | 14 Hours Battery | MediaTek Helio G99 | Android 15 (PrimeOS 3.0) | Backlit Keyboard | in-Built AI (Gray) 4.4 4.4 out of 5 stars (685) 400+ bought in past month Price, product page ₹25,990 ₹ 25,990 M.R.P: ₹49,990 M.R.P: ₹49,990 ₹49,990 (48% off) Up to 5% back with Amazon Pay ICICI card Up to 5% back with Amazon Pay IC",https://www.amazon.in/Primebook-Storage-14-1-Inch-MediaTek-Keyboard/dp/B0FFM8M9B5/ref=sr_1_35?dib=eyJ2IjoiMSJ9.tseiwX3rbTHkTpB38uQx5_lDk9xXuDY8qBQOk4WtRWCCUGaBHfmmEw76kIqnMqPZLJw_GCo7kS4q0AH4J2bx-1H_k1H7ruiVgu7ZMTKAX9YhQgt8sC_5UaIzy_SMx82eu-lwVwIi7r7sqOIlOOxIggoyRq1vZFlVLvX85LucL0VdH0iz0sUMYLn9DRHhFtJNUunkbX7WypOWqxVbJ-eLGJ7M8Ogf8Ffn4e2IqR2flGs.HGe79HPdEbAk6Dz4nsBGFoWK2UT1tZMapQqSORYoLGA&dib_tag=se&keywords=laptops&qid=1781072907
Amazon,laptops,2,"Lenovo IdeaPad Slim 3, AMD Ryzen 7 8840HS, 24GB RAM, 1TB SSD, WUXGA IPS, AI PC, 15.3""/38.8cm, Backlit Keyboard, Windows ",₹81990.00,"₹94,890",(14% off),No,4.1,None,False,False,False,"Lenovo IdeaPad Slim 3, AMD Ryzen 7 8840HS, 24GB RAM, 1TB SSD, WUXGA IPS, AI PC, 15.3""/38.8cm, Backlit Keyboard, Windows 11, Office Home 2024, Grey, 1.6Kg, 1Yr ADP Free, 83KA004TIN, AI Powered Laptop 4.1 4.1 out of 5 stars (77) 50+ bought in past month Price, product page ₹81,990 ₹ 81,990 M.R.P: ₹94,890 M.R.P: ₹94,890 ₹94,890 (14% off) Up to 5% back with Amazon Pay ICICI card Up to 5% back with Ama",https://www.amazon.in/Lenovo-IdeaPad-Windows-Keyboard-83KA004TIN/dp/B0FCYB67QJ/ref=sr_1_36?dib=eyJ2IjoiMSJ9.tseiwX3rbTHkTpB38uQx5_lDk9xXuDY8qBQOk4WtRWCCUGaBHfmmEw76kIqnMqPZLJw_GCo7kS4q0AH4J2bx-1H_k1H7ruiVgu7ZMTKAX9YhQgt8sC_5UaIzy_SMx82eu-lwVwIi7r7sqOIlOOxIggoyRq1vZFlVLvX85LucL0VdH0iz0sUMYLn9DRHhFtJNUunkbX7WypOWqxVbJ-eLGJ7M8Ogf8Ffn4e2IqR2flGs.HGe79HPdEbAk6Dz4nsBGFoWK2UT1tZMapQqSORYoLGA&dib_tag=se&keywords=laptops&qid=1781072907
Amazon,laptops,2,"HP OmniBook 3, AMD Ryzen AI 5 330 (24GB DDR5 RAM, 1TB SSD) FHD, Anti-Glare, 15.6''/39.6cm, Win11, Office24, Glacier Silv",₹68990.00,"₹83,567",(17% off),No,5.0,None,False,False,True,"Sponsored Sponsored You are seeing this ad based on the product’s relevance to your search query. Let us know HP OmniBook 3, AMD Ryzen AI 5 330 (24GB DDR5 RAM, 1TB SSD) FHD, Anti-Glare, 15.6''/39.6cm, Win11, Office24, Glacier Silver,1.7kg, fn0074AU, FHD Camera w/Shutter, FPR, Backlit KB, Next Gen AI Laptop 5.0 5.0 out of 5 stars (10) 100+ bought in past month Price, product page ₹68,990 ₹ 68,990 M",https://www.amazon.in/sspa/click?ie=UTF8&spc=MTo3MTE2OTU5MjQyMzE2Mzc6MTc4MTA3MjkwNzpzcF9idGY6MzAxMDk4MTI5MDY4MzMyOjowOjo&url=%2FHP-OmniBook-Processor-Anti-Glare-Fingerprint%2Fdp%2FB0GLGP1TNT%2Fref%3Dsr_1_38_sspa%3Fdib%3DeyJ2IjoiMSJ9.tseiwX3rbTHkTpB38uQx5_lDk9xXuDY8qBQOk4WtRWCCUGaBHfmmEw76kIqnMqPZLJw_GCo7kS4q0AH4J2bx-1H_k1H7ruiVgu7ZMTKAX9YhQgt8sC_5UaIzy_SMx82eu-lwVwIi7r7sqOIlOOxIggoyRq1vZFlVLvX85LucL0VdH0iz0sUMYLn9DRHhFtJNUunkbX7WypOWqxVbJ-eLGJ7M8Ogf8Ffn4e2IqR2flGs.HGe79HPdEbAk6Dz4nsBGFoWK2UT1tZMapQqSORYoLGA%26dib_tag%3Dse%26keywords%3Dlaptops%26qid%3D1781072907%26aref%3DOXXgSY2J4Z%26sp_csd%3Dd2lkZ2V0TmFtZT1zcF9idGY%26psc%3D1&aref=OXXgSY2J4Z&sp_cr=ZAZ
Amazon,laptops,3,"HP Victus, AMD Ryzen 7 7445HS, 4GB RTX 2050, 16GB DDR5(Upgradable) 512GB SSD, FHD, 144Hz, 300 nits, IPS, 15.6''/39.6cm, ",₹67990.00,"₹74,026",(8% off),No,4.2,None,False,False,False,"HP Victus, AMD Ryzen 7 7445HS, 4GB RTX 2050, 16GB DDR5(Upgradable) 512GB SSD, FHD, 144Hz, 300 nits, IPS, 15.6''/39.6cm, Win11, M365* Office24, Mica Silver, 2.29kg, fb3123AX, Backlit, Gaming Laptop 4.2 4.2 out of 5 stars (366) 200+ bought in past month Price, product page ₹67,990 ₹ 67,990 M.R.P: ₹74,026 M.R.P: ₹74,026 ₹74,026 (8% off) Up to 5% back with Amazon Pay ICICI card Up to 5% back with Amaz",https://www.amazon.in/HP-Upgradable-Office24-fb3123AX-Backlit/dp/B0G9239R5S/ref=sr_1_35?dib=eyJ2IjoiMSJ9.wA4f7Gl9i_Vz2g2mXcNtsg61zGYtWtZJV2Y91WCyN6m_2m58sEKZw9d2uRdhAmn-qivbCXLWpDoB3lbxddV9PNWM1U9MAVBzeYvI8_aFmiy8GviB7CeI5CTzYwGWNjgP7OUoag_VewybCJPOiT6iMA7vCgZlYX0fHqcxfHWWexUkQCoTCaD9KvCseEmmubnCChWKJ-ilkqfUiI3hgn3qcey9HRo44YmLOA0PTMyY990.aVHm2gGXX5SEb4UFRUaob_7jHlAvAZrk2kuo7Qqi1Rw&dib_tag=se&keywords=laptops&qid=1781072968
Amazon,laptops,3,"acer SmartChoice Aspire Lite, AMD Ryzen 5-5625U Processor, 16 GB/512 GB, Full HD, 15.6""/39.62 cm, Windows 11 Home, Steel",₹54990.00,"₹58,990",(7% off),No,4.0,None,False,False,False,"acer SmartChoice Aspire Lite, AMD Ryzen 5-5625U Processor, 16 GB/512 GB, Full HD, 15.6""/39.62 cm, Windows 11 Home, Steel Gray, 1.59 kg, AL15-41, Metal Body, Thin and Light Laptop 4.0 4.0 out of 5 stars (893) 200+ bought in past month Price, product page ₹54,990 ₹ 54,990 M.R.P: ₹58,990 M.R.P: ₹58,990 ₹58,990 (7% off) Up to 5% back with Amazon Pay ICICI card Up to 5% back with Amazon Pay ICI... FREE",https://www.amazon.in/5-5625U-Premium-Windows-AL15-41-Display/dp/B0DG2GCTD7/ref=sr_1_36?dib=eyJ2IjoiMSJ9.wA4f7Gl9i_Vz2g2mXcNtsg61zGYtWtZJV2Y91WCyN6m_2m58sEKZw9d2uRdhAmn-qivbCXLWpDoB3lbxddV9PNWM1U9MAVBzeYvI8_aFmiy8GviB7CeI5CTzYwGWNjgP7OUoag_VewybCJPOiT6iMA7vCgZlYX0fHqcxfHWWexUkQCoTCaD9KvCseEmmubnCChWKJ-ilkqfUiI3hgn3qcey9HRo44YmLOA0PTMyY990.aVHm2gGXX5SEb4UFRUaob_7jHlAvAZrk2kuo7Qqi1Rw&dib_tag=se&keywords=laptops&qid=1781072968
Amazon,laptops,3,"HP 15, Intel Core Ultra 5 125H (16GB DDR5, 1TB SSD) FHD, IPS, 15.6''/39.6cm, Win11, M365 Basic(1yr)*Office24, Silver, 1.",₹79990.00,"₹86,451",(7% off),No,3.8,None,False,False,False,"HP 15, Intel Core Ultra 5 125H (16GB DDR5, 1TB SSD) FHD, IPS, 15.6''/39.6cm, Win11, M365 Basic(1yr)*Office24, Silver, 1.65kg, fd1354TU, Intel Arc Graphics, FHD Camera w/Shutter, AI Powered Laptop 3.8 3.8 out of 5 stars (369) 50+ bought in past month Price, product page ₹79,990 ₹ 79,990 M.R.P: ₹86,451 M.R.P: ₹86,451 ₹86,451 (7% off) Save extra with No Cost EMI Save extra with No Cost EMI FREE deliv",https://www.amazon.in/HP-Office24-fd1354TU-Graphics-Shutter/dp/B0F5B1N9SJ/ref=sr_1_37?dib=eyJ2IjoiMSJ9.wA4f7Gl9i_Vz2g2mXcNtsg61zGYtWtZJV2Y91WCyN6m_2m58sEKZw9d2uRdhAmn-qivbCXLWpDoB3lbxddV9PNWM1U9MAVBzeYvI8_aFmiy8GviB7CeI5CTzYwGWNjgP7OUoag_VewybCJPOiT6iMA7vCgZlYX0fHqcxfHWWexUkQCoTCaD9KvCseEmmubnCChWKJ-ilkqfUiI3hgn3qcey9HRo44YmLOA0PTMyY990.aVHm2gGXX5SEb4UFRUaob_7jHlAvAZrk2kuo7Qqi1Rw&dib_tag=se&keywords=laptops&qid=1781072968
Amazon,laptops,3,"Lenovo V15 AMD Ryzen 7 7730U 15.6"" (39.62cm) FHD 250 Nits Antiglare Thin and Light Laptop (Free MS Office) Lifetime (16G",₹59999.00,"₹81,000",(26% off),No,4.2,None,False,False,False,"Lenovo V15 AMD Ryzen 7 7730U 15.6"" (39.62cm) FHD 250 Nits Antiglare Thin and Light Laptop (Free MS Office) Lifetime (16GB/512GB SSD/Windows 11/Iron Grey/1.65 Kg) 1 Year Brand Warranty, 83CRA01SIN 4.2 4.2 out of 5 stars (188) Price, product page ₹59,999 ₹ 59,999 M.R.P: ₹81,000 M.R.P: ₹81,000 ₹81,000 (26% off) Up to 5% back with Amazon Pay ICICI card Up to 5% back with Amazon Pay ICI... FREE deliver",https://www.amazon.in/Lenovo-V15-Antiglare-Lifetime-83CRA01SIN/dp/B0DDY1HWZL/ref=sr_1_38?dib=eyJ2IjoiMSJ9.wA4f7Gl9i_Vz2g2mXcNtsg61zGYtWtZJV2Y91WCyN6m_2m58sEKZw9d2uRdhAmn-qivbCXLWpDoB3lbxddV9PNWM1U9MAVBzeYvI8_aFmiy8GviB7CeI5CTzYwGWNjgP7OUoag_VewybCJPOiT6iMA7vCgZlYX0fHqcxfHWWexUkQCoTCaD9KvCseEmmubnCChWKJ-ilkqfUiI3hgn3qcey9HRo44YmLOA0PTMyY990.aVHm2gGXX5SEb4UFRUaob_7jHlAvAZrk2kuo7Qqi1Rw&dib_tag=se&keywords=laptops&qid=1781072968
Amazon,laptops,3,"Lenovo IdeaPad Slim 3 13th Gen Intel Core i5-13420H 15.3""(38.8cm) WUXGA IPS Laptop(16GB RAM/512GB SSD/Win 11/Office Home",₹67333.00,"₹81,390",(17% off),No,4.2,None,False,False,False,"Lenovo IdeaPad Slim 3 13th Gen Intel Core i5-13420H 15.3""(38.8cm) WUXGA IPS Laptop(16GB RAM/512GB SSD/Win 11/Office Home 2024/Backlit/1Yr ADP Free/Top Metal Cover & IR Camera/Grey/1.6Kg), 83K100CGIN 4.2 4.2 out of 5 stars (94) Price, product page ₹67,333 ₹ 67,333 M.R.P: ₹81,390 M.R.P: ₹81,390 ₹81,390 (17% off) Save extra with No Cost EMI Save extra with No Cost EMI FREE delivery Fri, 12 Jun Or fas",https://www.amazon.in/Lenovo-IdeaPad-i5-13420H-Backlit-83K100CGIN/dp/B0F637DPFW/ref=sr_1_39?dib=eyJ2IjoiMSJ9.wA4f7Gl9i_Vz2g2mXcNtsg61zGYtWtZJV2Y91WCyN6m_2m58sEKZw9d2uRdhAmn-qivbCXLWpDoB3lbxddV9PNWM1U9MAVBzeYvI8_aFmiy8GviB7CeI5CTzYwGWNjgP7OUoag_VewybCJPOiT6iMA7vCgZlYX0fHqcxfHWWexUkQCoTCaD9KvCseEmmubnCChWKJ-ilkqfUiI3hgn3qcey9HRo44YmLOA0PTMyY990.aVHm2gGXX5SEb4UFRUaob_7jHlAvAZrk2kuo7Qqi1Rw&dib_tag=se&keywords=laptops&qid=1781072968
Amazon,laptops,3,"BrowseBook 14.1"" FHD IPS Laptop | Best Student & Office Work Laptop | Celeron N4020 | 4GB RAM | 128GB SSD | Windows 11 |",₹20990.00,"₹30,000",(30% off),No,2.7,None,False,False,False,"BrowseBook 14.1"" FHD IPS Laptop | Best Student & Office Work Laptop | Celeron N4020 | 4GB RAM | 128GB SSD | Windows 11 | 38Wh | 1.3kg | Grey 2.7 2.7 out of 5 stars (198) Price, product page ₹20,990 ₹ 20,990 M.R.P: ₹30,000 M.R.P: ₹30,000 ₹30,000 (30% off) Up to 5% back with Amazon Pay ICICI card Up to 5% back with Amazon Pay ICI... FREE delivery Fri, 12 Jun Or fastest delivery Tomorrow 8 am - 12 pm",https://www.amazon.in/Neopticon-BrowseBook-Student-Celeron-Windows/dp/B0FC64RYH1/ref=sr_1_40?dib=eyJ2IjoiMSJ9.wA4f7Gl9i_Vz2g2mXcNtsg61zGYtWtZJV2Y91WCyN6m_2m58sEKZw9d2uRdhAmn-qivbCXLWpDoB3lbxddV9PNWM1U9MAVBzeYvI8_aFmiy8GviB7CeI5CTzYwGWNjgP7OUoag_VewybCJPOiT6iMA7vCgZlYX0fHqcxfHWWexUkQCoTCaD9KvCseEmmubnCChWKJ-ilkqfUiI3hgn3qcey9HRo44YmLOA0PTMyY990.aVHm2gGXX5SEb4UFRUaob_7jHlAvAZrk2kuo7Qqi1Rw&dib_tag=se&keywords=laptops&qid=1781072968
Amazon,laptops,3,"HP Professional 15 (2026), Intel (i3 14th Gen) Core 3 100U - (16 GB/512 GB SSD/Intel UHD Graphics/Windows 11 Home) Thin ",₹53990.00,"₹75,000",(28% off),No,N/A,Only 2 left,True,False,False,"HP Professional 15 (2026), Intel (i3 14th Gen) Core 3 100U - (16 GB/512 GB SSD/Intel UHD Graphics/Windows 11 Home) Thin & Light Business Laptop/15.6"" Display/Turbo Silver/Copilot Key/1.5kg/MS Office Price, product page ₹53,990 ₹ 53,990 M.R.P: ₹75,000 M.R.P: ₹75,000 ₹75,000 (28% off) Up to 5% back with Amazon Pay ICICI card Up to 5% back with Amazon Pay ICI... FREE delivery Mon, 15 Jun Only 2 left ",https://www.amazon.in/HP-Professional-15-Intel-14th/dp/B0GHSN1N24/ref=sr_1_41?dib=eyJ2IjoiMSJ9.wA4f7Gl9i_Vz2g2mXcNtsg61zGYtWtZJV2Y91WCyN6m_2m58sEKZw9d2uRdhAmn-qivbCXLWpDoB3lbxddV9PNWM1U9MAVBzeYvI8_aFmiy8GviB7CeI5CTzYwGWNjgP7OUoag_VewybCJPOiT6iMA7vCgZlYX0fHqcxfHWWexUkQCoTCaD9KvCseEmmubnCChWKJ-ilkqfUiI3hgn3qcey9HRo44YmLOA0PTMyY990.aVHm2gGXX5SEb4UFRUaob_7jHlAvAZrk2kuo7Qqi1Rw&dib_tag=se&keywords=laptops&qid=1781072968
Amazon,laptops,3,Acer Aspire 3 Laptop Intel Core Celeron N4500 Processor Laptop (8 GB LPDDR4X SDRAM/256 GB SSD/Win11 Home/38 WHR/HD Webca,₹36990.00,"₹39,999",(8% off),No,3.6,None,False,False,False,"Acer Aspire 3 Laptop Intel Core Celeron N4500 Processor Laptop (8 GB LPDDR4X SDRAM/256 GB SSD/Win11 Home/38 WHR/HD Webcam) A325-45 with 39.63 cm (15.6"") HD Display, Pure Silver, 1.5 KG 3.6 3.6 out of 5 stars (465) Price, product page ₹36,990 ₹ 36,990 M.R.P: ₹39,999 M.R.P: ₹39,999 ₹39,999 (8% off) Up to 5% back with Amazon Pay ICICI card Up to 5% back with Amazon Pay ICI... FREE delivery Fri, 12 Ju",https://www.amazon.in/Acer-Celeron-Processor-LPDDR4X-A325-45/dp/B0D7PTFFZH/ref=sr_1_42?dib=eyJ2IjoiMSJ9.wA4f7Gl9i_Vz2g2mXcNtsg61zGYtWtZJV2Y91WCyN6m_2m58sEKZw9d2uRdhAmn-qivbCXLWpDoB3lbxddV9PNWM1U9MAVBzeYvI8_aFmiy8GviB7CeI5CTzYwGWNjgP7OUoag_VewybCJPOiT6iMA7vCgZlYX0fHqcxfHWWexUkQCoTCaD9KvCseEmmubnCChWKJ-ilkqfUiI3hgn3qcey9HRo44YmLOA0PTMyY990.aVHm2gGXX5SEb4UFRUaob_7jHlAvAZrk2kuo7Qqi1Rw&dib_tag=se&keywords=laptops&qid=1781072968
Amazon,laptops,3,"ASUS Vivobook 15, Smartchoice,Intel Core i3 13th Gen 1315U, 12GB RAM, 512GB SSD, FHD 15.6"", Win 11, Office 2024, Quiet B",₹51990.00,N/A,N/A,N/A,4.3,None,False,False,False,"ASUS Vivobook 15, Smartchoice,Intel Core i3 13th Gen 1315U, 12GB RAM, 512GB SSD, FHD 15.6"", Win 11, Office 2024, Quiet Blue, 1.7Kg, X1504VA-BQ332WS, Intel UHD iGPU, M365 Basic (1Year)*, 42Whrs Laptop 4.3 4.3 out of 5 stars (217) 200+ bought in past month Price, product page ₹51,990 ₹ 51,990 Save extra with No Cost EMI Save extra with No Cost EMI FREE delivery Fri, 12 Jun Or fastest delivery Tomorr",https://www.amazon.in/ASUS-Vivobook-Windows-Office-X1504VA-BQ332WS/dp/B0FKBM4SWJ/ref=sr_1_45?dib=eyJ2IjoiMSJ9.wA4f7Gl9i_Vz2g2mXcNtsg61zGYtWtZJV2Y91WCyN6m_2m58sEKZw9d2uRdhAmn-qivbCXLWpDoB3lbxddV9PNWM1U9MAVBzeYvI8_aFmiy8GviB7CeI5CTzYwGWNjgP7OUoag_VewybCJPOiT6iMA7vCgZlYX0fHqcxfHWWexUkQCoTCaD9KvCseEmmubnCChWKJ-ilkqfUiI3hgn3qcey9HRo44YmLOA0PTMyY990.aVHm2gGXX5SEb4UFRUaob_7jHlAvAZrk2kuo7Qqi1Rw&dib_tag=se&keywords=laptops&qid=1781072968
Amazon,laptops,3,"ASUS Vivobook 14 (2026),Intel Core Ultra 5 225H, Intel iGPU,16GB RAM,1TB SSD,FHD+,14""(35.5 cm),Windows 11,M365 Basic(1 Y",₹69990.00,"₹1,14,990",(39% off),No,4.4,None,False,False,False,"ASUS Vivobook 14 (2026),Intel Core Ultra 5 225H, Intel iGPU,16GB RAM,1TB SSD,FHD+,14""(35.5 cm),Windows 11,M365 Basic(1 Year)* Office 2024, Platinum Gold, 1.46 Kg, X1407CA-LY1581WS,Thin & Light Laptop 4.4 4.4 out of 5 stars (3) 50+ bought in past month Price, product page ₹69,990 ₹ 69,990 M.R.P: ₹1,14,990 M.R.P: ₹1,14,990 ₹1,14,990 (39% off) Flat INR 1695 Off on Banks Cards Flat INR 1695 Off on Ban",https://www.amazon.in/ASUS-Vivobook-Windows-Platinum-X1407CA-LY1581WS/dp/B0GNMY1HHY/ref=sr_1_46?dib=eyJ2IjoiMSJ9.wA4f7Gl9i_Vz2g2mXcNtsg61zGYtWtZJV2Y91WCyN6m_2m58sEKZw9d2uRdhAmn-qivbCXLWpDoB3lbxddV9PNWM1U9MAVBzeYvI8_aFmiy8GviB7CeI5CTzYwGWNjgP7OUoag_VewybCJPOiT6iMA7vCgZlYX0fHqcxfHWWexUkQCoTCaD9KvCseEmmubnCChWKJ-ilkqfUiI3hgn3qcey9HRo44YmLOA0PTMyY990.aVHm2gGXX5SEb4UFRUaob_7jHlAvAZrk2kuo7Qqi1Rw&dib_tag=se&keywords=laptops&qid=1781072968
Amazon,laptops,3,"ASUS Vivobook S16,14th Gen, Intel Core 5-210H,Metallic Design Laptop(Intel UHD iGPU/16GB RAM/512GB SSD/FHD+/16""/144Hz/Wi",₹66990.00,"₹68,990",(3% off),No,4.4,None,False,False,False,"ASUS Vivobook S16,14th Gen, Intel Core 5-210H,Metallic Design Laptop(Intel UHD iGPU/16GB RAM/512GB SSD/FHD+/16""/144Hz/Windows 11/M365 Basic(1Year)*/Office Home 2024/Silver/1.7Kg) S3607VA-RP114WS 4.4 4.4 out of 5 stars (12) 50+ bought in past month Price, product page ₹66,990 ₹ 66,990 M.R.P: ₹68,990 M.R.P: ₹68,990 ₹68,990 (3% off) Save extra with No Cost EMI Save extra with No Cost EMI FREE deliver",https://www.amazon.in/ASUS-Vivobook-Metallic-Windows-S3607VA-RP114WS/dp/B0FNKFV89X/ref=sr_1_47?dib=eyJ2IjoiMSJ9.wA4f7Gl9i_Vz2g2mXcNtsg61zGYtWtZJV2Y91WCyN6m_2m58sEKZw9d2uRdhAmn-qivbCXLWpDoB3lbxddV9PNWM1U9MAVBzeYvI8_aFmiy8GviB7CeI5CTzYwGWNjgP7OUoag_VewybCJPOiT6iMA7vCgZlYX0fHqcxfHWWexUkQCoTCaD9KvCseEmmubnCChWKJ-ilkqfUiI3hgn3qcey9HRo44YmLOA0PTMyY990.aVHm2gGXX5SEb4UFRUaob_7jHlAvAZrk2kuo7Qqi1Rw&dib_tag=se&keywords=laptops&qid=1781072968
Amazon,laptops,3,"HP Business Laptop (2026) AMD Ryzen 5 7535U 8GB DDR5 RAM, 512GB SSD, AMD Radeon Graphics, Windows 11 Pro, 15.6"" HD Displ",₹47450.00,"₹65,000",(27% off),No,5.0,Only 2 left,True,False,False,"HP Business Laptop (2026) AMD Ryzen 5 7535U 8GB DDR5 RAM, 512GB SSD, AMD Radeon Graphics, Windows 11 Pro, 15.6"" HD Display, Thin & Light, Turbo Silver, 1.45 kg 5.0 5.0 out of 5 stars (1) Price, product page ₹47,450 ₹ 47,450 M.R.P: ₹65,000 M.R.P: ₹65,000 ₹65,000 (27% off) Up to 5% back with Amazon Pay ICICI card Up to 5% back with Amazon Pay ICI... FREE delivery Mon, 15 Jun Only 2 left in stock. Ad",https://www.amazon.in/HP-Business-Graphics-Windows-Display/dp/B0GRJ3NMZ2/ref=sr_1_48?dib=eyJ2IjoiMSJ9.wA4f7Gl9i_Vz2g2mXcNtsg61zGYtWtZJV2Y91WCyN6m_2m58sEKZw9d2uRdhAmn-qivbCXLWpDoB3lbxddV9PNWM1U9MAVBzeYvI8_aFmiy8GviB7CeI5CTzYwGWNjgP7OUoag_VewybCJPOiT6iMA7vCgZlYX0fHqcxfHWWexUkQCoTCaD9KvCseEmmubnCChWKJ-ilkqfUiI3hgn3qcey9HRo44YmLOA0PTMyY990.aVHm2gGXX5SEb4UFRUaob_7jHlAvAZrk2kuo7Qqi1Rw&dib_tag=se&keywords=laptops&qid=1781072968
Amazon,laptops,3,"Lenovo IdeaPad Slim 3 13th Gen Core i7-13620H 15.3"" (38.8cm) WUXGA IPS Laptop (16GB RAM/512GB SSD/Win 11/Office 2024/Bac",₹77961.00,"₹1,03,790",(25% off),No,4.0,None,False,False,False,"Lenovo IdeaPad Slim 3 13th Gen Core i7-13620H 15.3"" (38.8cm) WUXGA IPS Laptop (16GB RAM/512GB SSD/Win 11/Office 2024/Backlit/1Yr ADP Free/Top Metal Cover & IR Camera/Grey/1.6Kg),83K1011BIN 4.0 4.0 out of 5 stars (15) Price, product page ₹77,961 ₹ 77,961 M.R.P: ₹1,03,790 M.R.P: ₹1,03,790 ₹1,03,790 (25% off) Up to 5% back with Amazon Pay ICICI card Up to 5% back with Amazon Pay ICI... FREE delivery ",https://www.amazon.in/Lenovo-IdeaPad-i7-13620H-Backlit-83K1011BIN/dp/B0G495PMV8/ref=sr_1_49?dib=eyJ2IjoiMSJ9.wA4f7Gl9i_Vz2g2mXcNtsg61zGYtWtZJV2Y91WCyN6m_2m58sEKZw9d2uRdhAmn-qivbCXLWpDoB3lbxddV9PNWM1U9MAVBzeYvI8_aFmiy8GviB7CeI5CTzYwGWNjgP7OUoag_VewybCJPOiT6iMA7vCgZlYX0fHqcxfHWWexUkQCoTCaD9KvCseEmmubnCChWKJ-ilkqfUiI3hgn3qcey9HRo44YmLOA0PTMyY990.aVHm2gGXX5SEb4UFRUaob_7jHlAvAZrk2kuo7Qqi1Rw&dib_tag=se&keywords=laptops&qid=1781072968
Amazon,laptops,3,"HP Smartchoice Victus, 13th Gen Intel Core i7-13620H, 8GB RTX 5050, 24GB DDR5(Upgradeable) 1TB SSD, 144Hz, FHD, 15.6''/3",₹119990.00,"₹1,24,318",(3% off),No,4.0,None,False,False,False,"HP Smartchoice Victus, 13th Gen Intel Core i7-13620H, 8GB RTX 5050, 24GB DDR5(Upgradeable) 1TB SSD, 144Hz, FHD, 15.6''/39.6cm, Win11, M365* Office24, Mica Silver, 2.29kg, fa2309TX, RGB Gaming Laptop 4.0 4.0 out of 5 stars (76) 100+ bought in past month Price, product page ₹1,19,990 ₹ 1,19,990 M.R.P: ₹1,24,318 M.R.P: ₹1,24,318 ₹1,24,318 (3% off) Save extra with No Cost EMI Save extra with No Cost E",https://www.amazon.in/HP-Smartchoice-i7-13620H-Upgradeable-Office24/dp/B0FDKPZHB7/ref=sr_1_50?dib=eyJ2IjoiMSJ9.wA4f7Gl9i_Vz2g2mXcNtsg61zGYtWtZJV2Y91WCyN6m_2m58sEKZw9d2uRdhAmn-qivbCXLWpDoB3lbxddV9PNWM1U9MAVBzeYvI8_aFmiy8GviB7CeI5CTzYwGWNjgP7OUoag_VewybCJPOiT6iMA7vCgZlYX0fHqcxfHWWexUkQCoTCaD9KvCseEmmubnCChWKJ-ilkqfUiI3hgn3qcey9HRo44YmLOA0PTMyY990.aVHm2gGXX5SEb4UFRUaob_7jHlAvAZrk2kuo7Qqi1Rw&dib_tag=se&keywords=laptops&qid=1781072968
Amazon,laptops,3,"HP 15, AMD Ryzen 5 7520U (16GB DDR4, 512GB SSD) FHD, Anti-Glare, Micro-Edge, 15.6''/39.6cm, Win11, M365 Basic(1yr), Offi",₹67990.00,"₹96,409",(29% off),No,N/A,None,False,False,False,"HP 15, AMD Ryzen 5 7520U (16GB DDR4, 512GB SSD) FHD, Anti-Glare, Micro-Edge, 15.6''/39.6cm, Win11, M365 Basic(1yr), Offic24, Silver,1.59kg, fc0806AU, FHD Camera w/Privacy Shutter, Backlit Laptop Price, product page ₹67,990 ₹ 67,990 M.R.P: ₹96,409 M.R.P: ₹96,409 ₹96,409 (29% off) Up to 5% back with Amazon Pay ICICI card Up to 5% back with Amazon Pay ICI... FREE delivery Fri, 12 Jun Or fastest deliv",https://www.amazon.in/HP-Anti-Glare-Micro-Edge-Offic24-fc0806AU/dp/B0GTVDH4G2/ref=sr_1_51?dib=eyJ2IjoiMSJ9.wA4f7Gl9i_Vz2g2mXcNtsg61zGYtWtZJV2Y91WCyN6m_2m58sEKZw9d2uRdhAmn-qivbCXLWpDoB3lbxddV9PNWM1U9MAVBzeYvI8_aFmiy8GviB7CeI5CTzYwGWNjgP7OUoag_VewybCJPOiT6iMA7vCgZlYX0fHqcxfHWWexUkQCoTCaD9KvCseEmmubnCChWKJ-ilkqfUiI3hgn3qcey9HRo44YmLOA0PTMyY990.aVHm2gGXX5SEb4UFRUaob_7jHlAvAZrk2kuo7Qqi1Rw&dib_tag=se&keywords=laptops&qid=1781072968
Amazon,laptops,3,"HP 14, AMD Ryzen 7 7730U (16GB DDR4, 512GB SSD) FHD, Anti-Glare, Micro-Edge, 14''/35.6cm, Win11, M365 Basic(1yr), Office",₹66990.00,N/A,N/A,N/A,4.8,None,False,False,False,"HP 14, AMD Ryzen 7 7730U (16GB DDR4, 512GB SSD) FHD, Anti-Glare, Micro-Edge, 14''/35.6cm, Win11, M365 Basic(1yr), Office Home24, Silver,1.4kg, EM0104AU, FHD Camera w/Privacy Shutter, Backlit Laptop 4.8 4.8 out of 5 stars (5) 50+ bought in past month Price, product page ₹66,990 ₹ 66,990 Up to 5% back with Amazon Pay ICICI card Up to 5% back with Amazon Pay ICI... FREE delivery Fri, 12 Jun Or fastes",https://www.amazon.in/HP-Anti-Glare-Micro-Edge-EM0104AU-Privacy/dp/B0G92SHKTG/ref=sr_1_52?dib=eyJ2IjoiMSJ9.wA4f7Gl9i_Vz2g2mXcNtsg61zGYtWtZJV2Y91WCyN6m_2m58sEKZw9d2uRdhAmn-qivbCXLWpDoB3lbxddV9PNWM1U9MAVBzeYvI8_aFmiy8GviB7CeI5CTzYwGWNjgP7OUoag_VewybCJPOiT6iMA7vCgZlYX0fHqcxfHWWexUkQCoTCaD9KvCseEmmubnCChWKJ-ilkqfUiI3hgn3qcey9HRo44YmLOA0PTMyY990.aVHm2gGXX5SEb4UFRUaob_7jHlAvAZrk2kuo7Qqi1Rw&dib_tag=se&keywords=laptops&qid=1781072968
Amazon,laptops,3,"ASUS Zenbook 14 (2026),Smartchoice,Intel Core Ultra 9 285H,32GB RAM,1TB SSD,OLED,Touchscreen,14""(35.5 cm),Win 11,M365 Ba",₹124990.00,"₹1,53,990",(19% off),No,5.0,Limited time deal,True,False,True,"Sponsored Sponsored You are seeing this ad based on the product’s relevance to your search query. Let us know ASUS Zenbook 14 (2026),Smartchoice,Intel Core Ultra 9 285H,32GB RAM,1TB SSD,OLED,Touchscreen,14""(35.5 cm),Win 11,M365 Basic(1Y)* Office 24,Ponder Blue,1.28 Kg,UX3405CA-QL1016WS,Thin & Light Laptop 5.0 5.0 out of 5 stars (2) Limited time deal Price, product page ₹1,24,990 ₹ 1,24,990 M.R.P: ",https://www.amazon.in/sspa/click?ie=UTF8&spc=MTo0NjA3MjU4NDE5NzM0Mzc0OjE3ODEwNzI5Njg6c3BfYnRmOjMwMTA3NzQwNjkzMTAzMjo6MDo6&url=%2FASUS-Zenbook-Smartchoice-Touchscreen-UX3405CA-QL1016WS%2Fdp%2FB09BB75X71%2Fref%3Dsr_1_53_sspa%3Fdib%3DeyJ2IjoiMSJ9.wA4f7Gl9i_Vz2g2mXcNtsg61zGYtWtZJV2Y91WCyN6m_2m58sEKZw9d2uRdhAmn-qivbCXLWpDoB3lbxddV9PNWM1U9MAVBzeYvI8_aFmiy8GviB7CeI5CTzYwGWNjgP7OUoag_VewybCJPOiT6iMA7vCgZlYX0fHqcxfHWWexUkQCoTCaD9KvCseEmmubnCChWKJ-ilkqfUiI3hgn3qcey9HRo44YmLOA0PTMyY990.aVHm2gGXX5SEb4UFRUaob_7jHlAvAZrk2kuo7Qqi1Rw%26dib_tag%3Dse%26keywords%3Dlaptops%26qid%3D1781072968%26aref%3DcBX5goTinD%26sp_csd%3Dd2lkZ2V0TmFtZT1zcF9idGY%26psc%3D1&aref=cBX5goTinD&sp_cr=ZAZ
Amazon,headphones,1,"GOBOULT Soniq Over Ear Bluetooth Headphones with 70H Playtime, 40mm Bass Drivers, Zen™ ENC Mic, Type-C Fast Charging, Du",₹1999.00,"₹5,999",(67% off),No,3.8,None,False,False,True,"Sponsored Sponsored You are seeing this ad based on the product’s relevance to your search query. Let us know GOBOULT Soniq Over Ear Bluetooth Headphones with 70H Playtime, 40mm Bass Drivers, Zen™ ENC Mic, Type-C Fast Charging, Dual Pairing, AUX, Wireless Headphones (Black) 3.8 3.8 out of 5 stars (1.3K) Price, product page ₹1,999 ₹ 1,999 M.R.P: ₹5,999 M.R.P: ₹5,999 ₹5,999 (67% off) Up to 5% back w",https://www.amazon.in/sspa/click?ie=UTF8&spc=MTo2ODYxNDg0Njc4MDUyMjQ4OjE3ODEwNzMwMTY6c3BfYXRmOjMwMDYxMjM1MjI1NjUzMjo6MDo6&url=%2FGOBOULT-Formerly-Launched-Bluetooth-Headphones%2Fdp%2FB0F9YV4KDD%2Fref%3Dsr_1_1_sspa%3Fdib%3DeyJ2IjoiMSJ9.uq0keVR1nVQzdHMBii73p7rhamNuy-Oiu6zy41wFbvzi3z2wP6OH2YnGbrNADfRvyqcOBLm5CDfU6F54EGCXY8bhJHKOMw2I82QPqtCqGZKjReQAr86GuDbRQiUk2pXL3HbKu8xx0i0n4ko9rKfpTUYShdt7glukKA5fl6xcPw1uWvh6RgwvOx-plCHJB1-6lNjED1OYJvGPhFdX1hdXZzebjnLa43SJpS5Gg4fEZ_U.UoLEDHwFNb9gc3kd8yJ81GVmNSUNJtq1Gxtll84AEOg%26dib_tag%3Dse%26keywords%3Dheadphones%26qid%3D1781073016%26sr%3D8-1-spons%26aref%3DjzFlti6zS7%26sp_csd%3Dd2lkZ2V0TmFtZT1zcF9hdGY%26psc%3D1&aref=jzFlti6zS7&sp_cr=ZAZ
Amazon,headphones,1,"Noise Newly Launched Airwave Max XR Wireless Over-Ear Headphones with 120H Playtime, ANC, HFA Tech, Spatial Audio, Dual ",₹3499.00,"₹4,999",(30% off),No,4.0,None,False,False,True,"Sponsored Sponsored You are seeing this ad based on the product’s relevance to your search query. Let us know Noise Newly Launched Airwave Max XR Wireless Over-Ear Headphones with 120H Playtime, ANC, HFA Tech, Spatial Audio, Dual Pairing,BT V6.0(Carbon Black) 4.0 4.0 out of 5 stars (118) 500+ bought in past month Price, product page ₹3,499 ₹ 3,499 M.R.P: ₹4,999 M.R.P: ₹4,999 ₹4,999 (30% off) Up to",https://www.amazon.in/sspa/click?ie=UTF8&spc=MTo2ODYxNDg0Njc4MDUyMjQ4OjE3ODEwNzMwMTY6c3BfYXRmOjMwMDgyNzc4MTM2MjEzMjo6MDo6&url=%2FNoise-Launched-Wireless-Over-Ear-Headphones%2Fdp%2FB0F9PGWSD9%2Fref%3Dsr_1_2_sspa%3Fdib%3DeyJ2IjoiMSJ9.uq0keVR1nVQzdHMBii73p7rhamNuy-Oiu6zy41wFbvzi3z2wP6OH2YnGbrNADfRvyqcOBLm5CDfU6F54EGCXY8bhJHKOMw2I82QPqtCqGZKjReQAr86GuDbRQiUk2pXL3HbKu8xx0i0n4ko9rKfpTUYShdt7glukKA5fl6xcPw1uWvh6RgwvOx-plCHJB1-6lNjED1OYJvGPhFdX1hdXZzebjnLa43SJpS5Gg4fEZ_U.UoLEDHwFNb9gc3kd8yJ81GVmNSUNJtq1Gxtll84AEOg%26dib_tag%3Dse%26keywords%3Dheadphones%26qid%3D1781073016%26sr%3D8-2-spons%26aref%3DStmJdSlbMj%26sp_csd%3Dd2lkZ2V0TmFtZT1zcF9hdGY%26psc%3D1&aref=StmJdSlbMj&sp_cr=ZAZ
Amazon,headphones,1,"Sony MDR-ZX110A On Ear Stereo Wired Headphones (White), Without Mic",₹559.00,"₹1,390",(60% off),No,4.0,None,False,False,False,"Amazon's Choice for ""headphones"" Sony MDR-ZX110A On Ear Stereo Wired Headphones (White), Without Mic 4.0 4.0 out of 5 stars (67.4K) 1K+ bought in past month Price, product page ₹559 ₹ 559 M.R.P: ₹1,390 M.R.P: ₹1,390 ₹1,390 (60% off) Up to 5% back with Amazon Pay ICICI card Up to 5% back with Amazon Pay ICI... FREE delivery Fri, 12 Jun Or fastest delivery Tomorrow 8 am - 12 pm Add to cart",https://www.amazon.in/Sony-MDR-ZX110A-Stereo-Headphones-without/dp/B00KGZZ824/ref=sr_1_3?dib=eyJ2IjoiMSJ9.uq0keVR1nVQzdHMBii73p7rhamNuy-Oiu6zy41wFbvzi3z2wP6OH2YnGbrNADfRvyqcOBLm5CDfU6F54EGCXY8bhJHKOMw2I82QPqtCqGZKjReQAr86GuDbRQiUk2pXL3HbKu8xx0i0n4ko9rKfpTUYShdt7glukKA5fl6xcPw1uWvh6RgwvOx-plCHJB1-6lNjED1OYJvGPhFdX1hdXZzebjnLa43SJpS5Gg4fEZ_U.UoLEDHwFNb9gc3kd8yJ81GVmNSUNJtq1Gxtll84AEOg&dib_tag=se&keywords=headphones&qid=1781073016&sr=8-3
Amazon,headphones,1,"pTron Studio w/ 60Hrs Playtime, Wireless Over-Ear Headphones with HD Mic, Dual-Device Pairing, Immersive Sound, 40mm Dri",₹649.00,"₹2,599",(75% off),No,3.8,None,False,True,False,"pTron Studio w/ 60Hrs Playtime, Wireless Over-Ear Headphones with HD Mic, Dual-Device Pairing, Immersive Sound, 40mm Drivers, BT5.4, 3.5mm Aux Port, TF Card Slot & Type-C Fast Charging (Beige) 3.8 3.8 out of 5 stars (468) 500+ bought in past month Price, product page ₹649 ₹ 649 M.R.P: ₹2,599 M.R.P: ₹2,599 ₹2,599 (75% off) Up to 5% back with Amazon Pay ICICI card Up to 5% back with Amazon Pay ICI..",https://www.amazon.in/pTron-Studio-Headphones-Immersive-Dual-Device/dp/B0FQJQDPF7/ref=sr_1_4?dib=eyJ2IjoiMSJ9.uq0keVR1nVQzdHMBii73p7rhamNuy-Oiu6zy41wFbvzi3z2wP6OH2YnGbrNADfRvyqcOBLm5CDfU6F54EGCXY8bhJHKOMw2I82QPqtCqGZKjReQAr86GuDbRQiUk2pXL3HbKu8xx0i0n4ko9rKfpTUYShdt7glukKA5fl6xcPw1uWvh6RgwvOx-plCHJB1-6lNjED1OYJvGPhFdX1hdXZzebjnLa43SJpS5Gg4fEZ_U.UoLEDHwFNb9gc3kd8yJ81GVmNSUNJtq1Gxtll84AEOg&dib_tag=se&keywords=headphones&qid=1781073016&sr=8-4
Amazon,headphones,1,"Wireless Bluetooth Headphones with Deep Bass Sound, Foldable Design, Comfortable Cushioned Earpads, Built-in Mic for Mus",₹299.00,₹999,(70% off),No,2.3,None,False,True,False,"Wireless Bluetooth Headphones with Deep Bass Sound, Foldable Design, Comfortable Cushioned Earpads, Built-in Mic for Music & Calls, Average Battery(1-3 Hours) Backup, Stylish Everyday Use 2.3 2.3 out of 5 stars (15) 400+ bought in past month Price, product page ₹299 ₹ 299 M.R.P: ₹999 M.R.P: ₹999 ₹999 (70% off) Up to 5% back with Amazon Pay ICICI card Up to 5% back with Amazon Pay ICI... FREE deliv",https://www.amazon.in/BfsTeckt-Bluetooth-Headphones-Comfortable-Cushioned/dp/B0GXDP9V8C/ref=sr_1_5?dib=eyJ2IjoiMSJ9.uq0keVR1nVQzdHMBii73p7rhamNuy-Oiu6zy41wFbvzi3z2wP6OH2YnGbrNADfRvyqcOBLm5CDfU6F54EGCXY8bhJHKOMw2I82QPqtCqGZKjReQAr86GuDbRQiUk2pXL3HbKu8xx0i0n4ko9rKfpTUYShdt7glukKA5fl6xcPw1uWvh6RgwvOx-plCHJB1-6lNjED1OYJvGPhFdX1hdXZzebjnLa43SJpS5Gg4fEZ_U.UoLEDHwFNb9gc3kd8yJ81GVmNSUNJtq1Gxtll84AEOg&dib_tag=se&keywords=headphones&qid=1781073016&sr=8-5
Amazon,headphones,1,"boAt Rockerz 480, RGB LEDs,6 Light Modes, 40mm Drivers,Beast Mode, 60H Battery, ENx Tech, Stream Ad Free Music via App S",₹1799.00,"₹3,790",(53% off),No,4.1,None,False,False,False,"Best seller in On-Ear Headphones boAt Rockerz 480, RGB LEDs,6 Light Modes, 40mm Drivers,Beast Mode, 60H Battery, ENx Tech, Stream Ad Free Music via App Support, Bluetooth Headphones, Wireless Over Ear Headphone with Mic (White Sabre) 4.1 4.1 out of 5 stars (3.9K) 2K+ bought in past month Price, product page ₹1,799 ₹ 1,799 M.R.P: ₹3,790 M.R.P: ₹3,790 ₹3,790 (53% off) Up to 5% back with Amazon Pay I",https://www.amazon.in/boAt-Rockerz-480-Bluetooth-Headphones/dp/B0DGTTKCJX/ref=sr_1_6?dib=eyJ2IjoiMSJ9.uq0keVR1nVQzdHMBii73p7rhamNuy-Oiu6zy41wFbvzi3z2wP6OH2YnGbrNADfRvyqcOBLm5CDfU6F54EGCXY8bhJHKOMw2I82QPqtCqGZKjReQAr86GuDbRQiUk2pXL3HbKu8xx0i0n4ko9rKfpTUYShdt7glukKA5fl6xcPw1uWvh6RgwvOx-plCHJB1-6lNjED1OYJvGPhFdX1hdXZzebjnLa43SJpS5Gg4fEZ_U.UoLEDHwFNb9gc3kd8yJ81GVmNSUNJtq1Gxtll84AEOg&dib_tag=se&keywords=headphones&qid=1781073016&sr=8-6
Amazon,headphones,1,"Sony WH-CH520 Wireless Bluetooth Headphones On Ear with Mic, Up to 50Hrs Battery-Pink",₹4490.00,"₹5,990",(25% off),No,4.2,None,False,False,False,"Sony WH-CH520 Wireless Bluetooth Headphones On Ear with Mic, Up to 50Hrs Battery-Pink 4.2 4.2 out of 5 stars (29.6K) 400+ bought in past month Price, product page ₹4,490 ₹ 4,490 M.R.P: ₹5,990 M.R.P: ₹5,990 ₹5,990 (25% off) Up to 5% back with Amazon Pay ICICI card Up to 5% back with Amazon Pay ICI... FREE delivery 15 - 17 Jun Add to cart",https://www.amazon.in/Sony-WH-CH520-Bluetooth-Headphones-Battery-Pink/dp/B0F5PX1JVY/ref=sr_1_7?dib=eyJ2IjoiMSJ9.uq0keVR1nVQzdHMBii73p7rhamNuy-Oiu6zy41wFbvzi3z2wP6OH2YnGbrNADfRvyqcOBLm5CDfU6F54EGCXY8bhJHKOMw2I82QPqtCqGZKjReQAr86GuDbRQiUk2pXL3HbKu8xx0i0n4ko9rKfpTUYShdt7glukKA5fl6xcPw1uWvh6RgwvOx-plCHJB1-6lNjED1OYJvGPhFdX1hdXZzebjnLa43SJpS5Gg4fEZ_U.UoLEDHwFNb9gc3kd8yJ81GVmNSUNJtq1Gxtll84AEOg&dib_tag=se&keywords=headphones&qid=1781073016&sr=8-7
Amazon,headphones,1,"Noise Two Wireless On Ear Headphones with 50 Hours Playtime, Low Latency(up to 45ms), 4 Play Modes, Dual Pairing, BT v5.",₹1699.00,"₹4,999",(66% off),No,3.7,None,False,False,False,"Noise Two Wireless On Ear Headphones with 50 Hours Playtime, Low Latency(up to 45ms), 4 Play Modes, Dual Pairing, BT v5.3 (Serene Blue) 3.7 3.7 out of 5 stars (4.7K) Price, product page ₹1,699 ₹ 1,699 M.R.P: ₹4,999 M.R.P: ₹4,999 ₹4,999 (66% off) Up to 5% back with Amazon Pay ICICI card Up to 5% back with Amazon Pay ICI... FREE delivery Fri, 12 Jun Or fastest delivery Tomorrow 8 am - 12 pm Add to c",https://www.amazon.in/Launched-Noise-Headphones-Playtime-Latency/dp/B0B1PXM75C/ref=sr_1_8?dib=eyJ2IjoiMSJ9.uq0keVR1nVQzdHMBii73p7rhamNuy-Oiu6zy41wFbvzi3z2wP6OH2YnGbrNADfRvyqcOBLm5CDfU6F54EGCXY8bhJHKOMw2I82QPqtCqGZKjReQAr86GuDbRQiUk2pXL3HbKu8xx0i0n4ko9rKfpTUYShdt7glukKA5fl6xcPw1uWvh6RgwvOx-plCHJB1-6lNjED1OYJvGPhFdX1hdXZzebjnLa43SJpS5Gg4fEZ_U.UoLEDHwFNb9gc3kd8yJ81GVmNSUNJtq1Gxtll84AEOg&dib_tag=se&keywords=headphones&qid=1781073016&sr=8-8
Amazon,headphones,1,"Boat Rockerz 421, 60H Battery, Low Latency(40Ms), 40Mm Drivers, ENx Tech, Stream Ad Free Music via App Support, Bluetoot",₹1199.00,"₹2,490",(52% off),No,3.9,None,False,False,False,"Boat Rockerz 421, 60H Battery, Low Latency(40Ms), 40Mm Drivers, ENx Tech, Stream Ad Free Music via App Support, Bluetooth Headphones, Wireless Over Ear Headphone with Mic (Bold Blue) 3.9 3.9 out of 5 stars (2.1K) 1K+ bought in past month Ends in 11:54:36 Price, product page ₹1,199 ₹ 1,199 M.R.P: ₹2,490 M.R.P: ₹2,490 ₹2,490 (52% off) Up to 5% back with Amazon Pay ICICI card Up to 5% back with Amazo",https://www.amazon.in/boAt-Rockerz-Bluetooth-Headphones-Headphone/dp/B0F7LY85KB/ref=sr_1_9?dib=eyJ2IjoiMSJ9.uq0keVR1nVQzdHMBii73p7rhamNuy-Oiu6zy41wFbvzi3z2wP6OH2YnGbrNADfRvyqcOBLm5CDfU6F54EGCXY8bhJHKOMw2I82QPqtCqGZKjReQAr86GuDbRQiUk2pXL3HbKu8xx0i0n4ko9rKfpTUYShdt7glukKA5fl6xcPw1uWvh6RgwvOx-plCHJB1-6lNjED1OYJvGPhFdX1hdXZzebjnLa43SJpS5Gg4fEZ_U.UoLEDHwFNb9gc3kd8yJ81GVmNSUNJtq1Gxtll84AEOg&dib_tag=se&keywords=headphones&qid=1781073016&sr=8-9
Amazon,headphones,1,"pTron Studio Evo 70hrs Playtime Wireless Over Ear Headphones w/HD Mic, Dual Device Pairing, Low-Latency Game/Movie/Music",₹797.00,"₹3,199",(75% off),No,4.1,Limited time deal,True,True,False,"Best seller in Over-Ear Headphones pTron Studio Evo 70hrs Playtime Wireless Over Ear Headphones w/HD Mic, Dual Device Pairing, Low-Latency Game/Movie/Music Modes, Punchy Bass, BT5.3, Voice Assistant & Type-C Fast Charging (Beige) 4.1 4.1 out of 5 stars (1.9K) 2K+ bought in past month Limited time deal Price, product page ₹797 ₹ 797 M.R.P: ₹3,199 M.R.P: ₹3,199 ₹3,199 (75% off) Up to 5% back with Am",https://www.amazon.in/pTron-Studio-Headphones-Low-Latency-Assistant/dp/B0FGTZ19JS/ref=sr_1_10?dib=eyJ2IjoiMSJ9.uq0keVR1nVQzdHMBii73p7rhamNuy-Oiu6zy41wFbvzi3z2wP6OH2YnGbrNADfRvyqcOBLm5CDfU6F54EGCXY8bhJHKOMw2I82QPqtCqGZKjReQAr86GuDbRQiUk2pXL3HbKu8xx0i0n4ko9rKfpTUYShdt7glukKA5fl6xcPw1uWvh6RgwvOx-plCHJB1-6lNjED1OYJvGPhFdX1hdXZzebjnLa43SJpS5Gg4fEZ_U.UoLEDHwFNb9gc3kd8yJ81GVmNSUNJtq1Gxtll84AEOg&dib_tag=se&keywords=headphones&qid=1781073016&sr=8-10
Amazon,headphones,1,"Boat New Launch Rockerz 650 Pro, Touch/Swipe Controls, Dolby Audio, 80Hrs Battery, 2Mics ENx, Fast Charge, App Support, ",₹3099.00,"₹8,990",(66% off),No,4.2,None,False,False,True,"Sponsored Sponsored You are seeing this ad based on the product’s relevance to your search query. Let us know Boat New Launch Rockerz 650 Pro, Touch/Swipe Controls, Dolby Audio, 80Hrs Battery, 2Mics ENx, Fast Charge, App Support, Dual Pair, Bluetooth Over Ear Headphones with Mic (Iris Black) 4.2 4.2 out of 5 stars (3.9K) Price, product page ₹3,099 ₹ 3,099 M.R.P: ₹8,990 M.R.P: ₹8,990 ₹8,990 (66% of",https://www.amazon.in/sspa/click?ie=UTF8&spc=MTo2ODYxNDg0Njc4MDUyMjQ4OjE3ODEwNzMwMTY6c3BfbXRmOjMwMDQ4OTk4OTk4MjUzMjo6MDo6&url=%2FboAt-Rockerz-650-Pro-Headphones%2Fdp%2FB0DV5J28LW%2Fref%3Dsr_1_12_sspa%3Fdib%3DeyJ2IjoiMSJ9.uq0keVR1nVQzdHMBii73p7rhamNuy-Oiu6zy41wFbvzi3z2wP6OH2YnGbrNADfRvyqcOBLm5CDfU6F54EGCXY8bhJHKOMw2I82QPqtCqGZKjReQAr86GuDbRQiUk2pXL3HbKu8xx0i0n4ko9rKfpTUYShdt7glukKA5fl6xcPw1uWvh6RgwvOx-plCHJB1-6lNjED1OYJvGPhFdX1hdXZzebjnLa43SJpS5Gg4fEZ_U.UoLEDHwFNb9gc3kd8yJ81GVmNSUNJtq1Gxtll84AEOg%26dib_tag%3Dse%26keywords%3Dheadphones%26qid%3D1781073016%26sr%3D8-12-spons%26aref%3DlwDg3zjXJT%26sp_csd%3Dd2lkZ2V0TmFtZT1zcF9tdGY%26psc%3D1&aref=lwDg3zjXJT&sp_cr=ZAZ
Amazon,headphones,1,"ZEBRONICS Thunder (2026 Upgrade) Wireless Headphones, BT v6.0, True 60 hrs Playback, 40mm Drivers, ENC, Gaming Mode, Dua",₹799.00,"₹1,699",(53% off),No,3.8,None,False,False,False,"ZEBRONICS Thunder (2026 Upgrade) Wireless Headphones, BT v6.0, True 60 hrs Playback, 40mm Drivers, ENC, Gaming Mode, Dual Pairing, AUX & microSD, Rapid Charging, Call Function (Teal Green) 3.8 3.8 out of 5 stars (81.9K) 500+ bought in past month Price, product page ₹799 ₹ 799 M.R.P: ₹1,699 M.R.P: ₹1,699 ₹1,699 (53% off) Up to 5% back with Amazon Pay ICICI card Up to 5% back with Amazon Pay ICI... ",https://www.amazon.in/ZEBRONICS-Wireless-Headphones-Playback-Adjustable/dp/B09B5BS6G4/ref=sr_1_14?dib=eyJ2IjoiMSJ9.uq0keVR1nVQzdHMBii73p7rhamNuy-Oiu6zy41wFbvzi3z2wP6OH2YnGbrNADfRvyqcOBLm5CDfU6F54EGCXY8bhJHKOMw2I82QPqtCqGZKjReQAr86GuDbRQiUk2pXL3HbKu8xx0i0n4ko9rKfpTUYShdt7glukKA5fl6xcPw1uWvh6RgwvOx-plCHJB1-6lNjED1OYJvGPhFdX1hdXZzebjnLa43SJpS5Gg4fEZ_U.UoLEDHwFNb9gc3kd8yJ81GVmNSUNJtq1Gxtll84AEOg&dib_tag=se&keywords=headphones&qid=1781073016&sr=8-14
Amazon,headphones,1,"Boat Rockerz 411, 40Ms Low Latency, 40Hrs Battery, 40Mm Drivers, ENx Tech, Stream Ad Free Music via App Support, Bluetoo",₹1299.00,"₹2,999",(57% off),No,4.2,None,False,False,False,"Boat Rockerz 411, 40Ms Low Latency, 40Hrs Battery, 40Mm Drivers, ENx Tech, Stream Ad Free Music via App Support, Bluetooth Headphones, Wireless Over Ear Headphone with Mic (Bold Blue) 4.2 4.2 out of 5 stars (28.5K) 1K+ bought in past month Ends in 11:54:36 Price, product page ₹1,299 ₹ 1,299 M.R.P: ₹2,999 M.R.P: ₹2,999 ₹2,999 (57% off) Up to 5% back with Amazon Pay ICICI card Up to 5% back with Ama",https://www.amazon.in/boAt-Bluetooth-Headphones-Wireless-Headphone/dp/B0FC2W8WJM/ref=sr_1_15?dib=eyJ2IjoiMSJ9.uq0keVR1nVQzdHMBii73p7rhamNuy-Oiu6zy41wFbvzi3z2wP6OH2YnGbrNADfRvyqcOBLm5CDfU6F54EGCXY8bhJHKOMw2I82QPqtCqGZKjReQAr86GuDbRQiUk2pXL3HbKu8xx0i0n4ko9rKfpTUYShdt7glukKA5fl6xcPw1uWvh6RgwvOx-plCHJB1-6lNjED1OYJvGPhFdX1hdXZzebjnLa43SJpS5Gg4fEZ_U.UoLEDHwFNb9gc3kd8yJ81GVmNSUNJtq1Gxtll84AEOg&dib_tag=se&keywords=headphones&qid=1781073016&sr=8-15
Amazon,headphones,1,"P9 Wireless Headphone, Hi-Fi Stereo Sound, 40mm Drivers, Deep Bass",₹449.00,"₹1,999",(78% off),No,5.0,None,False,True,False,"P9 Wireless Headphone, Hi-Fi Stereo Sound, 40mm Drivers, Deep Bass 5.0 5.0 out of 5 stars (1) Price, product page ₹449 ₹ 449 M.R.P: ₹1,999 M.R.P: ₹1,999 ₹1,999 (78% off) Up to 5% back with Amazon Pay ICICI card Up to 5% back with Amazon Pay ICI... FREE delivery Tue, 16 Jun Add to cart",https://www.amazon.in/SANTUSHTI-FASHION-Wireless-Headphone-Drivers/dp/B0GYSF5CSW/ref=sr_1_16?dib=eyJ2IjoiMSJ9.uq0keVR1nVQzdHMBii73p7rhamNuy-Oiu6zy41wFbvzi3z2wP6OH2YnGbrNADfRvyqcOBLm5CDfU6F54EGCXY8bhJHKOMw2I82QPqtCqGZKjReQAr86GuDbRQiUk2pXL3HbKu8xx0i0n4ko9rKfpTUYShdt7glukKA5fl6xcPw1uWvh6RgwvOx-plCHJB1-6lNjED1OYJvGPhFdX1hdXZzebjnLa43SJpS5Gg4fEZ_U.UoLEDHwFNb9gc3kd8yJ81GVmNSUNJtq1Gxtll84AEOg&dib_tag=se&keywords=headphones&qid=1781073016&sr=8-16
Amazon,headphones,1,"Sony WH-CH720N Active Noise Cancellation Wireless Bluetooth Over Ear Headphones with Mic, Adaptive Sound Control, Quick ",₹8990.00,"₹14,990",(40% off),No,4.3,None,False,False,False,"Sony WH-CH720N Active Noise Cancellation Wireless Bluetooth Over Ear Headphones with Mic, Adaptive Sound Control, Quick Charge, Up to 35Hrs Battery, Customized EQ- Blue : Model : YY2966 4.3 4.3 out of 5 stars (15.7K) 500+ bought in past month Price, product page ₹8,990 ₹ 8,990 M.R.P: ₹14,990 M.R.P: ₹14,990 ₹14,990 (40% off) Up to 5% back with Amazon Pay ICICI card Up to 5% back with Amazon Pay ICI",https://www.amazon.in/Sony-WH-CH720N-Cancellation-Headphones-Multi-Point/dp/B0BXXPG6FP/ref=sr_1_17?dib=eyJ2IjoiMSJ9.uq0keVR1nVQzdHMBii73p7rhamNuy-Oiu6zy41wFbvzi3z2wP6OH2YnGbrNADfRvyqcOBLm5CDfU6F54EGCXY8bhJHKOMw2I82QPqtCqGZKjReQAr86GuDbRQiUk2pXL3HbKu8xx0i0n4ko9rKfpTUYShdt7glukKA5fl6xcPw1uWvh6RgwvOx-plCHJB1-6lNjED1OYJvGPhFdX1hdXZzebjnLa43SJpS5Gg4fEZ_U.UoLEDHwFNb9gc3kd8yJ81GVmNSUNJtq1Gxtll84AEOg&dib_tag=se&keywords=headphones&qid=1781073016&sr=8-17
Amazon,headphones,1,"ZEBRONICS Storm Wired On Ear Headphone with 3.5mm Jack, Built-in Microphone for Calling,1.5 Meter Cable, Soft Ear Cushio",₹499.00,"₹49,900",(38% off),No,3.7,None,False,False,False,"ZEBRONICS Storm Wired On Ear Headphone with 3.5mm Jack, Built-in Microphone for Calling,1.5 Meter Cable, Soft Ear Cushion, Adjustable Headband,Foldable Ear Cups (Black) 3.7 3.7 out of 5 stars (4.6K) 1K+ bought in past month Price, product page ₹499 ₹ 499 ( ₹49,900 ₹49,900 /100 g) M.R.P: ₹799 M.R.P: ₹799 ₹799 (38% off) Up to 5% back with Amazon Pay ICICI card Up to 5% back with Amazon Pay ICI... FR",https://www.amazon.in/ZEBRONICS-Zeb-Storm-Microphone-Adjustable-Lightweight/dp/B0B4G44RFS/ref=sr_1_18?dib=eyJ2IjoiMSJ9.uq0keVR1nVQzdHMBii73p7rhamNuy-Oiu6zy41wFbvzi3z2wP6OH2YnGbrNADfRvyqcOBLm5CDfU6F54EGCXY8bhJHKOMw2I82QPqtCqGZKjReQAr86GuDbRQiUk2pXL3HbKu8xx0i0n4ko9rKfpTUYShdt7glukKA5fl6xcPw1uWvh6RgwvOx-plCHJB1-6lNjED1OYJvGPhFdX1hdXZzebjnLa43SJpS5Gg4fEZ_U.UoLEDHwFNb9gc3kd8yJ81GVmNSUNJtq1Gxtll84AEOg&dib_tag=se&keywords=headphones&qid=1781073016&sr=8-18
Amazon,headphones,1,"GOBOULT Fluid X Headphones Bluetooth Wireless with 60H Playtime, 40mm Drivers, Zen ENC Mic, Type-C Charging, Combat™ Gam",₹1999.00,"₹5,999",(67% off),No,4.0,None,False,False,False,"GOBOULT Fluid X Headphones Bluetooth Wireless with 60H Playtime, 40mm Drivers, Zen ENC Mic, Type-C Charging, Combat™ Gaming, BTv 5.4, Headphones Wireless with mic (Polar White) 4.0 4.0 out of 5 stars (140) 500+ bought in past month Price, product page ₹1,999 ₹ 1,999 M.R.P: ₹5,999 M.R.P: ₹5,999 ₹5,999 (67% off) Up to 5% back with Amazon Pay ICICI card Up to 5% back with Amazon Pay ICI... FREE deliv",https://www.amazon.in/GOBOULT-Headphones-Bluetooth-Wireless-Playtime/dp/B0GXL7B9FV/ref=sr_1_19?dib=eyJ2IjoiMSJ9.uq0keVR1nVQzdHMBii73p7rhamNuy-Oiu6zy41wFbvzi3z2wP6OH2YnGbrNADfRvyqcOBLm5CDfU6F54EGCXY8bhJHKOMw2I82QPqtCqGZKjReQAr86GuDbRQiUk2pXL3HbKu8xx0i0n4ko9rKfpTUYShdt7glukKA5fl6xcPw1uWvh6RgwvOx-plCHJB1-6lNjED1OYJvGPhFdX1hdXZzebjnLa43SJpS5Gg4fEZ_U.UoLEDHwFNb9gc3kd8yJ81GVmNSUNJtq1Gxtll84AEOg&dib_tag=se&keywords=headphones&qid=1781073016&sr=8-19
Amazon,headphones,1,"VarniADR Wireless Bluetooth Headphones with Deep Bass Stereo Sound, Foldable Over-Ear Design, Soft Cushioned Earpads & B",₹295.00,₹295,(70% off),Yes,4.2,None,False,True,False,"VarniADR Wireless Bluetooth Headphones with Deep Bass Stereo Sound, Foldable Over-Ear Design, Soft Cushioned Earpads & Built-in Mic for Music, Calls, Online Classes & Travel 4.2 4.2 out of 5 stars (19) 200+ bought in past month Price, product page ₹295 ₹ 295 ( ₹295 ₹295 /count) M.R.P: ₹999 M.R.P: ₹999 ₹999 (70% off) Save 2% 2% off coupon applied Save 2% with coupon FREE delivery Mon, 15 Jun Add to",https://www.amazon.in/VarniADR-Wireless-Bluetooth-Headphones-Cushioned/dp/B0GSWSTBCT/ref=sr_1_20?dib=eyJ2IjoiMSJ9.uq0keVR1nVQzdHMBii73p7rhamNuy-Oiu6zy41wFbvzi3z2wP6OH2YnGbrNADfRvyqcOBLm5CDfU6F54EGCXY8bhJHKOMw2I82QPqtCqGZKjReQAr86GuDbRQiUk2pXL3HbKu8xx0i0n4ko9rKfpTUYShdt7glukKA5fl6xcPw1uWvh6RgwvOx-plCHJB1-6lNjED1OYJvGPhFdX1hdXZzebjnLa43SJpS5Gg4fEZ_U.UoLEDHwFNb9gc3kd8yJ81GVmNSUNJtq1Gxtll84AEOg&dib_tag=se&keywords=headphones&qid=1781073016&sr=8-20
Amazon,headphones,1,"pTron Studio Pro w/ 65Hrs Playtime, Wireless Over Ear Headphones w/HD Mic, Dual Device Pairing, TruTalk AI-ENC Calls, Lo",₹699.00,"₹2,599",(73% off),No,3.7,None,False,True,True,"Sponsored Sponsored You are seeing this ad based on the product’s relevance to your search query. Let us know pTron Studio Pro w/ 65Hrs Playtime, Wireless Over Ear Headphones w/HD Mic, Dual Device Pairing, TruTalk AI-ENC Calls, Low-Latency Game & Music, 40mm Drivers, BT5.4, Type-C Fast Charging (Beige) 3.7 3.7 out of 5 stars (679) Price, product page ₹699 ₹ 699 M.R.P: ₹2,599 M.R.P: ₹2,599 ₹2,599 (",https://www.amazon.in/sspa/click?ie=UTF8&spc=MTo2ODYxNDg0Njc4MDUyMjQ4OjE3ODEwNzMwMTY6c3BfYnRmOjMwMDg0OTA3ODk1NzMzMjo6MDo6&url=%2FpTron-Studio-Playtime-Headphones-Low-Latency%2Fdp%2FB0FPR9QZRL%2Fref%3Dsr_1_21_sspa%3Fdib%3DeyJ2IjoiMSJ9.uq0keVR1nVQzdHMBii73p7rhamNuy-Oiu6zy41wFbvzi3z2wP6OH2YnGbrNADfRvyqcOBLm5CDfU6F54EGCXY8bhJHKOMw2I82QPqtCqGZKjReQAr86GuDbRQiUk2pXL3HbKu8xx0i0n4ko9rKfpTUYShdt7glukKA5fl6xcPw1uWvh6RgwvOx-plCHJB1-6lNjED1OYJvGPhFdX1hdXZzebjnLa43SJpS5Gg4fEZ_U.UoLEDHwFNb9gc3kd8yJ81GVmNSUNJtq1Gxtll84AEOg%26dib_tag%3Dse%26keywords%3Dheadphones%26qid%3D1781073016%26sr%3D8-21-spons%26aref%3D8krYFgwYuH%26sp_csd%3Dd2lkZ2V0TmFtZT1zcF9idGY%26psc%3D1&aref=8krYFgwYuH&sp_cr=ZAZ
Amazon,headphones,2,"Noise Two Wireless On Ear Headphones with 50 Hours Playtime, Low Latency(up to 45ms), 4 Play Modes, Dual Pairing, BT v5.",₹1499.00,"₹4,999",(70% off),No,3.7,None,False,True,True,"Sponsored Sponsored You are seeing this ad based on the product’s relevance to your search query. Let us know Noise Two Wireless On Ear Headphones with 50 Hours Playtime, Low Latency(up to 45ms), 4 Play Modes, Dual Pairing, BT v5.3 (Calm White) 3.7 3.7 out of 5 stars (4.7K) 300+ bought in past month Price, product page ₹1,499 ₹ 1,499 M.R.P: ₹4,999 M.R.P: ₹4,999 ₹4,999 (70% off) Up to 5% back with ",https://www.amazon.in/sspa/click?ie=UTF8&spc=MToyOTE0ODM0NjE1OTUxMzA5OjE3ODEwNzMwNjQ6c3BfYXRmX25leHQ6MjAwOTE5NTkyNjk2OTg6OjA6Og&url=%2FLaunched-Noise-Headphones-Playtime-Latency%2Fdp%2FB0B1PW53LT%2Fref%3Dsr_1_17_sspa%3Fdib%3DeyJ2IjoiMSJ9.__XvY5JPsEIf5xmZZf0rtfdbcQnFwyu4b6eY_EeEJPVLWFonc-JsScZh9j3VaXPobZbYkrIA_ery44aoBdxpz4Ll5kQxebXwMXCiul2JqVQYb_o5GydCZXDmuj9cnPpkSFT4PWtqzWErq0IIfsnaV6kRCJ9cMhit7VBQT14z4t9sCsMhcC4EzFbOPrGWdg9ONkGSzAzwH3qyvkmiC_xoYHFvGmWdwP2ZJbnOYQvPpsY.UouWiQU-xbxRUo0ifI-cCAEEhQL5kUZrIx4h9FS2iu0%26dib_tag%3Dse%26keywords%3Dheadphones%26qid%3D1781073064%26aref%3DfxJqiHdbaD%26sp_csd%3Dd2lkZ2V0TmFtZT1zcF9hdGZfbmV4dA%26psc%3D1&aref=fxJqiHdbaD&sp_cr=ZAZ
Amazon,headphones,2,"boAt Rockerz Trendz, 40mm Drivers, 50hrs Battery, 60ms Low Latency, ENx Tech, BT v5.4, Foldable Cups, Voice Assistant, B",₹979.00,"₹2,999",(67% off),No,4.0,None,False,False,False,"boAt Rockerz Trendz, 40mm Drivers, 50hrs Battery, 60ms Low Latency, ENx Tech, BT v5.4, Foldable Cups, Voice Assistant, Bluetooth Headphones, Wireless Headphone with Mic - Bold Blue 4.0 4.0 out of 5 stars (124) 200+ bought in past month Price, product page ₹979 ₹ 979 M.R.P: ₹2,999 M.R.P: ₹2,999 ₹2,999 (67% off) Up to 5% back with Amazon Pay ICICI card Up to 5% back with Amazon Pay ICI... FREE deliv",https://www.amazon.in/Rockerz-Assistant-Bluetooth-Headphones-Headphone/dp/B0FRSD3CF5/ref=sr_1_19?dib=eyJ2IjoiMSJ9.__XvY5JPsEIf5xmZZf0rtfdbcQnFwyu4b6eY_EeEJPVLWFonc-JsScZh9j3VaXPobZbYkrIA_ery44aoBdxpz4Ll5kQxebXwMXCiul2JqVQYb_o5GydCZXDmuj9cnPpkSFT4PWtqzWErq0IIfsnaV6kRCJ9cMhit7VBQT14z4t9sCsMhcC4EzFbOPrGWdg9ONkGSzAzwH3qyvkmiC_xoYHFvGmWdwP2ZJbnOYQvPpsY.UouWiQU-xbxRUo0ifI-cCAEEhQL5kUZrIx4h9FS2iu0&dib_tag=se&keywords=headphones&qid=1781073064
Amazon,headphones,2,"Portronics Muffs M6 Over Ear Wireless Bluetooth Headphone with Upto 40 Hours Playtime, Dual Pairing, 40mm Driver, HD Mic",₹1149.00,"₹2,499",(54% off),No,4.3,None,False,False,False,"Portronics Muffs M6 Over Ear Wireless Bluetooth Headphone with Upto 40 Hours Playtime, Dual Pairing, 40mm Driver, HD Mic, Bluetooth 5.4V, Foldable Design, Type C Fast Charging (Biege) 4.3 4.3 out of 5 stars (417) 1K+ bought in past month Price, product page ₹1,149 ₹ 1,149 M.R.P: ₹2,499 M.R.P: ₹2,499 ₹2,499 (54% off) Up to 5% back with Amazon Pay ICICI card Up to 5% back with Amazon Pay ICI... FREE",https://www.amazon.in/Portronics-Wireless-Bluetooth-Headphone-Playtime/dp/B0G599TLD9/ref=sr_1_20?dib=eyJ2IjoiMSJ9.__XvY5JPsEIf5xmZZf0rtfdbcQnFwyu4b6eY_EeEJPVLWFonc-JsScZh9j3VaXPobZbYkrIA_ery44aoBdxpz4Ll5kQxebXwMXCiul2JqVQYb_o5GydCZXDmuj9cnPpkSFT4PWtqzWErq0IIfsnaV6kRCJ9cMhit7VBQT14z4t9sCsMhcC4EzFbOPrGWdg9ONkGSzAzwH3qyvkmiC_xoYHFvGmWdwP2ZJbnOYQvPpsY.UouWiQU-xbxRUo0ifI-cCAEEhQL5kUZrIx4h9FS2iu0&dib_tag=se&keywords=headphones&qid=1781073064
Amazon,headphones,2,"Sony ULT Wear WH-ULT900N Noise Cancellation Wireless Bluetooth Over Ear Headphones with Massive Bass, Up to 50Hrs Batter",₹16115.00,"₹24,990",(36% off),No,4.3,None,False,False,False,"Sony ULT Wear WH-ULT900N Noise Cancellation Wireless Bluetooth Over Ear Headphones with Massive Bass, Up to 50Hrs Battery-Grey 4.3 4.3 out of 5 stars (3.4K) 100+ bought in past month Price, product page ₹16,115 ₹ 16,115 M.R.P: ₹24,990 M.R.P: ₹24,990 ₹24,990 (36% off) Up to 5% back with Amazon Pay ICICI card Up to 5% back with Amazon Pay ICI... FREE delivery Fri, 12 Jun Or fastest delivery Today 4 ",https://www.amazon.in/Sony-Headphones-WH-ULT900N-Cancelling-Pair-Forest/dp/B0D3TMKMYN/ref=sr_1_21?dib=eyJ2IjoiMSJ9.__XvY5JPsEIf5xmZZf0rtfdbcQnFwyu4b6eY_EeEJPVLWFonc-JsScZh9j3VaXPobZbYkrIA_ery44aoBdxpz4Ll5kQxebXwMXCiul2JqVQYb_o5GydCZXDmuj9cnPpkSFT4PWtqzWErq0IIfsnaV6kRCJ9cMhit7VBQT14z4t9sCsMhcC4EzFbOPrGWdg9ONkGSzAzwH3qyvkmiC_xoYHFvGmWdwP2ZJbnOYQvPpsY.UouWiQU-xbxRUo0ifI-cCAEEhQL5kUZrIx4h9FS2iu0&dib_tag=se&keywords=headphones&qid=1781073064
Amazon,headphones,2,"JBL Tune 770NC Wireless Over Ear ANC Headphones with Mic, Upto 70 Hrs Battery, Speed Charge : 5 min Charge Gives up to 3",₹4999.00,"₹9,999",(50% off),No,4.1,None,False,False,False,"JBL Tune 770NC Wireless Over Ear ANC Headphones with Mic, Upto 70 Hrs Battery, Speed Charge : 5 min Charge Gives up to 3H of Playback, Customized EQ, Google Fast Pair, Dual Pairing, BT 5.3 (Black) 4.1 4.1 out of 5 stars (11.4K) 2K+ bought in past month Price, product page ₹4,999 ₹ 4,999 M.R.P: ₹9,999 M.R.P: ₹9,999 ₹9,999 (50% off) Up to 5% back with Amazon Pay ICICI card Up to 5% back with Amazon ",https://www.amazon.in/JBL-Wireless-Headphones-Speedcharge-Customize/dp/B09CYX92NB/ref=sr_1_22?dib=eyJ2IjoiMSJ9.__XvY5JPsEIf5xmZZf0rtfdbcQnFwyu4b6eY_EeEJPVLWFonc-JsScZh9j3VaXPobZbYkrIA_ery44aoBdxpz4Ll5kQxebXwMXCiul2JqVQYb_o5GydCZXDmuj9cnPpkSFT4PWtqzWErq0IIfsnaV6kRCJ9cMhit7VBQT14z4t9sCsMhcC4EzFbOPrGWdg9ONkGSzAzwH3qyvkmiC_xoYHFvGmWdwP2ZJbnOYQvPpsY.UouWiQU-xbxRUo0ifI-cCAEEhQL5kUZrIx4h9FS2iu0&dib_tag=se&keywords=headphones&qid=1781073064
Amazon,headphones,2,"JBL Tune 520BT Wireless On Ear Headphones with Mic, Upto 57H Battery, Speed Charge : 5 Min Charge Gives Up to 3H of Play",₹2799.00,"₹4,999",(44% off),No,4.0,None,False,False,False,"JBL Tune 520BT Wireless On Ear Headphones with Mic, Upto 57H Battery, Speed Charge : 5 Min Charge Gives Up to 3H of Playback, Multipoint Connect, Customizable Bass with Headphones App, BT 5.3 (Black) 4.0 4.0 out of 5 stars (23.3K) 500+ bought in past month Price, product page ₹2,799 ₹ 2,799 M.R.P: ₹4,999 M.R.P: ₹4,999 ₹4,999 (44% off) Up to 5% back with Amazon Pay ICICI card Up to 5% back with Ama",https://www.amazon.in/JBL-Headphones-Speedcharge-Customizable-Lightweight/dp/B0C3V5X3QT/ref=sr_1_23?dib=eyJ2IjoiMSJ9.__XvY5JPsEIf5xmZZf0rtfdbcQnFwyu4b6eY_EeEJPVLWFonc-JsScZh9j3VaXPobZbYkrIA_ery44aoBdxpz4Ll5kQxebXwMXCiul2JqVQYb_o5GydCZXDmuj9cnPpkSFT4PWtqzWErq0IIfsnaV6kRCJ9cMhit7VBQT14z4t9sCsMhcC4EzFbOPrGWdg9ONkGSzAzwH3qyvkmiC_xoYHFvGmWdwP2ZJbnOYQvPpsY.UouWiQU-xbxRUo0ifI-cCAEEhQL5kUZrIx4h9FS2iu0&dib_tag=se&keywords=headphones&qid=1781073064
Amazon,headphones,2,"Boat Rockerz 650 Pro, Touch/Swipe Controls, Dolby Audio, 80Hrs Battery, 2Mics ENx, Fast Charge, App Support, Dual Pair, ",₹3099.00,"₹8,990",(66% off),No,4.2,None,False,False,False,"Boat Rockerz 650 Pro, Touch/Swipe Controls, Dolby Audio, 80Hrs Battery, 2Mics ENx, Fast Charge, App Support, Dual Pair, Bluetooth Over Ear Headphones with Mic(Starry Night) 4.2 4.2 out of 5 stars (3.9K) 1K+ bought in past month Price, product page ₹3,099 ₹ 3,099 M.R.P: ₹8,990 M.R.P: ₹8,990 ₹8,990 (66% off) Up to 5% back with Amazon Pay ICICI card Up to 5% back with Amazon Pay ICI... FREE delivery ",https://www.amazon.in/boAt-Rockerz-650-Pro-Headphones/dp/B0DV5HX4JZ/ref=sr_1_24?dib=eyJ2IjoiMSJ9.__XvY5JPsEIf5xmZZf0rtfdbcQnFwyu4b6eY_EeEJPVLWFonc-JsScZh9j3VaXPobZbYkrIA_ery44aoBdxpz4Ll5kQxebXwMXCiul2JqVQYb_o5GydCZXDmuj9cnPpkSFT4PWtqzWErq0IIfsnaV6kRCJ9cMhit7VBQT14z4t9sCsMhcC4EzFbOPrGWdg9ONkGSzAzwH3qyvkmiC_xoYHFvGmWdwP2ZJbnOYQvPpsY.UouWiQU-xbxRUo0ifI-cCAEEhQL5kUZrIx4h9FS2iu0&dib_tag=se&keywords=headphones&qid=1781073064
Amazon,headphones,2,"Boat Rockerz 512 ANC,(~40dB) Hybrid ANC, 80H Battery, 40mm Drivers, 40ms Low Latency, ENx Tech,Stream Ad Free Music via ",₹2999.00,"₹7,990",(62% off),No,4.2,None,False,False,False,"Boat Rockerz 512 ANC,(~40dB) Hybrid ANC, 80H Battery, 40mm Drivers, 40ms Low Latency, ENx Tech,Stream Ad Free Music via App Support, Bluetooth Headphones, Wireless Headphone with Mic (Cosmic Black) 4.2 4.2 out of 5 stars (31K) 2K+ bought in past month Price, product page ₹2,999 ₹ 2,999 M.R.P: ₹7,990 M.R.P: ₹7,990 ₹7,990 (62% off) Up to 5% back with Amazon Pay ICICI card Up to 5% back with Amazon P",https://www.amazon.in/boAt-Bluetooth-Headphones-Wireless-Headphone/dp/B0FG2QT7H2/ref=sr_1_25?dib=eyJ2IjoiMSJ9.__XvY5JPsEIf5xmZZf0rtfdbcQnFwyu4b6eY_EeEJPVLWFonc-JsScZh9j3VaXPobZbYkrIA_ery44aoBdxpz4Ll5kQxebXwMXCiul2JqVQYb_o5GydCZXDmuj9cnPpkSFT4PWtqzWErq0IIfsnaV6kRCJ9cMhit7VBQT14z4t9sCsMhcC4EzFbOPrGWdg9ONkGSzAzwH3qyvkmiC_xoYHFvGmWdwP2ZJbnOYQvPpsY.UouWiQU-xbxRUo0ifI-cCAEEhQL5kUZrIx4h9FS2iu0&dib_tag=se&keywords=headphones&qid=1781073064
Amazon,headphones,2,"Boat Rockerz 412, 60H Battery, 40Mm Drivers, 40Ms Low Latency, ENx Tech, Stream Ad Free Music via App Support, Bluetooth",₹1599.00,"₹2,999",(47% off),No,3.9,None,False,False,False,"Boat Rockerz 412, 60H Battery, 40Mm Drivers, 40Ms Low Latency, ENx Tech, Stream Ad Free Music via App Support, Bluetooth Headphones, Wireless Over Ear Headphone with Mic (Active Black) 3.9 3.9 out of 5 stars (547) 500+ bought in past month Price, product page ₹1,599 ₹ 1,599 M.R.P: ₹2,999 M.R.P: ₹2,999 ₹2,999 (47% off) Up to 5% back with Amazon Pay ICICI card Up to 5% back with Amazon Pay ICI... FR",https://www.amazon.in/boAt-Bluetooth-Headphones-Wireless-Headphone/dp/B0FC327SXQ/ref=sr_1_26?dib=eyJ2IjoiMSJ9.__XvY5JPsEIf5xmZZf0rtfdbcQnFwyu4b6eY_EeEJPVLWFonc-JsScZh9j3VaXPobZbYkrIA_ery44aoBdxpz4Ll5kQxebXwMXCiul2JqVQYb_o5GydCZXDmuj9cnPpkSFT4PWtqzWErq0IIfsnaV6kRCJ9cMhit7VBQT14z4t9sCsMhcC4EzFbOPrGWdg9ONkGSzAzwH3qyvkmiC_xoYHFvGmWdwP2ZJbnOYQvPpsY.UouWiQU-xbxRUo0ifI-cCAEEhQL5kUZrIx4h9FS2iu0&dib_tag=se&keywords=headphones&qid=1781073064
Amazon,headphones,2,Sony MDR-7506 Professional Wired On Ear Headphones (Best Compatible with Professional Cinema Line Camera) - Black,₹7534.00,"₹9,990",(25% off),No,4.6,None,False,False,False,"Sony MDR-7506 Professional Wired On Ear Headphones (Best Compatible with Professional Cinema Line Camera) - Black 4.6 4.6 out of 5 stars (27K) Price, product page ₹7,534 ₹ 7,534 M.R.P: ₹9,990 M.R.P: ₹9,990 ₹9,990 (25% off) Up to 5% back with Amazon Pay ICICI card Up to 5% back with Amazon Pay ICI... FREE delivery 18 - 23 Jun Add to cart",https://www.amazon.in/Sony-MDR-7506-Professional-Headphones-Black/dp/B000AJIF4E/ref=sr_1_29?dib=eyJ2IjoiMSJ9.__XvY5JPsEIf5xmZZf0rtfdbcQnFwyu4b6eY_EeEJPVLWFonc-JsScZh9j3VaXPobZbYkrIA_ery44aoBdxpz4Ll5kQxebXwMXCiul2JqVQYb_o5GydCZXDmuj9cnPpkSFT4PWtqzWErq0IIfsnaV6kRCJ9cMhit7VBQT14z4t9sCsMhcC4EzFbOPrGWdg9ONkGSzAzwH3qyvkmiC_xoYHFvGmWdwP2ZJbnOYQvPpsY.UouWiQU-xbxRUo0ifI-cCAEEhQL5kUZrIx4h9FS2iu0&dib_tag=se&keywords=headphones&qid=1781073064
Amazon,headphones,2,"ZEBRONICS Bro 3.5Mm Wired in Ear Earphones, in-Line Mic, Deep Bass, 1.2M Strong and Long Lasting Cable, Light Weight, Co",₹139.00,₹992.86,(65% off),No,3.5,None,False,False,False,"ZEBRONICS Bro 3.5Mm Wired in Ear Earphones, in-Line Mic, Deep Bass, 1.2M Strong and Long Lasting Cable, Light Weight, Compatible with Mobile | Tablet | Laptop (Blue) 3.5 3.5 out of 5 stars (70K) 4K+ bought in past month Price, product page ₹139 ₹ 139 ( ₹992.86 ₹992.86 /100 g) M.R.P: ₹399 M.R.P: ₹399 ₹399 (65% off) Up to 5% back with Amazon Pay ICICI card Up to 5% back with Amazon Pay ICI... FREE d",https://www.amazon.in/ZEBRONICS-Zeb-Bro-Earphones-Drivers-Compatible/dp/B09R24HMNW/ref=sr_1_30?dib=eyJ2IjoiMSJ9.__XvY5JPsEIf5xmZZf0rtfdbcQnFwyu4b6eY_EeEJPVLWFonc-JsScZh9j3VaXPobZbYkrIA_ery44aoBdxpz4Ll5kQxebXwMXCiul2JqVQYb_o5GydCZXDmuj9cnPpkSFT4PWtqzWErq0IIfsnaV6kRCJ9cMhit7VBQT14z4t9sCsMhcC4EzFbOPrGWdg9ONkGSzAzwH3qyvkmiC_xoYHFvGmWdwP2ZJbnOYQvPpsY.UouWiQU-xbxRUo0ifI-cCAEEhQL5kUZrIx4h9FS2iu0&dib_tag=se&keywords=headphones&qid=1781073064
Amazon,headphones,2,"Spigen Audio Newly Launched SA-HP P10 Wireless Over Ear Headphones with 60H Playtime, Upto 43dB Multi-Mode Adaptive ANC ",₹2499.00,"₹2,49,900",(58% off),No,4.3,Limited time deal,True,False,False,"Spigen Audio Newly Launched SA-HP P10 Wireless Over Ear Headphones with 60H Playtime, Upto 43dB Multi-Mode Adaptive ANC Pro, EQ Customizing App, 5-MIC, Gaming Mode, 40mm Driver - Black 4.3 4.3 out of 5 stars (127) 500+ bought in past month Limited time deal Price, product page ₹2,499 ₹ 2,499 ( ₹2,49,900 ₹2,49,900 /100 g) M.R.P: ₹5,899 M.R.P: ₹5,899 ₹5,899 (58% off) Up to 5% back with Amazon Pay IC",https://www.amazon.in/Spigen-Launched-Headphones-Multi-Mode-Customizing/dp/B0DGX1VCWX/ref=sr_1_31?dib=eyJ2IjoiMSJ9.__XvY5JPsEIf5xmZZf0rtfdbcQnFwyu4b6eY_EeEJPVLWFonc-JsScZh9j3VaXPobZbYkrIA_ery44aoBdxpz4Ll5kQxebXwMXCiul2JqVQYb_o5GydCZXDmuj9cnPpkSFT4PWtqzWErq0IIfsnaV6kRCJ9cMhit7VBQT14z4t9sCsMhcC4EzFbOPrGWdg9ONkGSzAzwH3qyvkmiC_xoYHFvGmWdwP2ZJbnOYQvPpsY.UouWiQU-xbxRUo0ifI-cCAEEhQL5kUZrIx4h9FS2iu0&dib_tag=se&keywords=headphones&qid=1781073064
Amazon,headphones,2,"PunnkFunnk Astro Junior Wireless Bluetooth Headphones with BT 5.3, Noise Cancelling, Hi-Res Audio, 40mm Drivers, Deep Ba",₹799.00,"₹4,999",(84% off),No,4.0,None,False,True,False,"PunnkFunnk Astro Junior Wireless Bluetooth Headphones with BT 5.3, Noise Cancelling, Hi-Res Audio, 40mm Drivers, Deep Bass, Memory Foam Ear Cushions, Over-Ear Headset for Kids, Teens & Adults (Blue) 4.0 4.0 out of 5 stars (57) 100+ bought in past month Price, product page ₹799 ₹ 799 M.R.P: ₹4,999 M.R.P: ₹4,999 ₹4,999 (84% off) Up to 5% back with Amazon Pay ICICI card Up to 5% back with Amazon Pay ",https://www.amazon.in/PunnkFunnk-Astro-Junior-Headphones-Cancelling/dp/B0GMH2KR6D/ref=sr_1_32?dib=eyJ2IjoiMSJ9.__XvY5JPsEIf5xmZZf0rtfdbcQnFwyu4b6eY_EeEJPVLWFonc-JsScZh9j3VaXPobZbYkrIA_ery44aoBdxpz4Ll5kQxebXwMXCiul2JqVQYb_o5GydCZXDmuj9cnPpkSFT4PWtqzWErq0IIfsnaV6kRCJ9cMhit7VBQT14z4t9sCsMhcC4EzFbOPrGWdg9ONkGSzAzwH3qyvkmiC_xoYHFvGmWdwP2ZJbnOYQvPpsY.UouWiQU-xbxRUo0ifI-cCAEEhQL5kUZrIx4h9FS2iu0&dib_tag=se&keywords=headphones&qid=1781073064
Amazon,headphones,2,"Sennheiser Momentum 4 Wireless Over Ear Headphones, German Design, ANC, 60h Battery, Customizable Sound, 4 Digital Mics ",₹26990.00,"₹34,990",(23% off),No,4.3,None,False,False,False,"Sennheiser Momentum 4 Wireless Over Ear Headphones, German Design, ANC, 60h Battery, Customizable Sound, 4 Digital Mics for Crystal-Clear Calls, Multipoint Connectivity, 1 Yr Warranty, Graphite 4.3 4.3 out of 5 stars (12.2K) Price, product page ₹26,990 ₹ 26,990 M.R.P: ₹34,990 M.R.P: ₹34,990 ₹34,990 (23% off) Up to 5% back with Amazon Pay ICICI card Up to 5% back with Amazon Pay ICI... FREE deliver",https://www.amazon.in/Sennheiser-Headphones-Bluetooth-Crystal-Clear-Cancellation-Design-Graphite/dp/B0CQ2TBSPV/ref=sr_1_33?dib=eyJ2IjoiMSJ9.__XvY5JPsEIf5xmZZf0rtfdbcQnFwyu4b6eY_EeEJPVLWFonc-JsScZh9j3VaXPobZbYkrIA_ery44aoBdxpz4Ll5kQxebXwMXCiul2JqVQYb_o5GydCZXDmuj9cnPpkSFT4PWtqzWErq0IIfsnaV6kRCJ9cMhit7VBQT14z4t9sCsMhcC4EzFbOPrGWdg9ONkGSzAzwH3qyvkmiC_xoYHFvGmWdwP2ZJbnOYQvPpsY.UouWiQU-xbxRUo0ifI-cCAEEhQL5kUZrIx4h9FS2iu0&dib_tag=se&keywords=headphones&qid=1781073064
Amazon,headphones,2,"P9 Wireless Over-Ear Headphone, Hi-Fi Stereo Sound, 40mm Drivers, Deep Bass",₹449.00,"₹1,999",(78% off),No,3.0,None,False,True,False,"P9 Wireless Over-Ear Headphone, Hi-Fi Stereo Sound, 40mm Drivers, Deep Bass 3.0 3.0 out of 5 stars (3) Price, product page ₹449 ₹ 449 M.R.P: ₹1,999 M.R.P: ₹1,999 ₹1,999 (78% off) Up to 5% back with Amazon Pay ICICI card Up to 5% back with Amazon Pay ICI... FREE delivery Tue, 16 Jun Add to cart",https://www.amazon.in/SANTUSHTI-FASHION-Wireless-Over-Ear-Headphone/dp/B0GYSGJ879/ref=sr_1_34?dib=eyJ2IjoiMSJ9.__XvY5JPsEIf5xmZZf0rtfdbcQnFwyu4b6eY_EeEJPVLWFonc-JsScZh9j3VaXPobZbYkrIA_ery44aoBdxpz4Ll5kQxebXwMXCiul2JqVQYb_o5GydCZXDmuj9cnPpkSFT4PWtqzWErq0IIfsnaV6kRCJ9cMhit7VBQT14z4t9sCsMhcC4EzFbOPrGWdg9ONkGSzAzwH3qyvkmiC_xoYHFvGmWdwP2ZJbnOYQvPpsY.UouWiQU-xbxRUo0ifI-cCAEEhQL5kUZrIx4h9FS2iu0&dib_tag=se&keywords=headphones&qid=1781073064
Amazon,headphones,2,Sony ZX Series MDR-ZX310AP Wired Headband Stereo On Ear Headset -Blue,₹1099.00,"₹2,190",(50% off),No,4.1,None,False,False,False,"Sony ZX Series MDR-ZX310AP Wired Headband Stereo On Ear Headset -Blue 4.1 4.1 out of 5 stars (1.8K) 400+ bought in past month Price, product page ₹1,099 ₹ 1,099 M.R.P: ₹2,190 M.R.P: ₹2,190 ₹2,190 (50% off) Up to 5% back with Amazon Pay ICICI card Up to 5% back with Amazon Pay ICI... FREE delivery Fri, 12 Jun Or fastest delivery Tomorrow 8 am - 12 pm Add to cart",https://www.amazon.in/Sony-MDR-ZX310AP-Headband-Stereo-Headset/dp/B00K0AMYFO/ref=sr_1_36?dib=eyJ2IjoiMSJ9.__XvY5JPsEIf5xmZZf0rtfdbcQnFwyu4b6eY_EeEJPVLWFonc-JsScZh9j3VaXPobZbYkrIA_ery44aoBdxpz4Ll5kQxebXwMXCiul2JqVQYb_o5GydCZXDmuj9cnPpkSFT4PWtqzWErq0IIfsnaV6kRCJ9cMhit7VBQT14z4t9sCsMhcC4EzFbOPrGWdg9ONkGSzAzwH3qyvkmiC_xoYHFvGmWdwP2ZJbnOYQvPpsY.UouWiQU-xbxRUo0ifI-cCAEEhQL5kUZrIx4h9FS2iu0&dib_tag=se&keywords=headphones&qid=1781073064
Amazon,headphones,2,"Noise Airwave Max 3 Bluetooth On Ear Headphones with 70H Playtime, 40mm Driver, Low Latency(up to 45ms),Dual Pairing, BT",₹1999.00,"₹5,499",(64% off),No,3.8,None,False,False,True,"Sponsored Sponsored You are seeing this ad based on the product’s relevance to your search query. Let us know Noise Airwave Max 3 Bluetooth On Ear Headphones with 70H Playtime, 40mm Driver, Low Latency(up to 45ms),Dual Pairing, BT v5.3 (Dark Brown) 3.8 3.8 out of 5 stars (4.3K) Price, product page ₹1,999 ₹ 1,999 M.R.P: ₹5,499 M.R.P: ₹5,499 ₹5,499 (64% off) Up to 5% back with Amazon Pay ICICI card ",https://www.amazon.in/sspa/click?ie=UTF8&spc=MToyOTE0ODM0NjE1OTUxMzA5OjE3ODEwNzMwNjQ6c3BfYnRmOjMwMDI4NzIwOTExNDIzMjo6MDo6&url=%2FNoise-Launched-Wireless-Headphones-Playtime%2Fdp%2FB0CY1Y48Q5%2Fref%3Dsr_1_37_sspa%3Fdib%3DeyJ2IjoiMSJ9.__XvY5JPsEIf5xmZZf0rtfdbcQnFwyu4b6eY_EeEJPVLWFonc-JsScZh9j3VaXPobZbYkrIA_ery44aoBdxpz4Ll5kQxebXwMXCiul2JqVQYb_o5GydCZXDmuj9cnPpkSFT4PWtqzWErq0IIfsnaV6kRCJ9cMhit7VBQT14z4t9sCsMhcC4EzFbOPrGWdg9ONkGSzAzwH3qyvkmiC_xoYHFvGmWdwP2ZJbnOYQvPpsY.UouWiQU-xbxRUo0ifI-cCAEEhQL5kUZrIx4h9FS2iu0%26dib_tag%3Dse%26keywords%3Dheadphones%26qid%3D1781073064%26aref%3DuyXmzaeByU%26sp_csd%3Dd2lkZ2V0TmFtZT1zcF9idGY%26psc%3D1&aref=uyXmzaeByU&sp_cr=ZAZ
Amazon,headphones,2,"Amazon Basics Pro Series ANC Over Ear Wireless Headphones, ANC (Up to 33 dB), Bluetooth 5.3, 28 Hr Playtime, 40mm Driver",₹1609.00,"₹4,999",(68% off),No,3.4,None,False,False,True,"Sponsored Sponsored You are seeing this ad based on the product’s relevance to your search query. Let us know Amazon Basics Pro Series ANC Over Ear Wireless Headphones, ANC (Up to 33 dB), Bluetooth 5.3, 28 Hr Playtime, 40mm Drivers, Comfort Fit with USB-C Fast Charging, Black 3.4 3.4 out of 5 stars (10) Price, product page ₹1,609 ₹ 1,609 M.R.P: ₹4,999 M.R.P: ₹4,999 ₹4,999 (68% off) Up to 5% back w",https://www.amazon.in/sspa/click?ie=UTF8&spc=MToyOTE0ODM0NjE1OTUxMzA5OjE3ODEwNzMwNjQ6c3BfYnRmOjMwMDkwNTcwOTk5ODMzMjo6MDo6&url=%2FWireless-Headphones-Bluetooth-Playtime-Charging%2Fdp%2FB0FGNYNS4H%2Fref%3Dsr_1_38_sspa%3Fdib%3DeyJ2IjoiMSJ9.__XvY5JPsEIf5xmZZf0rtfdbcQnFwyu4b6eY_EeEJPVLWFonc-JsScZh9j3VaXPobZbYkrIA_ery44aoBdxpz4Ll5kQxebXwMXCiul2JqVQYb_o5GydCZXDmuj9cnPpkSFT4PWtqzWErq0IIfsnaV6kRCJ9cMhit7VBQT14z4t9sCsMhcC4EzFbOPrGWdg9ONkGSzAzwH3qyvkmiC_xoYHFvGmWdwP2ZJbnOYQvPpsY.UouWiQU-xbxRUo0ifI-cCAEEhQL5kUZrIx4h9FS2iu0%26dib_tag%3Dse%26keywords%3Dheadphones%26qid%3D1781073064%26aref%3DHiieUo9xIk%26sp_csd%3Dd2lkZ2V0TmFtZT1zcF9idGY%26psc%3D1&aref=HiieUo9xIk&sp_cr=ZAZ
Amazon,headphones,3,EKSA E900 Wired Stereo Gaming Headset-Over Ear Headphones with Noise Canceling Mic - Red,₹2699.00,N/A,N/A,N/A,3.8,None,False,False,False,"EKSA E900 Wired Stereo Gaming Headset-Over Ear Headphones with Noise Canceling Mic - Red 3.8 3.8 out of 5 stars (7.8K) Windows Price, product page ₹2,699 ₹ 2,699 Up to 5% back with Amazon Pay ICICI card Up to 5% back with Amazon Pay ICI... FREE delivery Fri, 12 Jun Or fastest delivery Tomorrow 8 am - 12 pm Add to cart",https://www.amazon.in/EKSA-Headset-Over-Headphones-Detachable-Compatible/dp/B089K72JNW/ref=sr_1_35?dib=eyJ2IjoiMSJ9.L4k1zDRxztknvKUetaJERsgBbiokuouUK8zCV_0KsO_9BA9nv5LJSWaPg-BOmhs5G1vsOYwZIJR7oUjxsaV684H7NQtdHLVQAluO599Lzyg1ZCRFotiW989Wefdu3UikJT4gQY5z86bToDlmNrFP_kNexvuiUs2UXwogmNZIbTbBiCOpiJvoT9_U8J5cmKr3RFroYiruWV84QQeJjDkKcc8GBdl1FdVzyfxHpImCknE.o1lhhEPzxYzydbnAsKu8H5p1lnWDoqU-Q7Cyv0swYWo&dib_tag=se&keywords=headphones&qid=1781073115
Amazon,headphones,3,"Boat Rockerz Plus 550, Customizable Earcups, 100H Battery, 50mm Drivers, Dual Pair, Stream Ad Free Music via App Support",₹2299.00,"₹4,990",(54% off),No,4.1,None,False,False,False,"Boat Rockerz Plus 550, Customizable Earcups, 100H Battery, 50mm Drivers, Dual Pair, Stream Ad Free Music via App Support, Bluetooth Headphones, Wireless Headphone with Mic (Black Psyche) 4.1 4.1 out of 5 stars (66.4K) 1K+ bought in past month Price, product page ₹2,299 ₹ 2,299 M.R.P: ₹4,990 M.R.P: ₹4,990 ₹4,990 (54% off) Up to 5% back with Amazon Pay ICICI card Up to 5% back with Amazon Pay ICI...",https://www.amazon.in/boAt-Customizable-Bluetooth-Headphones-Headphone/dp/B0FHHM74H8/ref=sr_1_36?dib=eyJ2IjoiMSJ9.L4k1zDRxztknvKUetaJERsgBbiokuouUK8zCV_0KsO_9BA9nv5LJSWaPg-BOmhs5G1vsOYwZIJR7oUjxsaV684H7NQtdHLVQAluO599Lzyg1ZCRFotiW989Wefdu3UikJT4gQY5z86bToDlmNrFP_kNexvuiUs2UXwogmNZIbTbBiCOpiJvoT9_U8J5cmKr3RFroYiruWV84QQeJjDkKcc8GBdl1FdVzyfxHpImCknE.o1lhhEPzxYzydbnAsKu8H5p1lnWDoqU-Q7Cyv0swYWo&dib_tag=se&keywords=headphones&qid=1781073115
Amazon,headphones,3,"Dell WL5024 Pro Wireless ANC Headset - Hybrid Active Noise Cancellation, AI-Based Noise Cancellation Microphone, Leather",₹18760.00,"₹35,999",(48% off),No,4.0,Only 2 left,True,False,False,"Dell WL5024 Pro Wireless ANC Headset - Hybrid Active Noise Cancellation, AI-Based Noise Cancellation Microphone, Leatherette Headband, Effortless connectivity, Microsoft Teams/Zoom Certified - Black 4.0 4.0 out of 5 stars (51) Price, product page ₹18,760 ₹ 18,760 M.R.P: ₹35,999 M.R.P: ₹35,999 ₹35,999 (48% off) Up to 5% back with Amazon Pay ICICI card Up to 5% back with Amazon Pay ICI... FREE deliv",https://www.amazon.in/Dell-WL5024-Pro-Wireless-Headset/dp/B0CXJF21DV/ref=sr_1_37?dib=eyJ2IjoiMSJ9.L4k1zDRxztknvKUetaJERsgBbiokuouUK8zCV_0KsO_9BA9nv5LJSWaPg-BOmhs5G1vsOYwZIJR7oUjxsaV684H7NQtdHLVQAluO599Lzyg1ZCRFotiW989Wefdu3UikJT4gQY5z86bToDlmNrFP_kNexvuiUs2UXwogmNZIbTbBiCOpiJvoT9_U8J5cmKr3RFroYiruWV84QQeJjDkKcc8GBdl1FdVzyfxHpImCknE.o1lhhEPzxYzydbnAsKu8H5p1lnWDoqU-Q7Cyv0swYWo&dib_tag=se&keywords=headphones&qid=1781073115
Amazon,headphones,3,"Sony WH-CH520 Best Wireless Bluetooth On-Ear Headphones with Microphone for Calls and Voice Control, Up to 50 Hours Batt",N/A,N/A,N/A,N/A,4.8,None,False,False,False,"Sony WH-CH520 Best Wireless Bluetooth On-Ear Headphones with Microphone for Calls and Voice Control, Up to 50 Hours Battery Life with Quick Charge Function, Includes USB-C Charging Cable - Beige 4.8 4.8 out of 5 stars (1.9K) See options No featured offers available ₹15,196 (1 new offer)",https://www.amazon.in/WH-CH520-Wireless-Bluetooth-Headphones-Microphone/dp/B0CFS29Y49/ref=sr_1_38?dib=eyJ2IjoiMSJ9.L4k1zDRxztknvKUetaJERsgBbiokuouUK8zCV_0KsO_9BA9nv5LJSWaPg-BOmhs5G1vsOYwZIJR7oUjxsaV684H7NQtdHLVQAluO599Lzyg1ZCRFotiW989Wefdu3UikJT4gQY5z86bToDlmNrFP_kNexvuiUs2UXwogmNZIbTbBiCOpiJvoT9_U8J5cmKr3RFroYiruWV84QQeJjDkKcc8GBdl1FdVzyfxHpImCknE.o1lhhEPzxYzydbnAsKu8H5p1lnWDoqU-Q7Cyv0swYWo&dib_tag=se&keywords=headphones&qid=1781073115
Amazon,headphones,3,"JBL Live 770NC True Adaptive Noise Cancellation Headphones Wireless Over Ear, Spatial Sound, 65Hrs Playtime, Speed Charg",N/A,N/A,N/A,N/A,4.2,None,False,False,False,"JBL Live 770NC True Adaptive Noise Cancellation Headphones Wireless Over Ear, Spatial Sound, 65Hrs Playtime, Speed Charge, Multipoint Connect & Personi-Fi 2.0, Customized EQ, Google Fast Pair, Blue 4.2 4.2 out of 5 stars (700) 100+ bought in past month See options No featured offers available ₹10,999 (2 new offers)",https://www.amazon.in/JBL-Cancellation-Headphones-Multipoint-Personi-Fi/dp/B0CHMMVHQL/ref=sr_1_40?dib=eyJ2IjoiMSJ9.L4k1zDRxztknvKUetaJERsgBbiokuouUK8zCV_0KsO_9BA9nv5LJSWaPg-BOmhs5G1vsOYwZIJR7oUjxsaV684H7NQtdHLVQAluO599Lzyg1ZCRFotiW989Wefdu3UikJT4gQY5z86bToDlmNrFP_kNexvuiUs2UXwogmNZIbTbBiCOpiJvoT9_U8J5cmKr3RFroYiruWV84QQeJjDkKcc8GBdl1FdVzyfxHpImCknE.o1lhhEPzxYzydbnAsKu8H5p1lnWDoqU-Q7Cyv0swYWo&dib_tag=se&keywords=headphones&qid=1781073115
Amazon,headphones,3,"Skullcandy Crusher ANC 2 Wireless Bluetooth Over-Ear Headphones with Active Noise Cancellation, Adjustable Sensory Bass,",₹17999.00,"₹64,999",(72% off),No,4.4,None,False,True,False,"Skullcandy Crusher ANC 2 Wireless Bluetooth Over-Ear Headphones with Active Noise Cancellation, Adjustable Sensory Bass, 50Hr Battery, 40 mm Drivers, Multipoint Pairing, Built-in Mic-Bone 4.4 4.4 out of 5 stars (3.3K) Price, product page ₹17,999 ₹ 17,999 M.R.P: ₹64,999 M.R.P: ₹64,999 ₹64,999 (72% off) Up to 5% back with Amazon Pay ICICI card Up to 5% back with Amazon Pay ICI... FREE delivery Fri, ",https://www.amazon.in/Skullcandy-Cancelling-Headphones-Microphone-Bluetooth/dp/B0CPNY59RJ/ref=sr_1_42?dib=eyJ2IjoiMSJ9.L4k1zDRxztknvKUetaJERsgBbiokuouUK8zCV_0KsO_9BA9nv5LJSWaPg-BOmhs5G1vsOYwZIJR7oUjxsaV684H7NQtdHLVQAluO599Lzyg1ZCRFotiW989Wefdu3UikJT4gQY5z86bToDlmNrFP_kNexvuiUs2UXwogmNZIbTbBiCOpiJvoT9_U8J5cmKr3RFroYiruWV84QQeJjDkKcc8GBdl1FdVzyfxHpImCknE.o1lhhEPzxYzydbnAsKu8H5p1lnWDoqU-Q7Cyv0swYWo&dib_tag=se&keywords=headphones&qid=1781073115
Amazon,headphones,3,Audio-Technica Ath-M50X Wired Over Ear Headphones Without Mic (Black),₹12990.00,"₹21,948",(41% off),No,4.6,None,False,False,False,"Audio-Technica Ath-M50X Wired Over Ear Headphones Without Mic (Black) Number 1 Top-Rated 4.6 4.6 out of 5 stars (33.2K) Price, product page ₹12,990 ₹ 12,990 M.R.P: ₹21,948 M.R.P: ₹21,948 ₹21,948 (41% off) Up to 5% back with Amazon Pay ICICI card Up to 5% back with Amazon Pay ICI... FREE delivery Fri, 12 Jun Or fastest delivery Tomorrow, 11 Jun Add to cart +2",https://www.amazon.in/Audio-Technica-ATH-M50x-Over-Ear-Professional-Headphones/dp/B00HVLUR86/ref=sr_1_45?dib=eyJ2IjoiMSJ9.L4k1zDRxztknvKUetaJERsgBbiokuouUK8zCV_0KsO_9BA9nv5LJSWaPg-BOmhs5G1vsOYwZIJR7oUjxsaV684H7NQtdHLVQAluO599Lzyg1ZCRFotiW989Wefdu3UikJT4gQY5z86bToDlmNrFP_kNexvuiUs2UXwogmNZIbTbBiCOpiJvoT9_U8J5cmKr3RFroYiruWV84QQeJjDkKcc8GBdl1FdVzyfxHpImCknE.o1lhhEPzxYzydbnAsKu8H5p1lnWDoqU-Q7Cyv0swYWo&dib_tag=se&keywords=headphones&qid=1781073115
Amazon,headphones,3,SENNHEISER HD 490 PRO Plus Open-Back Studio Reference Headphones | Ultra-Wide 3D Soundstage | 5Hz–36kHz FR | Interchange,₹31490.00,"₹31,49,000",(24% off),No,4.9,None,False,False,False,"SENNHEISER HD 490 PRO Plus Open-Back Studio Reference Headphones | Ultra-Wide 3D Soundstage | 5Hz–36kHz FR | Interchangeable Earpads | Ideal for Mixing, Mastering, Recording & Music Production 4.9 4.9 out of 5 stars (50) Price, product page ₹31,490 ₹ 31,490 ( ₹31,49,000 ₹31,49,000 /100 g) M.R.P: ₹41,300 M.R.P: ₹41,300 ₹41,300 (24% off) Up to 5% back with Amazon Pay ICICI card Up to 5% back with Am",https://www.amazon.in/SENNHEISER-HD-490-PRO-Headphones-Ultra-Wide-Interchangeable/dp/B0CVQDS3MX/ref=sr_1_46?dib=eyJ2IjoiMSJ9.L4k1zDRxztknvKUetaJERsgBbiokuouUK8zCV_0KsO_9BA9nv5LJSWaPg-BOmhs5G1vsOYwZIJR7oUjxsaV684H7NQtdHLVQAluO599Lzyg1ZCRFotiW989Wefdu3UikJT4gQY5z86bToDlmNrFP_kNexvuiUs2UXwogmNZIbTbBiCOpiJvoT9_U8J5cmKr3RFroYiruWV84QQeJjDkKcc8GBdl1FdVzyfxHpImCknE.o1lhhEPzxYzydbnAsKu8H5p1lnWDoqU-Q7Cyv0swYWo&dib_tag=se&keywords=headphones&qid=1781073115
Amazon,headphones,3,Marshall Major IV Wireless Bluetooth On Ear Headphone with Mic (Black),₹9999.00,"₹14,999",(33% off),No,4.3,None,False,False,False,"Marshall Major IV Wireless Bluetooth On Ear Headphone with Mic (Black) 4.3 4.3 out of 5 stars (16.8K) 300+ bought in past month Price, product page ₹9,999 ₹ 9,999 M.R.P: ₹14,999 M.R.P: ₹14,999 ₹14,999 (33% off) Up to 5% back with Amazon Pay ICICI card Up to 5% back with Amazon Pay ICI... FREE delivery Fri, 12 Jun Or fastest delivery Today 4 pm - 8 pm Add to cart",https://www.amazon.in/Marshall-Major-Foldable-Bluetooth-Headphones/dp/B08KHT2HDT/ref=sr_1_47?dib=eyJ2IjoiMSJ9.L4k1zDRxztknvKUetaJERsgBbiokuouUK8zCV_0KsO_9BA9nv5LJSWaPg-BOmhs5G1vsOYwZIJR7oUjxsaV684H7NQtdHLVQAluO599Lzyg1ZCRFotiW989Wefdu3UikJT4gQY5z86bToDlmNrFP_kNexvuiUs2UXwogmNZIbTbBiCOpiJvoT9_U8J5cmKr3RFroYiruWV84QQeJjDkKcc8GBdl1FdVzyfxHpImCknE.o1lhhEPzxYzydbnAsKu8H5p1lnWDoqU-Q7Cyv0swYWo&dib_tag=se&keywords=headphones&qid=1781073115
Amazon,headphones,3,"Sony WH-1000XM5 Best Active Noise Cancelling Wireless Bluetooth Over Ear Headphones with Mic for Clear Calling,Battery L",₹28537.00,"₹34,990",(18% off),No,4.4,None,False,False,False,"Sony WH-1000XM5 Best Active Noise Cancelling Wireless Bluetooth Over Ear Headphones with Mic for Clear Calling,Battery Life 30 Hours -Black 4.4 4.4 out of 5 stars (16.9K) 100+ bought in past month Price, product page ₹28,537 ₹ 28,537 M.R.P: ₹34,990 M.R.P: ₹34,990 ₹34,990 (18% off) Up to 5% back with Amazon Pay ICICI card Up to 5% back with Amazon Pay ICI... FREE delivery Fri, 12 Jun Or fastest del",https://www.amazon.in/Sony-WH-1000XM5-Wireless-Cancelling-Headphones/dp/B09XS7JWHH/ref=sr_1_48?dib=eyJ2IjoiMSJ9.L4k1zDRxztknvKUetaJERsgBbiokuouUK8zCV_0KsO_9BA9nv5LJSWaPg-BOmhs5G1vsOYwZIJR7oUjxsaV684H7NQtdHLVQAluO599Lzyg1ZCRFotiW989Wefdu3UikJT4gQY5z86bToDlmNrFP_kNexvuiUs2UXwogmNZIbTbBiCOpiJvoT9_U8J5cmKr3RFroYiruWV84QQeJjDkKcc8GBdl1FdVzyfxHpImCknE.o1lhhEPzxYzydbnAsKu8H5p1lnWDoqU-Q7Cyv0swYWo&dib_tag=se&keywords=headphones&qid=1781073115
Amazon,headphones,3,"ASUS ROG Pelta Wireless Gaming Headset (BT, ROG SpeedNova 2.4GHz, USB-C, Lightweight 309g, 50mm ROG Titanium-Plated Driv",₹15079.00,"₹19,490",(23% off),No,4.4,None,False,False,False,"ASUS ROG Pelta Wireless Gaming Headset (BT, ROG SpeedNova 2.4GHz, USB-C, Lightweight 309g, 50mm ROG Titanium-Plated Drivers, 10mm Super-Wideband Mic, RGB, 70HR Battery, for PC, Switch, PS5)- Black 4.4 4.4 out of 5 stars (283) Price, product page ₹15,079 ₹ 15,079 M.R.P: ₹19,490 M.R.P: ₹19,490 ₹19,490 (23% off) Up to 5% back with Amazon Pay ICICI card Up to 5% back with Amazon Pay ICI... FREE delive",https://www.amazon.in/ASUS-ROG-Lightweight-Titanium-Plated-Super-Wideband/dp/B0DNTLYK6Z/ref=sr_1_49?dib=eyJ2IjoiMSJ9.L4k1zDRxztknvKUetaJERsgBbiokuouUK8zCV_0KsO_9BA9nv5LJSWaPg-BOmhs5G1vsOYwZIJR7oUjxsaV684H7NQtdHLVQAluO599Lzyg1ZCRFotiW989Wefdu3UikJT4gQY5z86bToDlmNrFP_kNexvuiUs2UXwogmNZIbTbBiCOpiJvoT9_U8J5cmKr3RFroYiruWV84QQeJjDkKcc8GBdl1FdVzyfxHpImCknE.o1lhhEPzxYzydbnAsKu8H5p1lnWDoqU-Q7Cyv0swYWo&dib_tag=se&keywords=headphones&qid=1781073115
Amazon,headphones,3,"JBL New Launch Tune Beam 2 TWS, ANC Earbuds, 48Hr Playtime,Dual Connect, Ambient Aware, Relax Mode, Customized EQ with H",₹4999.00,"₹11,999",(58% off),No,3.9,None,False,False,False,"JBL New Launch Tune Beam 2 TWS, ANC Earbuds, 48Hr Playtime,Dual Connect, Ambient Aware, Relax Mode, Customized EQ with Headphones App, 6 Mics for Clear Calls, Spatial Sound, Personi-Fi 3.0 (Turquoise) 3.9 3.9 out of 5 stars (6K) 300+ bought in past month Price, product page ₹4,999 ₹ 4,999 M.R.P: ₹11,999 M.R.P: ₹11,999 ₹11,999 (58% off) Up to 5% back with Amazon Pay ICICI card Up to 5% back with Am",https://www.amazon.in/JBL-Customized-Headphones-Personi-Fi-Turquoise/dp/B0DK3V1WJW/ref=sr_1_50?dib=eyJ2IjoiMSJ9.L4k1zDRxztknvKUetaJERsgBbiokuouUK8zCV_0KsO_9BA9nv5LJSWaPg-BOmhs5G1vsOYwZIJR7oUjxsaV684H7NQtdHLVQAluO599Lzyg1ZCRFotiW989Wefdu3UikJT4gQY5z86bToDlmNrFP_kNexvuiUs2UXwogmNZIbTbBiCOpiJvoT9_U8J5cmKr3RFroYiruWV84QQeJjDkKcc8GBdl1FdVzyfxHpImCknE.o1lhhEPzxYzydbnAsKu8H5p1lnWDoqU-Q7Cyv0swYWo&dib_tag=se&keywords=headphones&qid=1781073115
Amazon,headphones,3,"HIFIMAN HE1000 WiFi Full-Size Over-Ear Open-Back Planar Magnetic Headphone with WiFi Streaming for Audiophiles, Home & S",₹569716.00,"₹5,73,716",(1% off),No,2.0,None,False,False,False,"HIFIMAN HE1000 WiFi Full-Size Over-Ear Open-Back Planar Magnetic Headphone with WiFi Streaming for Audiophiles, Home & Studio Listening 2.0 2.0 out of 5 stars (1) Price, product page ₹5,69,716 ₹ 5,69,716 M.R.P: ₹5,73,716 M.R.P: ₹5,73,716 ₹5,73,716 (1% off) Up to 5% back with Amazon Pay ICICI card Up to 5% back with Amazon Pay ICI... FREE delivery Mon, 6 Jul Add to cart",https://www.amazon.in/HIFIMAN-HE1000-WiFi-Full-Size-Audiophiles/dp/B0GRR795LF/ref=sr_1_51?dib=eyJ2IjoiMSJ9.L4k1zDRxztknvKUetaJERsgBbiokuouUK8zCV_0KsO_9BA9nv5LJSWaPg-BOmhs5G1vsOYwZIJR7oUjxsaV684H7NQtdHLVQAluO599Lzyg1ZCRFotiW989Wefdu3UikJT4gQY5z86bToDlmNrFP_kNexvuiUs2UXwogmNZIbTbBiCOpiJvoT9_U8J5cmKr3RFroYiruWV84QQeJjDkKcc8GBdl1FdVzyfxHpImCknE.o1lhhEPzxYzydbnAsKu8H5p1lnWDoqU-Q7Cyv0swYWo&dib_tag=se&keywords=headphones&qid=1781073115
Amazon,headphones,3,CLAW SM50 Professional Studio Monitoring DJ Wired Over Ear Headphones with 2 Detachable Cables (2.8m Coiled Cable & 1.2m,₹1990.00,₹165.83,(33% off),Yes,4.3,Limited time deal,True,False,False,"CLAW SM50 Professional Studio Monitoring DJ Wired Over Ear Headphones with 2 Detachable Cables (2.8m Coiled Cable & 1.2m Straight Cable with Mic and in-line Controls) (SM50 Black) 4.3 4.3 out of 5 stars (2.2K) 300+ bought in past month Limited time deal Price, product page ₹1,990 ₹ 1,990 ( ₹165.83 ₹165.83 /count) M.R.P: ₹2,990 M.R.P: ₹2,990 ₹2,990 (33% off) Up to 5% back with Amazon Pay ICICI card",https://www.amazon.in/CLAW-SM50-Professional-Headphones-detachable/dp/B07VTQ9QKC/ref=sr_1_52?dib=eyJ2IjoiMSJ9.L4k1zDRxztknvKUetaJERsgBbiokuouUK8zCV_0KsO_9BA9nv5LJSWaPg-BOmhs5G1vsOYwZIJR7oUjxsaV684H7NQtdHLVQAluO599Lzyg1ZCRFotiW989Wefdu3UikJT4gQY5z86bToDlmNrFP_kNexvuiUs2UXwogmNZIbTbBiCOpiJvoT9_U8J5cmKr3RFroYiruWV84QQeJjDkKcc8GBdl1FdVzyfxHpImCknE.o1lhhEPzxYzydbnAsKu8H5p1lnWDoqU-Q7Cyv0swYWo&dib_tag=se&keywords=headphones&qid=1781073115
Amazon,shoes,1,Bacca Bucci,₹1394.00,"₹3,499",(60% off),No,4.2,Limited time deal,True,False,True,"+1 other color/pattern Sponsored Sponsored You are seeing this ad based on the product’s relevance to your search query. Let us know Bacca Bucci Men Lace Up Basketball Shoe 4.2 4.2 out of 5 stars (1.7K) 50+ bought in past month Limited time deal Price, product page ₹1,394 ₹ 1,394 M.R.P: ₹3,499 M.R.P: ₹3,499 ₹3,499 (60% off) Up to 5% back with Amazon Pay ICICI card Up to 5% back with Amazon Pay IC.",https://www.amazon.in/sspa/click?ie=UTF8&spc=MTozMDgxMDM4MTA1MzYyOTIwOjE3ODEwNzMxNjk6c3BfYXRmOjMwMDc0NDU5NDUwNjAzMjo6MDo6&url=%2FBacca-Bucci-Balancer-Basketball-Shoes-White%2Fdp%2FB09W37ZHGV%2Fref%3Dsr_1_1_sspa%3Fdib%3DeyJ2IjoiMSJ9.p5Kmk7kfRXFfVmcllRwlD9j35E_Xs46YgLbPBWPcA1TapLJPhfMK9r9Xz2v7ahaE_aFo8NxzZeIsvPQWAMy_KiGP983tFIQI4D4rcI8tWo1IpdkawHmuJhbSFYA7A9BkPg4tUUXPDMrbhJRu__XQJdJLXkbMOoNF9FioTwB_Wd6b2zcgQER9hscd1MDDo0f7I33U97LNMuweDb8AIp9EjhIi495c3A9LWqiF2iTJXNmyR_ioifVbVZibPC0IeXlnmieNJKCVevnQDA0TJHSCdBa-dkC3pNflFcTnNQL0cmc.cm-k21y4JCxjOdAuC6T5GiNhOWqyiHVErC7FBrg8RNI%26dib_tag%3Dse%26keywords%3Dshoes%26qid%3D1781073169%26sr%3D8-1-spons%26aref%3D47qyG0WTij%26sp_csd%3Dd2lkZ2V0TmFtZT1zcF9hdGY%26psc%3D1&aref=47qyG0WTij&sp_cr=ZAZ
Amazon,shoes,1,Bacca Bucci,₹999.00,"₹2,499",(60% off),No,3.8,None,False,False,True,"+4 other colors/patterns Sponsored Sponsored You are seeing this ad based on the product’s relevance to your search query. Let us know Bacca Bucci Men's Energy Afterburn Disruptor Sneakers 3.8 3.8 out of 5 stars (7.4K) 200+ bought in past month Price, product page ₹999 ₹ 999 M.R.P: ₹2,499 M.R.P: ₹2,499 ₹2,499 (60% off) Up to 5% back with Amazon Pay ICICI card Up to 5% back with Amazon Pay IC... FR",https://www.amazon.in/sspa/click?ie=UTF8&spc=MTozMDgxMDM4MTA1MzYyOTIwOjE3ODEwNzMxNjk6c3BfYXRmOjMwMDc0NDU5NDUwNTgzMjo6MDo6&url=%2FBacca-Afterburn-Disruptor-Multiple-Sneakers-White%2Fdp%2FB07S7MTB5G%2Fref%3Dsr_1_2_sspa%3Fdib%3DeyJ2IjoiMSJ9.p5Kmk7kfRXFfVmcllRwlD9j35E_Xs46YgLbPBWPcA1TapLJPhfMK9r9Xz2v7ahaE_aFo8NxzZeIsvPQWAMy_KiGP983tFIQI4D4rcI8tWo1IpdkawHmuJhbSFYA7A9BkPg4tUUXPDMrbhJRu__XQJdJLXkbMOoNF9FioTwB_Wd6b2zcgQER9hscd1MDDo0f7I33U97LNMuweDb8AIp9EjhIi495c3A9LWqiF2iTJXNmyR_ioifVbVZibPC0IeXlnmieNJKCVevnQDA0TJHSCdBa-dkC3pNflFcTnNQL0cmc.cm-k21y4JCxjOdAuC6T5GiNhOWqyiHVErC7FBrg8RNI%26dib_tag%3Dse%26keywords%3Dshoes%26qid%3D1781073169%26sr%3D8-2-spons%26aref%3DD2EMbrp7uz%26sp_csd%3Dd2lkZ2V0TmFtZT1zcF9hdGY%26psc%3D1&aref=D2EMbrp7uz&sp_cr=ZAZ
Amazon,shoes,1,Bacca Bucci,₹1899.00,"₹4,999",(62% off),No,4.1,Limited time deal,True,False,True,"+3 other colors/patterns Sponsored Sponsored You are seeing this ad based on the product’s relevance to your search query. Let us know Bacca Bucci Colossus Men's Chunky All-Terrain Sneakers with Rugged Outsole & Ortholite Insole | Outdoor Trail Walking Shoes | Breathable Mesh & Synthetic Uppers 4.1 4.1 out of 5 stars (371) 50+ bought in past month Limited time deal Price, product page ₹1,899 ₹ 1,8",https://www.amazon.in/sspa/click?ie=UTF8&spc=MTozMDgxMDM4MTA1MzYyOTIwOjE3ODEwNzMxNjk6c3BfYXRmOjMwMDk4ODUxOTgyOTkzMjo6MDo6&url=%2FBacca-Bucci-Colossus-All-Terrain-Streetwear%2Fdp%2FB0FDQNPBVL%2Fref%3Dsr_1_3_sspa%3Fdib%3DeyJ2IjoiMSJ9.p5Kmk7kfRXFfVmcllRwlD9j35E_Xs46YgLbPBWPcA1TapLJPhfMK9r9Xz2v7ahaE_aFo8NxzZeIsvPQWAMy_KiGP983tFIQI4D4rcI8tWo1IpdkawHmuJhbSFYA7A9BkPg4tUUXPDMrbhJRu__XQJdJLXkbMOoNF9FioTwB_Wd6b2zcgQER9hscd1MDDo0f7I33U97LNMuweDb8AIp9EjhIi495c3A9LWqiF2iTJXNmyR_ioifVbVZibPC0IeXlnmieNJKCVevnQDA0TJHSCdBa-dkC3pNflFcTnNQL0cmc.cm-k21y4JCxjOdAuC6T5GiNhOWqyiHVErC7FBrg8RNI%26dib_tag%3Dse%26keywords%3Dshoes%26qid%3D1781073169%26sr%3D8-3-spons%26aref%3D3TVK52QxxC%26sp_csd%3Dd2lkZ2V0TmFtZT1zcF9hdGY%26psc%3D1&aref=3TVK52QxxC&sp_cr=ZAZ
Amazon,shoes,1,Lotto,₹4999.00,N/A,N/A,N/A,N/A,None,False,False,True,"+1 other color/pattern Sponsored Sponsored You are seeing this ad based on the product’s relevance to your search query. Let us know Lotto Men Tokyo Ginza Camo Sneakers Price, product page ₹4,999 ₹ 4,999 Up to 5% back with Amazon Pay ICICI card Up to 5% back with Amazon Pay IC... FREE delivery Sat, 13 Jun Or fastest delivery Tomorrow, 11 Jun Add to cart",https://www.amazon.in/sspa/click?ie=UTF8&spc=MTozMDgxMDM4MTA1MzYyOTIwOjE3ODEwNzMxNjk6c3BfYXRmOjMwMTA0NDU1MjUwMDEzMjo6MDo6&url=%2FLotto-Tokyo-Ginza-Night-Sneakers%2Fdp%2FB0GPQMDW3X%2Fref%3Dsr_1_4_sspa%3Fdib%3DeyJ2IjoiMSJ9.p5Kmk7kfRXFfVmcllRwlD9j35E_Xs46YgLbPBWPcA1TapLJPhfMK9r9Xz2v7ahaE_aFo8NxzZeIsvPQWAMy_KiGP983tFIQI4D4rcI8tWo1IpdkawHmuJhbSFYA7A9BkPg4tUUXPDMrbhJRu__XQJdJLXkbMOoNF9FioTwB_Wd6b2zcgQER9hscd1MDDo0f7I33U97LNMuweDb8AIp9EjhIi495c3A9LWqiF2iTJXNmyR_ioifVbVZibPC0IeXlnmieNJKCVevnQDA0TJHSCdBa-dkC3pNflFcTnNQL0cmc.cm-k21y4JCxjOdAuC6T5GiNhOWqyiHVErC7FBrg8RNI%26dib_tag%3Dse%26keywords%3Dshoes%26qid%3D1781073169%26sr%3D8-4-spons%26aref%3DqiBWK0Uu2x%26sp_csd%3Dd2lkZ2V0TmFtZT1zcF9hdGY%26psc%3D1&aref=qiBWK0Uu2x&sp_cr=ZAZ
Amazon,shoes,1,Campus,₹999.00,"₹2,099",(52% off),No,4.3,None,False,False,False,"Campus Men's FEROX Running Shoes 4.3 4.3 out of 5 stars (60) 100+ bought in past month Price, product page ₹999 ₹ 999 M.R.P: ₹2,099 M.R.P: ₹2,099 ₹2,099 (52% off) Save 5% 5% off coupon applied Save 5% with coupon (limited sizes/colours) FREE delivery Fri, 12 Jun Or fastest delivery Tomorrow 8 am - 12 pm Add to cart",https://www.amazon.in/Campus-FEROX-L-Grey-D-Grey-Running/dp/B0GZW64SZ1/ref=sr_1_5?dib=eyJ2IjoiMSJ9.p5Kmk7kfRXFfVmcllRwlD9j35E_Xs46YgLbPBWPcA1TapLJPhfMK9r9Xz2v7ahaE_aFo8NxzZeIsvPQWAMy_KiGP983tFIQI4D4rcI8tWo1IpdkawHmuJhbSFYA7A9BkPg4tUUXPDMrbhJRu__XQJdJLXkbMOoNF9FioTwB_Wd6b2zcgQER9hscd1MDDo0f7I33U97LNMuweDb8AIp9EjhIi495c3A9LWqiF2iTJXNmyR_ioifVbVZibPC0IeXlnmieNJKCVevnQDA0TJHSCdBa-dkC3pNflFcTnNQL0cmc.cm-k21y4JCxjOdAuC6T5GiNhOWqyiHVErC7FBrg8RNI&dib_tag=se&keywords=shoes&qid=1781073169&sr=8-5
Amazon,shoes,1,Campus,₹1095.00,"₹1,899",(42% off),No,4.1,None,False,False,False,"Amazon's Choice for ""shoes"" +2 Campus Men First Running Shoes 4.1 4.1 out of 5 stars (17.6K) 700+ bought in past month Price, product page ₹1,095 ₹ 1,095 M.R.P: ₹1,899 M.R.P: ₹1,899 ₹1,899 (42% off) Up to 5% back with Amazon Pay ICICI card Up to 5% back with Amazon Pay IC... FREE delivery Fri, 12 Jun Or fastest delivery Tomorrow 8 am - 12 pm Add to cart",https://www.amazon.in/Campus-First-L-Gry-Running-Shoes/dp/B08WPJSXQ6/ref=sr_1_7?dib=eyJ2IjoiMSJ9.p5Kmk7kfRXFfVmcllRwlD9j35E_Xs46YgLbPBWPcA1TapLJPhfMK9r9Xz2v7ahaE_aFo8NxzZeIsvPQWAMy_KiGP983tFIQI4D4rcI8tWo1IpdkawHmuJhbSFYA7A9BkPg4tUUXPDMrbhJRu__XQJdJLXkbMOoNF9FioTwB_Wd6b2zcgQER9hscd1MDDo0f7I33U97LNMuweDb8AIp9EjhIi495c3A9LWqiF2iTJXNmyR_ioifVbVZibPC0IeXlnmieNJKCVevnQDA0TJHSCdBa-dkC3pNflFcTnNQL0cmc.cm-k21y4JCxjOdAuC6T5GiNhOWqyiHVErC7FBrg8RNI&dib_tag=se&keywords=shoes&qid=1781073169&sr=8-7
Amazon,shoes,1,PUMA,₹1549.00,"₹3,999",(61% off),No,3.9,None,False,False,False,"PUMA Mens Dazzler Sneaker 3.9 3.9 out of 5 stars (9.8K) Price, product page ₹1,549 ₹ 1,549 M.R.P: ₹3,999 M.R.P: ₹3,999 ₹3,999 (61% off) Up to 5% back with Amazon Pay ICICI card Up to 5% back with Amazon Pay IC... FREE delivery Fri, 12 Jun Or fastest delivery Today 4 pm - 8 pm Add to cart",https://www.amazon.in/Puma-Dazzler-Black-Puma-Silver-Sneaker/dp/B09RG9WPTC/ref=sr_1_9?dib=eyJ2IjoiMSJ9.p5Kmk7kfRXFfVmcllRwlD9j35E_Xs46YgLbPBWPcA1TapLJPhfMK9r9Xz2v7ahaE_aFo8NxzZeIsvPQWAMy_KiGP983tFIQI4D4rcI8tWo1IpdkawHmuJhbSFYA7A9BkPg4tUUXPDMrbhJRu__XQJdJLXkbMOoNF9FioTwB_Wd6b2zcgQER9hscd1MDDo0f7I33U97LNMuweDb8AIp9EjhIi495c3A9LWqiF2iTJXNmyR_ioifVbVZibPC0IeXlnmieNJKCVevnQDA0TJHSCdBa-dkC3pNflFcTnNQL0cmc.cm-k21y4JCxjOdAuC6T5GiNhOWqyiHVErC7FBrg8RNI&dib_tag=se&keywords=shoes&qid=1781073169&sr=8-9
Amazon,shoes,1,Bata,₹449.00,₹499,(10% off),No,3.7,None,False,False,False,"Bata Men's Slip-on Walking Shoe 3.7 3.7 out of 5 stars (7.4K) Price, product page ₹449 ₹ 449 M.R.P: ₹499 M.R.P: ₹499 ₹499 (10% off) Up to 5% back with Amazon Pay ICICI card Up to 5% back with Amazon Pay IC... FREE delivery Fri, 12 Jun on first order Or fastest delivery Tomorrow 8 am - 12 pm Add to cart",https://www.amazon.in/Bata-Men-Casuals-Slipon-Shoes/dp/B00SWEF51A/ref=sr_1_10?dib=eyJ2IjoiMSJ9.p5Kmk7kfRXFfVmcllRwlD9j35E_Xs46YgLbPBWPcA1TapLJPhfMK9r9Xz2v7ahaE_aFo8NxzZeIsvPQWAMy_KiGP983tFIQI4D4rcI8tWo1IpdkawHmuJhbSFYA7A9BkPg4tUUXPDMrbhJRu__XQJdJLXkbMOoNF9FioTwB_Wd6b2zcgQER9hscd1MDDo0f7I33U97LNMuweDb8AIp9EjhIi495c3A9LWqiF2iTJXNmyR_ioifVbVZibPC0IeXlnmieNJKCVevnQDA0TJHSCdBa-dkC3pNflFcTnNQL0cmc.cm-k21y4JCxjOdAuC6T5GiNhOWqyiHVErC7FBrg8RNI&dib_tag=se&keywords=shoes&qid=1781073169&sr=8-10
Amazon,shoes,1,Reebok,₹1499.00,"₹2,499",(40% off),No,3.8,None,False,False,False,"+19 Reebok Men's Running Shoes EVA Cushioned Breathable Mesh Sports Shoes for Men | Lightweight Gym Shoe for Men | Running, Jogging, Walking & Gym | Stride Runner 3.8 3.8 out of 5 stars (7K) Price, product page ₹1,499 ₹ 1,499 M.R.P: ₹2,499 M.R.P: ₹2,499 ₹2,499 (40% off) Up to 5% back with Amazon Pay ICICI card Up to 5% back with Amazon Pay IC... FREE delivery Fri, 12 Jun Or fastest delivery Tomorr",https://www.amazon.in/Reebok-Stride-Runner-Running-Shoes/dp/B09SHTQKXG/ref=sr_1_11?dib=eyJ2IjoiMSJ9.p5Kmk7kfRXFfVmcllRwlD9j35E_Xs46YgLbPBWPcA1TapLJPhfMK9r9Xz2v7ahaE_aFo8NxzZeIsvPQWAMy_KiGP983tFIQI4D4rcI8tWo1IpdkawHmuJhbSFYA7A9BkPg4tUUXPDMrbhJRu__XQJdJLXkbMOoNF9FioTwB_Wd6b2zcgQER9hscd1MDDo0f7I33U97LNMuweDb8AIp9EjhIi495c3A9LWqiF2iTJXNmyR_ioifVbVZibPC0IeXlnmieNJKCVevnQDA0TJHSCdBa-dkC3pNflFcTnNQL0cmc.cm-k21y4JCxjOdAuC6T5GiNhOWqyiHVErC7FBrg8RNI&dib_tag=se&keywords=shoes&qid=1781073169&sr=8-11
Amazon,shoes,1,Nike,₹6495.00,N/A,N/A,N/A,3.6,None,False,False,False,"Nike Nike Mens Court Vision Lo Nb Basketball Shoes 3.6 3.6 out of 5 stars (32) Price, product page ₹6,495 ₹ 6,495 Up to 5% back with Amazon Pay ICICI card Up to 5% back with Amazon Pay IC... FREE delivery Fri, 12 Jun Or fastest delivery Tomorrow 8 am - 12 pm Add to cart",https://www.amazon.in/Nike-Court-Vision-White-Basketball/dp/B0FRN7YHCC/ref=sr_1_12?dib=eyJ2IjoiMSJ9.p5Kmk7kfRXFfVmcllRwlD9j35E_Xs46YgLbPBWPcA1TapLJPhfMK9r9Xz2v7ahaE_aFo8NxzZeIsvPQWAMy_KiGP983tFIQI4D4rcI8tWo1IpdkawHmuJhbSFYA7A9BkPg4tUUXPDMrbhJRu__XQJdJLXkbMOoNF9FioTwB_Wd6b2zcgQER9hscd1MDDo0f7I33U97LNMuweDb8AIp9EjhIi495c3A9LWqiF2iTJXNmyR_ioifVbVZibPC0IeXlnmieNJKCVevnQDA0TJHSCdBa-dkC3pNflFcTnNQL0cmc.cm-k21y4JCxjOdAuC6T5GiNhOWqyiHVErC7FBrg8RNI&dib_tag=se&keywords=shoes&qid=1781073169&sr=8-12
Amazon,shoes,1,Campus,₹649.00,₹999,(35% off),No,4.2,None,False,False,False,"+3 Campus Men Oxyfit (N) Walking Shoes 4.2 4.2 out of 5 stars (27K) 200+ bought in past month Price, product page ₹649 ₹ 649 M.R.P: ₹999 M.R.P: ₹999 ₹999 (35% off) Up to 5% back with Amazon Pay ICICI card Up to 5% back with Amazon Pay IC... FREE delivery Fri, 12 Jun Or fastest delivery Tomorrow 8 am - 12 pm Add to cart",https://www.amazon.in/Campus-OXYFIT-D-Gry-Walking-Shoes/dp/B09RPF9D6S/ref=sr_1_13?dib=eyJ2IjoiMSJ9.p5Kmk7kfRXFfVmcllRwlD9j35E_Xs46YgLbPBWPcA1TapLJPhfMK9r9Xz2v7ahaE_aFo8NxzZeIsvPQWAMy_KiGP983tFIQI4D4rcI8tWo1IpdkawHmuJhbSFYA7A9BkPg4tUUXPDMrbhJRu__XQJdJLXkbMOoNF9FioTwB_Wd6b2zcgQER9hscd1MDDo0f7I33U97LNMuweDb8AIp9EjhIi495c3A9LWqiF2iTJXNmyR_ioifVbVZibPC0IeXlnmieNJKCVevnQDA0TJHSCdBa-dkC3pNflFcTnNQL0cmc.cm-k21y4JCxjOdAuC6T5GiNhOWqyiHVErC7FBrg8RNI&dib_tag=se&keywords=shoes&qid=1781073169&sr=8-13
Amazon,shoes,1,Nike,₹4247.00,"₹8,495",(50% off),No,3.6,Limited time deal,True,False,False,"Nike Nike Mens Air Max Impact Basketball Shoes 3.6 3.6 out of 5 stars (90) 50+ bought in past month Limited time deal Price, product page ₹4,247 ₹ 4,247 M.R.P: ₹8,495 M.R.P: ₹8,495 ₹8,495 (50% off) Up to 5% back with Amazon Pay ICICI card Up to 5% back with Amazon Pay IC... FREE delivery Sun, 14 Jun Or fastest delivery Fri, 12 Jun Add to cart",https://www.amazon.in/Nike-Impact-White-Bright-Crimson-Basketball/dp/B0C1HZY623/ref=sr_1_14?dib=eyJ2IjoiMSJ9.p5Kmk7kfRXFfVmcllRwlD9j35E_Xs46YgLbPBWPcA1TapLJPhfMK9r9Xz2v7ahaE_aFo8NxzZeIsvPQWAMy_KiGP983tFIQI4D4rcI8tWo1IpdkawHmuJhbSFYA7A9BkPg4tUUXPDMrbhJRu__XQJdJLXkbMOoNF9FioTwB_Wd6b2zcgQER9hscd1MDDo0f7I33U97LNMuweDb8AIp9EjhIi495c3A9LWqiF2iTJXNmyR_ioifVbVZibPC0IeXlnmieNJKCVevnQDA0TJHSCdBa-dkC3pNflFcTnNQL0cmc.cm-k21y4JCxjOdAuC6T5GiNhOWqyiHVErC7FBrg8RNI&dib_tag=se&keywords=shoes&qid=1781073169&sr=8-14
Amazon,shoes,1,Campus,₹1199.00,"₹2,499",(52% off),No,4.2,None,False,False,False,"Campus Men's DRIVO Running Shoes 4.2 4.2 out of 5 stars (722) 100+ bought in past month Price, product page ₹1,199 ₹ 1,199 M.R.P: ₹2,499 M.R.P: ₹2,499 ₹2,499 (52% off) Up to 5% back with Amazon Pay ICICI card Up to 5% back with Amazon Pay IC... FREE delivery Fri, 12 Jun Or fastest delivery Tomorrow 8 am - 12 pm Add to cart",https://www.amazon.in/Campus-DRIVO-Beige-Running-Shoes/dp/B0FWKPFHTH/ref=sr_1_15?dib=eyJ2IjoiMSJ9.p5Kmk7kfRXFfVmcllRwlD9j35E_Xs46YgLbPBWPcA1TapLJPhfMK9r9Xz2v7ahaE_aFo8NxzZeIsvPQWAMy_KiGP983tFIQI4D4rcI8tWo1IpdkawHmuJhbSFYA7A9BkPg4tUUXPDMrbhJRu__XQJdJLXkbMOoNF9FioTwB_Wd6b2zcgQER9hscd1MDDo0f7I33U97LNMuweDb8AIp9EjhIi495c3A9LWqiF2iTJXNmyR_ioifVbVZibPC0IeXlnmieNJKCVevnQDA0TJHSCdBa-dkC3pNflFcTnNQL0cmc.cm-k21y4JCxjOdAuC6T5GiNhOWqyiHVErC7FBrg8RNI&dib_tag=se&keywords=shoes&qid=1781073169&sr=8-15
Amazon,shoes,1,PUMA,₹2099.00,"₹4,999",(58% off),No,4.3,Limited time deal,True,False,False,"+19 PUMA Unisex-Adult Skyrocket Lite Running Shoe 4.3 4.3 out of 5 stars (916) 400+ bought in past month Limited time deal Price, product page ₹2,099 ₹ 2,099 M.R.P: ₹4,999 M.R.P: ₹4,999 ₹4,999 (58% off) Up to 5% back with Amazon Pay ICICI card Up to 5% back with Amazon Pay IC... FREE delivery Sat, 13 Jun Or fastest delivery Tomorrow, 11 Jun Add to cart",https://www.amazon.in/Puma-Unisex-Adult-Skyrocket-Black-Black-White-37943701/dp/B0C33ZLSJS/ref=sr_1_16?dib=eyJ2IjoiMSJ9.p5Kmk7kfRXFfVmcllRwlD9j35E_Xs46YgLbPBWPcA1TapLJPhfMK9r9Xz2v7ahaE_aFo8NxzZeIsvPQWAMy_KiGP983tFIQI4D4rcI8tWo1IpdkawHmuJhbSFYA7A9BkPg4tUUXPDMrbhJRu__XQJdJLXkbMOoNF9FioTwB_Wd6b2zcgQER9hscd1MDDo0f7I33U97LNMuweDb8AIp9EjhIi495c3A9LWqiF2iTJXNmyR_ioifVbVZibPC0IeXlnmieNJKCVevnQDA0TJHSCdBa-dkC3pNflFcTnNQL0cmc.cm-k21y4JCxjOdAuC6T5GiNhOWqyiHVErC7FBrg8RNI&dib_tag=se&keywords=shoes&qid=1781073169&sr=8-16
Amazon,shoes,1,Bata,₹1409.00,"₹1,699",(17% off),No,4.1,None,False,False,False,"Bata Men's Lace-up Sneaker 4.1 4.1 out of 5 stars (2.5K) Price, product page ₹1,409 ₹ 1,409 M.R.P: ₹1,699 M.R.P: ₹1,699 ₹1,699 (17% off) Up to 5% back with Amazon Pay ICICI card Up to 5% back with Amazon Pay IC... FREE delivery Fri, 12 Jun Or fastest delivery Today 4 pm - 8 pm Add to cart",https://www.amazon.in/Bata-Men-Casual-Derby-Shoes/dp/B09WYDRY36/ref=sr_1_17?dib=eyJ2IjoiMSJ9.p5Kmk7kfRXFfVmcllRwlD9j35E_Xs46YgLbPBWPcA1TapLJPhfMK9r9Xz2v7ahaE_aFo8NxzZeIsvPQWAMy_KiGP983tFIQI4D4rcI8tWo1IpdkawHmuJhbSFYA7A9BkPg4tUUXPDMrbhJRu__XQJdJLXkbMOoNF9FioTwB_Wd6b2zcgQER9hscd1MDDo0f7I33U97LNMuweDb8AIp9EjhIi495c3A9LWqiF2iTJXNmyR_ioifVbVZibPC0IeXlnmieNJKCVevnQDA0TJHSCdBa-dkC3pNflFcTnNQL0cmc.cm-k21y4JCxjOdAuC6T5GiNhOWqyiHVErC7FBrg8RNI&dib_tag=se&keywords=shoes&qid=1781073169&sr=8-17
Amazon,shoes,1,U.S. POLO ASSN.,₹2319.00,"₹3,999",(42% off),No,4.2,None,False,False,False,"+4 other colors/patterns U.S. POLO ASSN. Mens 2fd-Ruben 3.0 Sneaker 4.2 4.2 out of 5 stars (159) 50+ bought in past month Price, product page ₹2,319 ₹ 2,319 M.R.P: ₹3,999 M.R.P: ₹3,999 ₹3,999 (42% off) Save 4% 4% off coupon applied Save 4% with coupon (limited sizes/colours) FREE delivery Fri, 12 Jun Or fastest delivery Tomorrow 8 am - 12 pm Add to cart",https://www.amazon.in/U-S-Assn-Stylish-Casual-Sneaker/dp/B0FY7RNP6F/ref=sr_1_18?dib=eyJ2IjoiMSJ9.p5Kmk7kfRXFfVmcllRwlD9j35E_Xs46YgLbPBWPcA1TapLJPhfMK9r9Xz2v7ahaE_aFo8NxzZeIsvPQWAMy_KiGP983tFIQI4D4rcI8tWo1IpdkawHmuJhbSFYA7A9BkPg4tUUXPDMrbhJRu__XQJdJLXkbMOoNF9FioTwB_Wd6b2zcgQER9hscd1MDDo0f7I33U97LNMuweDb8AIp9EjhIi495c3A9LWqiF2iTJXNmyR_ioifVbVZibPC0IeXlnmieNJKCVevnQDA0TJHSCdBa-dkC3pNflFcTnNQL0cmc.cm-k21y4JCxjOdAuC6T5GiNhOWqyiHVErC7FBrg8RNI&dib_tag=se&keywords=shoes&qid=1781073169&sr=8-18
Amazon,shoes,1,ASICS,₹1799.00,"₹5,999",(70% off),No,4.0,None,False,True,False,"+8 ASICS Men Gel-Venture 9 Running Shoe 4.0 4.0 out of 5 stars (1.5K) 200+ bought in past month Price, product page ₹1,799 ₹ 1,799 M.R.P: ₹5,999 M.R.P: ₹5,999 ₹5,999 (70% off) Up to 5% back with Amazon Pay ICICI card Up to 5% back with Amazon Pay IC... FREE delivery Mon, 15 Jun Add to cart",https://www.amazon.in/ASICS-Gel-Venture-Sheet-Peach-Running/dp/B0DS645YL8/ref=sr_1_19?dib=eyJ2IjoiMSJ9.p5Kmk7kfRXFfVmcllRwlD9j35E_Xs46YgLbPBWPcA1TapLJPhfMK9r9Xz2v7ahaE_aFo8NxzZeIsvPQWAMy_KiGP983tFIQI4D4rcI8tWo1IpdkawHmuJhbSFYA7A9BkPg4tUUXPDMrbhJRu__XQJdJLXkbMOoNF9FioTwB_Wd6b2zcgQER9hscd1MDDo0f7I33U97LNMuweDb8AIp9EjhIi495c3A9LWqiF2iTJXNmyR_ioifVbVZibPC0IeXlnmieNJKCVevnQDA0TJHSCdBa-dkC3pNflFcTnNQL0cmc.cm-k21y4JCxjOdAuC6T5GiNhOWqyiHVErC7FBrg8RNI&dib_tag=se&keywords=shoes&qid=1781073169&sr=8-19
Amazon,shoes,1,Campus,₹1189.00,"₹2,199",(46% off),No,4.2,None,False,False,False,"+4 other colors/patterns Campus Men's Flynn Walking Shoes 4.2 4.2 out of 5 stars (695) 50+ bought in past month Price, product page ₹1,189 ₹ 1,189 M.R.P: ₹2,199 M.R.P: ₹2,199 ₹2,199 (46% off) Up to 5% back with Amazon Pay ICICI card Up to 5% back with Amazon Pay IC... FREE delivery Fri, 12 Jun Or fastest delivery Tomorrow 8 am - 12 pm Add to cart",https://www.amazon.in/Campus-Flynn-Walking-Shoes-L-Sky/dp/B0F672GCXG/ref=sr_1_20?dib=eyJ2IjoiMSJ9.p5Kmk7kfRXFfVmcllRwlD9j35E_Xs46YgLbPBWPcA1TapLJPhfMK9r9Xz2v7ahaE_aFo8NxzZeIsvPQWAMy_KiGP983tFIQI4D4rcI8tWo1IpdkawHmuJhbSFYA7A9BkPg4tUUXPDMrbhJRu__XQJdJLXkbMOoNF9FioTwB_Wd6b2zcgQER9hscd1MDDo0f7I33U97LNMuweDb8AIp9EjhIi495c3A9LWqiF2iTJXNmyR_ioifVbVZibPC0IeXlnmieNJKCVevnQDA0TJHSCdBa-dkC3pNflFcTnNQL0cmc.cm-k21y4JCxjOdAuC6T5GiNhOWqyiHVErC7FBrg8RNI&dib_tag=se&keywords=shoes&qid=1781073169&sr=8-20
Amazon,shoes,1,OFF LIMITS,₹1499.00,"₹5,499",(73% off),No,3.9,None,False,True,True,"+11 other colors/patterns Sponsored Sponsored You are seeing this ad based on the product’s relevance to your search query. Let us know OFF LIMITS Men's Gladiator Lightweight Breathable Comfortable Running Shoes for Men with Shock-Absorption Technology, Sports Fashion Walking Hiking Sneakers for Mens Casual Workout Footwear 3.9 3.9 out of 5 stars (562) Price, product page ₹1,499 ₹ 1,499 M.R.P: ₹5,",https://www.amazon.in/sspa/click?ie=UTF8&spc=MTozMDgxMDM4MTA1MzYyOTIwOjE3ODEwNzMxNjk6c3BfbXRmOjMwMTA4NDg1NzI3MDkzMjo6MDo6&url=%2FOFF-LIMITS-Gladiator-Running-Shoes%2Fdp%2FB0D6BP97GV%2Fref%3Dsr_1_21_sspa%3Fdib%3DeyJ2IjoiMSJ9.p5Kmk7kfRXFfVmcllRwlD9j35E_Xs46YgLbPBWPcA1TapLJPhfMK9r9Xz2v7ahaE_aFo8NxzZeIsvPQWAMy_KiGP983tFIQI4D4rcI8tWo1IpdkawHmuJhbSFYA7A9BkPg4tUUXPDMrbhJRu__XQJdJLXkbMOoNF9FioTwB_Wd6b2zcgQER9hscd1MDDo0f7I33U97LNMuweDb8AIp9EjhIi495c3A9LWqiF2iTJXNmyR_ioifVbVZibPC0IeXlnmieNJKCVevnQDA0TJHSCdBa-dkC3pNflFcTnNQL0cmc.cm-k21y4JCxjOdAuC6T5GiNhOWqyiHVErC7FBrg8RNI%26dib_tag%3Dse%26keywords%3Dshoes%26qid%3D1781073169%26sr%3D8-21-spons%26aref%3DfNhsiWNgfl%26sp_csd%3Dd2lkZ2V0TmFtZT1zcF9tdGY%26psc%3D1&aref=fNhsiWNgfl&sp_cr=ZAZ
Amazon,shoes,1,BRUTON,₹629.00,"₹2,499",(75% off),No,2.9,None,False,True,True,"Sponsored Sponsored You are seeing this ad based on the product’s relevance to your search query. Let us know BRUTON Viper- Trendy Casual Sneaker | EVA | Lace-Up | Lightweight | Comfortable Sneakers for Men 2.9 2.9 out of 5 stars (8) Price, product page ₹629 ₹ 629 M.R.P: ₹2,499 M.R.P: ₹2,499 ₹2,499 (75% off) Up to 5% back with Amazon Pay ICICI card Up to 5% back with Amazon Pay IC... FREE delivery",https://www.amazon.in/sspa/click?ie=UTF8&spc=MTozMDgxMDM4MTA1MzYyOTIwOjE3ODEwNzMxNjk6c3BfbXRmOjMwMTAwNjg0OTY5ODgzMjo6MDo6&url=%2FBRUTON-Sneaker-Lightweight-Comfortable-Sneakers%2Fdp%2FB0GSW9HN64%2Fref%3Dsr_1_22_sspa%3Fdib%3DeyJ2IjoiMSJ9.p5Kmk7kfRXFfVmcllRwlD9j35E_Xs46YgLbPBWPcA1TapLJPhfMK9r9Xz2v7ahaE_aFo8NxzZeIsvPQWAMy_KiGP983tFIQI4D4rcI8tWo1IpdkawHmuJhbSFYA7A9BkPg4tUUXPDMrbhJRu__XQJdJLXkbMOoNF9FioTwB_Wd6b2zcgQER9hscd1MDDo0f7I33U97LNMuweDb8AIp9EjhIi495c3A9LWqiF2iTJXNmyR_ioifVbVZibPC0IeXlnmieNJKCVevnQDA0TJHSCdBa-dkC3pNflFcTnNQL0cmc.cm-k21y4JCxjOdAuC6T5GiNhOWqyiHVErC7FBrg8RNI%26dib_tag%3Dse%26keywords%3Dshoes%26qid%3D1781073169%26sr%3D8-22-spons%26aref%3DUfEqGlVAWA%26sp_csd%3Dd2lkZ2V0TmFtZT1zcF9tdGY%26psc%3D1&aref=UfEqGlVAWA&sp_cr=ZAZ
Amazon,shoes,1,Centrino,₹499.00,"₹2,199",(77% off),No,3.1,None,False,True,True,"+4 other colors/patterns Sponsored Sponsored You are seeing this ad based on the product’s relevance to your search query. Let us know Centrino Casual Shoe for Men | Cushioned Insole | Stylish Shoe |Sporty Lace-Up Design| Sneakers for Boys & Men (6832) 3.1 3.1 out of 5 stars (753) Price, product page ₹499 ₹ 499 M.R.P: ₹2,199 M.R.P: ₹2,199 ₹2,199 (77% off) Up to 5% back with Amazon Pay ICICI card U",https://www.amazon.in/sspa/click?ie=UTF8&spc=MTozMDgxMDM4MTA1MzYyOTIwOjE3ODEwNzMxNjk6c3BfbXRmOjMwMDU5Nzc1MjE5MjIzMjo6MDo6&url=%2FCentrino-Cushioned-Stylish-Sneakers-6832-9%2Fdp%2FB0DGCSCTL8%2Fref%3Dsr_1_23_sspa%3Fdib%3DeyJ2IjoiMSJ9.p5Kmk7kfRXFfVmcllRwlD9j35E_Xs46YgLbPBWPcA1TapLJPhfMK9r9Xz2v7ahaE_aFo8NxzZeIsvPQWAMy_KiGP983tFIQI4D4rcI8tWo1IpdkawHmuJhbSFYA7A9BkPg4tUUXPDMrbhJRu__XQJdJLXkbMOoNF9FioTwB_Wd6b2zcgQER9hscd1MDDo0f7I33U97LNMuweDb8AIp9EjhIi495c3A9LWqiF2iTJXNmyR_ioifVbVZibPC0IeXlnmieNJKCVevnQDA0TJHSCdBa-dkC3pNflFcTnNQL0cmc.cm-k21y4JCxjOdAuC6T5GiNhOWqyiHVErC7FBrg8RNI%26dib_tag%3Dse%26keywords%3Dshoes%26qid%3D1781073169%26sr%3D8-23-spons%26aref%3Dypc4ItDipA%26sp_csd%3Dd2lkZ2V0TmFtZT1zcF9tdGY%26psc%3D1&aref=ypc4ItDipA&sp_cr=ZAZ
Amazon,shoes,1,Centrino,₹648.00,"₹2,199",(71% off),No,3.4,Limited time deal,True,True,True,"+7 other colors/patterns Sponsored Sponsored You are seeing this ad based on the product’s relevance to your search query. Let us know Centrino Men's Casual Shoes Fashion Lace Up Non-Slip Flats Trendy Stylish All Day Comfortable Lightweight Sneakers with Extra Comfort on Heel (3211) 3.4 3.4 out of 5 stars (2.1K) Limited time deal Price, product page ₹648 ₹ 648 M.R.P: ₹2,199 M.R.P: ₹2,199 ₹2,199 (7",https://www.amazon.in/sspa/click?ie=UTF8&spc=MTozMDgxMDM4MTA1MzYyOTIwOjE3ODEwNzMxNjk6c3BfbXRmOjMwMTEzNjY3OTEwMzEzMjo6MDo6&url=%2FCentrino-Mens-White-Sneaker-3211-02%2Fdp%2FB09QQND9X1%2Fref%3Dsr_1_24_sspa%3Fdib%3DeyJ2IjoiMSJ9.p5Kmk7kfRXFfVmcllRwlD9j35E_Xs46YgLbPBWPcA1TapLJPhfMK9r9Xz2v7ahaE_aFo8NxzZeIsvPQWAMy_KiGP983tFIQI4D4rcI8tWo1IpdkawHmuJhbSFYA7A9BkPg4tUUXPDMrbhJRu__XQJdJLXkbMOoNF9FioTwB_Wd6b2zcgQER9hscd1MDDo0f7I33U97LNMuweDb8AIp9EjhIi495c3A9LWqiF2iTJXNmyR_ioifVbVZibPC0IeXlnmieNJKCVevnQDA0TJHSCdBa-dkC3pNflFcTnNQL0cmc.cm-k21y4JCxjOdAuC6T5GiNhOWqyiHVErC7FBrg8RNI%26dib_tag%3Dse%26keywords%3Dshoes%26qid%3D1781073169%26sr%3D8-24-spons%26aref%3Df0eBUGBidv%26sp_csd%3Dd2lkZ2V0TmFtZT1zcF9tdGY%26psc%3D1&aref=f0eBUGBidv&sp_cr=ZAZ
Amazon,shoes,1,Reebok,₹2619.00,"₹4,999",(48% off),No,4.3,Limited time deal,True,False,False,"Reebok Men's Running Shoe - Zig Dynamica Lite - Sports Shoe - Ideal for Running & Gym 4.3 4.3 out of 5 stars (49) 100+ bought in past month Limited time deal Price, product page ₹2,619 ₹ 2,619 M.R.P: ₹4,999 M.R.P: ₹4,999 ₹4,999 (48% off) Up to 5% back with Amazon Pay ICICI card Up to 5% back with Amazon Pay IC... FREE delivery Fri, 12 Jun Or fastest delivery Tomorrow 8 am - 12 pm Add to cart",https://www.amazon.in/Reebok-Zig-Dynamica-Lite-Running/dp/B0GS4YZJ1Y/ref=sr_1_25?dib=eyJ2IjoiMSJ9.p5Kmk7kfRXFfVmcllRwlD9j35E_Xs46YgLbPBWPcA1TapLJPhfMK9r9Xz2v7ahaE_aFo8NxzZeIsvPQWAMy_KiGP983tFIQI4D4rcI8tWo1IpdkawHmuJhbSFYA7A9BkPg4tUUXPDMrbhJRu__XQJdJLXkbMOoNF9FioTwB_Wd6b2zcgQER9hscd1MDDo0f7I33U97LNMuweDb8AIp9EjhIi495c3A9LWqiF2iTJXNmyR_ioifVbVZibPC0IeXlnmieNJKCVevnQDA0TJHSCdBa-dkC3pNflFcTnNQL0cmc.cm-k21y4JCxjOdAuC6T5GiNhOWqyiHVErC7FBrg8RNI&dib_tag=se&keywords=shoes&qid=1781073169&sr=8-25
Amazon,shoes,1,ASIAN,₹599.00,₹999,(40% off),No,4.0,Limited time deal,True,False,False,"Best seller in Men's Running Shoes +4 ASIAN Wonder-13 Men's Running Shoe | Lightweight Sports Design, Soft Cushioning, Reliable Grip for Casual, Travel & Gym 4.0 4.0 out of 5 stars (1.1L) 100+ bought in past month Limited time deal Price, product page ₹599 ₹ 599 M.R.P: ₹999 M.R.P: ₹999 ₹999 (40% off) Up to 5% back with Amazon Pay ICICI card Up to 5% back with Amazon Pay IC... FREE delivery Fri, 12",https://www.amazon.in/Asian-shoes-Sports-Firozi-Indian/dp/B01MSOPR4M/ref=sr_1_26?dib=eyJ2IjoiMSJ9.p5Kmk7kfRXFfVmcllRwlD9j35E_Xs46YgLbPBWPcA1TapLJPhfMK9r9Xz2v7ahaE_aFo8NxzZeIsvPQWAMy_KiGP983tFIQI4D4rcI8tWo1IpdkawHmuJhbSFYA7A9BkPg4tUUXPDMrbhJRu__XQJdJLXkbMOoNF9FioTwB_Wd6b2zcgQER9hscd1MDDo0f7I33U97LNMuweDb8AIp9EjhIi495c3A9LWqiF2iTJXNmyR_ioifVbVZibPC0IeXlnmieNJKCVevnQDA0TJHSCdBa-dkC3pNflFcTnNQL0cmc.cm-k21y4JCxjOdAuC6T5GiNhOWqyiHVErC7FBrg8RNI&dib_tag=se&keywords=shoes&qid=1781073169&sr=8-26
Amazon,shoes,1,PUMA,₹1569.00,"₹4,499",(65% off),No,4.0,Limited time deal,True,False,False,"Best seller in Men's Sneakers +3 PUMA Unisex Adult Smashic Sneaker 4.0 4.0 out of 5 stars (4.3K) 200+ bought in past month Limited time deal Price, product page ₹1,569 ₹ 1,569 M.R.P: ₹4,499 M.R.P: ₹4,499 ₹4,499 (65% off) Up to 5% back with Amazon Pay ICICI card Up to 5% back with Amazon Pay IC... FREE delivery Sun, 14 Jun Add to cart",https://www.amazon.in/Puma-Unisex-Adult-Smashic-Black-Matte-Sneaker/dp/B0BSLJTW7H/ref=sr_1_27?dib=eyJ2IjoiMSJ9.p5Kmk7kfRXFfVmcllRwlD9j35E_Xs46YgLbPBWPcA1TapLJPhfMK9r9Xz2v7ahaE_aFo8NxzZeIsvPQWAMy_KiGP983tFIQI4D4rcI8tWo1IpdkawHmuJhbSFYA7A9BkPg4tUUXPDMrbhJRu__XQJdJLXkbMOoNF9FioTwB_Wd6b2zcgQER9hscd1MDDo0f7I33U97LNMuweDb8AIp9EjhIi495c3A9LWqiF2iTJXNmyR_ioifVbVZibPC0IeXlnmieNJKCVevnQDA0TJHSCdBa-dkC3pNflFcTnNQL0cmc.cm-k21y4JCxjOdAuC6T5GiNhOWqyiHVErC7FBrg8RNI&dib_tag=se&keywords=shoes&qid=1781073169&sr=8-27
Amazon,shoes,1,adidas,₹1918.00,"₹2,999",(36% off),No,4.0,None,False,False,False,"adidas Men's Clinch-X M Running Shoe 4.0 4.0 out of 5 stars (7.4K) 800+ bought in past month Price, product page ₹1,918 ₹ 1,918 M.R.P: ₹2,999 M.R.P: ₹2,999 ₹2,999 (36% off) Up to 5% back with Amazon Pay ICICI card Up to 5% back with Amazon Pay IC... FREE delivery Fri, 12 Jun Or fastest delivery Tomorrow 8 am - 12 pm Add to cart",https://www.amazon.in/Adidas-Mens-Clinch-X-Running-Black/dp/B08FZSY61B/ref=sr_1_28?dib=eyJ2IjoiMSJ9.p5Kmk7kfRXFfVmcllRwlD9j35E_Xs46YgLbPBWPcA1TapLJPhfMK9r9Xz2v7ahaE_aFo8NxzZeIsvPQWAMy_KiGP983tFIQI4D4rcI8tWo1IpdkawHmuJhbSFYA7A9BkPg4tUUXPDMrbhJRu__XQJdJLXkbMOoNF9FioTwB_Wd6b2zcgQER9hscd1MDDo0f7I33U97LNMuweDb8AIp9EjhIi495c3A9LWqiF2iTJXNmyR_ioifVbVZibPC0IeXlnmieNJKCVevnQDA0TJHSCdBa-dkC3pNflFcTnNQL0cmc.cm-k21y4JCxjOdAuC6T5GiNhOWqyiHVErC7FBrg8RNI&dib_tag=se&keywords=shoes&qid=1781073169&sr=8-28
Amazon,shoes,1,OFF LIMITS,₹2099.00,"₹6,299",(67% off),No,4.0,None,False,False,False,"OFF LIMITS Men's STUSSYY Plus Size Running Shoes, Sports Shoes, Specially Developed for Big Feet & Big Size, UK-12-14 4.0 4.0 out of 5 stars (10) Price, product page ₹2,099 ₹ 2,099 M.R.P: ₹6,299 M.R.P: ₹6,299 ₹6,299 (67% off) Up to 5% back with Amazon Pay ICICI card Up to 5% back with Amazon Pay IC... FREE delivery Sat, 13 Jun Or fastest delivery Tomorrow, 11 Jun Add to cart",https://www.amazon.in/OFF-LIMITS-STUSSYY-Running-Sports/dp/B0C629DD61/ref=sr_1_29?dib=eyJ2IjoiMSJ9.p5Kmk7kfRXFfVmcllRwlD9j35E_Xs46YgLbPBWPcA1TapLJPhfMK9r9Xz2v7ahaE_aFo8NxzZeIsvPQWAMy_KiGP983tFIQI4D4rcI8tWo1IpdkawHmuJhbSFYA7A9BkPg4tUUXPDMrbhJRu__XQJdJLXkbMOoNF9FioTwB_Wd6b2zcgQER9hscd1MDDo0f7I33U97LNMuweDb8AIp9EjhIi495c3A9LWqiF2iTJXNmyR_ioifVbVZibPC0IeXlnmieNJKCVevnQDA0TJHSCdBa-dkC3pNflFcTnNQL0cmc.cm-k21y4JCxjOdAuC6T5GiNhOWqyiHVErC7FBrg8RNI&dib_tag=se&keywords=shoes&qid=1781073169&sr=8-29
Amazon,shoes,1,Nike,₹3747.00,"₹7,495",(50% off),No,4.3,Limited time deal,True,False,False,"Nike Nike Mens Air Max Alpha Trainer 5 Cross Training Shoes 4.3 4.3 out of 5 stars (1.4K) Limited time deal Price, product page ₹3,747 ₹ 3,747 M.R.P: ₹7,495 M.R.P: ₹7,495 ₹7,495 (50% off) Up to 5% back with Amazon Pay ICICI card Up to 5% back with Amazon Pay IC... FREE delivery Sun, 14 Jun Or fastest delivery Fri, 12 Jun Add to cart",https://www.amazon.in/Nike-Trainer-Football-University-Training/dp/B0CKZCM25F/ref=sr_1_30?dib=eyJ2IjoiMSJ9.p5Kmk7kfRXFfVmcllRwlD9j35E_Xs46YgLbPBWPcA1TapLJPhfMK9r9Xz2v7ahaE_aFo8NxzZeIsvPQWAMy_KiGP983tFIQI4D4rcI8tWo1IpdkawHmuJhbSFYA7A9BkPg4tUUXPDMrbhJRu__XQJdJLXkbMOoNF9FioTwB_Wd6b2zcgQER9hscd1MDDo0f7I33U97LNMuweDb8AIp9EjhIi495c3A9LWqiF2iTJXNmyR_ioifVbVZibPC0IeXlnmieNJKCVevnQDA0TJHSCdBa-dkC3pNflFcTnNQL0cmc.cm-k21y4JCxjOdAuC6T5GiNhOWqyiHVErC7FBrg8RNI&dib_tag=se&keywords=shoes&qid=1781073169&sr=8-30
Amazon,shoes,1,Nike,₹3147.00,"₹6,295",(50% off),No,4.0,Limited time deal,True,False,False,"Nike Nike Men Mesh Running Shoes 4.0 4.0 out of 5 stars (1.1K) 100+ bought in past month Limited time deal Price, product page ₹3,147 ₹ 3,147 M.R.P: ₹6,295 M.R.P: ₹6,295 ₹6,295 (50% off) Up to 5% back with Amazon Pay ICICI card Up to 5% back with Amazon Pay IC... FREE delivery Sun, 14 Jun Or fastest delivery Fri, 12 Jun Add to cart",https://www.amazon.in/Nike-Quest-White-Smoke-Grey-DK-Sneaker/dp/B0B6FZHKM4/ref=sr_1_32?dib=eyJ2IjoiMSJ9.p5Kmk7kfRXFfVmcllRwlD9j35E_Xs46YgLbPBWPcA1TapLJPhfMK9r9Xz2v7ahaE_aFo8NxzZeIsvPQWAMy_KiGP983tFIQI4D4rcI8tWo1IpdkawHmuJhbSFYA7A9BkPg4tUUXPDMrbhJRu__XQJdJLXkbMOoNF9FioTwB_Wd6b2zcgQER9hscd1MDDo0f7I33U97LNMuweDb8AIp9EjhIi495c3A9LWqiF2iTJXNmyR_ioifVbVZibPC0IeXlnmieNJKCVevnQDA0TJHSCdBa-dkC3pNflFcTnNQL0cmc.cm-k21y4JCxjOdAuC6T5GiNhOWqyiHVErC7FBrg8RNI&dib_tag=se&keywords=shoes&qid=1781073169&sr=8-32
Amazon,shoes,1,Campus,₹1499.00,"₹3,799",(61% off),No,4.4,None,False,False,False,"Campus Men's TRASKO Running Shoes 4.4 4.4 out of 5 stars (56) Price, product page ₹1,499 ₹ 1,499 M.R.P: ₹3,799 M.R.P: ₹3,799 ₹3,799 (61% off) Save 5% 5% off coupon applied Save 5% with coupon (limited sizes/colours) FREE delivery Fri, 12 Jun Or fastest delivery Tomorrow 8 am - 12 pm Add to cart",https://www.amazon.in/Campus-TRASKO-Turtle-Running-Shoes/dp/B0GQZM2PND/ref=sr_1_33?dib=eyJ2IjoiMSJ9.p5Kmk7kfRXFfVmcllRwlD9j35E_Xs46YgLbPBWPcA1TapLJPhfMK9r9Xz2v7ahaE_aFo8NxzZeIsvPQWAMy_KiGP983tFIQI4D4rcI8tWo1IpdkawHmuJhbSFYA7A9BkPg4tUUXPDMrbhJRu__XQJdJLXkbMOoNF9FioTwB_Wd6b2zcgQER9hscd1MDDo0f7I33U97LNMuweDb8AIp9EjhIi495c3A9LWqiF2iTJXNmyR_ioifVbVZibPC0IeXlnmieNJKCVevnQDA0TJHSCdBa-dkC3pNflFcTnNQL0cmc.cm-k21y4JCxjOdAuC6T5GiNhOWqyiHVErC7FBrg8RNI&dib_tag=se&keywords=shoes&qid=1781073169&sr=8-33
Amazon,shoes,1,Skechers,₹1823.00,"₹4,799",(62% off),No,4.2,None,False,False,False,"Skechers Women Summits Cool Classic Sneakers 4.2 4.2 out of 5 stars (132) Price, product page ₹1,823 ₹ 1,823 M.R.P: ₹4,799 M.R.P: ₹4,799 ₹4,799 (62% off) Up to 5% back with Amazon Pay ICICI card Up to 5% back with Amazon Pay IC... FREE delivery Fri, 12 Jun Or fastest delivery Tomorrow 8 am - 12 pm Add to cart",https://www.amazon.in/Skechers-Black-Summits-Classic-Sneakers/dp/B09XXRCRSX/ref=sr_1_34?dib=eyJ2IjoiMSJ9.p5Kmk7kfRXFfVmcllRwlD9j35E_Xs46YgLbPBWPcA1TapLJPhfMK9r9Xz2v7ahaE_aFo8NxzZeIsvPQWAMy_KiGP983tFIQI4D4rcI8tWo1IpdkawHmuJhbSFYA7A9BkPg4tUUXPDMrbhJRu__XQJdJLXkbMOoNF9FioTwB_Wd6b2zcgQER9hscd1MDDo0f7I33U97LNMuweDb8AIp9EjhIi495c3A9LWqiF2iTJXNmyR_ioifVbVZibPC0IeXlnmieNJKCVevnQDA0TJHSCdBa-dkC3pNflFcTnNQL0cmc.cm-k21y4JCxjOdAuC6T5GiNhOWqyiHVErC7FBrg8RNI&dib_tag=se&keywords=shoes&qid=1781073169&sr=8-34
Amazon,shoes,1,Skechers,₹4479.00,"₹6,999",(36% off),No,4.4,None,False,False,False,"Skechers Mens Edgeride Sneaker 4.4 4.4 out of 5 stars (61) 200+ bought in past month Price, product page ₹4,479 ₹ 4,479 M.R.P: ₹6,999 M.R.P: ₹6,999 ₹6,999 (36% off) Up to 5% back with Amazon Pay ICICI card Up to 5% back with Amazon Pay IC... FREE delivery Fri, 12 Jun Or fastest delivery Tomorrow 8 am - 12 pm Add to cart",https://www.amazon.in/Skechers-Mens-EDGERIDE-Black-Casual/dp/B0F6V79M98/ref=sr_1_35?dib=eyJ2IjoiMSJ9.p5Kmk7kfRXFfVmcllRwlD9j35E_Xs46YgLbPBWPcA1TapLJPhfMK9r9Xz2v7ahaE_aFo8NxzZeIsvPQWAMy_KiGP983tFIQI4D4rcI8tWo1IpdkawHmuJhbSFYA7A9BkPg4tUUXPDMrbhJRu__XQJdJLXkbMOoNF9FioTwB_Wd6b2zcgQER9hscd1MDDo0f7I33U97LNMuweDb8AIp9EjhIi495c3A9LWqiF2iTJXNmyR_ioifVbVZibPC0IeXlnmieNJKCVevnQDA0TJHSCdBa-dkC3pNflFcTnNQL0cmc.cm-k21y4JCxjOdAuC6T5GiNhOWqyiHVErC7FBrg8RNI&dib_tag=se&keywords=shoes&qid=1781073169&sr=8-35
Amazon,shoes,1,new balance,₹3971.00,"₹6,499",(39% off),No,3.7,None,False,False,False,"new balance Mens 413 Sneaker 3.7 3.7 out of 5 stars (23) Price, product page ₹3,971 ₹ 3,971 M.R.P: ₹6,499 M.R.P: ₹6,499 ₹6,499 (39% off) Up to 5% back with Amazon Pay ICICI card Up to 5% back with Amazon Pay IC... FREE delivery Sat, 13 Jun Or fastest delivery Tomorrow, 11 Jun Add to cart",https://www.amazon.in/Balance-Mens-Sports-Shoes-Black/dp/B0DLV98NK7/ref=sr_1_36?dib=eyJ2IjoiMSJ9.p5Kmk7kfRXFfVmcllRwlD9j35E_Xs46YgLbPBWPcA1TapLJPhfMK9r9Xz2v7ahaE_aFo8NxzZeIsvPQWAMy_KiGP983tFIQI4D4rcI8tWo1IpdkawHmuJhbSFYA7A9BkPg4tUUXPDMrbhJRu__XQJdJLXkbMOoNF9FioTwB_Wd6b2zcgQER9hscd1MDDo0f7I33U97LNMuweDb8AIp9EjhIi495c3A9LWqiF2iTJXNmyR_ioifVbVZibPC0IeXlnmieNJKCVevnQDA0TJHSCdBa-dkC3pNflFcTnNQL0cmc.cm-k21y4JCxjOdAuC6T5GiNhOWqyiHVErC7FBrg8RNI&dib_tag=se&keywords=shoes&qid=1781073169&sr=8-36
Amazon,shoes,1,U.S. POLO ASSN.,₹1799.00,"₹3,599",(50% off),No,4.1,None,False,False,False,"+1 U.S. POLO ASSN. Mens Rojas 2.0-Parent Sneaker 4.1 4.1 out of 5 stars (818) 50+ bought in past month Price, product page ₹1,799 ₹ 1,799 M.R.P: ₹3,599 M.R.P: ₹3,599 ₹3,599 (50% off) Up to 5% back with Amazon Pay ICICI card Up to 5% back with Amazon Pay IC... FREE delivery Fri, 12 Jun Or fastest delivery Tomorrow 8 am - 12 pm Add to cart",https://www.amazon.in/U-S-ASSN-Stylish-Casual-Sneaker/dp/B0F8BPBJSB/ref=sr_1_37?dib=eyJ2IjoiMSJ9.p5Kmk7kfRXFfVmcllRwlD9j35E_Xs46YgLbPBWPcA1TapLJPhfMK9r9Xz2v7ahaE_aFo8NxzZeIsvPQWAMy_KiGP983tFIQI4D4rcI8tWo1IpdkawHmuJhbSFYA7A9BkPg4tUUXPDMrbhJRu__XQJdJLXkbMOoNF9FioTwB_Wd6b2zcgQER9hscd1MDDo0f7I33U97LNMuweDb8AIp9EjhIi495c3A9LWqiF2iTJXNmyR_ioifVbVZibPC0IeXlnmieNJKCVevnQDA0TJHSCdBa-dkC3pNflFcTnNQL0cmc.cm-k21y4JCxjOdAuC6T5GiNhOWqyiHVErC7FBrg8RNI&dib_tag=se&keywords=shoes&qid=1781073169&sr=8-37
Amazon,shoes,1,Reebok,₹2299.00,"₹3,999",(43% off),No,4.2,None,False,False,False,"Reebok Men's Badminton Shoes Cushioned Non-Marking Indoor Sports Shoes for Men | Lightweight Flexible Court Shoe | Badminton, Tennis & Indoor Sports | Courtflex M 4.2 4.2 out of 5 stars (500) 100+ bought in past month Price, product page ₹2,299 ₹ 2,299 M.R.P: ₹3,999 M.R.P: ₹3,999 ₹3,999 (43% off) Up to 5% back with Amazon Pay ICICI card Up to 5% back with Amazon Pay IC... FREE delivery Fri, 12 Jun",https://www.amazon.in/Reebok-Courtflex-White-Badminton-Shoes/dp/B0F8P4LFMV/ref=sr_1_38?dib=eyJ2IjoiMSJ9.p5Kmk7kfRXFfVmcllRwlD9j35E_Xs46YgLbPBWPcA1TapLJPhfMK9r9Xz2v7ahaE_aFo8NxzZeIsvPQWAMy_KiGP983tFIQI4D4rcI8tWo1IpdkawHmuJhbSFYA7A9BkPg4tUUXPDMrbhJRu__XQJdJLXkbMOoNF9FioTwB_Wd6b2zcgQER9hscd1MDDo0f7I33U97LNMuweDb8AIp9EjhIi495c3A9LWqiF2iTJXNmyR_ioifVbVZibPC0IeXlnmieNJKCVevnQDA0TJHSCdBa-dkC3pNflFcTnNQL0cmc.cm-k21y4JCxjOdAuC6T5GiNhOWqyiHVErC7FBrg8RNI&dib_tag=se&keywords=shoes&qid=1781073169&sr=8-38
Amazon,shoes,1,U.S. POLO ASSN.,₹2399.00,"₹4,799",(50% off),No,3.8,None,False,False,False,"U.S. POLO ASSN. Mens Skylar 2.0 Sneaker 3.8 3.8 out of 5 stars (31) Price, product page ₹2,399 ₹ 2,399 M.R.P: ₹4,799 M.R.P: ₹4,799 ₹4,799 (50% off) Up to 5% back with Amazon Pay ICICI card Up to 5% back with Amazon Pay IC... FREE delivery Fri, 12 Jun Or fastest delivery Tomorrow 8 am - 12 pm Add to cart",https://www.amazon.in/U-S-Skylar-Stylish-Casual-Sneaker/dp/B0G1BNTH6K/ref=sr_1_39?dib=eyJ2IjoiMSJ9.p5Kmk7kfRXFfVmcllRwlD9j35E_Xs46YgLbPBWPcA1TapLJPhfMK9r9Xz2v7ahaE_aFo8NxzZeIsvPQWAMy_KiGP983tFIQI4D4rcI8tWo1IpdkawHmuJhbSFYA7A9BkPg4tUUXPDMrbhJRu__XQJdJLXkbMOoNF9FioTwB_Wd6b2zcgQER9hscd1MDDo0f7I33U97LNMuweDb8AIp9EjhIi495c3A9LWqiF2iTJXNmyR_ioifVbVZibPC0IeXlnmieNJKCVevnQDA0TJHSCdBa-dkC3pNflFcTnNQL0cmc.cm-k21y4JCxjOdAuC6T5GiNhOWqyiHVErC7FBrg8RNI&dib_tag=se&keywords=shoes&qid=1781073169&sr=8-39
Amazon,shoes,1,PUMA,₹2619.00,"₹6,999",(63% off),No,4.1,Limited time deal,True,False,False,"PUMA Mens Galaxis Pro Running Shoe 4.1 4.1 out of 5 stars (730) 200+ bought in past month Limited time deal Price, product page ₹2,619 ₹ 2,619 M.R.P: ₹6,999 M.R.P: ₹6,999 ₹6,999 (63% off) Up to 5% back with Amazon Pay ICICI card Up to 5% back with Amazon Pay IC... FREE delivery Sun, 14 Jun Add to cart",https://www.amazon.in/Puma-Black-Lime-Smash-Strong-Shoe-10UK-31176701/dp/B0DW98XPKJ/ref=sr_1_40?dib=eyJ2IjoiMSJ9.p5Kmk7kfRXFfVmcllRwlD9j35E_Xs46YgLbPBWPcA1TapLJPhfMK9r9Xz2v7ahaE_aFo8NxzZeIsvPQWAMy_KiGP983tFIQI4D4rcI8tWo1IpdkawHmuJhbSFYA7A9BkPg4tUUXPDMrbhJRu__XQJdJLXkbMOoNF9FioTwB_Wd6b2zcgQER9hscd1MDDo0f7I33U97LNMuweDb8AIp9EjhIi495c3A9LWqiF2iTJXNmyR_ioifVbVZibPC0IeXlnmieNJKCVevnQDA0TJHSCdBa-dkC3pNflFcTnNQL0cmc.cm-k21y4JCxjOdAuC6T5GiNhOWqyiHVErC7FBrg8RNI&dib_tag=se&keywords=shoes&qid=1781073169&sr=8-40
Amazon,shoes,1,Campus,₹1295.00,"₹2,499",(48% off),No,4.2,None,False,False,False,"Campus Men's DRIVO Running Shoes 4.2 4.2 out of 5 stars (721) 100+ bought in past month Price, product page ₹1,295 ₹ 1,295 M.R.P: ₹2,499 M.R.P: ₹2,499 ₹2,499 (48% off) Save 5% 5% off coupon applied Save 5% with coupon (limited sizes/colours) FREE delivery Sat, 13 Jun Or fastest delivery Tomorrow, 11 Jun Add to cart",https://www.amazon.in/Campus-DRIVO-L-Sky-Running-Shoes/dp/B0FWKMPSG4/ref=sr_1_41?dib=eyJ2IjoiMSJ9.p5Kmk7kfRXFfVmcllRwlD9j35E_Xs46YgLbPBWPcA1TapLJPhfMK9r9Xz2v7ahaE_aFo8NxzZeIsvPQWAMy_KiGP983tFIQI4D4rcI8tWo1IpdkawHmuJhbSFYA7A9BkPg4tUUXPDMrbhJRu__XQJdJLXkbMOoNF9FioTwB_Wd6b2zcgQER9hscd1MDDo0f7I33U97LNMuweDb8AIp9EjhIi495c3A9LWqiF2iTJXNmyR_ioifVbVZibPC0IeXlnmieNJKCVevnQDA0TJHSCdBa-dkC3pNflFcTnNQL0cmc.cm-k21y4JCxjOdAuC6T5GiNhOWqyiHVErC7FBrg8RNI&dib_tag=se&keywords=shoes&qid=1781073169&sr=8-41
Amazon,shoes,1,Campus,₹1399.00,"₹2,499",(44% off),No,4.2,None,False,False,False,"Campus Men's DRIVO Running Shoes 4.2 4.2 out of 5 stars (721) 100+ bought in past month Price, product page ₹1,399 ₹ 1,399 M.R.P: ₹2,499 M.R.P: ₹2,499 ₹2,499 (44% off) Save 5% 5% off coupon applied Save 5% with coupon (limited sizes/colours) FREE delivery Fri, 12 Jun Or fastest delivery Tomorrow 8 am - 12 pm Add to cart",https://www.amazon.in/Campus-DRIVO-L-Gry-Running-Shoes/dp/B0FWKP7JV8/ref=sr_1_42?dib=eyJ2IjoiMSJ9.p5Kmk7kfRXFfVmcllRwlD9j35E_Xs46YgLbPBWPcA1TapLJPhfMK9r9Xz2v7ahaE_aFo8NxzZeIsvPQWAMy_KiGP983tFIQI4D4rcI8tWo1IpdkawHmuJhbSFYA7A9BkPg4tUUXPDMrbhJRu__XQJdJLXkbMOoNF9FioTwB_Wd6b2zcgQER9hscd1MDDo0f7I33U97LNMuweDb8AIp9EjhIi495c3A9LWqiF2iTJXNmyR_ioifVbVZibPC0IeXlnmieNJKCVevnQDA0TJHSCdBa-dkC3pNflFcTnNQL0cmc.cm-k21y4JCxjOdAuC6T5GiNhOWqyiHVErC7FBrg8RNI&dib_tag=se&keywords=shoes&qid=1781073169&sr=8-42
Amazon,shoes,1,U.S. POLO ASSN.,₹2219.00,"₹3,699",(40% off),No,4.1,None,False,False,False,"U.S. POLO ASSN. USPA|GIAN| Stylish Casual Sneaker Shoes for Men 4.1 4.1 out of 5 stars (313) Price, product page ₹2,219 ₹ 2,219 M.R.P: ₹3,699 M.R.P: ₹3,699 ₹3,699 (40% off) Up to 5% back with Amazon Pay ICICI card Up to 5% back with Amazon Pay IC... FREE delivery Fri, 12 Jun Or fastest delivery Tomorrow 8 am - 12 pm Add to cart",https://www.amazon.in/U-S-Polo-Assn-Sneakers-Beige/dp/B0FG2K247F/ref=sr_1_43?dib=eyJ2IjoiMSJ9.p5Kmk7kfRXFfVmcllRwlD9j35E_Xs46YgLbPBWPcA1TapLJPhfMK9r9Xz2v7ahaE_aFo8NxzZeIsvPQWAMy_KiGP983tFIQI4D4rcI8tWo1IpdkawHmuJhbSFYA7A9BkPg4tUUXPDMrbhJRu__XQJdJLXkbMOoNF9FioTwB_Wd6b2zcgQER9hscd1MDDo0f7I33U97LNMuweDb8AIp9EjhIi495c3A9LWqiF2iTJXNmyR_ioifVbVZibPC0IeXlnmieNJKCVevnQDA0TJHSCdBa-dkC3pNflFcTnNQL0cmc.cm-k21y4JCxjOdAuC6T5GiNhOWqyiHVErC7FBrg8RNI&dib_tag=se&keywords=shoes&qid=1781073169&sr=8-43
Amazon,shoes,1,new balance,₹3829.00,"₹7,999",(52% off),No,4.1,None,False,False,False,"+7 new balance Women 500 Sneakers 4.1 4.1 out of 5 stars (147) Price, product page ₹3,829 ₹ 3,829 M.R.P: ₹7,999 M.R.P: ₹7,999 ₹7,999 (52% off) Up to 5% back with Amazon Pay ICICI card Up to 5% back with Amazon Pay IC... FREE delivery Fri, 12 Jun Or fastest delivery Tomorrow 8 am - 12 pm Add to cart",https://www.amazon.in/New-Balance-Womens-Lifestyle-White/dp/B0D8T7FNVN/ref=sr_1_44?dib=eyJ2IjoiMSJ9.p5Kmk7kfRXFfVmcllRwlD9j35E_Xs46YgLbPBWPcA1TapLJPhfMK9r9Xz2v7ahaE_aFo8NxzZeIsvPQWAMy_KiGP983tFIQI4D4rcI8tWo1IpdkawHmuJhbSFYA7A9BkPg4tUUXPDMrbhJRu__XQJdJLXkbMOoNF9FioTwB_Wd6b2zcgQER9hscd1MDDo0f7I33U97LNMuweDb8AIp9EjhIi495c3A9LWqiF2iTJXNmyR_ioifVbVZibPC0IeXlnmieNJKCVevnQDA0TJHSCdBa-dkC3pNflFcTnNQL0cmc.cm-k21y4JCxjOdAuC6T5GiNhOWqyiHVErC7FBrg8RNI&dib_tag=se&keywords=shoes&qid=1781073169&sr=8-44
Amazon,shoes,1,Skechers,₹2399.00,"₹5,999",(60% off),No,4.3,Limited time deal,True,False,False,"+8 Skechers Women Go Walk Flex Walking Shoes 4.3 4.3 out of 5 stars (534) 50+ bought in past month Limited time deal Price, product page ₹2,399 ₹ 2,399 M.R.P: ₹5,999 M.R.P: ₹5,999 ₹5,999 (60% off) Save 2% 2% off coupon applied Save 2% with coupon (limited sizes/colours) FREE delivery Sat, 13 Jun Or fastest delivery Tomorrow, 11 Jun Add to cart",https://www.amazon.in/Skechers-Womens-Black-White-Walking/dp/B0F32WXSTL/ref=sr_1_46?dib=eyJ2IjoiMSJ9.p5Kmk7kfRXFfVmcllRwlD9j35E_Xs46YgLbPBWPcA1TapLJPhfMK9r9Xz2v7ahaE_aFo8NxzZeIsvPQWAMy_KiGP983tFIQI4D4rcI8tWo1IpdkawHmuJhbSFYA7A9BkPg4tUUXPDMrbhJRu__XQJdJLXkbMOoNF9FioTwB_Wd6b2zcgQER9hscd1MDDo0f7I33U97LNMuweDb8AIp9EjhIi495c3A9LWqiF2iTJXNmyR_ioifVbVZibPC0IeXlnmieNJKCVevnQDA0TJHSCdBa-dkC3pNflFcTnNQL0cmc.cm-k21y4JCxjOdAuC6T5GiNhOWqyiHVErC7FBrg8RNI&dib_tag=se&keywords=shoes&qid=1781073169&sr=8-46
Amazon,shoes,1,adidas,₹1899.00,"₹3,599",(47% off),No,4.0,Limited time deal,True,False,False,"+5 adidas Men Drogo M Running Shoe 4.0 4.0 out of 5 stars (16.3K) 400+ bought in past month Limited time deal Price, product page ₹1,899 ₹ 1,899 M.R.P: ₹3,599 M.R.P: ₹3,599 ₹3,599 (47% off) Up to 5% back with Amazon Pay ICICI card Up to 5% back with Amazon Pay IC... FREE delivery Fri, 12 Jun Or fastest delivery Tomorrow 8 am - 12 pm Add to cart",https://www.amazon.in/Adidas-CGRANI-Running-Shoes-9-CL7631_9/dp/B07M8HLX18/ref=sr_1_47?dib=eyJ2IjoiMSJ9.p5Kmk7kfRXFfVmcllRwlD9j35E_Xs46YgLbPBWPcA1TapLJPhfMK9r9Xz2v7ahaE_aFo8NxzZeIsvPQWAMy_KiGP983tFIQI4D4rcI8tWo1IpdkawHmuJhbSFYA7A9BkPg4tUUXPDMrbhJRu__XQJdJLXkbMOoNF9FioTwB_Wd6b2zcgQER9hscd1MDDo0f7I33U97LNMuweDb8AIp9EjhIi495c3A9LWqiF2iTJXNmyR_ioifVbVZibPC0IeXlnmieNJKCVevnQDA0TJHSCdBa-dkC3pNflFcTnNQL0cmc.cm-k21y4JCxjOdAuC6T5GiNhOWqyiHVErC7FBrg8RNI&dib_tag=se&keywords=shoes&qid=1781073169&sr=8-47
Amazon,shoes,1,Skechers,₹2219.00,"₹5,499",(60% off),No,4.0,None,False,False,False,"+10 Skechers Mens Go Run Consistent Running Shoe 4.0 4.0 out of 5 stars (954) 300+ bought in past month Price, product page ₹2,219 ₹ 2,219 M.R.P: ₹5,499 M.R.P: ₹5,499 ₹5,499 (60% off) Up to 5% back with Amazon Pay ICICI card Up to 5% back with Amazon Pay IC... FREE delivery Fri, 12 Jun Or fastest delivery Tomorrow 8 am - 12 pm Add to cart",https://www.amazon.in/Skechers-Mens-Running-Shoes-GO-CONSISTENT-894182ID-CCBK-9-Charcoal/dp/B0DDTVD43J/ref=sr_1_49?dib=eyJ2IjoiMSJ9.p5Kmk7kfRXFfVmcllRwlD9j35E_Xs46YgLbPBWPcA1TapLJPhfMK9r9Xz2v7ahaE_aFo8NxzZeIsvPQWAMy_KiGP983tFIQI4D4rcI8tWo1IpdkawHmuJhbSFYA7A9BkPg4tUUXPDMrbhJRu__XQJdJLXkbMOoNF9FioTwB_Wd6b2zcgQER9hscd1MDDo0f7I33U97LNMuweDb8AIp9EjhIi495c3A9LWqiF2iTJXNmyR_ioifVbVZibPC0IeXlnmieNJKCVevnQDA0TJHSCdBa-dkC3pNflFcTnNQL0cmc.cm-k21y4JCxjOdAuC6T5GiNhOWqyiHVErC7FBrg8RNI&dib_tag=se&keywords=shoes&qid=1781073169&sr=8-49
Amazon,shoes,1,new balance,₹3779.00,"₹6,499",(42% off),No,3.0,None,False,False,False,"new balance Mens 413 Sneaker 3.0 3.0 out of 5 stars (44) Price, product page ₹3,779 ₹ 3,779 M.R.P: ₹6,499 M.R.P: ₹6,499 ₹6,499 (42% off) Up to 5% back with Amazon Pay ICICI card Up to 5% back with Amazon Pay IC... FREE delivery Fri, 12 Jun Or fastest delivery Tomorrow 8 am - 12 pm Add to cart",https://www.amazon.in/Balance-Mens-Sports-Shoes-Black/dp/B0DLV9LDFG/ref=sr_1_50?dib=eyJ2IjoiMSJ9.p5Kmk7kfRXFfVmcllRwlD9j35E_Xs46YgLbPBWPcA1TapLJPhfMK9r9Xz2v7ahaE_aFo8NxzZeIsvPQWAMy_KiGP983tFIQI4D4rcI8tWo1IpdkawHmuJhbSFYA7A9BkPg4tUUXPDMrbhJRu__XQJdJLXkbMOoNF9FioTwB_Wd6b2zcgQER9hscd1MDDo0f7I33U97LNMuweDb8AIp9EjhIi495c3A9LWqiF2iTJXNmyR_ioifVbVZibPC0IeXlnmieNJKCVevnQDA0TJHSCdBa-dkC3pNflFcTnNQL0cmc.cm-k21y4JCxjOdAuC6T5GiNhOWqyiHVErC7FBrg8RNI&dib_tag=se&keywords=shoes&qid=1781073169&sr=8-50
Amazon,shoes,1,U.S. POLO ASSN.,₹2391.00,"₹4,599",(48% off),No,4.2,None,False,False,False,"U.S. POLO ASSN. Mens Joan Sneakers 4.2 4.2 out of 5 stars (364) 50+ bought in past month Price, product page ₹2,391 ₹ 2,391 M.R.P: ₹4,599 M.R.P: ₹4,599 ₹4,599 (48% off) Up to 5% back with Amazon Pay ICICI card Up to 5% back with Amazon Pay IC... FREE delivery Fri, 12 Jun Or fastest delivery Tomorrow 8 am - 12 pm Add to cart",https://www.amazon.in/U-S-POLO-ASSN-Mens-Sneakers/dp/B0DQ879TJL/ref=sr_1_51?dib=eyJ2IjoiMSJ9.p5Kmk7kfRXFfVmcllRwlD9j35E_Xs46YgLbPBWPcA1TapLJPhfMK9r9Xz2v7ahaE_aFo8NxzZeIsvPQWAMy_KiGP983tFIQI4D4rcI8tWo1IpdkawHmuJhbSFYA7A9BkPg4tUUXPDMrbhJRu__XQJdJLXkbMOoNF9FioTwB_Wd6b2zcgQER9hscd1MDDo0f7I33U97LNMuweDb8AIp9EjhIi495c3A9LWqiF2iTJXNmyR_ioifVbVZibPC0IeXlnmieNJKCVevnQDA0TJHSCdBa-dkC3pNflFcTnNQL0cmc.cm-k21y4JCxjOdAuC6T5GiNhOWqyiHVErC7FBrg8RNI&dib_tag=se&keywords=shoes&qid=1781073169&sr=8-51
Amazon,shoes,1,Skechers,₹2751.00,"₹4,299",(36% off),No,4.1,None,False,False,False,"Skechers Men Summits Brisbane Sneakers 4.1 4.1 out of 5 stars (2.6K) 500+ bought in past month Price, product page ₹2,751 ₹ 2,751 M.R.P: ₹4,299 M.R.P: ₹4,299 ₹4,299 (36% off) Up to 5% back with Amazon Pay ICICI card Up to 5% back with Amazon Pay IC... FREE delivery Fri, 12 Jun Or fastest delivery Today 4 pm - 8 pm Add to cart",https://www.amazon.in/Skechers-Black-Mens-Casual-Shoes-232057ID-BBK-SUMMITS-Brisbane-UK9/dp/B09XXR4TXK/ref=sr_1_52?dib=eyJ2IjoiMSJ9.p5Kmk7kfRXFfVmcllRwlD9j35E_Xs46YgLbPBWPcA1TapLJPhfMK9r9Xz2v7ahaE_aFo8NxzZeIsvPQWAMy_KiGP983tFIQI4D4rcI8tWo1IpdkawHmuJhbSFYA7A9BkPg4tUUXPDMrbhJRu__XQJdJLXkbMOoNF9FioTwB_Wd6b2zcgQER9hscd1MDDo0f7I33U97LNMuweDb8AIp9EjhIi495c3A9LWqiF2iTJXNmyR_ioifVbVZibPC0IeXlnmieNJKCVevnQDA0TJHSCdBa-dkC3pNflFcTnNQL0cmc.cm-k21y4JCxjOdAuC6T5GiNhOWqyiHVErC7FBrg8RNI&dib_tag=se&keywords=shoes&qid=1781073169&sr=8-52
Amazon,shoes,1,adidas,₹3918.99,"₹7,999",(51% off),No,4.3,None,False,False,False,"+5 adidas Men Grand Court 2.0 Sneaker 4.3 4.3 out of 5 stars (880) Price, product page ₹3,918.99 ₹ 3,918 . 99 M.R.P: ₹7,999 M.R.P: ₹7,999 ₹7,999 (51% off) Up to 5% back with Amazon Pay ICICI card Up to 5% back with Amazon Pay IC... FREE delivery Mon, 15 Jun Add to cart",https://www.amazon.in/Adidas-Synthetic-Grand-Court-Tennis/dp/B09VT1D8GZ/ref=sr_1_53?dib=eyJ2IjoiMSJ9.p5Kmk7kfRXFfVmcllRwlD9j35E_Xs46YgLbPBWPcA1TapLJPhfMK9r9Xz2v7ahaE_aFo8NxzZeIsvPQWAMy_KiGP983tFIQI4D4rcI8tWo1IpdkawHmuJhbSFYA7A9BkPg4tUUXPDMrbhJRu__XQJdJLXkbMOoNF9FioTwB_Wd6b2zcgQER9hscd1MDDo0f7I33U97LNMuweDb8AIp9EjhIi495c3A9LWqiF2iTJXNmyR_ioifVbVZibPC0IeXlnmieNJKCVevnQDA0TJHSCdBa-dkC3pNflFcTnNQL0cmc.cm-k21y4JCxjOdAuC6T5GiNhOWqyiHVErC7FBrg8RNI&dib_tag=se&keywords=shoes&qid=1781073169&sr=8-53
Amazon,shoes,1,PUMA,₹9999.00,N/A,N/A,N/A,4.5,None,False,False,False,"+4 PUMA Unisex-Adult Speedcat Og Sneaker 4.5 4.5 out of 5 stars (300) Price, product page ₹9,999 ₹ 9,999 Up to 5% back with Amazon Pay ICICI card Up to 5% back with Amazon Pay IC... FREE delivery Fri, 12 Jun Or fastest delivery Tomorrow 8 am - 12 pm Add to cart",https://www.amazon.in/Unisex-Adults-Speedcat-Black-White-Sneaker-39884601/dp/B0DJGLV6XX/ref=sr_1_54?dib=eyJ2IjoiMSJ9.p5Kmk7kfRXFfVmcllRwlD9j35E_Xs46YgLbPBWPcA1TapLJPhfMK9r9Xz2v7ahaE_aFo8NxzZeIsvPQWAMy_KiGP983tFIQI4D4rcI8tWo1IpdkawHmuJhbSFYA7A9BkPg4tUUXPDMrbhJRu__XQJdJLXkbMOoNF9FioTwB_Wd6b2zcgQER9hscd1MDDo0f7I33U97LNMuweDb8AIp9EjhIi495c3A9LWqiF2iTJXNmyR_ioifVbVZibPC0IeXlnmieNJKCVevnQDA0TJHSCdBa-dkC3pNflFcTnNQL0cmc.cm-k21y4JCxjOdAuC6T5GiNhOWqyiHVErC7FBrg8RNI&dib_tag=se&keywords=shoes&qid=1781073169&sr=8-54
Amazon,shoes,1,Bacca Bucci,₹1673.00,"₹3,499",(52% off),No,4.2,Limited time deal,True,False,False,"Best seller in Men's Boots Bacca Bucci Men Lace Up Boots 4.2 4.2 out of 5 stars (4.3K) 400+ bought in past month Limited time deal Price, product page ₹1,673 ₹ 1,673 M.R.P: ₹3,499 M.R.P: ₹3,499 ₹3,499 (52% off) Save 2% 2% off coupon applied Save 2% with coupon (limited sizes/colours) FREE delivery Fri, 12 Jun Or fastest delivery Tomorrow 8 am - 12 pm Add to cart",https://www.amazon.in/Bacca-Bucci-7-Eye-Boots-Inspired/dp/B0BJ7L6V4H/ref=sr_1_55?dib=eyJ2IjoiMSJ9.p5Kmk7kfRXFfVmcllRwlD9j35E_Xs46YgLbPBWPcA1TapLJPhfMK9r9Xz2v7ahaE_aFo8NxzZeIsvPQWAMy_KiGP983tFIQI4D4rcI8tWo1IpdkawHmuJhbSFYA7A9BkPg4tUUXPDMrbhJRu__XQJdJLXkbMOoNF9FioTwB_Wd6b2zcgQER9hscd1MDDo0f7I33U97LNMuweDb8AIp9EjhIi495c3A9LWqiF2iTJXNmyR_ioifVbVZibPC0IeXlnmieNJKCVevnQDA0TJHSCdBa-dkC3pNflFcTnNQL0cmc.cm-k21y4JCxjOdAuC6T5GiNhOWqyiHVErC7FBrg8RNI&dib_tag=se&keywords=shoes&qid=1781073169&sr=8-55
Amazon,shoes,1,Nivia,₹788.00,"₹1,069",(26% off),No,3.9,None,False,False,False,"Nivia Airstrike Football Stud with TPU Sole with Direct Injection Molding Technology A Moulded Removable E.VA Sockliner Exists as an Extra Layer of Plush Light Weight Insole Pre-Molded 3.9 3.9 out of 5 stars (7.6K) 50+ bought in past month Price, product page ₹788 ₹ 788 M.R.P: ₹1,069 M.R.P: ₹1,069 ₹1,069 (26% off) Up to 5% back with Amazon Pay ICICI card Up to 5% back with Amazon Pay IC... FREE de",https://www.amazon.in/Nivia-1229BK-Airstrike-Football-Stud/dp/B088TSBZ5Y/ref=sr_1_56?dib=eyJ2IjoiMSJ9.p5Kmk7kfRXFfVmcllRwlD9j35E_Xs46YgLbPBWPcA1TapLJPhfMK9r9Xz2v7ahaE_aFo8NxzZeIsvPQWAMy_KiGP983tFIQI4D4rcI8tWo1IpdkawHmuJhbSFYA7A9BkPg4tUUXPDMrbhJRu__XQJdJLXkbMOoNF9FioTwB_Wd6b2zcgQER9hscd1MDDo0f7I33U97LNMuweDb8AIp9EjhIi495c3A9LWqiF2iTJXNmyR_ioifVbVZibPC0IeXlnmieNJKCVevnQDA0TJHSCdBa-dkC3pNflFcTnNQL0cmc.cm-k21y4JCxjOdAuC6T5GiNhOWqyiHVErC7FBrg8RNI&dib_tag=se&keywords=shoes&qid=1781073169&sr=8-56
Amazon,shoes,1,Leo's Fitness Shoes,₹799.00,"₹1,699",(53% off),No,3.4,Only 3 left,True,False,True,"+2 other colors/patterns Sponsored Sponsored You are seeing this ad based on the product’s relevance to your search query. Let us know Leo's Fitness Shoes Men's Hiking Shoes Quick Dry Breathable Mesh Lightweight Outdoor Training Hiking Walking (895) Trekking Shoes for Men 3.4 3.4 out of 5 stars (168) Limited time deal Price, product page ₹799 ₹ 799 M.R.P: ₹1,699 M.R.P: ₹1,699 ₹1,699 (53% off) Up t",https://www.amazon.in/sspa/click?ie=UTF8&spc=MTozMDgxMDM4MTA1MzYyOTIwOjE3ODEwNzMxNjk6c3BfYnRmOjMwMDc2NzU1OTQ1MjIzMjo6MDo6&url=%2FLeos-Fitness-Shoes-An895-Trekking%2Fdp%2FB09B3DWKML%2Fref%3Dsr_1_57_sspa%3Fdib%3DeyJ2IjoiMSJ9.p5Kmk7kfRXFfVmcllRwlD9j35E_Xs46YgLbPBWPcA1TapLJPhfMK9r9Xz2v7ahaE_aFo8NxzZeIsvPQWAMy_KiGP983tFIQI4D4rcI8tWo1IpdkawHmuJhbSFYA7A9BkPg4tUUXPDMrbhJRu__XQJdJLXkbMOoNF9FioTwB_Wd6b2zcgQER9hscd1MDDo0f7I33U97LNMuweDb8AIp9EjhIi495c3A9LWqiF2iTJXNmyR_ioifVbVZibPC0IeXlnmieNJKCVevnQDA0TJHSCdBa-dkC3pNflFcTnNQL0cmc.cm-k21y4JCxjOdAuC6T5GiNhOWqyiHVErC7FBrg8RNI%26dib_tag%3Dse%26keywords%3Dshoes%26qid%3D1781073169%26sr%3D8-57-spons%26aref%3DamktT2dWoS%26sp_csd%3Dd2lkZ2V0TmFtZT1zcF9idGY%26psc%3D1&aref=amktT2dWoS&sp_cr=ZAZ
Amazon,shoes,1,Cruiser,₹999.00,"₹2,499",(60% off),No,2.5,Only 4 left,True,False,True,"+2 other colors/patterns Sponsored Sponsored You are seeing this ad based on the product’s relevance to your search query. Let us know Cruiser Mens Comfort & Style with Soft Cushioned Insole | Lightweight Comfort Classic Canvas Sneakers for Everyday Wear |Trendy Lace-Up Design for Casual Outfits (9923) 2.5 2.5 out of 5 stars (24) Price, product page ₹999 ₹ 999 M.R.P: ₹2,499 M.R.P: ₹2,499 ₹2,499 (6",https://www.amazon.in/sspa/click?ie=UTF8&spc=MTozMDgxMDM4MTA1MzYyOTIwOjE3ODEwNzMxNjk6c3BfYnRmOjMwMTEyNDI1NDAwNDczMjo6MDo6&url=%2FCruiser-Sneaker-Comfort-Cushioned-Lace-Up%2Fdp%2FB0DR93LT3C%2Fref%3Dsr_1_58_sspa%3Fdib%3DeyJ2IjoiMSJ9.p5Kmk7kfRXFfVmcllRwlD9j35E_Xs46YgLbPBWPcA1TapLJPhfMK9r9Xz2v7ahaE_aFo8NxzZeIsvPQWAMy_KiGP983tFIQI4D4rcI8tWo1IpdkawHmuJhbSFYA7A9BkPg4tUUXPDMrbhJRu__XQJdJLXkbMOoNF9FioTwB_Wd6b2zcgQER9hscd1MDDo0f7I33U97LNMuweDb8AIp9EjhIi495c3A9LWqiF2iTJXNmyR_ioifVbVZibPC0IeXlnmieNJKCVevnQDA0TJHSCdBa-dkC3pNflFcTnNQL0cmc.cm-k21y4JCxjOdAuC6T5GiNhOWqyiHVErC7FBrg8RNI%26dib_tag%3Dse%26keywords%3Dshoes%26qid%3D1781073169%26sr%3D8-58-spons%26aref%3DUu9YYcdvSS%26sp_csd%3Dd2lkZ2V0TmFtZT1zcF9idGY%26psc%3D1&aref=Uu9YYcdvSS&sp_cr=ZAZ
Amazon,shoes,1,Leo's Fitness Shoes,₹980.00,"₹2,899",(66% off),No,3.4,Limited time deal,True,False,True,"+2 other colors/patterns Sponsored Sponsored You are seeing this ad based on the product’s relevance to your search query. Let us know Leo's Fitness Shoes Leo Men's Light Weight Casual Waterproof Shoes for Trekking, Hiking & Other Outdoor Activities 3.4 3.4 out of 5 stars (103) Limited time deal Price, product page ₹980 ₹ 980 M.R.P: ₹2,899 M.R.P: ₹2,899 ₹2,899 (66% off) Up to 5% back with Amazon P",https://www.amazon.in/sspa/click?ie=UTF8&spc=MTozMDgxMDM4MTA1MzYyOTIwOjE3ODEwNzMxNjk6c3BfYnRmOjMwMDQ3Mzk4OTU3NzIzMjo6MDo6&url=%2FWaterproof-Shoes-Trekking-Outdoor-Activities%2Fdp%2FB0DCNQVML8%2Fref%3Dsr_1_59_sspa%3Fdib%3DeyJ2IjoiMSJ9.p5Kmk7kfRXFfVmcllRwlD9j35E_Xs46YgLbPBWPcA1TapLJPhfMK9r9Xz2v7ahaE_aFo8NxzZeIsvPQWAMy_KiGP983tFIQI4D4rcI8tWo1IpdkawHmuJhbSFYA7A9BkPg4tUUXPDMrbhJRu__XQJdJLXkbMOoNF9FioTwB_Wd6b2zcgQER9hscd1MDDo0f7I33U97LNMuweDb8AIp9EjhIi495c3A9LWqiF2iTJXNmyR_ioifVbVZibPC0IeXlnmieNJKCVevnQDA0TJHSCdBa-dkC3pNflFcTnNQL0cmc.cm-k21y4JCxjOdAuC6T5GiNhOWqyiHVErC7FBrg8RNI%26dib_tag%3Dse%26keywords%3Dshoes%26qid%3D1781073169%26sr%3D8-59-spons%26aref%3DfgxxKFlxBi%26sp_csd%3Dd2lkZ2V0TmFtZT1zcF9idGY%26psc%3D1&aref=fgxxKFlxBi&sp_cr=ZAZ
Amazon,shoes,1,Cruiser,₹799.00,"₹2,499",(68% off),No,3.7,Limited time deal,True,False,True,"+4 other colors/patterns Sponsored Sponsored You are seeing this ad based on the product’s relevance to your search query. Let us know Cruiser Mens Casual Shoes | Trainers Comfortable Trendy Shoes|Classic Sneakers |Step Into Casual Cool | Perfect Pair for Relaxed Days (Blaze) 3.7 3.7 out of 5 stars (450) Limited time deal Price, product page ₹799 ₹ 799 M.R.P: ₹2,499 M.R.P: ₹2,499 ₹2,499 (68% off) ",https://www.amazon.in/sspa/click?ie=UTF8&spc=MTozMDgxMDM4MTA1MzYyOTIwOjE3ODEwNzMxNjk6c3BfYnRmOjMwMDY4NDcwNzA5NDgzMjo6MDo6&url=%2FCruiser-Atlas-Beige-Sneakers_9-2504-6%2Fdp%2FB0BTDKM7JY%2Fref%3Dsr_1_60_sspa%3Fdib%3DeyJ2IjoiMSJ9.p5Kmk7kfRXFfVmcllRwlD9j35E_Xs46YgLbPBWPcA1TapLJPhfMK9r9Xz2v7ahaE_aFo8NxzZeIsvPQWAMy_KiGP983tFIQI4D4rcI8tWo1IpdkawHmuJhbSFYA7A9BkPg4tUUXPDMrbhJRu__XQJdJLXkbMOoNF9FioTwB_Wd6b2zcgQER9hscd1MDDo0f7I33U97LNMuweDb8AIp9EjhIi495c3A9LWqiF2iTJXNmyR_ioifVbVZibPC0IeXlnmieNJKCVevnQDA0TJHSCdBa-dkC3pNflFcTnNQL0cmc.cm-k21y4JCxjOdAuC6T5GiNhOWqyiHVErC7FBrg8RNI%26dib_tag%3Dse%26keywords%3Dshoes%26qid%3D1781073169%26sr%3D8-60-spons%26aref%3DCKwcYBUJhS%26sp_csd%3Dd2lkZ2V0TmFtZT1zcF9idGY%26psc%3D1&aref=CKwcYBUJhS&sp_cr=ZAZ
Amazon,shoes,2,Boldfit,₹1349.00,"₹4,499",(70% off),No,4.0,Limited time deal,True,True,True,"+5 other colors/patterns Sponsored Sponsored You are seeing this ad based on the product’s relevance to your search query. Let us know Boldfit Sneakers for Man Lightweight Shoes for Men Comfortable Sneakers for Men Air Mesh Casual Shoes Mens Soft Cushion Insole Lace Up Casual Boys Shoe Sneaker DripBloc 4.0 4.0 out of 5 stars (195) Limited time deal Price, product page ₹1,349 ₹ 1,349 M.R.P: ₹4,499 ",https://www.amazon.in/sspa/click?ie=UTF8&spc=MTozNzU2MzYzNDU5MjU5NTY2OjE3ODEwNzMyMjM6c3BfYXRmX25leHQ6MzAwODg3MTc4NjIyMjMyOjowOjo&url=%2FBoldfit-Sneakers-Lightweight-Comfortable-DripBloc%2Fdp%2FB0G5289VWS%2Fref%3Dsr_1_52_sspa%3Fdib%3DeyJ2IjoiMSJ9.e2PmuGGQJnit5kxturjpCOb_wpVwHKiCfyj6KDCcjqGUP1zVNx9DU2AM7N8g6mLZMD2zhcYvvDlwhjQoodw6ErQ75UXwhWJTPPocuoaoXkwgIu-E4uT_m6z1OqNSKvNstphIXDaA_zEzn586CfjrTYpndibG86M07El1AvfnFM_88GNgzh2x494dsVpEZuf7ai3WLUq4Xb46aOGWTxCJGiN8qmD1MUneBNrmPHWu3YuVJ87sBn0vb_xxnH8TiE-Mf5pqMzK8Ba-LUGqTwECtBvKlhGYa2dE88DgcmXD3RCs.N-hgj5daXqH6JJQONNOXeBIkrP8ezj73GQlLwuBbXr0%26dib_tag%3Dse%26keywords%3Dshoes%26qid%3D1781073223%26aref%3DqBRnhMhWP4%26sp_csd%3Dd2lkZ2V0TmFtZT1zcF9hdGZfbmV4dA%26psc%3D1&aref=qBRnhMhWP4&sp_cr=ZAZ
Amazon,shoes,2,ASICS,₹2498.94,"₹4,299",(42% off),No,4.4,None,False,False,False,"ASICS Mens Gel-Contend 4b+ Sports Shoes 4.4 4.4 out of 5 stars (9) Price, product page ₹2,498.94 ₹ 2,498 . 94 M.R.P: ₹4,299 M.R.P: ₹4,299 ₹4,299 (42% off) Up to 5% back with Amazon Pay ICICI card Up to 5% back with Amazon Pay IC... FREE delivery Mon, 15 Jun Add to cart",https://www.amazon.in/ASICS-Gel-Contend-Twilight-Cobalt-Running/dp/B0G4HC1V33/ref=sr_1_54?dib=eyJ2IjoiMSJ9.e2PmuGGQJnit5kxturjpCOb_wpVwHKiCfyj6KDCcjqGUP1zVNx9DU2AM7N8g6mLZMD2zhcYvvDlwhjQoodw6ErQ75UXwhWJTPPocuoaoXkwgIu-E4uT_m6z1OqNSKvNstphIXDaA_zEzn586CfjrTYpndibG86M07El1AvfnFM_88GNgzh2x494dsVpEZuf7ai3WLUq4Xb46aOGWTxCJGiN8qmD1MUneBNrmPHWu3YuVJ87sBn0vb_xxnH8TiE-Mf5pqMzK8Ba-LUGqTwECtBvKlhGYa2dE88DgcmXD3RCs.N-hgj5daXqH6JJQONNOXeBIkrP8ezj73GQlLwuBbXr0&dib_tag=se&keywords=shoes&qid=1781073223
Amazon,shoes,2,PUMA,₹2019.00,"₹4,499",(55% off),No,4.0,Limited time deal,True,False,False,"Best seller in Men's Sneakers +3 PUMA Unisex Adult Smashic Sneaker 4.0 4.0 out of 5 stars (4.3K) 300+ bought in past month Limited time deal Price, product page ₹2,019 ₹ 2,019 M.R.P: ₹4,499 M.R.P: ₹4,499 ₹4,499 (55% off) Up to 5% back with Amazon Pay ICICI card Up to 5% back with Amazon Pay IC... FREE delivery Sat, 13 Jun Or fastest delivery Tomorrow, 11 Jun Add to cart",https://www.amazon.in/PUMA-Smashic-Comfort-Sneakers-Dust-Black-Gum/dp/B0FYPSRGHN/ref=sr_1_57?dib=eyJ2IjoiMSJ9.e2PmuGGQJnit5kxturjpCOb_wpVwHKiCfyj6KDCcjqGUP1zVNx9DU2AM7N8g6mLZMD2zhcYvvDlwhjQoodw6ErQ75UXwhWJTPPocuoaoXkwgIu-E4uT_m6z1OqNSKvNstphIXDaA_zEzn586CfjrTYpndibG86M07El1AvfnFM_88GNgzh2x494dsVpEZuf7ai3WLUq4Xb46aOGWTxCJGiN8qmD1MUneBNrmPHWu3YuVJ87sBn0vb_xxnH8TiE-Mf5pqMzK8Ba-LUGqTwECtBvKlhGYa2dE88DgcmXD3RCs.N-hgj5daXqH6JJQONNOXeBIkrP8ezj73GQlLwuBbXr0&dib_tag=se&keywords=shoes&qid=1781073223
Amazon,shoes,2,Campus,₹899.00,"₹2,499",(64% off),No,3.9,None,False,False,False,"Campus Men Camp-Hustun Running Shoes 3.9 3.9 out of 5 stars (520) Price, product page ₹899 ₹ 899 M.R.P: ₹2,499 M.R.P: ₹2,499 ₹2,499 (64% off) Up to 5% back with Amazon Pay ICICI card Up to 5% back with Amazon Pay IC... FREE delivery Fri, 12 Jun Or fastest delivery Tomorrow 8 am - 12 pm Add to cart",https://www.amazon.in/Campus-Mens-Running-Shoes-India/dp/B0BCQWD1WC/ref=sr_1_58?dib=eyJ2IjoiMSJ9.e2PmuGGQJnit5kxturjpCOb_wpVwHKiCfyj6KDCcjqGUP1zVNx9DU2AM7N8g6mLZMD2zhcYvvDlwhjQoodw6ErQ75UXwhWJTPPocuoaoXkwgIu-E4uT_m6z1OqNSKvNstphIXDaA_zEzn586CfjrTYpndibG86M07El1AvfnFM_88GNgzh2x494dsVpEZuf7ai3WLUq4Xb46aOGWTxCJGiN8qmD1MUneBNrmPHWu3YuVJ87sBn0vb_xxnH8TiE-Mf5pqMzK8Ba-LUGqTwECtBvKlhGYa2dE88DgcmXD3RCs.N-hgj5daXqH6JJQONNOXeBIkrP8ezj73GQlLwuBbXr0&dib_tag=se&keywords=shoes&qid=1781073223
Amazon,shoes,2,Bacca Bucci,₹1699.00,"₹2,999",(43% off),No,4.2,None,False,False,False,"Bacca Bucci Men Lace Up Shoes 4.2 4.2 out of 5 stars (269) Price, product page ₹1,699 ₹ 1,699 M.R.P: ₹2,999 M.R.P: ₹2,999 ₹2,999 (43% off) Save 2% 2% off coupon applied Save 2% with coupon (limited sizes/colours) FREE delivery Fri, 12 Jun Or fastest delivery Tomorrow 8 am - 12 pm Add to cart",https://www.amazon.in/Bacca-Bucci-Cappuccino-Skystompers-High-Top/dp/B0D8WG88P6/ref=sr_1_59?dib=eyJ2IjoiMSJ9.e2PmuGGQJnit5kxturjpCOb_wpVwHKiCfyj6KDCcjqGUP1zVNx9DU2AM7N8g6mLZMD2zhcYvvDlwhjQoodw6ErQ75UXwhWJTPPocuoaoXkwgIu-E4uT_m6z1OqNSKvNstphIXDaA_zEzn586CfjrTYpndibG86M07El1AvfnFM_88GNgzh2x494dsVpEZuf7ai3WLUq4Xb46aOGWTxCJGiN8qmD1MUneBNrmPHWu3YuVJ87sBn0vb_xxnH8TiE-Mf5pqMzK8Ba-LUGqTwECtBvKlhGYa2dE88DgcmXD3RCs.N-hgj5daXqH6JJQONNOXeBIkrP8ezj73GQlLwuBbXr0&dib_tag=se&keywords=shoes&qid=1781073223
Amazon,shoes,2,DOCTOR EXTRA SOFT,₹1328.95,"₹5,999",(78% off),No,4.2,Limited time deal,True,True,False,"DOCTOR EXTRA SOFT Men's Sports Shoes with Memory Foam Cushioned Insole|Running Walking Gym Training Jogging Athletics|Comfortable & Stylish|Casual & Lightweight|Slipon Sneaker Gent's & Boy's ART-2008 4.2 4.2 out of 5 stars (2.1K) 50+ bought in past month Limited time deal Price, product page ₹1,328.95 ₹ 1,328 . 95 M.R.P: ₹5,999 M.R.P: ₹5,999 ₹5,999 (78% off) Save 2% 2% off coupon applied Save 2% w",https://www.amazon.in/DOCTOR-EXTRA-SOFT-Comfortable-Lightweight/dp/B0DF5VBQL3/ref=sr_1_60?dib=eyJ2IjoiMSJ9.e2PmuGGQJnit5kxturjpCOb_wpVwHKiCfyj6KDCcjqGUP1zVNx9DU2AM7N8g6mLZMD2zhcYvvDlwhjQoodw6ErQ75UXwhWJTPPocuoaoXkwgIu-E4uT_m6z1OqNSKvNstphIXDaA_zEzn586CfjrTYpndibG86M07El1AvfnFM_88GNgzh2x494dsVpEZuf7ai3WLUq4Xb46aOGWTxCJGiN8qmD1MUneBNrmPHWu3YuVJ87sBn0vb_xxnH8TiE-Mf5pqMzK8Ba-LUGqTwECtBvKlhGYa2dE88DgcmXD3RCs.N-hgj5daXqH6JJQONNOXeBIkrP8ezj73GQlLwuBbXr0&dib_tag=se&keywords=shoes&qid=1781073223
Amazon,shoes,2,U.S. POLO ASSN.,₹1979.00,"₹3,599",(45% off),No,4.1,None,False,False,False,"+1 U.S. POLO ASSN. Mens Rojas 2.0-Parent Sneaker 4.1 4.1 out of 5 stars (818) 100+ bought in past month Price, product page ₹1,979 ₹ 1,979 M.R.P: ₹3,599 M.R.P: ₹3,599 ₹3,599 (45% off) Up to 5% back with Amazon Pay ICICI card Up to 5% back with Amazon Pay IC... FREE delivery Sat, 13 Jun Or fastest delivery Tomorrow, 11 Jun Add to cart",https://www.amazon.in/U-S-ASSN-Stylish-Casual-Sneaker/dp/B0FC2P6M4B/ref=sr_1_63?dib=eyJ2IjoiMSJ9.e2PmuGGQJnit5kxturjpCOb_wpVwHKiCfyj6KDCcjqGUP1zVNx9DU2AM7N8g6mLZMD2zhcYvvDlwhjQoodw6ErQ75UXwhWJTPPocuoaoXkwgIu-E4uT_m6z1OqNSKvNstphIXDaA_zEzn586CfjrTYpndibG86M07El1AvfnFM_88GNgzh2x494dsVpEZuf7ai3WLUq4Xb46aOGWTxCJGiN8qmD1MUneBNrmPHWu3YuVJ87sBn0vb_xxnH8TiE-Mf5pqMzK8Ba-LUGqTwECtBvKlhGYa2dE88DgcmXD3RCs.N-hgj5daXqH6JJQONNOXeBIkrP8ezj73GQlLwuBbXr0&dib_tag=se&keywords=shoes&qid=1781073223
Amazon,shoes,2,PUMA,₹2159.00,"₹5,999",(64% off),No,4.1,None,False,False,False,"PUMA Men Smooth Walk Running Shoe 4.1 4.1 out of 5 stars (210) Price, product page ₹2,159 ₹ 2,159 M.R.P: ₹5,999 M.R.P: ₹5,999 ₹5,999 (64% off) Up to 5% back with Amazon Pay ICICI card Up to 5% back with Amazon Pay IC... FREE delivery Fri, 12 Jun Or fastest delivery Tomorrow 8 am - 12 pm Add to cart",https://www.amazon.in/Puma-Disperse-Evening-Sky-Lime-Training/dp/B0D6VQYZDG/ref=sr_1_64?dib=eyJ2IjoiMSJ9.e2PmuGGQJnit5kxturjpCOb_wpVwHKiCfyj6KDCcjqGUP1zVNx9DU2AM7N8g6mLZMD2zhcYvvDlwhjQoodw6ErQ75UXwhWJTPPocuoaoXkwgIu-E4uT_m6z1OqNSKvNstphIXDaA_zEzn586CfjrTYpndibG86M07El1AvfnFM_88GNgzh2x494dsVpEZuf7ai3WLUq4Xb46aOGWTxCJGiN8qmD1MUneBNrmPHWu3YuVJ87sBn0vb_xxnH8TiE-Mf5pqMzK8Ba-LUGqTwECtBvKlhGYa2dE88DgcmXD3RCs.N-hgj5daXqH6JJQONNOXeBIkrP8ezj73GQlLwuBbXr0&dib_tag=se&keywords=shoes&qid=1781073223
Amazon,shoes,2,U.S. POLO ASSN.,₹2064.00,"₹4,799",(57% off),No,4.0,None,False,False,False,"U.S. POLO ASSN. USPA|Anders| Stylish Casual Sneaker Shoes for Man 4.0 4.0 out of 5 stars (511) Price, product page ₹2,064 ₹ 2,064 M.R.P: ₹4,799 M.R.P: ₹4,799 ₹4,799 (57% off) Up to 5% back with Amazon Pay ICICI card Up to 5% back with Amazon Pay IC... FREE delivery Fri, 12 Jun Or fastest delivery Tomorrow 8 am - 12 pm Add to cart",https://www.amazon.in/U-S-POLO-ASSN-Anders-Sneaker/dp/B0BC6LC5NT/ref=sr_1_66?dib=eyJ2IjoiMSJ9.e2PmuGGQJnit5kxturjpCOb_wpVwHKiCfyj6KDCcjqGUP1zVNx9DU2AM7N8g6mLZMD2zhcYvvDlwhjQoodw6ErQ75UXwhWJTPPocuoaoXkwgIu-E4uT_m6z1OqNSKvNstphIXDaA_zEzn586CfjrTYpndibG86M07El1AvfnFM_88GNgzh2x494dsVpEZuf7ai3WLUq4Xb46aOGWTxCJGiN8qmD1MUneBNrmPHWu3YuVJ87sBn0vb_xxnH8TiE-Mf5pqMzK8Ba-LUGqTwECtBvKlhGYa2dE88DgcmXD3RCs.N-hgj5daXqH6JJQONNOXeBIkrP8ezj73GQlLwuBbXr0&dib_tag=se&keywords=shoes&qid=1781073223
Amazon,shoes,2,PUMA,₹1999.00,"₹4,999",(60% off),No,4.1,None,False,False,False,"PUMA Unisex-Adult Turino II Sd Sneaker 4.1 4.1 out of 5 stars (26) 100+ bought in past month Price, product page ₹1,999 ₹ 1,999 M.R.P: ₹4,999 M.R.P: ₹4,999 ₹4,999 (60% off) Up to 5% back with Amazon Pay ICICI card Up to 5% back with Amazon Pay IC... FREE delivery Fri, 12 Jun Add to cart",https://www.amazon.in/Puma-Turino-II-Suede-Sneakers/dp/B0DXHWZY63/ref=sr_1_68?dib=eyJ2IjoiMSJ9.e2PmuGGQJnit5kxturjpCOb_wpVwHKiCfyj6KDCcjqGUP1zVNx9DU2AM7N8g6mLZMD2zhcYvvDlwhjQoodw6ErQ75UXwhWJTPPocuoaoXkwgIu-E4uT_m6z1OqNSKvNstphIXDaA_zEzn586CfjrTYpndibG86M07El1AvfnFM_88GNgzh2x494dsVpEZuf7ai3WLUq4Xb46aOGWTxCJGiN8qmD1MUneBNrmPHWu3YuVJ87sBn0vb_xxnH8TiE-Mf5pqMzK8Ba-LUGqTwECtBvKlhGYa2dE88DgcmXD3RCs.N-hgj5daXqH6JJQONNOXeBIkrP8ezj73GQlLwuBbXr0&dib_tag=se&keywords=shoes&qid=1781073223
Amazon,shoes,2,SPARX,₹1258.00,"₹1,499",(16% off),No,3.8,None,False,False,True,"+2 other colors/patterns Sponsored Sponsored You are seeing this ad based on the product’s relevance to your search query. Let us know SPARX Shoe SM 1032 for Men 3.8 3.8 out of 5 stars (48) Price, product page ₹1,258 ₹ 1,258 M.R.P: ₹1,499 M.R.P: ₹1,499 ₹1,499 (16% off) Up to 5% back with Amazon Pay ICICI card Up to 5% back with Amazon Pay IC... FREE delivery 1 - 21 Jul Add to cart",https://www.amazon.in/sspa/click?ie=UTF8&spc=MTozNzU2MzYzNDU5MjU5NTY2OjE3ODEwNzMyMjM6c3BfbXRmOjMwMDczMjg5ODg0ODkzMjo6MDo6&url=%2FSPARX-Sports-Shoe-SM-1032-Black%2Fdp%2FB0DX6WG6LM%2Fref%3Dsr_1_69_sspa%3Fdib%3DeyJ2IjoiMSJ9.e2PmuGGQJnit5kxturjpCOb_wpVwHKiCfyj6KDCcjqGUP1zVNx9DU2AM7N8g6mLZMD2zhcYvvDlwhjQoodw6ErQ75UXwhWJTPPocuoaoXkwgIu-E4uT_m6z1OqNSKvNstphIXDaA_zEzn586CfjrTYpndibG86M07El1AvfnFM_88GNgzh2x494dsVpEZuf7ai3WLUq4Xb46aOGWTxCJGiN8qmD1MUneBNrmPHWu3YuVJ87sBn0vb_xxnH8TiE-Mf5pqMzK8Ba-LUGqTwECtBvKlhGYa2dE88DgcmXD3RCs.N-hgj5daXqH6JJQONNOXeBIkrP8ezj73GQlLwuBbXr0%26dib_tag%3Dse%26keywords%3Dshoes%26qid%3D1781073223%26aref%3DAOoseG6UKO%26sp_csd%3Dd2lkZ2V0TmFtZT1zcF9tdGY%26psc%3D1&aref=AOoseG6UKO&sp_cr=ZAZ
Amazon,shoes,2,SPARX,₹1374.00,"₹2,749",(50% off),No,3.5,None,False,False,True,"+1 other color/pattern Sponsored Sponsored You are seeing this ad based on the product’s relevance to your search query. Let us know SPARX Training and Gym Shoes SM-9087 for Men | Comfortable, Flexible & Suitable and Workouts 3.5 3.5 out of 5 stars (11) Price, product page ₹1,374 ₹ 1,374 M.R.P: ₹2,749 M.R.P: ₹2,749 ₹2,749 (50% off) Up to 5% back with Amazon Pay ICICI card Up to 5% back with Amazon",https://www.amazon.in/sspa/click?ie=UTF8&spc=MTozNzU2MzYzNDU5MjU5NTY2OjE3ODEwNzMyMjM6c3BfbXRmOjMwMDkwNjQ2NjEzMzUzMjo6MDo6&url=%2FSPARX-Sports-Shoes-SM-9087-Olive%2Fdp%2FB0FVSGSY22%2Fref%3Dsr_1_70_sspa%3Fdib%3DeyJ2IjoiMSJ9.e2PmuGGQJnit5kxturjpCOb_wpVwHKiCfyj6KDCcjqGUP1zVNx9DU2AM7N8g6mLZMD2zhcYvvDlwhjQoodw6ErQ75UXwhWJTPPocuoaoXkwgIu-E4uT_m6z1OqNSKvNstphIXDaA_zEzn586CfjrTYpndibG86M07El1AvfnFM_88GNgzh2x494dsVpEZuf7ai3WLUq4Xb46aOGWTxCJGiN8qmD1MUneBNrmPHWu3YuVJ87sBn0vb_xxnH8TiE-Mf5pqMzK8Ba-LUGqTwECtBvKlhGYa2dE88DgcmXD3RCs.N-hgj5daXqH6JJQONNOXeBIkrP8ezj73GQlLwuBbXr0%26dib_tag%3Dse%26keywords%3Dshoes%26qid%3D1781073223%26aref%3DdXVjN1QtMo%26sp_csd%3Dd2lkZ2V0TmFtZT1zcF9tdGY%26psc%3D1&aref=dXVjN1QtMo&sp_cr=ZAZ
Amazon,shoes,2,Nike,₹4295.00,N/A,N/A,N/A,4.0,None,False,False,False,"+5 Nike Nike Mens Revolution Running Shoes 4.0 4.0 out of 5 stars (1.5K) Price, product page ₹4,295 ₹ 4,295 Up to 5% back with Amazon Pay ICICI card Up to 5% back with Amazon Pay IC... FREE delivery Sun, 14 Jun Or fastest delivery Fri, 12 Jun Add to cart",https://www.amazon.in/Nike-Revolution-Black-Smoke-Grey-White-Running/dp/B0DPHT15ZD/ref=sr_1_73?dib=eyJ2IjoiMSJ9.e2PmuGGQJnit5kxturjpCOb_wpVwHKiCfyj6KDCcjqGUP1zVNx9DU2AM7N8g6mLZMD2zhcYvvDlwhjQoodw6ErQ75UXwhWJTPPocuoaoXkwgIu-E4uT_m6z1OqNSKvNstphIXDaA_zEzn586CfjrTYpndibG86M07El1AvfnFM_88GNgzh2x494dsVpEZuf7ai3WLUq4Xb46aOGWTxCJGiN8qmD1MUneBNrmPHWu3YuVJ87sBn0vb_xxnH8TiE-Mf5pqMzK8Ba-LUGqTwECtBvKlhGYa2dE88DgcmXD3RCs.N-hgj5daXqH6JJQONNOXeBIkrP8ezj73GQlLwuBbXr0&dib_tag=se&keywords=shoes&qid=1781073223
Amazon,shoes,2,adidas,₹2799.00,"₹5,599",(50% off),No,4.0,None,False,False,False,"+1 adidas Men Courun Avant M Running Shoe 4.0 4.0 out of 5 stars (1.9K) Price, product page ₹2,799 ₹ 2,799 M.R.P: ₹5,599 M.R.P: ₹5,599 ₹5,599 (50% off) Up to 5% back with Amazon Pay ICICI card Up to 5% back with Amazon Pay IC... FREE delivery Fri, 12 Jun Or fastest delivery Tomorrow 8 am - 12 pm Add to cart",https://www.amazon.in/Adidas-Synthetic-Courun-Avant-Running/dp/B0C4DMN3Y5/ref=sr_1_74?dib=eyJ2IjoiMSJ9.e2PmuGGQJnit5kxturjpCOb_wpVwHKiCfyj6KDCcjqGUP1zVNx9DU2AM7N8g6mLZMD2zhcYvvDlwhjQoodw6ErQ75UXwhWJTPPocuoaoXkwgIu-E4uT_m6z1OqNSKvNstphIXDaA_zEzn586CfjrTYpndibG86M07El1AvfnFM_88GNgzh2x494dsVpEZuf7ai3WLUq4Xb46aOGWTxCJGiN8qmD1MUneBNrmPHWu3YuVJ87sBn0vb_xxnH8TiE-Mf5pqMzK8Ba-LUGqTwECtBvKlhGYa2dE88DgcmXD3RCs.N-hgj5daXqH6JJQONNOXeBIkrP8ezj73GQlLwuBbXr0&dib_tag=se&keywords=shoes&qid=1781073223
Amazon,shoes,2,PUMA,₹2599.00,"₹7,999",(68% off),No,4.1,Limited time deal,True,False,False,"PUMA Unisex-Adult BMW MMS Drift Cat Decima Sneaker 4.1 4.1 out of 5 stars (127) Limited time deal Price, product page ₹2,599 ₹ 2,599 M.R.P: ₹7,999 M.R.P: ₹7,999 ₹7,999 (68% off) Up to 5% back with Amazon Pay ICICI card Up to 5% back with Amazon Pay IC... FREE delivery Sat, 13 Jun Or fastest delivery Tomorrow, 11 Jun Add to cart",https://www.amazon.in/PUMA-Motorsport-Decima-Sneakers-White-Pro/dp/B0GFKR43BL/ref=sr_1_75?dib=eyJ2IjoiMSJ9.e2PmuGGQJnit5kxturjpCOb_wpVwHKiCfyj6KDCcjqGUP1zVNx9DU2AM7N8g6mLZMD2zhcYvvDlwhjQoodw6ErQ75UXwhWJTPPocuoaoXkwgIu-E4uT_m6z1OqNSKvNstphIXDaA_zEzn586CfjrTYpndibG86M07El1AvfnFM_88GNgzh2x494dsVpEZuf7ai3WLUq4Xb46aOGWTxCJGiN8qmD1MUneBNrmPHWu3YuVJ87sBn0vb_xxnH8TiE-Mf5pqMzK8Ba-LUGqTwECtBvKlhGYa2dE88DgcmXD3RCs.N-hgj5daXqH6JJQONNOXeBIkrP8ezj73GQlLwuBbXr0&dib_tag=se&keywords=shoes&qid=1781073223
Amazon,shoes,2,U.S. POLO ASSN.,₹2599.00,"₹4,999",(48% off),No,4.2,None,False,False,False,"U.S. POLO ASSN. USPA U.S. Polo Assn Men|Bruce|Black Stylish Casual Sneaker Shoes for Man 4.2 4.2 out of 5 stars (187) Price, product page ₹2,599 ₹ 2,599 M.R.P: ₹4,999 M.R.P: ₹4,999 ₹4,999 (48% off) Save 4% 4% off coupon applied Save 4% with coupon (limited sizes/colours) FREE delivery Sat, 13 Jun Or fastest delivery Tomorrow, 11 Jun Add to cart",https://www.amazon.in/U-S-ASSN-Stylish-Casual-Sneaker/dp/B0F84F3FWT/ref=sr_1_76?dib=eyJ2IjoiMSJ9.e2PmuGGQJnit5kxturjpCOb_wpVwHKiCfyj6KDCcjqGUP1zVNx9DU2AM7N8g6mLZMD2zhcYvvDlwhjQoodw6ErQ75UXwhWJTPPocuoaoXkwgIu-E4uT_m6z1OqNSKvNstphIXDaA_zEzn586CfjrTYpndibG86M07El1AvfnFM_88GNgzh2x494dsVpEZuf7ai3WLUq4Xb46aOGWTxCJGiN8qmD1MUneBNrmPHWu3YuVJ87sBn0vb_xxnH8TiE-Mf5pqMzK8Ba-LUGqTwECtBvKlhGYa2dE88DgcmXD3RCs.N-hgj5daXqH6JJQONNOXeBIkrP8ezj73GQlLwuBbXr0&dib_tag=se&keywords=shoes&qid=1781073223
Amazon,shoes,2,Nike,₹2956.00,"₹3,695",(20% off),No,4.2,Limited time deal,True,False,False,"Nike Nike Mens Revolution Running Shoes 4.2 4.2 out of 5 stars (2.8K) Limited time deal Price, product page ₹2,956 ₹ 2,956 M.R.P: ₹3,695 M.R.P: ₹3,695 ₹3,695 (20% off) Up to 5% back with Amazon Pay ICICI card Up to 5% back with Amazon Pay IC... FREE delivery Sun, 14 Jun Or fastest delivery Fri, 12 Jun Add to cart",https://www.amazon.in/Nike-Revolution-White-Platinum-White-Running/dp/B0CL8CJPCN/ref=sr_1_77?dib=eyJ2IjoiMSJ9.e2PmuGGQJnit5kxturjpCOb_wpVwHKiCfyj6KDCcjqGUP1zVNx9DU2AM7N8g6mLZMD2zhcYvvDlwhjQoodw6ErQ75UXwhWJTPPocuoaoXkwgIu-E4uT_m6z1OqNSKvNstphIXDaA_zEzn586CfjrTYpndibG86M07El1AvfnFM_88GNgzh2x494dsVpEZuf7ai3WLUq4Xb46aOGWTxCJGiN8qmD1MUneBNrmPHWu3YuVJ87sBn0vb_xxnH8TiE-Mf5pqMzK8Ba-LUGqTwECtBvKlhGYa2dE88DgcmXD3RCs.N-hgj5daXqH6JJQONNOXeBIkrP8ezj73GQlLwuBbXr0&dib_tag=se&keywords=shoes&qid=1781073223
Amazon,shoes,2,adidas,₹2479.00,"₹4,299",(42% off),No,3.9,None,False,False,False,"adidas Men Fluidglow M Running Shoe 3.9 3.9 out of 5 stars (3.1K) 100+ bought in past month Price, product page ₹2,479 ₹ 2,479 M.R.P: ₹4,299 M.R.P: ₹4,299 ₹4,299 (42% off) Up to 5% back with Amazon Pay ICICI card Up to 5% back with Amazon Pay IC... FREE delivery Fri, 12 Jun Or fastest delivery Tomorrow 8 am - 12 pm Add to cart",https://www.amazon.in/Adidas-Stone-Ftwwht-Acimin-Running/dp/B0928MZL9R/ref=sr_1_78?dib=eyJ2IjoiMSJ9.e2PmuGGQJnit5kxturjpCOb_wpVwHKiCfyj6KDCcjqGUP1zVNx9DU2AM7N8g6mLZMD2zhcYvvDlwhjQoodw6ErQ75UXwhWJTPPocuoaoXkwgIu-E4uT_m6z1OqNSKvNstphIXDaA_zEzn586CfjrTYpndibG86M07El1AvfnFM_88GNgzh2x494dsVpEZuf7ai3WLUq4Xb46aOGWTxCJGiN8qmD1MUneBNrmPHWu3YuVJ87sBn0vb_xxnH8TiE-Mf5pqMzK8Ba-LUGqTwECtBvKlhGYa2dE88DgcmXD3RCs.N-hgj5daXqH6JJQONNOXeBIkrP8ezj73GQlLwuBbXr0&dib_tag=se&keywords=shoes&qid=1781073223
Amazon,shoes,2,Skechers,₹2859.00,"₹5,499",(48% off),No,4.4,None,False,False,False,"Skechers Mens Bounder Sneaker 4.4 4.4 out of 5 stars (18) Price, product page ₹2,859 ₹ 2,859 M.R.P: ₹5,499 M.R.P: ₹5,499 ₹5,499 (48% off) Up to 5% back with Amazon Pay ICICI card Up to 5% back with Amazon Pay IC... FREE delivery Sat, 13 Jun Or fastest delivery Tomorrow, 11 Jun Add to cart",https://www.amazon.in/Skechers-232005ID-SLT-Skechers-Mens-Casual-Shoes-BOUNDER-232005ID-SLT-10/dp/B0GF7CL8WN/ref=sr_1_79?dib=eyJ2IjoiMSJ9.e2PmuGGQJnit5kxturjpCOb_wpVwHKiCfyj6KDCcjqGUP1zVNx9DU2AM7N8g6mLZMD2zhcYvvDlwhjQoodw6ErQ75UXwhWJTPPocuoaoXkwgIu-E4uT_m6z1OqNSKvNstphIXDaA_zEzn586CfjrTYpndibG86M07El1AvfnFM_88GNgzh2x494dsVpEZuf7ai3WLUq4Xb46aOGWTxCJGiN8qmD1MUneBNrmPHWu3YuVJ87sBn0vb_xxnH8TiE-Mf5pqMzK8Ba-LUGqTwECtBvKlhGYa2dE88DgcmXD3RCs.N-hgj5daXqH6JJQONNOXeBIkrP8ezj73GQlLwuBbXr0&dib_tag=se&keywords=shoes&qid=1781073223
Amazon,shoes,2,Campus,₹799.00,"₹2,199",(64% off),No,4.2,None,False,False,False,"Campus Men's Static Sneakers 4.2 4.2 out of 5 stars (65) Price, product page ₹799 ₹ 799 M.R.P: ₹2,199 M.R.P: ₹2,199 ₹2,199 (64% off) Up to 5% back with Amazon Pay ICICI card Up to 5% back with Amazon Pay IC... FREE delivery Fri, 12 Jun Or fastest delivery Tomorrow 8 am - 12 pm Add to cart",https://www.amazon.in/Campus-Mens-Static-Silver-Sneakers/dp/B0GGYSSKGQ/ref=sr_1_81?dib=eyJ2IjoiMSJ9.e2PmuGGQJnit5kxturjpCOb_wpVwHKiCfyj6KDCcjqGUP1zVNx9DU2AM7N8g6mLZMD2zhcYvvDlwhjQoodw6ErQ75UXwhWJTPPocuoaoXkwgIu-E4uT_m6z1OqNSKvNstphIXDaA_zEzn586CfjrTYpndibG86M07El1AvfnFM_88GNgzh2x494dsVpEZuf7ai3WLUq4Xb46aOGWTxCJGiN8qmD1MUneBNrmPHWu3YuVJ87sBn0vb_xxnH8TiE-Mf5pqMzK8Ba-LUGqTwECtBvKlhGYa2dE88DgcmXD3RCs.N-hgj5daXqH6JJQONNOXeBIkrP8ezj73GQlLwuBbXr0&dib_tag=se&keywords=shoes&qid=1781073223
Amazon,shoes,2,new balance,₹2333.00,"₹10,999",(79% off),No,4.2,None,False,True,False,"+3 new balance Mens 720 Sneaker 4.2 4.2 out of 5 stars (20) Price, product page ₹2,333 ₹ 2,333 M.R.P: ₹10,999 M.R.P: ₹10,999 ₹10,999 (79% off) Up to 5% back with Amazon Pay ICICI card Up to 5% back with Amazon Pay IC... FREE delivery Sat, 13 Jun Or fastest delivery Tomorrow, 11 Jun Add to cart",https://www.amazon.in/New-Balance-Mens-Lifestyle-Blue/dp/B084MK3ZZ4/ref=sr_1_82?dib=eyJ2IjoiMSJ9.e2PmuGGQJnit5kxturjpCOb_wpVwHKiCfyj6KDCcjqGUP1zVNx9DU2AM7N8g6mLZMD2zhcYvvDlwhjQoodw6ErQ75UXwhWJTPPocuoaoXkwgIu-E4uT_m6z1OqNSKvNstphIXDaA_zEzn586CfjrTYpndibG86M07El1AvfnFM_88GNgzh2x494dsVpEZuf7ai3WLUq4Xb46aOGWTxCJGiN8qmD1MUneBNrmPHWu3YuVJ87sBn0vb_xxnH8TiE-Mf5pqMzK8Ba-LUGqTwECtBvKlhGYa2dE88DgcmXD3RCs.N-hgj5daXqH6JJQONNOXeBIkrP8ezj73GQlLwuBbXr0&dib_tag=se&keywords=shoes&qid=1781073223
Amazon,shoes,2,Li-Ning,₹5990.00,"₹10,990",(45% off),No,4.4,None,False,False,False,"Li-Ning Ranger Force Non Marking Badminton Shoes | All Indoor Sports | Lightweight, Breathable & Durable 4.4 4.4 out of 5 stars (26) Price, product page ₹5,990 ₹ 5,990 M.R.P: ₹10,990 M.R.P: ₹10,990 ₹10,990 (45% off) Up to 5% back with Amazon Pay ICICI card Up to 5% back with Amazon Pay IC... FREE delivery Fri, 12 Jun Or fastest delivery Tomorrow 8 am - 12 pm Add to cart",https://www.amazon.in/Li-Ning-Badminton-Lightweight-Breathable-Standard/dp/B0GLQDK2JG/ref=sr_1_84?dib=eyJ2IjoiMSJ9.e2PmuGGQJnit5kxturjpCOb_wpVwHKiCfyj6KDCcjqGUP1zVNx9DU2AM7N8g6mLZMD2zhcYvvDlwhjQoodw6ErQ75UXwhWJTPPocuoaoXkwgIu-E4uT_m6z1OqNSKvNstphIXDaA_zEzn586CfjrTYpndibG86M07El1AvfnFM_88GNgzh2x494dsVpEZuf7ai3WLUq4Xb46aOGWTxCJGiN8qmD1MUneBNrmPHWu3YuVJ87sBn0vb_xxnH8TiE-Mf5pqMzK8Ba-LUGqTwECtBvKlhGYa2dE88DgcmXD3RCs.N-hgj5daXqH6JJQONNOXeBIkrP8ezj73GQlLwuBbXr0&dib_tag=se&keywords=shoes&qid=1781073223
Amazon,shoes,2,PUMA,₹1750.00,"₹4,999",(65% off),No,4.1,None,False,False,False,"PUMA Unisex-Adult Badminton Smash Sprint Indoor Shoe 4.1 4.1 out of 5 stars (228) 100+ bought in past month Price, product page ₹1,750 ₹ 1,750 M.R.P: ₹4,999 M.R.P: ₹4,999 ₹4,999 (65% off) Up to 5% back with Amazon Pay ICICI card Up to 5% back with Amazon Pay IC... FREE delivery Fri, 12 Jun Or fastest delivery Tomorrow 8 am - 12 pm Add to cart",https://www.amazon.in/Unisex-Adult-Badminton-Sprint-White-Black-10930402/dp/B0FPGHBBTQ/ref=sr_1_86?dib=eyJ2IjoiMSJ9.e2PmuGGQJnit5kxturjpCOb_wpVwHKiCfyj6KDCcjqGUP1zVNx9DU2AM7N8g6mLZMD2zhcYvvDlwhjQoodw6ErQ75UXwhWJTPPocuoaoXkwgIu-E4uT_m6z1OqNSKvNstphIXDaA_zEzn586CfjrTYpndibG86M07El1AvfnFM_88GNgzh2x494dsVpEZuf7ai3WLUq4Xb46aOGWTxCJGiN8qmD1MUneBNrmPHWu3YuVJ87sBn0vb_xxnH8TiE-Mf5pqMzK8Ba-LUGqTwECtBvKlhGYa2dE88DgcmXD3RCs.N-hgj5daXqH6JJQONNOXeBIkrP8ezj73GQlLwuBbXr0&dib_tag=se&keywords=shoes&qid=1781073223
Amazon,shoes,2,adidas,₹3199.00,"₹5,599",(43% off),No,4.0,None,False,False,False,"+1 adidas Men Courun Avant M Running Shoe 4.0 4.0 out of 5 stars (1.9K) Price, product page ₹3,199 ₹ 3,199 M.R.P: ₹5,599 M.R.P: ₹5,599 ₹5,599 (43% off) Up to 5% back with Amazon Pay ICICI card Up to 5% back with Amazon Pay IC... FREE delivery Fri, 12 Jun Or fastest delivery Tomorrow 8 am - 12 pm Add to cart",https://www.amazon.in/Adidas-Synthetic-Courun-Avant-Running/dp/B0C4DLW7ZV/ref=sr_1_87?dib=eyJ2IjoiMSJ9.e2PmuGGQJnit5kxturjpCOb_wpVwHKiCfyj6KDCcjqGUP1zVNx9DU2AM7N8g6mLZMD2zhcYvvDlwhjQoodw6ErQ75UXwhWJTPPocuoaoXkwgIu-E4uT_m6z1OqNSKvNstphIXDaA_zEzn586CfjrTYpndibG86M07El1AvfnFM_88GNgzh2x494dsVpEZuf7ai3WLUq4Xb46aOGWTxCJGiN8qmD1MUneBNrmPHWu3YuVJ87sBn0vb_xxnH8TiE-Mf5pqMzK8Ba-LUGqTwECtBvKlhGYa2dE88DgcmXD3RCs.N-hgj5daXqH6JJQONNOXeBIkrP8ezj73GQlLwuBbXr0&dib_tag=se&keywords=shoes&qid=1781073223
Amazon,shoes,2,Campus,₹629.00,"₹1,899",(67% off),No,4.0,None,False,False,False,"Campus Men's MASK Running Shoes 4.0 4.0 out of 5 stars (154) Price, product page ₹629 ₹ 629 M.R.P: ₹1,899 M.R.P: ₹1,899 ₹1,899 (67% off) Up to 5% back with Amazon Pay ICICI card Up to 5% back with Amazon Pay IC... FREE delivery Fri, 12 Jun Or fastest delivery Tomorrow 8 am - 12 pm Add to cart",https://www.amazon.in/Campus-C-BLU-Denim-Running-Shoes/dp/B0FR991DHJ/ref=sr_1_89?dib=eyJ2IjoiMSJ9.e2PmuGGQJnit5kxturjpCOb_wpVwHKiCfyj6KDCcjqGUP1zVNx9DU2AM7N8g6mLZMD2zhcYvvDlwhjQoodw6ErQ75UXwhWJTPPocuoaoXkwgIu-E4uT_m6z1OqNSKvNstphIXDaA_zEzn586CfjrTYpndibG86M07El1AvfnFM_88GNgzh2x494dsVpEZuf7ai3WLUq4Xb46aOGWTxCJGiN8qmD1MUneBNrmPHWu3YuVJ87sBn0vb_xxnH8TiE-Mf5pqMzK8Ba-LUGqTwECtBvKlhGYa2dE88DgcmXD3RCs.N-hgj5daXqH6JJQONNOXeBIkrP8ezj73GQlLwuBbXr0&dib_tag=se&keywords=shoes&qid=1781073223
Amazon,shoes,2,Woodland,₹2753.00,"₹4,495",(39% off),No,4.1,None,False,False,False,"Woodland Men's Sneaker 4.1 4.1 out of 5 stars (2.3K) Price, product page ₹2,753 ₹ 2,753 M.R.P: ₹4,495 M.R.P: ₹4,495 ₹4,495 (39% off) Up to 5% back with Amazon Pay ICICI card Up to 5% back with Amazon Pay IC... FREE delivery Fri, 12 Jun Or fastest delivery Tomorrow 8 am - 12 pm Add to cart",https://www.amazon.in/Woodland-Leather-Casual-GC-0572108NW/dp/B0BR5K1YX3/ref=sr_1_91?dib=eyJ2IjoiMSJ9.e2PmuGGQJnit5kxturjpCOb_wpVwHKiCfyj6KDCcjqGUP1zVNx9DU2AM7N8g6mLZMD2zhcYvvDlwhjQoodw6ErQ75UXwhWJTPPocuoaoXkwgIu-E4uT_m6z1OqNSKvNstphIXDaA_zEzn586CfjrTYpndibG86M07El1AvfnFM_88GNgzh2x494dsVpEZuf7ai3WLUq4Xb46aOGWTxCJGiN8qmD1MUneBNrmPHWu3YuVJ87sBn0vb_xxnH8TiE-Mf5pqMzK8Ba-LUGqTwECtBvKlhGYa2dE88DgcmXD3RCs.N-hgj5daXqH6JJQONNOXeBIkrP8ezj73GQlLwuBbXr0&dib_tag=se&keywords=shoes&qid=1781073223
Amazon,shoes,2,Bata,₹749.00,₹799,(6% off),No,3.5,None,False,False,False,"Bata Men Pull On Sports Shoes 3.5 3.5 out of 5 stars (156) Price, product page ₹749 ₹ 749 M.R.P: ₹799 M.R.P: ₹799 ₹799 (6% off) Up to 5% back with Amazon Pay ICICI card Up to 5% back with Amazon Pay IC... FREE delivery Sun, 14 Jun Or fastest delivery Fri, 12 Jun Add to cart",https://www.amazon.in/Bata-Men-Casual-Lace-up-Shoes/dp/B0C9H1H6T9/ref=sr_1_93?dib=eyJ2IjoiMSJ9.e2PmuGGQJnit5kxturjpCOb_wpVwHKiCfyj6KDCcjqGUP1zVNx9DU2AM7N8g6mLZMD2zhcYvvDlwhjQoodw6ErQ75UXwhWJTPPocuoaoXkwgIu-E4uT_m6z1OqNSKvNstphIXDaA_zEzn586CfjrTYpndibG86M07El1AvfnFM_88GNgzh2x494dsVpEZuf7ai3WLUq4Xb46aOGWTxCJGiN8qmD1MUneBNrmPHWu3YuVJ87sBn0vb_xxnH8TiE-Mf5pqMzK8Ba-LUGqTwECtBvKlhGYa2dE88DgcmXD3RCs.N-hgj5daXqH6JJQONNOXeBIkrP8ezj73GQlLwuBbXr0&dib_tag=se&keywords=shoes&qid=1781073223
Amazon,shoes,2,Hush Puppies,₹2609.00,"₹3,799",(31% off),No,3.9,Limited time deal,True,False,False,"Hush Puppies Men's Lace-up Formal Shoes 3.9 3.9 out of 5 stars (375) 50+ bought in past month Limited time deal Price, product page ₹2,609 ₹ 2,609 M.R.P: ₹3,799 M.R.P: ₹3,799 ₹3,799 (31% off) Up to 5% back with Amazon Pay ICICI card Up to 5% back with Amazon Pay IC... FREE delivery Fri, 12 Jun Or fastest delivery Tomorrow 8 am - 12 pm Add to cart",https://www.amazon.in/Hush-Puppies-Oxford-Black-8356000/dp/B0CC2N3WYQ/ref=sr_1_94?dib=eyJ2IjoiMSJ9.e2PmuGGQJnit5kxturjpCOb_wpVwHKiCfyj6KDCcjqGUP1zVNx9DU2AM7N8g6mLZMD2zhcYvvDlwhjQoodw6ErQ75UXwhWJTPPocuoaoXkwgIu-E4uT_m6z1OqNSKvNstphIXDaA_zEzn586CfjrTYpndibG86M07El1AvfnFM_88GNgzh2x494dsVpEZuf7ai3WLUq4Xb46aOGWTxCJGiN8qmD1MUneBNrmPHWu3YuVJ87sBn0vb_xxnH8TiE-Mf5pqMzK8Ba-LUGqTwECtBvKlhGYa2dE88DgcmXD3RCs.N-hgj5daXqH6JJQONNOXeBIkrP8ezj73GQlLwuBbXr0&dib_tag=se&keywords=shoes&qid=1781073223
Amazon,shoes,2,YOHO,₹2434.00,"₹3,579",(32% off),No,4.3,None,False,False,False,"YOHO Cedar Shoes for Men | Big Size Shoes |Comfortable Large Feet Sneakers 4.3 4.3 out of 5 stars (23) Price, product page ₹2,434 ₹ 2,434 M.R.P: ₹3,579 M.R.P: ₹3,579 ₹3,579 (32% off) Up to 5% back with Amazon Pay ICICI card Up to 5% back with Amazon Pay IC... FREE delivery Fri, 12 Jun Or fastest delivery Tomorrow 8 am - 12 pm Add to cart",https://www.amazon.in/YOHO-Cedar-Comfortable-Sneakers-Classic/dp/B0G1YFSK3H/ref=sr_1_95?dib=eyJ2IjoiMSJ9.e2PmuGGQJnit5kxturjpCOb_wpVwHKiCfyj6KDCcjqGUP1zVNx9DU2AM7N8g6mLZMD2zhcYvvDlwhjQoodw6ErQ75UXwhWJTPPocuoaoXkwgIu-E4uT_m6z1OqNSKvNstphIXDaA_zEzn586CfjrTYpndibG86M07El1AvfnFM_88GNgzh2x494dsVpEZuf7ai3WLUq4Xb46aOGWTxCJGiN8qmD1MUneBNrmPHWu3YuVJ87sBn0vb_xxnH8TiE-Mf5pqMzK8Ba-LUGqTwECtBvKlhGYa2dE88DgcmXD3RCs.N-hgj5daXqH6JJQONNOXeBIkrP8ezj73GQlLwuBbXr0&dib_tag=se&keywords=shoes&qid=1781073223
Amazon,shoes,2,SPARX,₹1444.00,"₹1,649",(12% off),No,5.0,None,False,False,False,"SPARX Mens Sm 905 Sports Shoes 5.0 5.0 out of 5 stars (3) Price, product page ₹1,444 ₹ 1,444 M.R.P: ₹1,649 M.R.P: ₹1,649 ₹1,649 (12% off) Up to 5% back with Amazon Pay ICICI card Up to 5% back with Amazon Pay IC... FREE delivery Fri, 12 Jun Or fastest delivery Tomorrow 8 am - 12 pm Add to cart",https://www.amazon.in/SPARX-Sports-Shoes-905-Black/dp/B0FFW51RM1/ref=sr_1_96?dib=eyJ2IjoiMSJ9.e2PmuGGQJnit5kxturjpCOb_wpVwHKiCfyj6KDCcjqGUP1zVNx9DU2AM7N8g6mLZMD2zhcYvvDlwhjQoodw6ErQ75UXwhWJTPPocuoaoXkwgIu-E4uT_m6z1OqNSKvNstphIXDaA_zEzn586CfjrTYpndibG86M07El1AvfnFM_88GNgzh2x494dsVpEZuf7ai3WLUq4Xb46aOGWTxCJGiN8qmD1MUneBNrmPHWu3YuVJ87sBn0vb_xxnH8TiE-Mf5pqMzK8Ba-LUGqTwECtBvKlhGYa2dE88DgcmXD3RCs.N-hgj5daXqH6JJQONNOXeBIkrP8ezj73GQlLwuBbXr0&dib_tag=se&keywords=shoes&qid=1781073223
Amazon,shoes,2,Reebok,₹3239.00,"₹4,999",(35% off),No,4.2,None,False,False,False,"Reebok Men's Running Shoes Lightweight Cushioned Sports Shoes for Men | Lightweight Gym Shoe for Men | Running, Jogging, Walking & Gym | Zig Titanica Lite 4.2 4.2 out of 5 stars (156) 50+ bought in past month Price, product page ₹3,239 ₹ 3,239 M.R.P: ₹4,999 M.R.P: ₹4,999 ₹4,999 (35% off) Up to 5% back with Amazon Pay ICICI card Up to 5% back with Amazon Pay IC... FREE delivery Fri, 12 Jun Or faste",https://www.amazon.in/Reebok-Zig-Titanica-Lite-Running/dp/B0FL76NWMX/ref=sr_1_97?dib=eyJ2IjoiMSJ9.e2PmuGGQJnit5kxturjpCOb_wpVwHKiCfyj6KDCcjqGUP1zVNx9DU2AM7N8g6mLZMD2zhcYvvDlwhjQoodw6ErQ75UXwhWJTPPocuoaoXkwgIu-E4uT_m6z1OqNSKvNstphIXDaA_zEzn586CfjrTYpndibG86M07El1AvfnFM_88GNgzh2x494dsVpEZuf7ai3WLUq4Xb46aOGWTxCJGiN8qmD1MUneBNrmPHWu3YuVJ87sBn0vb_xxnH8TiE-Mf5pqMzK8Ba-LUGqTwECtBvKlhGYa2dE88DgcmXD3RCs.N-hgj5daXqH6JJQONNOXeBIkrP8ezj73GQlLwuBbXr0&dib_tag=se&keywords=shoes&qid=1781073223
Amazon,shoes,2,U.S. POLO ASSN.,₹2045.00,"₹3,299",(38% off),No,3.8,None,False,False,False,"U.S. POLO ASSN. Mens Abor 3.0 Sneaker 3.8 3.8 out of 5 stars (337) 100+ bought in past month Price, product page ₹2,045 ₹ 2,045 M.R.P: ₹3,299 M.R.P: ₹3,299 ₹3,299 (38% off) Up to 5% back with Amazon Pay ICICI card Up to 5% back with Amazon Pay IC... FREE delivery Fri, 12 Jun Or fastest delivery Tomorrow 8 am - 12 pm Add to cart",https://www.amazon.in/U-S-Polo-Assn-Sneaker-White/dp/B0F8VGQS1N/ref=sr_1_98?dib=eyJ2IjoiMSJ9.e2PmuGGQJnit5kxturjpCOb_wpVwHKiCfyj6KDCcjqGUP1zVNx9DU2AM7N8g6mLZMD2zhcYvvDlwhjQoodw6ErQ75UXwhWJTPPocuoaoXkwgIu-E4uT_m6z1OqNSKvNstphIXDaA_zEzn586CfjrTYpndibG86M07El1AvfnFM_88GNgzh2x494dsVpEZuf7ai3WLUq4Xb46aOGWTxCJGiN8qmD1MUneBNrmPHWu3YuVJ87sBn0vb_xxnH8TiE-Mf5pqMzK8Ba-LUGqTwECtBvKlhGYa2dE88DgcmXD3RCs.N-hgj5daXqH6JJQONNOXeBIkrP8ezj73GQlLwuBbXr0&dib_tag=se&keywords=shoes&qid=1781073223
Amazon,shoes,2,Nike,₹5397.00,"₹10,795",(50% off),No,4.4,Limited time deal,True,False,False,"Nike Nike Men Metcon 5 Training Shoes 4.4 4.4 out of 5 stars (201) Limited time deal Price, product page ₹5,397 ₹ 5,397 M.R.P: ₹10,795 M.R.P: ₹10,795 ₹10,795 (50% off) Up to 5% back with Amazon Pay ICICI card Up to 5% back with Amazon Pay IC... FREE delivery Sun, 14 Jun Or fastest delivery Fri, 12 Jun Add to cart",https://www.amazon.in/Nike-5-White-Sundial-Football-Grey-Ashen-SLATE-DV3949-102-8UK/dp/B0CZHGMK3L/ref=sr_1_99?dib=eyJ2IjoiMSJ9.e2PmuGGQJnit5kxturjpCOb_wpVwHKiCfyj6KDCcjqGUP1zVNx9DU2AM7N8g6mLZMD2zhcYvvDlwhjQoodw6ErQ75UXwhWJTPPocuoaoXkwgIu-E4uT_m6z1OqNSKvNstphIXDaA_zEzn586CfjrTYpndibG86M07El1AvfnFM_88GNgzh2x494dsVpEZuf7ai3WLUq4Xb46aOGWTxCJGiN8qmD1MUneBNrmPHWu3YuVJ87sBn0vb_xxnH8TiE-Mf5pqMzK8Ba-LUGqTwECtBvKlhGYa2dE88DgcmXD3RCs.N-hgj5daXqH6JJQONNOXeBIkrP8ezj73GQlLwuBbXr0&dib_tag=se&keywords=shoes&qid=1781073223
Amazon,shoes,2,U.S. POLO ASSN.,₹2591.00,"₹4,799",(46% off),No,4.2,None,False,False,False,"U.S. POLO ASSN. Mens Simon 2.0 Sneaker 4.2 4.2 out of 5 stars (77) Price, product page ₹2,591 ₹ 2,591 M.R.P: ₹4,799 M.R.P: ₹4,799 ₹4,799 (46% off) Up to 5% back with Amazon Pay ICICI card Up to 5% back with Amazon Pay IC... FREE delivery Fri, 12 Jun Or fastest delivery Tomorrow 8 am - 12 pm Add to cart",https://www.amazon.in/U-S-Assn-Stylish-Casual-Sneaker/dp/B0G1BQ6SF3/ref=sr_1_100?dib=eyJ2IjoiMSJ9.e2PmuGGQJnit5kxturjpCOb_wpVwHKiCfyj6KDCcjqGUP1zVNx9DU2AM7N8g6mLZMD2zhcYvvDlwhjQoodw6ErQ75UXwhWJTPPocuoaoXkwgIu-E4uT_m6z1OqNSKvNstphIXDaA_zEzn586CfjrTYpndibG86M07El1AvfnFM_88GNgzh2x494dsVpEZuf7ai3WLUq4Xb46aOGWTxCJGiN8qmD1MUneBNrmPHWu3YuVJ87sBn0vb_xxnH8TiE-Mf5pqMzK8Ba-LUGqTwECtBvKlhGYa2dE88DgcmXD3RCs.N-hgj5daXqH6JJQONNOXeBIkrP8ezj73GQlLwuBbXr0&dib_tag=se&keywords=shoes&qid=1781073223
Amazon,shoes,2,U.S. POLO ASSN.,₹2199.00,"₹3,999",(45% off),No,4.2,None,False,False,False,"+4 other colors/patterns U.S. POLO ASSN. Mens 2fd-Ruben 3.0 Sneaker 4.2 4.2 out of 5 stars (159) 50+ bought in past month Price, product page ₹2,199 ₹ 2,199 M.R.P: ₹3,999 M.R.P: ₹3,999 ₹3,999 (45% off) Up to 5% back with Amazon Pay ICICI card Up to 5% back with Amazon Pay IC... FREE delivery Fri, 12 Jun Or fastest delivery Tomorrow 8 am - 12 pm Add to cart",https://www.amazon.in/U-S-Assn-Stylish-Casual-Sneaker/dp/B0FY7V6RXB/ref=sr_1_101?dib=eyJ2IjoiMSJ9.e2PmuGGQJnit5kxturjpCOb_wpVwHKiCfyj6KDCcjqGUP1zVNx9DU2AM7N8g6mLZMD2zhcYvvDlwhjQoodw6ErQ75UXwhWJTPPocuoaoXkwgIu-E4uT_m6z1OqNSKvNstphIXDaA_zEzn586CfjrTYpndibG86M07El1AvfnFM_88GNgzh2x494dsVpEZuf7ai3WLUq4Xb46aOGWTxCJGiN8qmD1MUneBNrmPHWu3YuVJ87sBn0vb_xxnH8TiE-Mf5pqMzK8Ba-LUGqTwECtBvKlhGYa2dE88DgcmXD3RCs.N-hgj5daXqH6JJQONNOXeBIkrP8ezj73GQlLwuBbXr0&dib_tag=se&keywords=shoes&qid=1781073223
Amazon,shoes,2,Campus,₹948.00,"₹2,499",(62% off),No,4.2,None,False,False,False,"Campus Men Pod Sneakers 4.2 4.2 out of 5 stars (697) 50+ bought in past month Price, product page ₹948 ₹ 948 M.R.P: ₹2,499 M.R.P: ₹2,499 ₹2,499 (62% off) Up to 5% back with Amazon Pay ICICI card Up to 5% back with Amazon Pay IC... FREE delivery Fri, 12 Jun Or fastest delivery Tomorrow, 11 Jun Add to cart",https://www.amazon.in/Campus-Men-POD-Sneakers-WHT/dp/B0F4D8PZH8/ref=sr_1_102?dib=eyJ2IjoiMSJ9.e2PmuGGQJnit5kxturjpCOb_wpVwHKiCfyj6KDCcjqGUP1zVNx9DU2AM7N8g6mLZMD2zhcYvvDlwhjQoodw6ErQ75UXwhWJTPPocuoaoXkwgIu-E4uT_m6z1OqNSKvNstphIXDaA_zEzn586CfjrTYpndibG86M07El1AvfnFM_88GNgzh2x494dsVpEZuf7ai3WLUq4Xb46aOGWTxCJGiN8qmD1MUneBNrmPHWu3YuVJ87sBn0vb_xxnH8TiE-Mf5pqMzK8Ba-LUGqTwECtBvKlhGYa2dE88DgcmXD3RCs.N-hgj5daXqH6JJQONNOXeBIkrP8ezj73GQlLwuBbXr0&dib_tag=se&keywords=shoes&qid=1781073223
Amazon,shoes,2,Bata,₹999.00,"₹1,799",(44% off),No,3.8,None,False,False,False,"Bata Men's Lace-up Formal Shoes - Brown (9 UK) (8214309) 3.8 3.8 out of 5 stars (136) 50+ bought in past month Price, product page ₹999 ₹ 999 M.R.P: ₹1,799 M.R.P: ₹1,799 ₹1,799 (44% off) Up to 5% back with Amazon Pay ICICI card Up to 5% back with Amazon Pay IC... FREE delivery Fri, 12 Jun Or fastest delivery Tomorrow 8 am - 12 pm Add to cart",https://www.amazon.in/Bata-Mens-Lace-up-Formal-Shoes/dp/B0C6FVMWFT/ref=sr_1_103?dib=eyJ2IjoiMSJ9.e2PmuGGQJnit5kxturjpCOb_wpVwHKiCfyj6KDCcjqGUP1zVNx9DU2AM7N8g6mLZMD2zhcYvvDlwhjQoodw6ErQ75UXwhWJTPPocuoaoXkwgIu-E4uT_m6z1OqNSKvNstphIXDaA_zEzn586CfjrTYpndibG86M07El1AvfnFM_88GNgzh2x494dsVpEZuf7ai3WLUq4Xb46aOGWTxCJGiN8qmD1MUneBNrmPHWu3YuVJ87sBn0vb_xxnH8TiE-Mf5pqMzK8Ba-LUGqTwECtBvKlhGYa2dE88DgcmXD3RCs.N-hgj5daXqH6JJQONNOXeBIkrP8ezj73GQlLwuBbXr0&dib_tag=se&keywords=shoes&qid=1781073223
Amazon,shoes,2,Red Chief,₹1896.00,"₹5,399",(65% off),No,3.8,None,False,False,True,"+2 other colors/patterns Sponsored Sponsored You are seeing this ad based on the product’s relevance to your search query. Let us know Red Chief Nubuck Leather Casual Derby Shoes for Men | RC3429 3.8 3.8 out of 5 stars (1.1K) Price, product page ₹1,896 ₹ 1,896 M.R.P: ₹5,399 M.R.P: ₹5,399 ₹5,399 (65% off) Up to 5% back with Amazon Pay ICICI card Up to 5% back with Amazon Pay IC... FREE delivery Fri",https://www.amazon.in/sspa/click?ie=UTF8&spc=MTozNzU2MzYzNDU5MjU5NTY2OjE3ODEwNzMyMjM6c3BfYnRmOjMwMDc4OTEyMDMwMzgzMjo6MDo6&url=%2FRed-Chief-Shoes-8-RC3429-022%2Fdp%2FB071WXHYKB%2Fref%3Dsr_1_105_sspa%3Fdib%3DeyJ2IjoiMSJ9.e2PmuGGQJnit5kxturjpCOb_wpVwHKiCfyj6KDCcjqGUP1zVNx9DU2AM7N8g6mLZMD2zhcYvvDlwhjQoodw6ErQ75UXwhWJTPPocuoaoXkwgIu-E4uT_m6z1OqNSKvNstphIXDaA_zEzn586CfjrTYpndibG86M07El1AvfnFM_88GNgzh2x494dsVpEZuf7ai3WLUq4Xb46aOGWTxCJGiN8qmD1MUneBNrmPHWu3YuVJ87sBn0vb_xxnH8TiE-Mf5pqMzK8Ba-LUGqTwECtBvKlhGYa2dE88DgcmXD3RCs.N-hgj5daXqH6JJQONNOXeBIkrP8ezj73GQlLwuBbXr0%26dib_tag%3Dse%26keywords%3Dshoes%26qid%3D1781073223%26aref%3DKz7XTeUiks%26sp_csd%3Dd2lkZ2V0TmFtZT1zcF9idGY%26psc%3D1&aref=Kz7XTeUiks&sp_cr=ZAZ
Amazon,shoes,2,Bacca Bucci,₹1207.00,"₹2,499",(52% off),No,4.2,Limited time deal,True,False,True,"+2 other colors/patterns Sponsored Sponsored You are seeing this ad based on the product’s relevance to your search query. Let us know Bacca Bucci Men Lace Up Sneaker Shoes 4.2 4.2 out of 5 stars (1K) Limited time deal Price, product page ₹1,207 ₹ 1,207 M.R.P: ₹2,499 M.R.P: ₹2,499 ₹2,499 (52% off) Save 2% 2% off coupon applied Save 2% with coupon (limited sizes/colours) FREE delivery Fri, 12 Jun O",https://www.amazon.in/sspa/click?ie=UTF8&spc=MTozNzU2MzYzNDU5MjU5NTY2OjE3ODEwNzMyMjM6c3BfYnRmOjMwMTAwNTExNDM0OTQzMjo6MDo6&url=%2FBacca-Bucci%25C2%25AE-Caper-Sneakers-Breathable%2Fdp%2FB08YCXVZYB%2Fref%3Dsr_1_106_sspa%3Fdib%3DeyJ2IjoiMSJ9.e2PmuGGQJnit5kxturjpCOb_wpVwHKiCfyj6KDCcjqGUP1zVNx9DU2AM7N8g6mLZMD2zhcYvvDlwhjQoodw6ErQ75UXwhWJTPPocuoaoXkwgIu-E4uT_m6z1OqNSKvNstphIXDaA_zEzn586CfjrTYpndibG86M07El1AvfnFM_88GNgzh2x494dsVpEZuf7ai3WLUq4Xb46aOGWTxCJGiN8qmD1MUneBNrmPHWu3YuVJ87sBn0vb_xxnH8TiE-Mf5pqMzK8Ba-LUGqTwECtBvKlhGYa2dE88DgcmXD3RCs.N-hgj5daXqH6JJQONNOXeBIkrP8ezj73GQlLwuBbXr0%26dib_tag%3Dse%26keywords%3Dshoes%26qid%3D1781073223%26aref%3D4dZVC0Plze%26sp_csd%3Dd2lkZ2V0TmFtZT1zcF9idGY%26psc%3D1&aref=4dZVC0Plze&sp_cr=ZAZ
Amazon,shoes,2,Sixit,₹1699.00,"₹2,000",(15% off),No,3.1,Only 1 left,True,False,True,"+1 other color/pattern Sponsored Sponsored You are seeing this ad based on the product’s relevance to your search query. Let us know Sixit SeamTech Cricket Shoes for Men, Lightweight Breathable Air Mesh, EVA Cushioning and Rubber Stud Grip 3.1 3.1 out of 5 stars (8) Price, product page ₹1,699 ₹ 1,699 M.R.P: ₹2,000 M.R.P: ₹2,000 ₹2,000 (15% off) Up to 5% back with Amazon Pay ICICI card Up to 5% bac",https://www.amazon.in/sspa/click?ie=UTF8&spc=MTozNzU2MzYzNDU5MjU5NTY2OjE3ODEwNzMyMjM6c3BfYnRmOjMwMTAwMzU3MzY1ODYzMjo6MDo6&url=%2FSixit-SeamTech-Mens-Cricket-Shoes%2Fdp%2FB0FR8XWN3P%2Fref%3Dsr_1_107_sspa%3Fdib%3DeyJ2IjoiMSJ9.e2PmuGGQJnit5kxturjpCOb_wpVwHKiCfyj6KDCcjqGUP1zVNx9DU2AM7N8g6mLZMD2zhcYvvDlwhjQoodw6ErQ75UXwhWJTPPocuoaoXkwgIu-E4uT_m6z1OqNSKvNstphIXDaA_zEzn586CfjrTYpndibG86M07El1AvfnFM_88GNgzh2x494dsVpEZuf7ai3WLUq4Xb46aOGWTxCJGiN8qmD1MUneBNrmPHWu3YuVJ87sBn0vb_xxnH8TiE-Mf5pqMzK8Ba-LUGqTwECtBvKlhGYa2dE88DgcmXD3RCs.N-hgj5daXqH6JJQONNOXeBIkrP8ezj73GQlLwuBbXr0%26dib_tag%3Dse%26keywords%3Dshoes%26qid%3D1781073223%26aref%3DagcAeZQ3kU%26sp_csd%3Dd2lkZ2V0TmFtZT1zcF9idGY%26psc%3D1&aref=agcAeZQ3kU&sp_cr=ZAZ
Amazon,shoes,3,FUEL,₹899.00,"₹1,999",(55% off),No,5.0,None,False,False,True,"Sponsored Sponsored You are seeing this ad based on the product’s relevance to your search query. Let us know FUEL Striker Athletic Lightweight with Durable PVC Sole and Cushioned Comfort Shoes for Men's 5.0 5.0 out of 5 stars (3) Price, product page ₹899 ₹ 899 M.R.P: ₹1,999 M.R.P: ₹1,999 ₹1,999 (55% off) Up to 5% back with Amazon Pay ICICI card Up to 5% back with Amazon Pay IC... FREE delivery Su",https://www.amazon.in/sspa/click?ie=UTF8&spc=MTo0MTkwMTM5OTkyMjQwOTIzOjE3ODEwNzMyODY6c3BfYXRmX25leHQ6MzAxMTI1MTQ3NDI3MDMyOjowOjo&url=%2FFUEL-Athletic-Lightweight-Cushioned-White-6UK%2Fdp%2FB0GVZ8H7FG%2Fref%3Dsr_1_98_sspa%3Fdib%3DeyJ2IjoiMSJ9.p5mA5-uqDhQd3ED6Sfu05G7P8bYiKeNcNNPCSqvof1UhB0Rg0lKWAmSrBQe8j1SZqzxdsYvwrMNgH5UUEQ3k17qPE-lARGco9V7OiZq0TXsaDXsbrvU1YLZAYR_AHfJArj1ZodikuH7ddmxyJkD8HtpPDqu-sVxWwTu2mSukzO3Hv_BBmRA1sgLec_8W53meawswQc4X2uz1mglJCabsATk0k59W1brMX6Um0K5fRHsVR5ZMBI8fWe23eKSICVbbUC9Fmh1LnR9Z4wf6MSRA79mtw1bK34wnbSOP5nv58Q0.JC9qogp-C-amHDs8uo0o8XmEey13qJXRNNwwY5ivUqQ%26dib_tag%3Dse%26keywords%3Dshoes%26qid%3D1781073286%26aref%3DdsqynKxgB8%26sp_csd%3Dd2lkZ2V0TmFtZT1zcF9hdGZfbmV4dA%26psc%3D1&aref=dsqynKxgB8&sp_cr=ZAZ
Amazon,shoes,3,Boldfit,₹1299.00,"₹4,499",(71% off),No,4.0,Limited time deal,True,True,True,"+5 other colors/patterns Sponsored Sponsored You are seeing this ad based on the product’s relevance to your search query. Let us know Boldfit Sneakers for Man Lightweight Shoes for Men Comfortable Sneakers for Men Air Mesh Casual Shoes Mens Soft Cushion Insole Lace Up Casual Boys Shoe Sneaker DripBloc 4.0 4.0 out of 5 stars (195) 50+ bought in past month Limited time deal Price, product page ₹1,2",https://www.amazon.in/sspa/click?ie=UTF8&spc=MTo0MTkwMTM5OTkyMjQwOTIzOjE3ODEwNzMyODY6c3BfYXRmX25leHQ6MzAwODg3MTc4NjIzMzMyOjowOjo&url=%2FBoldfit-Sneakers-Lightweight-Comfortable-DripBloc%2Fdp%2FB0FYQLYS1B%2Fref%3Dsr_1_99_sspa%3Fdib%3DeyJ2IjoiMSJ9.p5mA5-uqDhQd3ED6Sfu05G7P8bYiKeNcNNPCSqvof1UhB0Rg0lKWAmSrBQe8j1SZqzxdsYvwrMNgH5UUEQ3k17qPE-lARGco9V7OiZq0TXsaDXsbrvU1YLZAYR_AHfJArj1ZodikuH7ddmxyJkD8HtpPDqu-sVxWwTu2mSukzO3Hv_BBmRA1sgLec_8W53meawswQc4X2uz1mglJCabsATk0k59W1brMX6Um0K5fRHsVR5ZMBI8fWe23eKSICVbbUC9Fmh1LnR9Z4wf6MSRA79mtw1bK34wnbSOP5nv58Q0.JC9qogp-C-amHDs8uo0o8XmEey13qJXRNNwwY5ivUqQ%26dib_tag%3Dse%26keywords%3Dshoes%26qid%3D1781073286%26aref%3DfmOB9DNDUl%26sp_csd%3Dd2lkZ2V0TmFtZT1zcF9hdGZfbmV4dA%26psc%3D1&aref=fmOB9DNDUl&sp_cr=ZAZ
Amazon,shoes,3,Campus,₹798.00,"₹1,499",(47% off),No,4.8,None,False,False,False,"Campus PABLE Kids Running Shoes 4.8 4.8 out of 5 stars (7) Price, product page ₹798 ₹ 798 M.R.P: ₹1,499 M.R.P: ₹1,499 ₹1,499 (47% off) Up to 5% back with Amazon Pay ICICI card Up to 5% back with Amazon Pay IC... FREE delivery Fri, 12 Jun Or fastest delivery Tomorrow, 11 Jun Add to cart",https://www.amazon.in/Campus-Kids-PABLE-Running-Shoes/dp/B0FLKFZ8WF/ref=sr_1_101?dib=eyJ2IjoiMSJ9.p5mA5-uqDhQd3ED6Sfu05G7P8bYiKeNcNNPCSqvof1UhB0Rg0lKWAmSrBQe8j1SZqzxdsYvwrMNgH5UUEQ3k17qPE-lARGco9V7OiZq0TXsaDXsbrvU1YLZAYR_AHfJArj1ZodikuH7ddmxyJkD8HtpPDqu-sVxWwTu2mSukzO3Hv_BBmRA1sgLec_8W53meawswQc4X2uz1mglJCabsATk0k59W1brMX6Um0K5fRHsVR5ZMBI8fWe23eKSICVbbUC9Fmh1LnR9Z4wf6MSRA79mtw1bK34wnbSOP5nv58Q0.JC9qogp-C-amHDs8uo0o8XmEey13qJXRNNwwY5ivUqQ&dib_tag=se&keywords=shoes&qid=1781073286
Amazon,shoes,3,Scarpa,₹45368.39,N/A,N/A,N/A,4.6,None,False,False,False,"Scarpa Men's Instinct VS Climbing Shoe 4.6 4.6 out of 5 stars (230) Price, product page ₹45,368.39 ₹ 45,368 . 39 Up to 5% back with Amazon Pay ICICI card Up to 5% back with Amazon Pay IC... FREE delivery 20 - 23 Jun Add to cart",https://www.amazon.in/SCARPA-Instinct-Rock-Climbing-Shoe/dp/B07G817KX6/ref=sr_1_102?dib=eyJ2IjoiMSJ9.p5mA5-uqDhQd3ED6Sfu05G7P8bYiKeNcNNPCSqvof1UhB0Rg0lKWAmSrBQe8j1SZqzxdsYvwrMNgH5UUEQ3k17qPE-lARGco9V7OiZq0TXsaDXsbrvU1YLZAYR_AHfJArj1ZodikuH7ddmxyJkD8HtpPDqu-sVxWwTu2mSukzO3Hv_BBmRA1sgLec_8W53meawswQc4X2uz1mglJCabsATk0k59W1brMX6Um0K5fRHsVR5ZMBI8fWe23eKSICVbbUC9Fmh1LnR9Z4wf6MSRA79mtw1bK34wnbSOP5nv58Q0.JC9qogp-C-amHDs8uo0o8XmEey13qJXRNNwwY5ivUqQ&dib_tag=se&keywords=shoes&qid=1781073286
Amazon,shoes,3,Campus,₹849.00,"₹1,399",(39% off),No,4.1,None,False,False,False,"Campus Men Refresh Pro Running Shoes 4.1 4.1 out of 5 stars (3.3K) 50+ bought in past month Price, product page ₹849 ₹ 849 M.R.P: ₹1,399 M.R.P: ₹1,399 ₹1,399 (39% off) Up to 5% back with Amazon Pay ICICI card Up to 5% back with Amazon Pay IC... FREE delivery Fri, 12 Jun Or fastest delivery Tomorrow 8 am - 12 pm Add to cart",https://www.amazon.in/Campus-Refresh-M-BLU-Running-Shoes/dp/B08QCJG7WV/ref=sr_1_104?dib=eyJ2IjoiMSJ9.p5mA5-uqDhQd3ED6Sfu05G7P8bYiKeNcNNPCSqvof1UhB0Rg0lKWAmSrBQe8j1SZqzxdsYvwrMNgH5UUEQ3k17qPE-lARGco9V7OiZq0TXsaDXsbrvU1YLZAYR_AHfJArj1ZodikuH7ddmxyJkD8HtpPDqu-sVxWwTu2mSukzO3Hv_BBmRA1sgLec_8W53meawswQc4X2uz1mglJCabsATk0k59W1brMX6Um0K5fRHsVR5ZMBI8fWe23eKSICVbbUC9Fmh1LnR9Z4wf6MSRA79mtw1bK34wnbSOP5nv58Q0.JC9qogp-C-amHDs8uo0o8XmEey13qJXRNNwwY5ivUqQ&dib_tag=se&keywords=shoes&qid=1781073286
Amazon,shoes,3,ASICS,₹3899.00,"₹6,499",(40% off),No,3.3,None,False,False,False,"ASICS Gel-Venture 10 3.3 3.3 out of 5 stars (28) Price, product page ₹3,899 ₹ 3,899 M.R.P: ₹6,499 M.R.P: ₹6,499 ₹6,499 (40% off) Up to 5% back with Amazon Pay ICICI card Up to 5% back with Amazon Pay IC... FREE delivery Fri, 12 Jun Or fastest delivery Tomorrow 8 am - 12 pm Add to cart",https://www.amazon.in/ASICS-Gel-Venture-Black-Running-Shoes/dp/B0FB9H822D/ref=sr_1_106?dib=eyJ2IjoiMSJ9.p5mA5-uqDhQd3ED6Sfu05G7P8bYiKeNcNNPCSqvof1UhB0Rg0lKWAmSrBQe8j1SZqzxdsYvwrMNgH5UUEQ3k17qPE-lARGco9V7OiZq0TXsaDXsbrvU1YLZAYR_AHfJArj1ZodikuH7ddmxyJkD8HtpPDqu-sVxWwTu2mSukzO3Hv_BBmRA1sgLec_8W53meawswQc4X2uz1mglJCabsATk0k59W1brMX6Um0K5fRHsVR5ZMBI8fWe23eKSICVbbUC9Fmh1LnR9Z4wf6MSRA79mtw1bK34wnbSOP5nv58Q0.JC9qogp-C-amHDs8uo0o8XmEey13qJXRNNwwY5ivUqQ&dib_tag=se&keywords=shoes&qid=1781073286
Amazon,shoes,3,Bata,₹551.00,₹699,(21% off),No,4.0,None,False,False,False,"Bata Women's Slip-on Walking Shoe 4.0 4.0 out of 5 stars (3.5K) 50+ bought in past month Price, product page ₹551 ₹ 551 M.R.P: ₹699 M.R.P: ₹699 ₹699 (21% off) Up to 5% back with Amazon Pay ICICI card Up to 5% back with Amazon Pay IC... FREE delivery Mon, 15 Jun Add to cart",https://www.amazon.in/Bata-Womens-Slip-Walking-Shoe/dp/B096BFMGKT/ref=sr_1_107?dib=eyJ2IjoiMSJ9.p5mA5-uqDhQd3ED6Sfu05G7P8bYiKeNcNNPCSqvof1UhB0Rg0lKWAmSrBQe8j1SZqzxdsYvwrMNgH5UUEQ3k17qPE-lARGco9V7OiZq0TXsaDXsbrvU1YLZAYR_AHfJArj1ZodikuH7ddmxyJkD8HtpPDqu-sVxWwTu2mSukzO3Hv_BBmRA1sgLec_8W53meawswQc4X2uz1mglJCabsATk0k59W1brMX6Um0K5fRHsVR5ZMBI8fWe23eKSICVbbUC9Fmh1LnR9Z4wf6MSRA79mtw1bK34wnbSOP5nv58Q0.JC9qogp-C-amHDs8uo0o8XmEey13qJXRNNwwY5ivUqQ&dib_tag=se&keywords=shoes&qid=1781073286
Amazon,shoes,3,Scarpa,₹75882.00,N/A,N/A,N/A,5.0,None,False,False,False,"Scarpa Men's Kinesis Pro GTX Waterproof Gore-Tex Boots for Hiking & Backpacking, Ebony (Past Season), 7.5-8 5.0 5.0 out of 5 stars (4) Price, product page ₹75,882 ₹ 75,882 Up to 5% back with Amazon Pay ICICI card Up to 5% back with Amazon Pay IC... FREE delivery 20 - 23 Jun Add to cart",https://www.amazon.in/SCARPA-Kinesis-Waterproof-Gore-Tex-Backpacking/dp/B005LCOVCK/ref=sr_1_111?dib=eyJ2IjoiMSJ9.p5mA5-uqDhQd3ED6Sfu05G7P8bYiKeNcNNPCSqvof1UhB0Rg0lKWAmSrBQe8j1SZqzxdsYvwrMNgH5UUEQ3k17qPE-lARGco9V7OiZq0TXsaDXsbrvU1YLZAYR_AHfJArj1ZodikuH7ddmxyJkD8HtpPDqu-sVxWwTu2mSukzO3Hv_BBmRA1sgLec_8W53meawswQc4X2uz1mglJCabsATk0k59W1brMX6Um0K5fRHsVR5ZMBI8fWe23eKSICVbbUC9Fmh1LnR9Z4wf6MSRA79mtw1bK34wnbSOP5nv58Q0.JC9qogp-C-amHDs8uo0o8XmEey13qJXRNNwwY5ivUqQ&dib_tag=se&keywords=shoes&qid=1781073286
Amazon,shoes,3,Campus,₹1239.00,"₹2,899",(57% off),No,4.2,None,False,False,False,"Campus Men's Brisk Sneakers 4.2 4.2 out of 5 stars (1K) Price, product page ₹1,239 ₹ 1,239 M.R.P: ₹2,899 M.R.P: ₹2,899 ₹2,899 (57% off) Up to 5% back with Amazon Pay ICICI card Up to 5% back with Amazon Pay IC... FREE delivery Fri, 12 Jun Or fastest delivery Tomorrow 8 am - 12 pm Add to cart",https://www.amazon.in/Campus-Mens-Brisk-Sneakers-L-Sky/dp/B0DYXLV15Z/ref=sr_1_116?dib=eyJ2IjoiMSJ9.p5mA5-uqDhQd3ED6Sfu05G7P8bYiKeNcNNPCSqvof1UhB0Rg0lKWAmSrBQe8j1SZqzxdsYvwrMNgH5UUEQ3k17qPE-lARGco9V7OiZq0TXsaDXsbrvU1YLZAYR_AHfJArj1ZodikuH7ddmxyJkD8HtpPDqu-sVxWwTu2mSukzO3Hv_BBmRA1sgLec_8W53meawswQc4X2uz1mglJCabsATk0k59W1brMX6Um0K5fRHsVR5ZMBI8fWe23eKSICVbbUC9Fmh1LnR9Z4wf6MSRA79mtw1bK34wnbSOP5nv58Q0.JC9qogp-C-amHDs8uo0o8XmEey13qJXRNNwwY5ivUqQ&dib_tag=se&keywords=shoes&qid=1781073286
Amazon,shoes,3,Centrino,₹739.00,"₹2,199",(66% off),No,3.6,Limited time deal,True,False,True,"+8 other colors/patterns Sponsored Sponsored You are seeing this ad based on the product’s relevance to your search query. Let us know Centrino Mens Running Shoes Ultra Lightweight Breathable Comfortable Walking Shoes Casual Fashion Cushioned Sneakers Mesh Workout Shoes (6712) 3.6 3.6 out of 5 stars (4.1K) Limited time deal Price, product page ₹739 ₹ 739 M.R.P: ₹2,199 M.R.P: ₹2,199 ₹2,199 (66% off",https://www.amazon.in/sspa/click?ie=UTF8&spc=MTo0MTkwMTM5OTkyMjQwOTIzOjE3ODEwNzMyODY6c3BfbXRmOjMwMTEyMzAyODY3MTUzMjo6MDo6&url=%2FCentrino-Casual-Shoes-Mens-6712%2Fdp%2FB0BFLQYBND%2Fref%3Dsr_1_119_sspa%3Fdib%3DeyJ2IjoiMSJ9.p5mA5-uqDhQd3ED6Sfu05G7P8bYiKeNcNNPCSqvof1UhB0Rg0lKWAmSrBQe8j1SZqzxdsYvwrMNgH5UUEQ3k17qPE-lARGco9V7OiZq0TXsaDXsbrvU1YLZAYR_AHfJArj1ZodikuH7ddmxyJkD8HtpPDqu-sVxWwTu2mSukzO3Hv_BBmRA1sgLec_8W53meawswQc4X2uz1mglJCabsATk0k59W1brMX6Um0K5fRHsVR5ZMBI8fWe23eKSICVbbUC9Fmh1LnR9Z4wf6MSRA79mtw1bK34wnbSOP5nv58Q0.JC9qogp-C-amHDs8uo0o8XmEey13qJXRNNwwY5ivUqQ%26dib_tag%3Dse%26keywords%3Dshoes%26qid%3D1781073286%26aref%3DfndxIZCAgL%26sp_csd%3Dd2lkZ2V0TmFtZT1zcF9tdGY%26psc%3D1&aref=fndxIZCAgL&sp_cr=ZAZ
Amazon,shoes,3,Big Fox,₹999.00,"₹2,495",(60% off),No,3.9,None,False,False,True,"+1 other color/pattern Sponsored Sponsored You are seeing this ad based on the product’s relevance to your search query. Let us know Big Fox Yas-2 Sneakers for Men 3.9 3.9 out of 5 stars (11) Price, product page ₹999 ₹ 999 M.R.P: ₹2,495 M.R.P: ₹2,495 ₹2,495 (60% off) Save 5% 5% off coupon applied Save 5% with coupon (limited sizes/colours) FREE delivery Sat, 13 Jun Or fastest delivery Tomorrow, 11",https://www.amazon.in/sspa/click?ie=UTF8&spc=MTo0MTkwMTM5OTkyMjQwOTIzOjE3ODEwNzMyODY6c3BfbXRmOjMwMTEwNzgzNjA4NTYzMjo6MDo6&url=%2FBig-Fox-Yas-2-Sneakers-White%2Fdp%2FB0C74JC83L%2Fref%3Dsr_1_120_sspa%3Fdib%3DeyJ2IjoiMSJ9.p5mA5-uqDhQd3ED6Sfu05G7P8bYiKeNcNNPCSqvof1UhB0Rg0lKWAmSrBQe8j1SZqzxdsYvwrMNgH5UUEQ3k17qPE-lARGco9V7OiZq0TXsaDXsbrvU1YLZAYR_AHfJArj1ZodikuH7ddmxyJkD8HtpPDqu-sVxWwTu2mSukzO3Hv_BBmRA1sgLec_8W53meawswQc4X2uz1mglJCabsATk0k59W1brMX6Um0K5fRHsVR5ZMBI8fWe23eKSICVbbUC9Fmh1LnR9Z4wf6MSRA79mtw1bK34wnbSOP5nv58Q0.JC9qogp-C-amHDs8uo0o8XmEey13qJXRNNwwY5ivUqQ%26dib_tag%3Dse%26keywords%3Dshoes%26qid%3D1781073286%26aref%3DvIB3A5OCnX%26sp_csd%3Dd2lkZ2V0TmFtZT1zcF9tdGY%26psc%3D1&aref=vIB3A5OCnX&sp_cr=ZAZ
Amazon,shoes,3,SPARX,₹664.00,₹949,(30% off),No,4.2,None,False,False,False,"SPARX Shoes SM 439 4.2 4.2 out of 5 stars (17.3K) 50+ bought in past month Price, product page ₹664 ₹ 664 M.R.P: ₹949 M.R.P: ₹949 ₹949 (30% off) Up to 5% back with Amazon Pay ICICI card Up to 5% back with Amazon Pay IC... FREE delivery Fri, 12 Jun Or fastest delivery Tomorrow 8 am - 12 pm Add to cart",https://www.amazon.in/Sparx-Mens-SM-439-Sneaker-9-SD0439GTNTN0009/dp/B08KTG95HR/ref=sr_1_123?dib=eyJ2IjoiMSJ9.p5mA5-uqDhQd3ED6Sfu05G7P8bYiKeNcNNPCSqvof1UhB0Rg0lKWAmSrBQe8j1SZqzxdsYvwrMNgH5UUEQ3k17qPE-lARGco9V7OiZq0TXsaDXsbrvU1YLZAYR_AHfJArj1ZodikuH7ddmxyJkD8HtpPDqu-sVxWwTu2mSukzO3Hv_BBmRA1sgLec_8W53meawswQc4X2uz1mglJCabsATk0k59W1brMX6Um0K5fRHsVR5ZMBI8fWe23eKSICVbbUC9Fmh1LnR9Z4wf6MSRA79mtw1bK34wnbSOP5nv58Q0.JC9qogp-C-amHDs8uo0o8XmEey13qJXRNNwwY5ivUqQ&dib_tag=se&keywords=shoes&qid=1781073286
Amazon,shoes,3,Campus,₹949.00,"₹2,599",(63% off),No,4.1,None,False,False,False,"Campus Men's Jarvis Running Shoes 4.1 4.1 out of 5 stars (77) Price, product page ₹949 ₹ 949 M.R.P: ₹2,599 M.R.P: ₹2,599 ₹2,599 (63% off) Up to 5% back with Amazon Pay ICICI card Up to 5% back with Amazon Pay IC... FREE delivery Fri, 12 Jun Or fastest delivery Tomorrow 8 am - 12 pm Add to cart",https://www.amazon.in/Campus-Jarvis-D-Gry-Yellow-Running/dp/B0FCG363S9/ref=sr_1_124?dib=eyJ2IjoiMSJ9.p5mA5-uqDhQd3ED6Sfu05G7P8bYiKeNcNNPCSqvof1UhB0Rg0lKWAmSrBQe8j1SZqzxdsYvwrMNgH5UUEQ3k17qPE-lARGco9V7OiZq0TXsaDXsbrvU1YLZAYR_AHfJArj1ZodikuH7ddmxyJkD8HtpPDqu-sVxWwTu2mSukzO3Hv_BBmRA1sgLec_8W53meawswQc4X2uz1mglJCabsATk0k59W1brMX6Um0K5fRHsVR5ZMBI8fWe23eKSICVbbUC9Fmh1LnR9Z4wf6MSRA79mtw1bK34wnbSOP5nv58Q0.JC9qogp-C-amHDs8uo0o8XmEey13qJXRNNwwY5ivUqQ&dib_tag=se&keywords=shoes&qid=1781073286
Amazon,shoes,3,LANCER,₹536.00,"₹1,249",(57% off),No,3.7,Limited time deal,True,False,False,"+6 LANCER Mens Indus-215 Running Shoe 3.7 3.7 out of 5 stars (1.3K) Limited time deal Price, product page ₹536 ₹ 536 M.R.P: ₹1,249 M.R.P: ₹1,249 ₹1,249 (57% off) Up to 5% back with Amazon Pay ICICI card Up to 5% back with Amazon Pay IC... FREE delivery Fri, 12 Jun Or fastest delivery Tomorrow 8 am - 12 pm Add to cart",https://www.amazon.in/Lancer-INDUS-215BLK-ORG-43-Orange-Sports-Running/dp/B08JZD17CS/ref=sr_1_125?dib=eyJ2IjoiMSJ9.p5mA5-uqDhQd3ED6Sfu05G7P8bYiKeNcNNPCSqvof1UhB0Rg0lKWAmSrBQe8j1SZqzxdsYvwrMNgH5UUEQ3k17qPE-lARGco9V7OiZq0TXsaDXsbrvU1YLZAYR_AHfJArj1ZodikuH7ddmxyJkD8HtpPDqu-sVxWwTu2mSukzO3Hv_BBmRA1sgLec_8W53meawswQc4X2uz1mglJCabsATk0k59W1brMX6Um0K5fRHsVR5ZMBI8fWe23eKSICVbbUC9Fmh1LnR9Z4wf6MSRA79mtw1bK34wnbSOP5nv58Q0.JC9qogp-C-amHDs8uo0o8XmEey13qJXRNNwwY5ivUqQ&dib_tag=se&keywords=shoes&qid=1781073286
Amazon,shoes,3,PUMA,₹1149.00,"₹4,299",(73% off),No,4.0,Limited time deal,True,True,False,"PUMA Men Snatch V2 Sneaker 4.0 4.0 out of 5 stars (4.1K) Limited time deal Price, product page ₹1,149 ₹ 1,149 M.R.P: ₹4,299 M.R.P: ₹4,299 ₹4,299 (73% off) Up to 5% back with Amazon Pay ICICI card Up to 5% back with Amazon Pay IC... FREE delivery Fri, 12 Jun Or fastest delivery Tomorrow 8 am - 12 pm Add to cart",https://www.amazon.in/Puma-Snatch-Shadow-Vibrant-Orange-Puma-Sneaker/dp/B09RGLC3ZP/ref=sr_1_126?dib=eyJ2IjoiMSJ9.p5mA5-uqDhQd3ED6Sfu05G7P8bYiKeNcNNPCSqvof1UhB0Rg0lKWAmSrBQe8j1SZqzxdsYvwrMNgH5UUEQ3k17qPE-lARGco9V7OiZq0TXsaDXsbrvU1YLZAYR_AHfJArj1ZodikuH7ddmxyJkD8HtpPDqu-sVxWwTu2mSukzO3Hv_BBmRA1sgLec_8W53meawswQc4X2uz1mglJCabsATk0k59W1brMX6Um0K5fRHsVR5ZMBI8fWe23eKSICVbbUC9Fmh1LnR9Z4wf6MSRA79mtw1bK34wnbSOP5nv58Q0.JC9qogp-C-amHDs8uo0o8XmEey13qJXRNNwwY5ivUqQ&dib_tag=se&keywords=shoes&qid=1781073286
Amazon,shoes,3,PUMA,₹2609.00,"₹7,499",(65% off),No,4.1,None,False,False,False,"PUMA Unisex-Adult BMW MMS Neo Cat 2.0 in Sneaker 4.1 4.1 out of 5 stars (253) 50+ bought in past month Price, product page ₹2,609 ₹ 2,609 M.R.P: ₹7,499 M.R.P: ₹7,499 ₹7,499 (65% off) Up to 5% back with Amazon Pay ICICI card Up to 5% back with Amazon Pay IC... FREE delivery Sun, 14 Jun Add to cart",https://www.amazon.in/Puma-Unisex-Adult-Black-Shadow-Sneaker-30923401/dp/B0FRWCKCTM/ref=sr_1_127?dib=eyJ2IjoiMSJ9.p5mA5-uqDhQd3ED6Sfu05G7P8bYiKeNcNNPCSqvof1UhB0Rg0lKWAmSrBQe8j1SZqzxdsYvwrMNgH5UUEQ3k17qPE-lARGco9V7OiZq0TXsaDXsbrvU1YLZAYR_AHfJArj1ZodikuH7ddmxyJkD8HtpPDqu-sVxWwTu2mSukzO3Hv_BBmRA1sgLec_8W53meawswQc4X2uz1mglJCabsATk0k59W1brMX6Um0K5fRHsVR5ZMBI8fWe23eKSICVbbUC9Fmh1LnR9Z4wf6MSRA79mtw1bK34wnbSOP5nv58Q0.JC9qogp-C-amHDs8uo0o8XmEey13qJXRNNwwY5ivUqQ&dib_tag=se&keywords=shoes&qid=1781073286
Amazon,shoes,3,U.S. POLO ASSN.,₹2279.00,"₹3,799",(40% off),No,3.9,None,False,False,False,"+2 U.S. POLO ASSN. Mens Lucian Sneaker 3.9 3.9 out of 5 stars (154) Price, product page ₹2,279 ₹ 2,279 M.R.P: ₹3,799 M.R.P: ₹3,799 ₹3,799 (40% off) Save 4% 4% off coupon applied Save 4% with coupon (limited sizes/colours) FREE delivery Fri, 12 Jun Or fastest delivery Tomorrow 8 am - 12 pm Add to cart",https://www.amazon.in/U-S-Polo-Assn-Men-Grey-Sneakers/dp/B0FQXFJT4C/ref=sr_1_128?dib=eyJ2IjoiMSJ9.p5mA5-uqDhQd3ED6Sfu05G7P8bYiKeNcNNPCSqvof1UhB0Rg0lKWAmSrBQe8j1SZqzxdsYvwrMNgH5UUEQ3k17qPE-lARGco9V7OiZq0TXsaDXsbrvU1YLZAYR_AHfJArj1ZodikuH7ddmxyJkD8HtpPDqu-sVxWwTu2mSukzO3Hv_BBmRA1sgLec_8W53meawswQc4X2uz1mglJCabsATk0k59W1brMX6Um0K5fRHsVR5ZMBI8fWe23eKSICVbbUC9Fmh1LnR9Z4wf6MSRA79mtw1bK34wnbSOP5nv58Q0.JC9qogp-C-amHDs8uo0o8XmEey13qJXRNNwwY5ivUqQ&dib_tag=se&keywords=shoes&qid=1781073286
Amazon,shoes,3,HotStyle,₹259.00,₹999,(74% off),No,3.0,None,False,True,False,"HotStyle Trendy & Stylish Shoes 3.0 3.0 out of 5 stars (36) Price, product page ₹259 ₹ 259 M.R.P: ₹999 M.R.P: ₹999 ₹999 (74% off) Up to 5% back with Amazon Pay ICICI card Up to 5% back with Amazon Pay IC... FREE delivery Tue, 16 Jun Or fastest delivery Tomorrow, 11 Jun Add to cart",https://www.amazon.in/HotStyle-Trendy-Stylish-Fashion-Running/dp/B0D2T5X93V/ref=sr_1_129?dib=eyJ2IjoiMSJ9.p5mA5-uqDhQd3ED6Sfu05G7P8bYiKeNcNNPCSqvof1UhB0Rg0lKWAmSrBQe8j1SZqzxdsYvwrMNgH5UUEQ3k17qPE-lARGco9V7OiZq0TXsaDXsbrvU1YLZAYR_AHfJArj1ZodikuH7ddmxyJkD8HtpPDqu-sVxWwTu2mSukzO3Hv_BBmRA1sgLec_8W53meawswQc4X2uz1mglJCabsATk0k59W1brMX6Um0K5fRHsVR5ZMBI8fWe23eKSICVbbUC9Fmh1LnR9Z4wf6MSRA79mtw1bK34wnbSOP5nv58Q0.JC9qogp-C-amHDs8uo0o8XmEey13qJXRNNwwY5ivUqQ&dib_tag=se&keywords=shoes&qid=1781073286
Amazon,shoes,3,FUEL,₹799.00,"₹1,999",(60% off),No,5.0,Limited time deal,True,False,False,"FUEL Neostep-03 Flexible & Lightweight Shock-Absorbing and Comfort Durable Sole Sports Shoes for Men's 5.0 5.0 out of 5 stars (4) Limited time deal Price, product page ₹799 ₹ 799 M.R.P: ₹1,999 M.R.P: ₹1,999 ₹1,999 (60% off) Up to 5% back with Amazon Pay ICICI card Up to 5% back with Amazon Pay IC... FREE delivery Sun, 14 Jun Or fastest delivery Fri, 12 Jun Add to cart",https://www.amazon.in/FUEL-Neostep-03-Flexible-Lightweight-Shock-Absorbing/dp/B0GQTJNVVM/ref=sr_1_130?dib=eyJ2IjoiMSJ9.p5mA5-uqDhQd3ED6Sfu05G7P8bYiKeNcNNPCSqvof1UhB0Rg0lKWAmSrBQe8j1SZqzxdsYvwrMNgH5UUEQ3k17qPE-lARGco9V7OiZq0TXsaDXsbrvU1YLZAYR_AHfJArj1ZodikuH7ddmxyJkD8HtpPDqu-sVxWwTu2mSukzO3Hv_BBmRA1sgLec_8W53meawswQc4X2uz1mglJCabsATk0k59W1brMX6Um0K5fRHsVR5ZMBI8fWe23eKSICVbbUC9Fmh1LnR9Z4wf6MSRA79mtw1bK34wnbSOP5nv58Q0.JC9qogp-C-amHDs8uo0o8XmEey13qJXRNNwwY5ivUqQ&dib_tag=se&keywords=shoes&qid=1781073286
Amazon,shoes,3,SPARX,₹699.00,"₹1,099",(36% off),No,4.1,None,False,False,False,"SPARX Mens Sm 791 Walking Shoe 4.1 4.1 out of 5 stars (763) 50+ bought in past month Price, product page ₹699 ₹ 699 M.R.P: ₹1,099 M.R.P: ₹1,099 ₹1,099 (36% off) Up to 5% back with Amazon Pay ICICI card Up to 5% back with Amazon Pay IC... FREE delivery Sat, 13 Jun Or fastest delivery Tomorrow, 11 Jun Add to cart",https://www.amazon.in/Sparx-Athleisure-LT-Grey-D-Grey-SX0791GGEDG0009/dp/B0BMTJFDNJ/ref=sr_1_132?dib=eyJ2IjoiMSJ9.p5mA5-uqDhQd3ED6Sfu05G7P8bYiKeNcNNPCSqvof1UhB0Rg0lKWAmSrBQe8j1SZqzxdsYvwrMNgH5UUEQ3k17qPE-lARGco9V7OiZq0TXsaDXsbrvU1YLZAYR_AHfJArj1ZodikuH7ddmxyJkD8HtpPDqu-sVxWwTu2mSukzO3Hv_BBmRA1sgLec_8W53meawswQc4X2uz1mglJCabsATk0k59W1brMX6Um0K5fRHsVR5ZMBI8fWe23eKSICVbbUC9Fmh1LnR9Z4wf6MSRA79mtw1bK34wnbSOP5nv58Q0.JC9qogp-C-amHDs8uo0o8XmEey13qJXRNNwwY5ivUqQ&dib_tag=se&keywords=shoes&qid=1781073286
Amazon,shoes,3,Nike,₹4995.00,N/A,N/A,N/A,4.2,None,False,False,False,"Nike Nike Mens Promina Walking Shoes 4.2 4.2 out of 5 stars (573) Price, product page ₹4,995 ₹ 4,995 Up to 5% back with Amazon Pay ICICI card Up to 5% back with Amazon Pay IC... FREE delivery Sun, 14 Jun Or fastest delivery Fri, 12 Jun Add to cart",https://www.amazon.in/NIKE-Promina-Running-Shoes-Black-White-10Uk/dp/B0DJMLQZ8J/ref=sr_1_133?dib=eyJ2IjoiMSJ9.p5mA5-uqDhQd3ED6Sfu05G7P8bYiKeNcNNPCSqvof1UhB0Rg0lKWAmSrBQe8j1SZqzxdsYvwrMNgH5UUEQ3k17qPE-lARGco9V7OiZq0TXsaDXsbrvU1YLZAYR_AHfJArj1ZodikuH7ddmxyJkD8HtpPDqu-sVxWwTu2mSukzO3Hv_BBmRA1sgLec_8W53meawswQc4X2uz1mglJCabsATk0k59W1brMX6Um0K5fRHsVR5ZMBI8fWe23eKSICVbbUC9Fmh1LnR9Z4wf6MSRA79mtw1bK34wnbSOP5nv58Q0.JC9qogp-C-amHDs8uo0o8XmEey13qJXRNNwwY5ivUqQ&dib_tag=se&keywords=shoes&qid=1781073286
Amazon,shoes,3,PUMA,N/A,N/A,N/A,N/A,4.5,None,False,False,False,"+12 PUMA Unisex-Adult Extend Lite Trail Running Shoe 4.5 4.5 out of 5 stars (180) See options No featured offers available ₹4,521 (1 new offer)",https://www.amazon.in/Puma-Extend-Trail-Running-Shoes/dp/B0FH265WY8/ref=sr_1_134?dib=eyJ2IjoiMSJ9.p5mA5-uqDhQd3ED6Sfu05G7P8bYiKeNcNNPCSqvof1UhB0Rg0lKWAmSrBQe8j1SZqzxdsYvwrMNgH5UUEQ3k17qPE-lARGco9V7OiZq0TXsaDXsbrvU1YLZAYR_AHfJArj1ZodikuH7ddmxyJkD8HtpPDqu-sVxWwTu2mSukzO3Hv_BBmRA1sgLec_8W53meawswQc4X2uz1mglJCabsATk0k59W1brMX6Um0K5fRHsVR5ZMBI8fWe23eKSICVbbUC9Fmh1LnR9Z4wf6MSRA79mtw1bK34wnbSOP5nv58Q0.JC9qogp-C-amHDs8uo0o8XmEey13qJXRNNwwY5ivUqQ&dib_tag=se&keywords=shoes&qid=1781073286
Amazon,shoes,3,Columbia,₹11999.00,N/A,N/A,N/A,4.2,None,False,False,False,"+2 Columbia Mens Konos Trillium ATR Trail Running Shoes 4.2 4.2 out of 5 stars (40) Price, product page ₹11,999 ₹ 11,999 Up to 5% back with Amazon Pay ICICI card Up to 5% back with Amazon Pay IC... FREE delivery Fri, 12 Jun Or fastest delivery Tomorrow 8 am - 12 pm Add to cart",https://www.amazon.in/Columbia-Black-OmniMax-Trillium-Running/dp/B0DK4881BX/ref=sr_1_135?dib=eyJ2IjoiMSJ9.p5mA5-uqDhQd3ED6Sfu05G7P8bYiKeNcNNPCSqvof1UhB0Rg0lKWAmSrBQe8j1SZqzxdsYvwrMNgH5UUEQ3k17qPE-lARGco9V7OiZq0TXsaDXsbrvU1YLZAYR_AHfJArj1ZodikuH7ddmxyJkD8HtpPDqu-sVxWwTu2mSukzO3Hv_BBmRA1sgLec_8W53meawswQc4X2uz1mglJCabsATk0k59W1brMX6Um0K5fRHsVR5ZMBI8fWe23eKSICVbbUC9Fmh1LnR9Z4wf6MSRA79mtw1bK34wnbSOP5nv58Q0.JC9qogp-C-amHDs8uo0o8XmEey13qJXRNNwwY5ivUqQ&dib_tag=se&keywords=shoes&qid=1781073286
Amazon,shoes,3,Bata,₹779.00,₹999,(22% off),No,4.0,None,False,False,False,"Bata 8514 Zion E Browncasual Sneakers Sport Shoes for Mens | Ideal for Everyday wear |Running| Walking | Regular wear Shoes |Latest Urban Footwear. 4.0 4.0 out of 5 stars (61) Price, product page ₹779 ₹ 779 M.R.P: ₹999 M.R.P: ₹999 ₹999 (22% off) Up to 5% back with Amazon Pay ICICI card Up to 5% back with Amazon Pay IC... FREE delivery Fri, 12 Jun Or fastest delivery Tomorrow 8 am - 12 pm Add to ca",https://www.amazon.in/Bata-Browncasual-Sneakers-Everyday-Footwear/dp/B0DFMK7P24/ref=sr_1_137?dib=eyJ2IjoiMSJ9.p5mA5-uqDhQd3ED6Sfu05G7P8bYiKeNcNNPCSqvof1UhB0Rg0lKWAmSrBQe8j1SZqzxdsYvwrMNgH5UUEQ3k17qPE-lARGco9V7OiZq0TXsaDXsbrvU1YLZAYR_AHfJArj1ZodikuH7ddmxyJkD8HtpPDqu-sVxWwTu2mSukzO3Hv_BBmRA1sgLec_8W53meawswQc4X2uz1mglJCabsATk0k59W1brMX6Um0K5fRHsVR5ZMBI8fWe23eKSICVbbUC9Fmh1LnR9Z4wf6MSRA79mtw1bK34wnbSOP5nv58Q0.JC9qogp-C-amHDs8uo0o8XmEey13qJXRNNwwY5ivUqQ&dib_tag=se&keywords=shoes&qid=1781073286
Amazon,shoes,3,adidas,₹1849.00,"₹2,999",(38% off),No,4.0,None,False,False,False,"+5 adidas Men Drogo M Running Shoe 4.0 4.0 out of 5 stars (16.3K) 100+ bought in past month Price, product page ₹1,849 ₹ 1,849 M.R.P: ₹2,999 M.R.P: ₹2,999 ₹2,999 (38% off) Up to 5% back with Amazon Pay ICICI card Up to 5% back with Amazon Pay IC... FREE delivery Fri, 12 Jun Or fastest delivery Tomorrow 8 am - 12 pm Add to cart",https://www.amazon.in/adidas-BLUNIT-ACTGOL-SILVMT-Running/dp/B07M8HLT3T/ref=sr_1_139?dib=eyJ2IjoiMSJ9.p5mA5-uqDhQd3ED6Sfu05G7P8bYiKeNcNNPCSqvof1UhB0Rg0lKWAmSrBQe8j1SZqzxdsYvwrMNgH5UUEQ3k17qPE-lARGco9V7OiZq0TXsaDXsbrvU1YLZAYR_AHfJArj1ZodikuH7ddmxyJkD8HtpPDqu-sVxWwTu2mSukzO3Hv_BBmRA1sgLec_8W53meawswQc4X2uz1mglJCabsATk0k59W1brMX6Um0K5fRHsVR5ZMBI8fWe23eKSICVbbUC9Fmh1LnR9Z4wf6MSRA79mtw1bK34wnbSOP5nv58Q0.JC9qogp-C-amHDs8uo0o8XmEey13qJXRNNwwY5ivUqQ&dib_tag=se&keywords=shoes&qid=1781073286
Amazon,shoes,3,Impakto,₹879.00,"₹1,899",(54% off),No,4.2,None,False,False,False,"Best seller in Men's Training Shoes Impakto Barefoot Rooted Comfortable Big Toe Box Gym, Cross Training, Walking Shoes for Men 4.2 4.2 out of 5 stars (2.3K) 100+ bought in past month Price, product page ₹879 ₹ 879 M.R.P: ₹1,899 M.R.P: ₹1,899 ₹1,899 (54% off) Up to 5% back with Amazon Pay ICICI card Up to 5% back with Amazon Pay IC... FREE delivery Fri, 12 Jun Or fastest delivery Today 4 pm - 8 pm ",https://www.amazon.in/Impakto-Barefoot-Comfortable-Training-Running/dp/B0DM5Y18C9/ref=sr_1_141?dib=eyJ2IjoiMSJ9.p5mA5-uqDhQd3ED6Sfu05G7P8bYiKeNcNNPCSqvof1UhB0Rg0lKWAmSrBQe8j1SZqzxdsYvwrMNgH5UUEQ3k17qPE-lARGco9V7OiZq0TXsaDXsbrvU1YLZAYR_AHfJArj1ZodikuH7ddmxyJkD8HtpPDqu-sVxWwTu2mSukzO3Hv_BBmRA1sgLec_8W53meawswQc4X2uz1mglJCabsATk0k59W1brMX6Um0K5fRHsVR5ZMBI8fWe23eKSICVbbUC9Fmh1LnR9Z4wf6MSRA79mtw1bK34wnbSOP5nv58Q0.JC9qogp-C-amHDs8uo0o8XmEey13qJXRNNwwY5ivUqQ&dib_tag=se&keywords=shoes&qid=1781073286
Amazon,shoes,3,new balance,₹4543.00,"₹7,499",(39% off),No,3.4,Limited time deal,True,False,False,"new balance Mens Ct300 Sneaker 3.4 3.4 out of 5 stars (47) Limited time deal Price, product page ₹4,543 ₹ 4,543 M.R.P: ₹7,499 M.R.P: ₹7,499 ₹7,499 (39% off) Up to 5% back with Amazon Pay ICICI card Up to 5% back with Amazon Pay IC... FREE delivery Sun, 14 Jun Add to cart",https://www.amazon.in/Balance-CT300-Casual-Shoes-Brown/dp/B0D96MTZTY/ref=sr_1_142?dib=eyJ2IjoiMSJ9.p5mA5-uqDhQd3ED6Sfu05G7P8bYiKeNcNNPCSqvof1UhB0Rg0lKWAmSrBQe8j1SZqzxdsYvwrMNgH5UUEQ3k17qPE-lARGco9V7OiZq0TXsaDXsbrvU1YLZAYR_AHfJArj1ZodikuH7ddmxyJkD8HtpPDqu-sVxWwTu2mSukzO3Hv_BBmRA1sgLec_8W53meawswQc4X2uz1mglJCabsATk0k59W1brMX6Um0K5fRHsVR5ZMBI8fWe23eKSICVbbUC9Fmh1LnR9Z4wf6MSRA79mtw1bK34wnbSOP5nv58Q0.JC9qogp-C-amHDs8uo0o8XmEey13qJXRNNwwY5ivUqQ&dib_tag=se&keywords=shoes&qid=1781073286
Amazon,shoes,3,Campus,₹1299.00,"₹2,999",(57% off),No,4.1,None,False,False,False,"+1 Campus Men's STRUT Running Shoes 4.1 4.1 out of 5 stars (1.1K) Price, product page ₹1,299 ₹ 1,299 M.R.P: ₹2,999 M.R.P: ₹2,999 ₹2,999 (57% off) Save 5% 5% off coupon applied Save 5% with coupon (limited sizes/colours) FREE delivery Fri, 12 Jun Or fastest delivery Tomorrow 8 am - 12 pm Add to cart",https://www.amazon.in/Campus-STRUT-White-L-Gry-Running/dp/B0GFXHXXX7/ref=sr_1_143?dib=eyJ2IjoiMSJ9.p5mA5-uqDhQd3ED6Sfu05G7P8bYiKeNcNNPCSqvof1UhB0Rg0lKWAmSrBQe8j1SZqzxdsYvwrMNgH5UUEQ3k17qPE-lARGco9V7OiZq0TXsaDXsbrvU1YLZAYR_AHfJArj1ZodikuH7ddmxyJkD8HtpPDqu-sVxWwTu2mSukzO3Hv_BBmRA1sgLec_8W53meawswQc4X2uz1mglJCabsATk0k59W1brMX6Um0K5fRHsVR5ZMBI8fWe23eKSICVbbUC9Fmh1LnR9Z4wf6MSRA79mtw1bK34wnbSOP5nv58Q0.JC9qogp-C-amHDs8uo0o8XmEey13qJXRNNwwY5ivUqQ&dib_tag=se&keywords=shoes&qid=1781073286
Amazon,shoes,3,Columbia,₹12999.00,N/A,N/A,N/A,4.5,None,False,False,False,"+1 Columbia Men OutDry Peakfreak II Shoes for Hiking | Trekking | Fully Waterproof 4.5 4.5 out of 5 stars (257) Price, product page ₹12,999 ₹ 12,999 Up to 5% back with Amazon Pay ICICI card Up to 5% back with Amazon Pay IC... FREE delivery Fri, 12 Jun Or fastest delivery Tomorrow, 11 Jun Add to cart",https://www.amazon.in/Columbia-Peakfreak-Outdry-Trekking-Waterproof/dp/B0CLWF94VR/ref=sr_1_144?dib=eyJ2IjoiMSJ9.p5mA5-uqDhQd3ED6Sfu05G7P8bYiKeNcNNPCSqvof1UhB0Rg0lKWAmSrBQe8j1SZqzxdsYvwrMNgH5UUEQ3k17qPE-lARGco9V7OiZq0TXsaDXsbrvU1YLZAYR_AHfJArj1ZodikuH7ddmxyJkD8HtpPDqu-sVxWwTu2mSukzO3Hv_BBmRA1sgLec_8W53meawswQc4X2uz1mglJCabsATk0k59W1brMX6Um0K5fRHsVR5ZMBI8fWe23eKSICVbbUC9Fmh1LnR9Z4wf6MSRA79mtw1bK34wnbSOP5nv58Q0.JC9qogp-C-amHDs8uo0o8XmEey13qJXRNNwwY5ivUqQ&dib_tag=se&keywords=shoes&qid=1781073286
Amazon,shoes,3,Boldfit,₹1639.00,"₹4,999",(67% off),No,4.1,None,False,False,False,"Boldfit Trekking Shoes for Man Outdoor high Neck ShoAnti Skid Trekking Boots Water Repellent, Outlander Black 4.1 4.1 out of 5 stars (709) 100+ bought in past month Price, product page ₹1,639 ₹ 1,639 M.R.P: ₹4,999 M.R.P: ₹4,999 ₹4,999 (67% off) Up to 5% back with Amazon Pay ICICI card Up to 5% back with Amazon Pay IC... FREE delivery 30 Jun - 18 Jul Add to cart",https://www.amazon.in/Boldfit-Trekking-Outdoor-Repellent-Tracking/dp/B0DGXKB6YG/ref=sr_1_145?dib=eyJ2IjoiMSJ9.p5mA5-uqDhQd3ED6Sfu05G7P8bYiKeNcNNPCSqvof1UhB0Rg0lKWAmSrBQe8j1SZqzxdsYvwrMNgH5UUEQ3k17qPE-lARGco9V7OiZq0TXsaDXsbrvU1YLZAYR_AHfJArj1ZodikuH7ddmxyJkD8HtpPDqu-sVxWwTu2mSukzO3Hv_BBmRA1sgLec_8W53meawswQc4X2uz1mglJCabsATk0k59W1brMX6Um0K5fRHsVR5ZMBI8fWe23eKSICVbbUC9Fmh1LnR9Z4wf6MSRA79mtw1bK34wnbSOP5nv58Q0.JC9qogp-C-amHDs8uo0o8XmEey13qJXRNNwwY5ivUqQ&dib_tag=se&keywords=shoes&qid=1781073286
Amazon,shoes,3,Reebok,₹2199.00,"₹3,999",(45% off),No,4.0,Limited time deal,True,False,False,"Reebok Men's Running Shoe - SOFTRUN Turbo - Sports Shoe - Ideal for Running & Gym 4.0 4.0 out of 5 stars (18) Limited time deal Price, product page ₹2,199 ₹ 2,199 M.R.P: ₹3,999 M.R.P: ₹3,999 ₹3,999 (45% off) Up to 5% back with Amazon Pay ICICI card Up to 5% back with Amazon Pay IC... FREE delivery Fri, 12 Jun Or fastest delivery Tomorrow 8 am - 12 pm Add to cart",https://www.amazon.in/Softrun-Turbo-Blue-Running-Shoes/dp/B0GS53L7LD/ref=sr_1_148?dib=eyJ2IjoiMSJ9.p5mA5-uqDhQd3ED6Sfu05G7P8bYiKeNcNNPCSqvof1UhB0Rg0lKWAmSrBQe8j1SZqzxdsYvwrMNgH5UUEQ3k17qPE-lARGco9V7OiZq0TXsaDXsbrvU1YLZAYR_AHfJArj1ZodikuH7ddmxyJkD8HtpPDqu-sVxWwTu2mSukzO3Hv_BBmRA1sgLec_8W53meawswQc4X2uz1mglJCabsATk0k59W1brMX6Um0K5fRHsVR5ZMBI8fWe23eKSICVbbUC9Fmh1LnR9Z4wf6MSRA79mtw1bK34wnbSOP5nv58Q0.JC9qogp-C-amHDs8uo0o8XmEey13qJXRNNwwY5ivUqQ&dib_tag=se&keywords=shoes&qid=1781073286
Amazon,shoes,3,Kraasa,₹898.00,"₹2,999",(70% off),No,4.2,Limited time deal,True,True,False,"Kraasa Men’s Formal Slip-On Shoes | Vegan Leather Upper | Airmix Sole | High Cushioning | Lightweight & Comfortable 4.2 4.2 out of 5 stars (147) Limited time deal Price, product page ₹898 ₹ 898 M.R.P: ₹2,999 M.R.P: ₹2,999 ₹2,999 (70% off) Save 2% 2% off coupon applied Save 2% with coupon (limited sizes/colours) FREE delivery Fri, 12 Jun Or fastest delivery Tomorrow, 11 Jun Add to cart",https://www.amazon.in/Kraasa-Leather-Cushioning-Lightweight-Comfortable/dp/B0GTQQ89W3/ref=sr_1_151?dib=eyJ2IjoiMSJ9.p5mA5-uqDhQd3ED6Sfu05G7P8bYiKeNcNNPCSqvof1UhB0Rg0lKWAmSrBQe8j1SZqzxdsYvwrMNgH5UUEQ3k17qPE-lARGco9V7OiZq0TXsaDXsbrvU1YLZAYR_AHfJArj1ZodikuH7ddmxyJkD8HtpPDqu-sVxWwTu2mSukzO3Hv_BBmRA1sgLec_8W53meawswQc4X2uz1mglJCabsATk0k59W1brMX6Um0K5fRHsVR5ZMBI8fWe23eKSICVbbUC9Fmh1LnR9Z4wf6MSRA79mtw1bK34wnbSOP5nv58Q0.JC9qogp-C-amHDs8uo0o8XmEey13qJXRNNwwY5ivUqQ&dib_tag=se&keywords=shoes&qid=1781073286
Amazon,shoes,3,JQR,₹849.00,"₹1,799",(53% off),No,4.0,Limited time deal,True,False,True,"+10 other colors/patterns Sponsored Sponsored You are seeing this ad based on the product’s relevance to your search query. Let us know JQR Men Signature Sneakers 4.0 4.0 out of 5 stars (1.9K) Limited time deal Price, product page ₹849 ₹ 849 M.R.P: ₹1,799 M.R.P: ₹1,799 ₹1,799 (53% off) Save 3% 3% off coupon applied Save 3% with coupon (limited sizes/colours) FREE delivery Fri, 12 Jun Or fastest de",https://www.amazon.in/sspa/click?ie=UTF8&spc=MTo0MTkwMTM5OTkyMjQwOTIzOjE3ODEwNzMyODY6c3BfYnRmOjMwMDQ2MjM2NjAwNTgzMjo6MDo6&url=%2FJQR-Signature-Trendy-Stylish-Sneaker%2Fdp%2FB0CPX11NP4%2Fref%3Dsr_1_154_sspa%3Fdib%3DeyJ2IjoiMSJ9.p5mA5-uqDhQd3ED6Sfu05G7P8bYiKeNcNNPCSqvof1UhB0Rg0lKWAmSrBQe8j1SZqzxdsYvwrMNgH5UUEQ3k17qPE-lARGco9V7OiZq0TXsaDXsbrvU1YLZAYR_AHfJArj1ZodikuH7ddmxyJkD8HtpPDqu-sVxWwTu2mSukzO3Hv_BBmRA1sgLec_8W53meawswQc4X2uz1mglJCabsATk0k59W1brMX6Um0K5fRHsVR5ZMBI8fWe23eKSICVbbUC9Fmh1LnR9Z4wf6MSRA79mtw1bK34wnbSOP5nv58Q0.JC9qogp-C-amHDs8uo0o8XmEey13qJXRNNwwY5ivUqQ%26dib_tag%3Dse%26keywords%3Dshoes%26qid%3D1781073286%26aref%3DCt4O2WiiqF%26sp_csd%3Dd2lkZ2V0TmFtZT1zcF9idGY%26psc%3D1&aref=Ct4O2WiiqF&sp_cr=ZAZ
Amazon,shoes,3,Blue Leather By Centrino,₹1349.00,"₹2,999",(55% off),No,3.7,Limited time deal,True,False,True,"+3 other colors/patterns Sponsored Sponsored You are seeing this ad based on the product’s relevance to your search query. Let us know Blue Leather By Centrino Genuine Leather Men's Formal Slip on Loafers |Comfort Trendy Non Lace-Up Design |Flexible Mocassins |Leather with Anti-Skid Sole |Perfect for Walking & Business Work (3943) 3.7 3.7 out of 5 stars (1.1K) Limited time deal Price, product page",https://www.amazon.in/sspa/click?ie=UTF8&spc=MTo0MTkwMTM5OTkyMjQwOTIzOjE3ODEwNzMyODY6c3BfYnRmOjMwMDU5NjM0NjIwMzMzMjo6MDo6&url=%2FBlue-Leather-Formal-Shoe-3943-3%2Fdp%2FB0C7LFGVQ3%2Fref%3Dsr_1_155_sspa%3Fdib%3DeyJ2IjoiMSJ9.p5mA5-uqDhQd3ED6Sfu05G7P8bYiKeNcNNPCSqvof1UhB0Rg0lKWAmSrBQe8j1SZqzxdsYvwrMNgH5UUEQ3k17qPE-lARGco9V7OiZq0TXsaDXsbrvU1YLZAYR_AHfJArj1ZodikuH7ddmxyJkD8HtpPDqu-sVxWwTu2mSukzO3Hv_BBmRA1sgLec_8W53meawswQc4X2uz1mglJCabsATk0k59W1brMX6Um0K5fRHsVR5ZMBI8fWe23eKSICVbbUC9Fmh1LnR9Z4wf6MSRA79mtw1bK34wnbSOP5nv58Q0.JC9qogp-C-amHDs8uo0o8XmEey13qJXRNNwwY5ivUqQ%26dib_tag%3Dse%26keywords%3Dshoes%26qid%3D1781073286%26aref%3DSm3x2Nsp4X%26sp_csd%3Dd2lkZ2V0TmFtZT1zcF9idGY%26psc%3D1&aref=Sm3x2Nsp4X&sp_cr=ZAZ
Amazon,shoes,3,ASIAN,₹1399.00,"₹3,299",(58% off),No,3.7,None,False,False,True,"+2 other colors/patterns Sponsored Sponsored You are seeing this ad based on the product’s relevance to your search query. Let us know ASIAN Basket-11 Men’s Mid-Top Sneakers with Full TPU Sole, Dual-Pillar Bounce Cushioning, Memory Foam Shoes, Premium Design and Arch Support for Sports 3.7 3.7 out of 5 stars (39) Price, product page ₹1,399 ₹ 1,399 M.R.P: ₹3,299 M.R.P: ₹3,299 ₹3,299 (58% off) Up to",https://www.amazon.in/sspa/click?ie=UTF8&spc=MTo0MTkwMTM5OTkyMjQwOTIzOjE3ODEwNzMyODY6c3BfYnRmOjMwMTAyNDUwNTc5MjgzMjo6MDo6&url=%2FASIAN-Basket-11-Sneakers-Dual-Pillar-Cushioning%2Fdp%2FB0G6K9ZH3Q%2Fref%3Dsr_1_156_sspa%3Fdib%3DeyJ2IjoiMSJ9.p5mA5-uqDhQd3ED6Sfu05G7P8bYiKeNcNNPCSqvof1UhB0Rg0lKWAmSrBQe8j1SZqzxdsYvwrMNgH5UUEQ3k17qPE-lARGco9V7OiZq0TXsaDXsbrvU1YLZAYR_AHfJArj1ZodikuH7ddmxyJkD8HtpPDqu-sVxWwTu2mSukzO3Hv_BBmRA1sgLec_8W53meawswQc4X2uz1mglJCabsATk0k59W1brMX6Um0K5fRHsVR5ZMBI8fWe23eKSICVbbUC9Fmh1LnR9Z4wf6MSRA79mtw1bK34wnbSOP5nv58Q0.JC9qogp-C-amHDs8uo0o8XmEey13qJXRNNwwY5ivUqQ%26dib_tag%3Dse%26keywords%3Dshoes%26qid%3D1781073286%26aref%3DVDTHSLMX1e%26sp_csd%3Dd2lkZ2V0TmFtZT1zcF9idGY%26psc%3D1&aref=VDTHSLMX1e&sp_cr=ZAZ
Amazon,watches,1,Noise,₹2999.00,"₹7,999",(63% off),No,4.0,Only 1 left,True,False,True,"Sponsored Sponsored You are seeing this ad based on the product’s relevance to your search query. Let us know Noise NoiseFit Halo 1.43"" AMOLED Display, Bluetooth Calling Round Dial Smart Watch, Premium Metallic Build, Always on Display, Smart Gesture Control, 100 Sports Modes (Vintage Brown) 4.0 4.0 out of 5 stars (12.3K) 1K+ bought in past month Price, product page ₹2,999 ₹ 2,999 M.R.P: ₹7,999 M.",https://www.amazon.in/sspa/click?ie=UTF8&spc=MTo4ODU4MTIzOTA4NjI5NzQ1OjE3ODEwNzMzNDI6c3BfYXRmOjMwMDE0MDQ3ODA3MDgzMjo6MDo6&url=%2FNoiseFit-Display-Bluetooth-Calling-Metallic%2Fdp%2FB0BN1ZG1QZ%2Fref%3Dsr_1_1_sspa%3Fdib%3DeyJ2IjoiMSJ9.0HCAKqzW1C1uLSdCwiMdjoC3MkX_hRJ3nu4fa0m5yBoVqPx4T8TcaCGRqU0k88Bh1XDI1gWRy2RwBcUhQ03-gVYeCEN2udRRaMUNtVAnCknnSyOwjTBmfrr55qvzS41AvXEN0dEJyU8b-KlZ8iAtDrnRCZ-HhTSi81HqymZWDCwJVa9h1NpT2h3LV1RDUIQ5EaeQfhSYG-PhW5r3Zk-Y4beLTnU0ImSNe8PK-c2fcOwJhjrlVNNJsSgncZW4qTQMEU-nIF0-Frh2GveRvjESlWN2DbnUXylT-CjlmSxKjQI.f1dbkixm88xQlsnpQHKuixQZVHgUQc5oQy6ZVzZPC94%26dib_tag%3Dse%26keywords%3Dwatches%26qid%3D1781073342%26sr%3D8-1-spons%26aref%3DX6p8zzwNDX%26sp_csd%3Dd2lkZ2V0TmFtZT1zcF9hdGY%26psc%3D1&aref=X6p8zzwNDX&sp_cr=ZAZ
Amazon,watches,1,Noise,₹1599.00,"₹4,999",(68% off),No,4.0,None,False,False,True,"Best seller in Smart Watches Sponsored Sponsored You are seeing this ad based on the product’s relevance to your search query. Let us know Noise Noise Twist Go Round dial Smartwatch with BT Calling, 1.39"" Display, Metal Build, 100+ Watch Faces, IP68, Sleep Tracking, 100+ Sports Modes, 24/7 Heart Rate Monitoring (Jet Black) 4.0 4.0 out of 5 stars (55K) 2K+ bought in past month Price, product page ₹",https://www.amazon.in/sspa/click?ie=UTF8&spc=MTo4ODU4MTIzOTA4NjI5NzQ1OjE3ODEwNzMzNDI6c3BfYXRmOjMwMDEzNjQ3MzQ1NDUzMjo6MDo6&url=%2FNoise-Smartwatch-Calling-Tracking-Monitoring%2Fdp%2FB0CQ4KTCH1%2Fref%3Dsr_1_2_sspa%3Fdib%3DeyJ2IjoiMSJ9.0HCAKqzW1C1uLSdCwiMdjoC3MkX_hRJ3nu4fa0m5yBoVqPx4T8TcaCGRqU0k88Bh1XDI1gWRy2RwBcUhQ03-gVYeCEN2udRRaMUNtVAnCknnSyOwjTBmfrr55qvzS41AvXEN0dEJyU8b-KlZ8iAtDrnRCZ-HhTSi81HqymZWDCwJVa9h1NpT2h3LV1RDUIQ5EaeQfhSYG-PhW5r3Zk-Y4beLTnU0ImSNe8PK-c2fcOwJhjrlVNNJsSgncZW4qTQMEU-nIF0-Frh2GveRvjESlWN2DbnUXylT-CjlmSxKjQI.f1dbkixm88xQlsnpQHKuixQZVHgUQc5oQy6ZVzZPC94%26dib_tag%3Dse%26keywords%3Dwatches%26qid%3D1781073342%26sr%3D8-2-spons%26aref%3DddpIbtEMlR%26sp_csd%3Dd2lkZ2V0TmFtZT1zcF9hdGY%26psc%3D1&aref=ddpIbtEMlR&sp_cr=ZAZ
Amazon,watches,1,Noise,₹2499.00,"₹6,999",(64% off),No,4.1,Limited time deal,True,False,True,"Sponsored Sponsored You are seeing this ad based on the product’s relevance to your search query. Let us know Noise Noise Twist 2 Smart Watch with 1.43” AMOLED Screen, AI Search & Voice Assistant, Bluetooth Calling, Stainless Steel Back, 7-Day Battery, 100+ Watch Faces, Health Suite, IP68 (Jet Black) 4.1 4.1 out of 5 stars (7.8K) 500+ bought in past month Limited time deal Price, product page ₹2,4",https://www.amazon.in/sspa/click?ie=UTF8&spc=MTo4ODU4MTIzOTA4NjI5NzQ1OjE3ODEwNzMzNDI6c3BfYXRmOjMwMDY1MDEzMTE2NDAzMjo6MDo6&url=%2FNoise-Assistant-Bluetooth-Calling-Stainless%2Fdp%2FB0F8JF1R8X%2Fref%3Dsr_1_4_sspa%3Fdib%3DeyJ2IjoiMSJ9.0HCAKqzW1C1uLSdCwiMdjoC3MkX_hRJ3nu4fa0m5yBoVqPx4T8TcaCGRqU0k88Bh1XDI1gWRy2RwBcUhQ03-gVYeCEN2udRRaMUNtVAnCknnSyOwjTBmfrr55qvzS41AvXEN0dEJyU8b-KlZ8iAtDrnRCZ-HhTSi81HqymZWDCwJVa9h1NpT2h3LV1RDUIQ5EaeQfhSYG-PhW5r3Zk-Y4beLTnU0ImSNe8PK-c2fcOwJhjrlVNNJsSgncZW4qTQMEU-nIF0-Frh2GveRvjESlWN2DbnUXylT-CjlmSxKjQI.f1dbkixm88xQlsnpQHKuixQZVHgUQc5oQy6ZVzZPC94%26dib_tag%3Dse%26keywords%3Dwatches%26qid%3D1781073342%26sr%3D8-4-spons%26aref%3Dnsm5Ld5lWI%26sp_csd%3Dd2lkZ2V0TmFtZT1zcF9hdGY%26psc%3D1&aref=nsm5Ld5lWI&sp_cr=ZAZ
Amazon,watches,1,Matrix,₹295.00,"₹2,499",(88% off),No,3.8,None,False,True,False,"Matrix Black, Blue, White Dial, Day & Date Functioning, Stainless Steel Strap Analog Watch for Men & Women 3.8 3.8 out of 5 stars (2.6K) 1K+ bought in past month Price, product page ₹295 ₹ 295 M.R.P: ₹2,499 M.R.P: ₹2,499 ₹2,499 (88% off) Up to 5% back with Amazon Pay ICICI card Up to 5% back with Amazon Pay IC... FREE delivery Fri, 12 Jun on first order Or fastest delivery Tomorrow 8 am - 12 pm Ad",https://www.amazon.in/Matrix-Black-Functioning-Stainless-Analog/dp/B0BNHD7MM3/ref=sr_1_5?dib=eyJ2IjoiMSJ9.0HCAKqzW1C1uLSdCwiMdjoC3MkX_hRJ3nu4fa0m5yBoVqPx4T8TcaCGRqU0k88Bh1XDI1gWRy2RwBcUhQ03-gVYeCEN2udRRaMUNtVAnCknnSyOwjTBmfrr55qvzS41AvXEN0dEJyU8b-KlZ8iAtDrnRCZ-HhTSi81HqymZWDCwJVa9h1NpT2h3LV1RDUIQ5EaeQfhSYG-PhW5r3Zk-Y4beLTnU0ImSNe8PK-c2fcOwJhjrlVNNJsSgncZW4qTQMEU-nIF0-Frh2GveRvjESlWN2DbnUXylT-CjlmSxKjQI.f1dbkixm88xQlsnpQHKuixQZVHgUQc5oQy6ZVzZPC94&dib_tag=se&keywords=watches&qid=1781073342&sr=8-5
Amazon,watches,1,AMERICANVIBER,₹298.00,"₹2,599",(89% off),No,4.0,None,False,True,False,"Amazon's Choice for ""watches"" AMERICANVIBER Men's Silver, Watch with Stainless Steel Band | Water-Resistant Analog Dress & Casual Wristwatch 4.0 4.0 out of 5 stars (344) 1K+ bought in past month Price, product page ₹298 ₹ 298 M.R.P: ₹2,599 M.R.P: ₹2,599 ₹2,599 (89% off) Save 3% 3% off coupon applied Save 3% with coupon FREE delivery Sat, 13 Jun Add to cart",https://www.amazon.in/AMERICANVIBER-Silver-Stainless-Water-Resistant-Wristwatch/dp/B0FPBGQ125/ref=sr_1_6?dib=eyJ2IjoiMSJ9.0HCAKqzW1C1uLSdCwiMdjoC3MkX_hRJ3nu4fa0m5yBoVqPx4T8TcaCGRqU0k88Bh1XDI1gWRy2RwBcUhQ03-gVYeCEN2udRRaMUNtVAnCknnSyOwjTBmfrr55qvzS41AvXEN0dEJyU8b-KlZ8iAtDrnRCZ-HhTSi81HqymZWDCwJVa9h1NpT2h3LV1RDUIQ5EaeQfhSYG-PhW5r3Zk-Y4beLTnU0ImSNe8PK-c2fcOwJhjrlVNNJsSgncZW4qTQMEU-nIF0-Frh2GveRvjESlWN2DbnUXylT-CjlmSxKjQI.f1dbkixm88xQlsnpQHKuixQZVHgUQc5oQy6ZVzZPC94&dib_tag=se&keywords=watches&qid=1781073342&sr=8-6
Amazon,watches,1,Acnos,₹365.00,"₹1,999",(82% off),No,3.9,Limited time deal,True,True,False,"Acnos Multi-Color Premium Chronograph Design Leather Analog Combo Watches For Men And Watches, Boys (Pack Of 3) 3.9 3.9 out of 5 stars (1K) 200+ bought in past month Limited time deal Price, product page ₹365 ₹ 365 M.R.P: ₹1,999 M.R.P: ₹1,999 ₹1,999 (82% off) Save 5% 5% off coupon applied Save 5% with coupon FREE delivery Fri, 12 Jun on first order Or fastest delivery Tomorrow 8 am - 12 pm Add to ",https://www.amazon.in/Acnos%C2%AE-Premium-Chronograph-Design-Watches/dp/B085FRWFZX/ref=sr_1_8?dib=eyJ2IjoiMSJ9.0HCAKqzW1C1uLSdCwiMdjoC3MkX_hRJ3nu4fa0m5yBoVqPx4T8TcaCGRqU0k88Bh1XDI1gWRy2RwBcUhQ03-gVYeCEN2udRRaMUNtVAnCknnSyOwjTBmfrr55qvzS41AvXEN0dEJyU8b-KlZ8iAtDrnRCZ-HhTSi81HqymZWDCwJVa9h1NpT2h3LV1RDUIQ5EaeQfhSYG-PhW5r3Zk-Y4beLTnU0ImSNe8PK-c2fcOwJhjrlVNNJsSgncZW4qTQMEU-nIF0-Frh2GveRvjESlWN2DbnUXylT-CjlmSxKjQI.f1dbkixm88xQlsnpQHKuixQZVHgUQc5oQy6ZVzZPC94&dib_tag=se&keywords=watches&qid=1781073342&sr=8-8
Amazon,watches,1,Fastrack,₹895.00,N/A,N/A,N/A,4.3,None,False,False,False,"Fastrack Tees Analog Grey Dial Unisex-Adult Watch-68011PP08 4.3 4.3 out of 5 stars (2.7K) 2K+ bought in past month Price, product page ₹895 ₹ 895 Up to 5% back with Amazon Pay ICICI card Up to 5% back with Amazon Pay IC... FREE delivery Fri, 12 Jun Or fastest delivery Tomorrow 8 am - 12 pm Add to cart",https://www.amazon.in/Fastrack-Tees-Analog-Unisex-Adult-Watch-68011PP08/dp/B099WR4WHC/ref=sr_1_9?dib=eyJ2IjoiMSJ9.0HCAKqzW1C1uLSdCwiMdjoC3MkX_hRJ3nu4fa0m5yBoVqPx4T8TcaCGRqU0k88Bh1XDI1gWRy2RwBcUhQ03-gVYeCEN2udRRaMUNtVAnCknnSyOwjTBmfrr55qvzS41AvXEN0dEJyU8b-KlZ8iAtDrnRCZ-HhTSi81HqymZWDCwJVa9h1NpT2h3LV1RDUIQ5EaeQfhSYG-PhW5r3Zk-Y4beLTnU0ImSNe8PK-c2fcOwJhjrlVNNJsSgncZW4qTQMEU-nIF0-Frh2GveRvjESlWN2DbnUXylT-CjlmSxKjQI.f1dbkixm88xQlsnpQHKuixQZVHgUQc5oQy6ZVzZPC94&dib_tag=se&keywords=watches&qid=1781073342&sr=8-9
Amazon,watches,1,Casio,₹1894.00,"₹1,895",N/A,No,4.4,None,False,False,False,"Casio Vintage A-158WA-1Q Digital Grey Dial Unisex Watch Silver Metal Strap (D011) 4.4 4.4 out of 5 stars (57.1K) 5K+ bought in past month Price, product page ₹1,894 ₹ 1,894 M.R.P: ₹1,895 M.R.P: ₹1,895 ₹1,895 Up to 5% back with Amazon Pay ICICI card Up to 5% back with Amazon Pay IC... FREE delivery Sat, 13 Jun Or fastest delivery Today 4 pm - 8 pm Add to cart",https://www.amazon.in/Casio-Vintage-Digital-Grey-Watch-A158WA-1Q/dp/B000GAYQJ0/ref=sr_1_10?dib=eyJ2IjoiMSJ9.0HCAKqzW1C1uLSdCwiMdjoC3MkX_hRJ3nu4fa0m5yBoVqPx4T8TcaCGRqU0k88Bh1XDI1gWRy2RwBcUhQ03-gVYeCEN2udRRaMUNtVAnCknnSyOwjTBmfrr55qvzS41AvXEN0dEJyU8b-KlZ8iAtDrnRCZ-HhTSi81HqymZWDCwJVa9h1NpT2h3LV1RDUIQ5EaeQfhSYG-PhW5r3Zk-Y4beLTnU0ImSNe8PK-c2fcOwJhjrlVNNJsSgncZW4qTQMEU-nIF0-Frh2GveRvjESlWN2DbnUXylT-CjlmSxKjQI.f1dbkixm88xQlsnpQHKuixQZVHgUQc5oQy6ZVzZPC94&dib_tag=se&keywords=watches&qid=1781073342&sr=8-10
Amazon,watches,1,Titan,₹1695.00,"₹1,995",(15% off),No,4.4,None,False,False,False,"Titan Karishma Analog Black Dial Men's Watch -NM1639SM02 / NL1639SM02 4.4 4.4 out of 5 stars (3.4K) 2K+ bought in past month Price, product page ₹1,695 ₹ 1,695 M.R.P: ₹1,995 M.R.P: ₹1,995 ₹1,995 (15% off) Up to 5% back with Amazon Pay ICICI card Up to 5% back with Amazon Pay IC... FREE delivery Fri, 12 Jun Or fastest delivery Today 4 pm - 8 pm Add to cart",https://www.amazon.in/Titan-Karishma-Stainless-Watch-NL1639SM02-NN1639SM02/dp/B00ISNVQMW/ref=sr_1_11?dib=eyJ2IjoiMSJ9.0HCAKqzW1C1uLSdCwiMdjoC3MkX_hRJ3nu4fa0m5yBoVqPx4T8TcaCGRqU0k88Bh1XDI1gWRy2RwBcUhQ03-gVYeCEN2udRRaMUNtVAnCknnSyOwjTBmfrr55qvzS41AvXEN0dEJyU8b-KlZ8iAtDrnRCZ-HhTSi81HqymZWDCwJVa9h1NpT2h3LV1RDUIQ5EaeQfhSYG-PhW5r3Zk-Y4beLTnU0ImSNe8PK-c2fcOwJhjrlVNNJsSgncZW4qTQMEU-nIF0-Frh2GveRvjESlWN2DbnUXylT-CjlmSxKjQI.f1dbkixm88xQlsnpQHKuixQZVHgUQc5oQy6ZVzZPC94&dib_tag=se&keywords=watches&qid=1781073342&sr=8-11
Amazon,watches,1,SELLORIA,₹179.00,"₹1,499",(88% off),No,3.8,Limited time deal,True,True,False,"SELLORIA Silicone Digital Watch Shockproof Multi-Functional Automatic Black Color Strap Waterproof Digital Sports Watch for Men Pack of 1, Water Resistance 3.8 3.8 out of 5 stars (1.9K) 1K+ bought in past month Limited time deal Price, product page ₹179 ₹ 179 M.R.P: ₹1,499 M.R.P: ₹1,499 ₹1,499 (88% off) Save 3% 3% off coupon applied Save 3% with coupon FREE delivery Sun, 14 Jun on first order Add ",https://www.amazon.in/SELLORIA-Shockproof-Multi-Functional-Waterproof-Resistance/dp/B09CHJ5RWK/ref=sr_1_12?dib=eyJ2IjoiMSJ9.0HCAKqzW1C1uLSdCwiMdjoC3MkX_hRJ3nu4fa0m5yBoVqPx4T8TcaCGRqU0k88Bh1XDI1gWRy2RwBcUhQ03-gVYeCEN2udRRaMUNtVAnCknnSyOwjTBmfrr55qvzS41AvXEN0dEJyU8b-KlZ8iAtDrnRCZ-HhTSi81HqymZWDCwJVa9h1NpT2h3LV1RDUIQ5EaeQfhSYG-PhW5r3Zk-Y4beLTnU0ImSNe8PK-c2fcOwJhjrlVNNJsSgncZW4qTQMEU-nIF0-Frh2GveRvjESlWN2DbnUXylT-CjlmSxKjQI.f1dbkixm88xQlsnpQHKuixQZVHgUQc5oQy6ZVzZPC94&dib_tag=se&keywords=watches&qid=1781073342&sr=8-12
Amazon,watches,1,TIMEX,₹1044.00,"₹1,895",(45% off),No,4.1,Limited time deal,True,False,False,"TIMEX Classics Analog Watch for Men with Round Dial & Water Resistant Man's Wrist Watches 4.1 4.1 out of 5 stars (24.5K) 1K+ bought in past month Limited time deal Price, product page ₹1,044 ₹ 1,044 M.R.P: ₹1,895 M.R.P: ₹1,895 ₹1,895 (45% off) Up to 5% back with Amazon Pay ICICI card Up to 5% back with Amazon Pay IC... FREE delivery Fri, 12 Jun Or fastest delivery Today 4 pm - 8 pm Add to cart",https://www.amazon.in/TIMEX-Leather-Tw00Zr262E-Color-Brown-Color-Blue/dp/B07H3K85H5/ref=sr_1_13?dib=eyJ2IjoiMSJ9.0HCAKqzW1C1uLSdCwiMdjoC3MkX_hRJ3nu4fa0m5yBoVqPx4T8TcaCGRqU0k88Bh1XDI1gWRy2RwBcUhQ03-gVYeCEN2udRRaMUNtVAnCknnSyOwjTBmfrr55qvzS41AvXEN0dEJyU8b-KlZ8iAtDrnRCZ-HhTSi81HqymZWDCwJVa9h1NpT2h3LV1RDUIQ5EaeQfhSYG-PhW5r3Zk-Y4beLTnU0ImSNe8PK-c2fcOwJhjrlVNNJsSgncZW4qTQMEU-nIF0-Frh2GveRvjESlWN2DbnUXylT-CjlmSxKjQI.f1dbkixm88xQlsnpQHKuixQZVHgUQc5oQy6ZVzZPC94&dib_tag=se&keywords=watches&qid=1781073342&sr=8-13
Amazon,watches,1,Titan,₹3625.00,"₹3,995",(9% off),No,4.2,None,False,False,False,"Titan Titan Minimalist Quartz Analog with Date Black Dial Black Metal Strap Watch For Men - NT1806NM01 4.2 4.2 out of 5 stars (854) 800+ bought in past month Price, product page ₹3,625 ₹ 3,625 M.R.P: ₹3,995 M.R.P: ₹3,995 ₹3,995 (9% off) Up to 5% back with Amazon Pay ICICI card Up to 5% back with Amazon Pay IC... FREE delivery Fri, 12 Jun Or fastest delivery Today 4 pm - 8 pm Add to cart",https://www.amazon.in/Titan-Analog-Black-Dial-Watch-1806NM01/dp/B091Q7JNTC/ref=sr_1_14?dib=eyJ2IjoiMSJ9.0HCAKqzW1C1uLSdCwiMdjoC3MkX_hRJ3nu4fa0m5yBoVqPx4T8TcaCGRqU0k88Bh1XDI1gWRy2RwBcUhQ03-gVYeCEN2udRRaMUNtVAnCknnSyOwjTBmfrr55qvzS41AvXEN0dEJyU8b-KlZ8iAtDrnRCZ-HhTSi81HqymZWDCwJVa9h1NpT2h3LV1RDUIQ5EaeQfhSYG-PhW5r3Zk-Y4beLTnU0ImSNe8PK-c2fcOwJhjrlVNNJsSgncZW4qTQMEU-nIF0-Frh2GveRvjESlWN2DbnUXylT-CjlmSxKjQI.f1dbkixm88xQlsnpQHKuixQZVHgUQc5oQy6ZVzZPC94&dib_tag=se&keywords=watches&qid=1781073342&sr=8-14
Amazon,watches,1,Fastrack,₹945.00,₹995,(5% off),No,4.1,None,False,False,False,"Fastrack Analog Unisex-Adult Watch 4.1 4.1 out of 5 stars (15.8K) 1K+ bought in past month Price, product page ₹945 ₹ 945 M.R.P: ₹995 M.R.P: ₹995 ₹995 (5% off) Up to 5% back with Amazon Pay ICICI card Up to 5% back with Amazon Pay IC... FREE delivery Fri, 12 Jun Or fastest delivery Today 4 pm - 8 pm Add to cart",https://www.amazon.in/Fastrack-Analog-Black-Unisex-Adult-Watch-38024PP25/dp/B099WNYHY2/ref=sr_1_15?dib=eyJ2IjoiMSJ9.0HCAKqzW1C1uLSdCwiMdjoC3MkX_hRJ3nu4fa0m5yBoVqPx4T8TcaCGRqU0k88Bh1XDI1gWRy2RwBcUhQ03-gVYeCEN2udRRaMUNtVAnCknnSyOwjTBmfrr55qvzS41AvXEN0dEJyU8b-KlZ8iAtDrnRCZ-HhTSi81HqymZWDCwJVa9h1NpT2h3LV1RDUIQ5EaeQfhSYG-PhW5r3Zk-Y4beLTnU0ImSNe8PK-c2fcOwJhjrlVNNJsSgncZW4qTQMEU-nIF0-Frh2GveRvjESlWN2DbnUXylT-CjlmSxKjQI.f1dbkixm88xQlsnpQHKuixQZVHgUQc5oQy6ZVzZPC94&dib_tag=se&keywords=watches&qid=1781073342&sr=8-15
Amazon,watches,1,Fire-Boltt,₹1599.00,"₹14,999",(89% off),No,4.0,None,False,True,False,"Fire-Boltt Fire-Boltt Talk Round Smart Watch 1.39″ TFT Display with Bluetooth Calling, Dual Button, Voice Assistance, SPO₂ & Heart Rate Monitor, 120+ Sports Modes, Metal Smartwatch for Men & Women - Silver 4.0 4.0 out of 5 stars (61.8K) 1K+ bought in past month Price, product page ₹1,599 ₹ 1,599 M.R.P: ₹14,999 M.R.P: ₹14,999 ₹14,999 (89% off) Up to 5% back with Amazon Pay ICICI card Up to 5% back ",https://www.amazon.in/Fire-Boltt-Stainless-Bluetooth-Monitoring-Assistant/dp/B0CG1VX5P4/ref=sr_1_16?dib=eyJ2IjoiMSJ9.0HCAKqzW1C1uLSdCwiMdjoC3MkX_hRJ3nu4fa0m5yBoVqPx4T8TcaCGRqU0k88Bh1XDI1gWRy2RwBcUhQ03-gVYeCEN2udRRaMUNtVAnCknnSyOwjTBmfrr55qvzS41AvXEN0dEJyU8b-KlZ8iAtDrnRCZ-HhTSi81HqymZWDCwJVa9h1NpT2h3LV1RDUIQ5EaeQfhSYG-PhW5r3Zk-Y4beLTnU0ImSNe8PK-c2fcOwJhjrlVNNJsSgncZW4qTQMEU-nIF0-Frh2GveRvjESlWN2DbnUXylT-CjlmSxKjQI.f1dbkixm88xQlsnpQHKuixQZVHgUQc5oQy6ZVzZPC94&dib_tag=se&keywords=watches&qid=1781073342&sr=8-16
Amazon,watches,1,boAt,₹1399.00,"₹6,999",(80% off),No,4.1,None,False,True,False,"boAt Boat Wave Call 3 Smartwatch 1.83” HD Display with Animated Watch Faces; BT Calling, Functional Crown, Multiple Sports Modes, IP68, HR, SpO2 Monitor, Smart Watches for Men & Women (Spring Blossom) 4.1 4.1 out of 5 stars (26K) 1K+ bought in past month Price, product page ₹1,399 ₹ 1,399 M.R.P: ₹6,999 M.R.P: ₹6,999 ₹6,999 (80% off) Up to 5% back with Amazon Pay ICICI card Up to 5% back with Amazo",https://www.amazon.in/Wave-Smartwatch-Animated-Functional-Multiple/dp/B0FLF38P8G/ref=sr_1_17?dib=eyJ2IjoiMSJ9.0HCAKqzW1C1uLSdCwiMdjoC3MkX_hRJ3nu4fa0m5yBoVqPx4T8TcaCGRqU0k88Bh1XDI1gWRy2RwBcUhQ03-gVYeCEN2udRRaMUNtVAnCknnSyOwjTBmfrr55qvzS41AvXEN0dEJyU8b-KlZ8iAtDrnRCZ-HhTSi81HqymZWDCwJVa9h1NpT2h3LV1RDUIQ5EaeQfhSYG-PhW5r3Zk-Y4beLTnU0ImSNe8PK-c2fcOwJhjrlVNNJsSgncZW4qTQMEU-nIF0-Frh2GveRvjESlWN2DbnUXylT-CjlmSxKjQI.f1dbkixm88xQlsnpQHKuixQZVHgUQc5oQy6ZVzZPC94&dib_tag=se&keywords=watches&qid=1781073342&sr=8-17
Amazon,watches,1,Casio,₹2995.00,N/A,N/A,N/A,4.4,None,False,False,False,"Casio Casio Enticer Analog Black Dial Men's Watch (MTP-VD01D-1EVUDF, A1362, Silver) 4.4 4.4 out of 5 stars (9.7K) 400+ bought in past month Price, product page ₹2,995 ₹ 2,995 Up to 5% back with Amazon Pay ICICI card Up to 5% back with Amazon Pay IC... FREE delivery 14 - 15 Jun Add to cart",https://www.amazon.in/Casio-Enticer-Analog-Watch-MTP-VD01D-1EVUDF-A1362/dp/B07C9GY2YY/ref=sr_1_18?dib=eyJ2IjoiMSJ9.0HCAKqzW1C1uLSdCwiMdjoC3MkX_hRJ3nu4fa0m5yBoVqPx4T8TcaCGRqU0k88Bh1XDI1gWRy2RwBcUhQ03-gVYeCEN2udRRaMUNtVAnCknnSyOwjTBmfrr55qvzS41AvXEN0dEJyU8b-KlZ8iAtDrnRCZ-HhTSi81HqymZWDCwJVa9h1NpT2h3LV1RDUIQ5EaeQfhSYG-PhW5r3Zk-Y4beLTnU0ImSNe8PK-c2fcOwJhjrlVNNJsSgncZW4qTQMEU-nIF0-Frh2GveRvjESlWN2DbnUXylT-CjlmSxKjQI.f1dbkixm88xQlsnpQHKuixQZVHgUQc5oQy6ZVzZPC94&dib_tag=se&keywords=watches&qid=1781073342&sr=8-18
Amazon,watches,1,London Fog,₹1399.00,"₹2,950",(53% off),No,4.3,None,False,False,False,"London Fog Regent Collection Analog Quartz Watch for Men with Round Dial and Stainless Steel Strap, Metal Case, Date Display, Luminous Hands & Hour Markers, Water Resistant 4.3 4.3 out of 5 stars (155) 500+ bought in past month Price, product page ₹1,399 ₹ 1,399 M.R.P: ₹2,950 M.R.P: ₹2,950 ₹2,950 (53% off) Up to 5% back with Amazon Pay ICICI card Up to 5% back with Amazon Pay IC... FREE delivery F",https://www.amazon.in/London-Fog-Collection-Stainless-Resistant/dp/B0GKGL6MM6/ref=sr_1_19?dib=eyJ2IjoiMSJ9.0HCAKqzW1C1uLSdCwiMdjoC3MkX_hRJ3nu4fa0m5yBoVqPx4T8TcaCGRqU0k88Bh1XDI1gWRy2RwBcUhQ03-gVYeCEN2udRRaMUNtVAnCknnSyOwjTBmfrr55qvzS41AvXEN0dEJyU8b-KlZ8iAtDrnRCZ-HhTSi81HqymZWDCwJVa9h1NpT2h3LV1RDUIQ5EaeQfhSYG-PhW5r3Zk-Y4beLTnU0ImSNe8PK-c2fcOwJhjrlVNNJsSgncZW4qTQMEU-nIF0-Frh2GveRvjESlWN2DbnUXylT-CjlmSxKjQI.f1dbkixm88xQlsnpQHKuixQZVHgUQc5oQy6ZVzZPC94&dib_tag=se&keywords=watches&qid=1781073342&sr=8-19
Amazon,watches,1,Samsung,₹42999.00,"₹69,999",(39% off),No,4.5,None,False,False,False,"Samsung Samsung Galaxy Watch Ultra (47mm, LTE, Silver) with Upto 100h battery | 3nm Processor | Dual GPS | Quick Button/Siren | Sapphire Glass & Titanium | 10ATM & IP68 | BP & ECG Monitor |Energy Score & AGEs 4.5 4.5 out of 5 stars (157) Price, product page ₹42,999 ₹ 42,999 M.R.P: ₹69,999 M.R.P: ₹69,999 ₹69,999 (39% off) Up to 5% back with Amazon Pay ICICI card Up to 5% back with Amazon Pay IC... ",https://www.amazon.in/Samsung-Watch-Ultra-Silver-Processor/dp/B0DKFTDXMK/ref=sr_1_20?dib=eyJ2IjoiMSJ9.0HCAKqzW1C1uLSdCwiMdjoC3MkX_hRJ3nu4fa0m5yBoVqPx4T8TcaCGRqU0k88Bh1XDI1gWRy2RwBcUhQ03-gVYeCEN2udRRaMUNtVAnCknnSyOwjTBmfrr55qvzS41AvXEN0dEJyU8b-KlZ8iAtDrnRCZ-HhTSi81HqymZWDCwJVa9h1NpT2h3LV1RDUIQ5EaeQfhSYG-PhW5r3Zk-Y4beLTnU0ImSNe8PK-c2fcOwJhjrlVNNJsSgncZW4qTQMEU-nIF0-Frh2GveRvjESlWN2DbnUXylT-CjlmSxKjQI.f1dbkixm88xQlsnpQHKuixQZVHgUQc5oQy6ZVzZPC94&dib_tag=se&keywords=watches&qid=1781073342&sr=8-20
Amazon,watches,1,boAt,₹1499.00,"₹8,499",(82% off),No,3.8,None,False,True,True,"Sponsored Sponsored You are seeing this ad based on the product’s relevance to your search query. Let us know boAt Boat Lunar Discovery w/ 1.39"" (3.5 cm) HD Display, Turn-by-Turn Navigation, DIY Watch Face Studio, Bluetooth Calling, Emergency SOS, QR Tray, Smart Watch for Men & Women(Brown) 3.8 3.8 out of 5 stars (5.7K) 200+ bought in past month Price, product page ₹1,499 ₹ 1,499 M.R.P: ₹8,499 M.R",https://www.amazon.in/sspa/click?ie=UTF8&spc=MTo4ODU4MTIzOTA4NjI5NzQ1OjE3ODEwNzMzNDI6c3BfbXRmOjMwMDk5NDE1NjUwMTEzMjo6MDo6&url=%2FboAt-Lunar-Discovery-Navigation-Bluetooth%2Fdp%2FB0DFYKMR8T%2Fref%3Dsr_1_21_sspa%3Fdib%3DeyJ2IjoiMSJ9.0HCAKqzW1C1uLSdCwiMdjoC3MkX_hRJ3nu4fa0m5yBoVqPx4T8TcaCGRqU0k88Bh1XDI1gWRy2RwBcUhQ03-gVYeCEN2udRRaMUNtVAnCknnSyOwjTBmfrr55qvzS41AvXEN0dEJyU8b-KlZ8iAtDrnRCZ-HhTSi81HqymZWDCwJVa9h1NpT2h3LV1RDUIQ5EaeQfhSYG-PhW5r3Zk-Y4beLTnU0ImSNe8PK-c2fcOwJhjrlVNNJsSgncZW4qTQMEU-nIF0-Frh2GveRvjESlWN2DbnUXylT-CjlmSxKjQI.f1dbkixm88xQlsnpQHKuixQZVHgUQc5oQy6ZVzZPC94%26dib_tag%3Dse%26keywords%3Dwatches%26qid%3D1781073342%26sr%3D8-21-spons%26aref%3DpaH8ditueh%26sp_csd%3Dd2lkZ2V0TmFtZT1zcF9tdGY%26psc%3D1&aref=paH8ditueh&sp_cr=ZAZ
Amazon,watches,1,Fire-Boltt,₹1199.00,"₹14,999",(92% off),No,3.9,None,False,True,True,"Sponsored Sponsored You are seeing this ad based on the product’s relevance to your search query. Let us know Fire-Boltt Fire-Boltt Ninja Call Pro Max Bluetooth Calling Smart Watch, 2.01"" HD Display, 120+ Sports Modes, Health Suite, AI Voice Assistance, SpO2 & Heart Rate Monitor Smartwatch for Men & Women - Grey 3.9 3.9 out of 5 stars (1.3L) 500+ bought in past month Price, product page ₹1,199 ₹ 1",https://www.amazon.in/sspa/click?ie=UTF8&spc=MTo4ODU4MTIzOTA4NjI5NzQ1OjE3ODEwNzMzNDI6c3BfbXRmOjMwMDQ0NzE3NjY5OTUzMjo6MDo6&url=%2FFire-Boltt-Launched-Display-Bluetooth-Assistance%2Fdp%2FB0C496V772%2Fref%3Dsr_1_22_sspa%3Fdib%3DeyJ2IjoiMSJ9.0HCAKqzW1C1uLSdCwiMdjoC3MkX_hRJ3nu4fa0m5yBoVqPx4T8TcaCGRqU0k88Bh1XDI1gWRy2RwBcUhQ03-gVYeCEN2udRRaMUNtVAnCknnSyOwjTBmfrr55qvzS41AvXEN0dEJyU8b-KlZ8iAtDrnRCZ-HhTSi81HqymZWDCwJVa9h1NpT2h3LV1RDUIQ5EaeQfhSYG-PhW5r3Zk-Y4beLTnU0ImSNe8PK-c2fcOwJhjrlVNNJsSgncZW4qTQMEU-nIF0-Frh2GveRvjESlWN2DbnUXylT-CjlmSxKjQI.f1dbkixm88xQlsnpQHKuixQZVHgUQc5oQy6ZVzZPC94%26dib_tag%3Dse%26keywords%3Dwatches%26qid%3D1781073342%26sr%3D8-22-spons%26aref%3DE3YqWhNiGU%26sp_csd%3Dd2lkZ2V0TmFtZT1zcF9tdGY%26psc%3D1&aref=E3YqWhNiGU&sp_cr=ZAZ
Amazon,watches,1,GOBOULT,₹2999.00,"₹8,999",(67% off),No,4.3,None,False,False,True,"Sponsored Sponsored You are seeing this ad based on the product’s relevance to your search query. Let us know GOBOULT GOBOULT Saber Smart Watch 1.43'' AMOLED Display, Functional Rotating Bezel, AOD, BT Calling, 200+Watchfaces, 700 Nits Brightness, AI Voice Assistant, SpO2 Monitoring, 120+ Sports Mode (Titanium) 4.3 4.3 out of 5 stars (206) 100+ bought in past month Price, product page ₹2,999 ₹ 2,9",https://www.amazon.in/sspa/click?ie=UTF8&spc=MTo4ODU4MTIzOTA4NjI5NzQ1OjE3ODEwNzMzNDI6c3BfbXRmOjMwMTEzMTgyNjA2MzQzMjo6MDo6&url=%2FGOBOULT-Saber-Functional-Watchfaces-Brightness%2Fdp%2FB0G3PVS17V%2Fref%3Dsr_1_24_sspa%3Fdib%3DeyJ2IjoiMSJ9.0HCAKqzW1C1uLSdCwiMdjoC3MkX_hRJ3nu4fa0m5yBoVqPx4T8TcaCGRqU0k88Bh1XDI1gWRy2RwBcUhQ03-gVYeCEN2udRRaMUNtVAnCknnSyOwjTBmfrr55qvzS41AvXEN0dEJyU8b-KlZ8iAtDrnRCZ-HhTSi81HqymZWDCwJVa9h1NpT2h3LV1RDUIQ5EaeQfhSYG-PhW5r3Zk-Y4beLTnU0ImSNe8PK-c2fcOwJhjrlVNNJsSgncZW4qTQMEU-nIF0-Frh2GveRvjESlWN2DbnUXylT-CjlmSxKjQI.f1dbkixm88xQlsnpQHKuixQZVHgUQc5oQy6ZVzZPC94%26dib_tag%3Dse%26keywords%3Dwatches%26qid%3D1781073342%26sr%3D8-24-spons%26aref%3DLvzztedRVP%26sp_csd%3Dd2lkZ2V0TmFtZT1zcF9tdGY%26psc%3D1&aref=LvzztedRVP&sp_cr=ZAZ
Amazon,watches,1,Casio,₹3995.00,N/A,N/A,N/A,4.5,None,False,False,False,"Casio Casio Enticer Men Analog Green Dial Men MTP-1302PD-3AVEF (A2262) 4.5 4.5 out of 5 stars (11.9K) 600+ bought in past month Price, product page ₹3,995 ₹ 3,995 Up to 5% back with Amazon Pay ICICI card Up to 5% back with Amazon Pay IC... FREE delivery Fri, 12 Jun Or fastest delivery Today 4 pm - 8 pm Add to cart",https://www.amazon.in/Casio-Enticer-Analog-Green-MTP-1302PD-3AVEF/dp/B0BRP4LVN2/ref=sr_1_25?dib=eyJ2IjoiMSJ9.0HCAKqzW1C1uLSdCwiMdjoC3MkX_hRJ3nu4fa0m5yBoVqPx4T8TcaCGRqU0k88Bh1XDI1gWRy2RwBcUhQ03-gVYeCEN2udRRaMUNtVAnCknnSyOwjTBmfrr55qvzS41AvXEN0dEJyU8b-KlZ8iAtDrnRCZ-HhTSi81HqymZWDCwJVa9h1NpT2h3LV1RDUIQ5EaeQfhSYG-PhW5r3Zk-Y4beLTnU0ImSNe8PK-c2fcOwJhjrlVNNJsSgncZW4qTQMEU-nIF0-Frh2GveRvjESlWN2DbnUXylT-CjlmSxKjQI.f1dbkixm88xQlsnpQHKuixQZVHgUQc5oQy6ZVzZPC94&dib_tag=se&keywords=watches&qid=1781073342&sr=8-25
Amazon,watches,1,Fastrack,₹1494.00,N/A,N/A,N/A,4.4,None,False,False,False,"Fastrack Fastrack Men Stunners Quartz Analog Blue Dial Silver Metal Strap Watch - 3278SM03 4.4 4.4 out of 5 stars (369) 900+ bought in past month Price, product page ₹1,494 ₹ 1,494 Up to 5% back with Amazon Pay ICICI card Up to 5% back with Amazon Pay IC... FREE delivery Fri, 12 Jun Or fastest delivery Today 4 pm - 8 pm Add to cart",https://www.amazon.in/Fastrack-Analog-Blue-Casual-Watch/dp/B0C1C3Y31H/ref=sr_1_26?dib=eyJ2IjoiMSJ9.0HCAKqzW1C1uLSdCwiMdjoC3MkX_hRJ3nu4fa0m5yBoVqPx4T8TcaCGRqU0k88Bh1XDI1gWRy2RwBcUhQ03-gVYeCEN2udRRaMUNtVAnCknnSyOwjTBmfrr55qvzS41AvXEN0dEJyU8b-KlZ8iAtDrnRCZ-HhTSi81HqymZWDCwJVa9h1NpT2h3LV1RDUIQ5EaeQfhSYG-PhW5r3Zk-Y4beLTnU0ImSNe8PK-c2fcOwJhjrlVNNJsSgncZW4qTQMEU-nIF0-Frh2GveRvjESlWN2DbnUXylT-CjlmSxKjQI.f1dbkixm88xQlsnpQHKuixQZVHgUQc5oQy6ZVzZPC94&dib_tag=se&keywords=watches&qid=1781073342&sr=8-26
Amazon,watches,1,Casio,₹1295.00,N/A,N/A,N/A,4.5,None,False,False,False,"Best seller in Watches Casio Youth Series Digital Black Dial Unisex Watch - F-91W-1Q(D002) 4.5 4.5 out of 5 stars (15.1K) 6K+ bought in past month Price, product page ₹1,295 ₹ 1,295 Up to 5% back with Amazon Pay ICICI card Up to 5% back with Amazon Pay IC... FREE delivery Mon, 15 Jun Add to cart",https://www.amazon.in/Casio-Vintage-Digital-Black-Watch/dp/B00HFPIIOI/ref=sr_1_27?dib=eyJ2IjoiMSJ9.0HCAKqzW1C1uLSdCwiMdjoC3MkX_hRJ3nu4fa0m5yBoVqPx4T8TcaCGRqU0k88Bh1XDI1gWRy2RwBcUhQ03-gVYeCEN2udRRaMUNtVAnCknnSyOwjTBmfrr55qvzS41AvXEN0dEJyU8b-KlZ8iAtDrnRCZ-HhTSi81HqymZWDCwJVa9h1NpT2h3LV1RDUIQ5EaeQfhSYG-PhW5r3Zk-Y4beLTnU0ImSNe8PK-c2fcOwJhjrlVNNJsSgncZW4qTQMEU-nIF0-Frh2GveRvjESlWN2DbnUXylT-CjlmSxKjQI.f1dbkixm88xQlsnpQHKuixQZVHgUQc5oQy6ZVzZPC94&dib_tag=se&keywords=watches&qid=1781073342&sr=8-27
Amazon,watches,1,Titan,₹2651.00,"₹2,795",(5% off),No,4.4,None,False,False,False,"Titan Titan Men's Classic Watch: Gradient Dial & Sleek Markings with Leather Strap-NS1802SL13 4.4 4.4 out of 5 stars (2.4K) 600+ bought in past month Price, product page ₹2,651 ₹ 2,651 M.R.P: ₹2,795 M.R.P: ₹2,795 ₹2,795 (5% off) Up to 5% back with Amazon Pay ICICI card Up to 5% back with Amazon Pay IC... FREE delivery Fri, 12 Jun Or fastest delivery Today 4 pm - 8 pm Add to cart",https://www.amazon.in/Titan-Analog-White-Dial-Watch-1802SL13/dp/B08JM2TNDQ/ref=sr_1_28?dib=eyJ2IjoiMSJ9.0HCAKqzW1C1uLSdCwiMdjoC3MkX_hRJ3nu4fa0m5yBoVqPx4T8TcaCGRqU0k88Bh1XDI1gWRy2RwBcUhQ03-gVYeCEN2udRRaMUNtVAnCknnSyOwjTBmfrr55qvzS41AvXEN0dEJyU8b-KlZ8iAtDrnRCZ-HhTSi81HqymZWDCwJVa9h1NpT2h3LV1RDUIQ5EaeQfhSYG-PhW5r3Zk-Y4beLTnU0ImSNe8PK-c2fcOwJhjrlVNNJsSgncZW4qTQMEU-nIF0-Frh2GveRvjESlWN2DbnUXylT-CjlmSxKjQI.f1dbkixm88xQlsnpQHKuixQZVHgUQc5oQy6ZVzZPC94&dib_tag=se&keywords=watches&qid=1781073342&sr=8-28
Amazon,watches,1,Matrix,₹275.00,"₹1,499",(82% off),No,3.6,None,False,True,False,"Matrix Sportz Digital Silicone Strap Watch for Boys & Girls 3.6 3.6 out of 5 stars (386) Price, product page ₹275 ₹ 275 M.R.P: ₹1,499 M.R.P: ₹1,499 ₹1,499 (82% off) Up to 5% back with Amazon Pay ICICI card Up to 5% back with Amazon Pay IC... FREE delivery Fri, 12 Jun on first order Or fastest delivery Tomorrow 8 am - 12 pm Add to cart",https://www.amazon.in/Matrix-Sportz-Digital-Silicone-Strap/dp/B0DXB4Z651/ref=sr_1_29?dib=eyJ2IjoiMSJ9.0HCAKqzW1C1uLSdCwiMdjoC3MkX_hRJ3nu4fa0m5yBoVqPx4T8TcaCGRqU0k88Bh1XDI1gWRy2RwBcUhQ03-gVYeCEN2udRRaMUNtVAnCknnSyOwjTBmfrr55qvzS41AvXEN0dEJyU8b-KlZ8iAtDrnRCZ-HhTSi81HqymZWDCwJVa9h1NpT2h3LV1RDUIQ5EaeQfhSYG-PhW5r3Zk-Y4beLTnU0ImSNe8PK-c2fcOwJhjrlVNNJsSgncZW4qTQMEU-nIF0-Frh2GveRvjESlWN2DbnUXylT-CjlmSxKjQI.f1dbkixm88xQlsnpQHKuixQZVHgUQc5oQy6ZVzZPC94&dib_tag=se&keywords=watches&qid=1781073342&sr=8-29
Amazon,watches,1,CIGA Design,₹183000.00,N/A,N/A,N/A,5.0,Only 1 left,True,False,False,"CIGA Design Mechanical Automatic Watch Blue Planet II · Black Star Edition, Titanium DLC Watch, Round Titanium Case, Black Hole Dial Design, Fluororubber Strap Gifts for Men and Women 5.0 5.0 out of 5 stars (1) Price, product page ₹1,83,000 ₹ 1,83,000 Up to 5% back with Amazon Pay ICICI card Up to 5% back with Amazon Pay IC... FREE delivery Sat, 13 Jun Or fastest delivery Fri, 12 Jun Only 1 left i",https://www.amazon.in/CIGA-Design-Mechanical-Automatic-Fluororubber/dp/B0FD367JCQ/ref=sr_1_30?dib=eyJ2IjoiMSJ9.0HCAKqzW1C1uLSdCwiMdjoC3MkX_hRJ3nu4fa0m5yBoVqPx4T8TcaCGRqU0k88Bh1XDI1gWRy2RwBcUhQ03-gVYeCEN2udRRaMUNtVAnCknnSyOwjTBmfrr55qvzS41AvXEN0dEJyU8b-KlZ8iAtDrnRCZ-HhTSi81HqymZWDCwJVa9h1NpT2h3LV1RDUIQ5EaeQfhSYG-PhW5r3Zk-Y4beLTnU0ImSNe8PK-c2fcOwJhjrlVNNJsSgncZW4qTQMEU-nIF0-Frh2GveRvjESlWN2DbnUXylT-CjlmSxKjQI.f1dbkixm88xQlsnpQHKuixQZVHgUQc5oQy6ZVzZPC94&dib_tag=se&keywords=watches&qid=1781073342&sr=8-30
Amazon,watches,1,Fossil,₹9096.00,"₹12,495",(27% off),No,4.3,None,False,False,False,"Fossil Fossil Chronograph Black Dial Men's Watch-CH2891 4.3 4.3 out of 5 stars (17.6K) 200+ bought in past month Price, product page ₹9,096 ₹ 9,096 M.R.P: ₹12,495 M.R.P: ₹12,495 ₹12,495 (27% off) Up to 5% back with Amazon Pay ICICI card Up to 5% back with Amazon Pay IC... FREE delivery Fri, 12 Jun Or fastest delivery Today 4 pm - 8 pm Add to cart",https://www.amazon.in/Fossil-Chronograph-Black-Dial-Watch-CH2891/dp/B00DUCIMCI/ref=sr_1_31?dib=eyJ2IjoiMSJ9.0HCAKqzW1C1uLSdCwiMdjoC3MkX_hRJ3nu4fa0m5yBoVqPx4T8TcaCGRqU0k88Bh1XDI1gWRy2RwBcUhQ03-gVYeCEN2udRRaMUNtVAnCknnSyOwjTBmfrr55qvzS41AvXEN0dEJyU8b-KlZ8iAtDrnRCZ-HhTSi81HqymZWDCwJVa9h1NpT2h3LV1RDUIQ5EaeQfhSYG-PhW5r3Zk-Y4beLTnU0ImSNe8PK-c2fcOwJhjrlVNNJsSgncZW4qTQMEU-nIF0-Frh2GveRvjESlWN2DbnUXylT-CjlmSxKjQI.f1dbkixm88xQlsnpQHKuixQZVHgUQc5oQy6ZVzZPC94&dib_tag=se&keywords=watches&qid=1781073342&sr=8-31
Amazon,watches,1,Apple,₹77999.00,"₹84,900",(8% off),No,4.4,Limited time deal,True,False,False,"Apple Apple Watch Series 11 GPS + Cellular 42mm Gold Titanium Case with Gold Milanese Loop 4.4 4.4 out of 5 stars (24) Limited time deal Price, product page ₹77,999 ₹ 77,999 M.R.P: ₹84,900 M.R.P: ₹84,900 ₹84,900 (8% off) Up to 5% back with Amazon Pay ICICI card Up to 5% back with Amazon Pay IC... FREE delivery Fri, 12 Jun Or fastest delivery Tomorrow 8 am - 12 pm See options",https://www.amazon.in/Apple-Watch-Cellular-Titanium-Milanese/dp/B0FQFL8QLN/ref=sr_1_32?dib=eyJ2IjoiMSJ9.0HCAKqzW1C1uLSdCwiMdjoC3MkX_hRJ3nu4fa0m5yBoVqPx4T8TcaCGRqU0k88Bh1XDI1gWRy2RwBcUhQ03-gVYeCEN2udRRaMUNtVAnCknnSyOwjTBmfrr55qvzS41AvXEN0dEJyU8b-KlZ8iAtDrnRCZ-HhTSi81HqymZWDCwJVa9h1NpT2h3LV1RDUIQ5EaeQfhSYG-PhW5r3Zk-Y4beLTnU0ImSNe8PK-c2fcOwJhjrlVNNJsSgncZW4qTQMEU-nIF0-Frh2GveRvjESlWN2DbnUXylT-CjlmSxKjQI.f1dbkixm88xQlsnpQHKuixQZVHgUQc5oQy6ZVzZPC94&dib_tag=se&keywords=watches&qid=1781073342&sr=8-32
Amazon,watches,1,Mathey-Tissot,₹75330.00,"₹81,000",(7% off),No,N/A,Only 2 left,True,False,False,"Mathey-Tissot Mathy-Tissot Siwss Made Mathy I Open Heart Auto Quartz White Dial Watch for Men - EF1450ATBI Price, product page ₹75,330 ₹ 75,330 M.R.P: ₹81,000 M.R.P: ₹81,000 ₹81,000 (7% off) Up to 5% back with Amazon Pay ICICI card Up to 5% back with Amazon Pay IC... FREE delivery Fri, 12 Jun Or fastest delivery Tomorrow 8 am - 12 pm Only 2 left in stock. Add to cart",https://www.amazon.in/Mathy-Tissot-Siwss-Mathy-Heart-Quartz/dp/B0GH1NFDV7/ref=sr_1_33?dib=eyJ2IjoiMSJ9.0HCAKqzW1C1uLSdCwiMdjoC3MkX_hRJ3nu4fa0m5yBoVqPx4T8TcaCGRqU0k88Bh1XDI1gWRy2RwBcUhQ03-gVYeCEN2udRRaMUNtVAnCknnSyOwjTBmfrr55qvzS41AvXEN0dEJyU8b-KlZ8iAtDrnRCZ-HhTSi81HqymZWDCwJVa9h1NpT2h3LV1RDUIQ5EaeQfhSYG-PhW5r3Zk-Y4beLTnU0ImSNe8PK-c2fcOwJhjrlVNNJsSgncZW4qTQMEU-nIF0-Frh2GveRvjESlWN2DbnUXylT-CjlmSxKjQI.f1dbkixm88xQlsnpQHKuixQZVHgUQc5oQy6ZVzZPC94&dib_tag=se&keywords=watches&qid=1781073342&sr=8-33
Amazon,watches,1,Generic,₹249.00,"₹1,249",(80% off),No,5.0,None,False,True,False,"Generic Modern Wall Clock for Living Room | Silent Non-Ticking Analog Clock | Stylish Home Decor Clock for Bedroom| Battery Operated Decorative Wall Clock CRY_Wallclock_760 5.0 5.0 out of 5 stars (1) Price, product page ₹249 ₹ 249 M.R.P: ₹1,249 M.R.P: ₹1,249 ₹1,249 (80% off) Up to 5% back with Amazon Pay ICICI card Up to 5% back with Amazon Pay IC... FREE delivery Mon, 15 Jun Add to cart",https://www.amazon.in/Non-Ticking-Stylish-Operated-Decorative-CRY_Wallclock_760/dp/B0GXV3N7MZ/ref=sr_1_34?dib=eyJ2IjoiMSJ9.0HCAKqzW1C1uLSdCwiMdjoC3MkX_hRJ3nu4fa0m5yBoVqPx4T8TcaCGRqU0k88Bh1XDI1gWRy2RwBcUhQ03-gVYeCEN2udRRaMUNtVAnCknnSyOwjTBmfrr55qvzS41AvXEN0dEJyU8b-KlZ8iAtDrnRCZ-HhTSi81HqymZWDCwJVa9h1NpT2h3LV1RDUIQ5EaeQfhSYG-PhW5r3Zk-Y4beLTnU0ImSNe8PK-c2fcOwJhjrlVNNJsSgncZW4qTQMEU-nIF0-Frh2GveRvjESlWN2DbnUXylT-CjlmSxKjQI.f1dbkixm88xQlsnpQHKuixQZVHgUQc5oQy6ZVzZPC94&dib_tag=se&keywords=watches&qid=1781073342&sr=8-34
Amazon,watches,1,Fossil,₹10146.00,"₹14,495",(30% off),No,4.3,None,False,False,False,"Fossil Fossil Grant Black Watch FS4832 4.3 4.3 out of 5 stars (2.8K) 100+ bought in past month Price, product page ₹10,146 ₹ 10,146 M.R.P: ₹14,495 M.R.P: ₹14,495 ₹14,495 (30% off) Up to 5% back with Amazon Pay ICICI card Up to 5% back with Amazon Pay IC... FREE delivery Fri, 12 Jun Or fastest delivery Today 4 pm - 8 pm Add to cart",https://www.amazon.in/Fossil-Grant-Chronograph-Analog-Black/dp/B00BEU5CTE/ref=sr_1_35?dib=eyJ2IjoiMSJ9.0HCAKqzW1C1uLSdCwiMdjoC3MkX_hRJ3nu4fa0m5yBoVqPx4T8TcaCGRqU0k88Bh1XDI1gWRy2RwBcUhQ03-gVYeCEN2udRRaMUNtVAnCknnSyOwjTBmfrr55qvzS41AvXEN0dEJyU8b-KlZ8iAtDrnRCZ-HhTSi81HqymZWDCwJVa9h1NpT2h3LV1RDUIQ5EaeQfhSYG-PhW5r3Zk-Y4beLTnU0ImSNe8PK-c2fcOwJhjrlVNNJsSgncZW4qTQMEU-nIF0-Frh2GveRvjESlWN2DbnUXylT-CjlmSxKjQI.f1dbkixm88xQlsnpQHKuixQZVHgUQc5oQy6ZVzZPC94&dib_tag=se&keywords=watches&qid=1781073342&sr=8-35
Amazon,watches,1,Titan,₹8634.00,"₹9,095",(5% off),No,4.4,None,False,False,False,"Titan Titan Bandhan Quartz Analog with Date White Dial Two Toned Silver and Rose Gold Stainless Steel Strap Watch For Couple - NT17752481KM01 4.4 4.4 out of 5 stars (306) 300+ bought in past month Price, product page ₹8,634 ₹ 8,634 M.R.P: ₹9,095 M.R.P: ₹9,095 ₹9,095 (5% off) Up to 5% back with Amazon Pay ICICI card Up to 5% back with Amazon Pay IC... FREE delivery Fri, 12 Jun Or fastest delivery T",https://www.amazon.in/Titan-Wedding-Bandhan-Unisexs-Watch-17752481KM01/dp/B07PY6CQYV/ref=sr_1_37?dib=eyJ2IjoiMSJ9.0HCAKqzW1C1uLSdCwiMdjoC3MkX_hRJ3nu4fa0m5yBoVqPx4T8TcaCGRqU0k88Bh1XDI1gWRy2RwBcUhQ03-gVYeCEN2udRRaMUNtVAnCknnSyOwjTBmfrr55qvzS41AvXEN0dEJyU8b-KlZ8iAtDrnRCZ-HhTSi81HqymZWDCwJVa9h1NpT2h3LV1RDUIQ5EaeQfhSYG-PhW5r3Zk-Y4beLTnU0ImSNe8PK-c2fcOwJhjrlVNNJsSgncZW4qTQMEU-nIF0-Frh2GveRvjESlWN2DbnUXylT-CjlmSxKjQI.f1dbkixm88xQlsnpQHKuixQZVHgUQc5oQy6ZVzZPC94&dib_tag=se&keywords=watches&qid=1781073342&sr=8-37
Amazon,watches,1,Fossil,₹9447.00,"₹13,495",(30% off),No,4.4,None,False,False,False,"Fossil Riley Analog White & Beige Dial Women's Watch -ES3466 4.4 4.4 out of 5 stars (1.2K) 100+ bought in past month Price, product page ₹9,447 ₹ 9,447 M.R.P: ₹13,495 M.R.P: ₹13,495 ₹13,495 (30% off) Up to 5% back with Amazon Pay ICICI card Up to 5% back with Amazon Pay IC... FREE delivery Fri, 12 Jun Or fastest delivery Tomorrow 8 am - 12 pm Add to cart",https://www.amazon.in/Fossil-Riley-Analog-Womens-Watch-ES3466/dp/B00HVBJ6W4/ref=sr_1_38?dib=eyJ2IjoiMSJ9.0HCAKqzW1C1uLSdCwiMdjoC3MkX_hRJ3nu4fa0m5yBoVqPx4T8TcaCGRqU0k88Bh1XDI1gWRy2RwBcUhQ03-gVYeCEN2udRRaMUNtVAnCknnSyOwjTBmfrr55qvzS41AvXEN0dEJyU8b-KlZ8iAtDrnRCZ-HhTSi81HqymZWDCwJVa9h1NpT2h3LV1RDUIQ5EaeQfhSYG-PhW5r3Zk-Y4beLTnU0ImSNe8PK-c2fcOwJhjrlVNNJsSgncZW4qTQMEU-nIF0-Frh2GveRvjESlWN2DbnUXylT-CjlmSxKjQI.f1dbkixm88xQlsnpQHKuixQZVHgUQc5oQy6ZVzZPC94&dib_tag=se&keywords=watches&qid=1781073342&sr=8-38
Amazon,watches,1,Apple,₹89900.00,N/A,N/A,N/A,5.0,None,False,False,False,"Apple Apple Watch Ultra 3 GPS + Cellular 49mm Natural Titanium Case with Light Blue Alpine Loop - Medium 5.0 5.0 out of 5 stars (5) Price, product page ₹89,900 ₹ 89,900 Save extra with No Cost EMI Save extra with No Cost EMI FREE delivery Mon, 15 Jun Or fastest delivery Tomorrow, 11 Jun Add to cart",https://www.amazon.in/Apple-Cellular-Natural-Titanium-Alpine/dp/B0FQFZQMG5/ref=sr_1_39?dib=eyJ2IjoiMSJ9.0HCAKqzW1C1uLSdCwiMdjoC3MkX_hRJ3nu4fa0m5yBoVqPx4T8TcaCGRqU0k88Bh1XDI1gWRy2RwBcUhQ03-gVYeCEN2udRRaMUNtVAnCknnSyOwjTBmfrr55qvzS41AvXEN0dEJyU8b-KlZ8iAtDrnRCZ-HhTSi81HqymZWDCwJVa9h1NpT2h3LV1RDUIQ5EaeQfhSYG-PhW5r3Zk-Y4beLTnU0ImSNe8PK-c2fcOwJhjrlVNNJsSgncZW4qTQMEU-nIF0-Frh2GveRvjESlWN2DbnUXylT-CjlmSxKjQI.f1dbkixm88xQlsnpQHKuixQZVHgUQc5oQy6ZVzZPC94&dib_tag=se&keywords=watches&qid=1781073342&sr=8-39
Amazon,watches,1,TIMEX,₹1397.00,"₹2,795",(50% off),No,4.4,None,False,False,False,"TIMEX TIMEX Analog Watch for Man with Black Round Dial & Rose Gold Stainless Steel Bracelet Band Water Resistant Men's Wrist Watches - TWTG73SMU04 4.4 4.4 out of 5 stars (304) 50+ bought in past month Price, product page ₹1,397 ₹ 1,397 M.R.P: ₹2,795 M.R.P: ₹2,795 ₹2,795 (50% off) Up to 5% back with Amazon Pay ICICI card Up to 5% back with Amazon Pay IC... FREE delivery Fri, 12 Jun Or fastest deliv",https://www.amazon.in/TIMEX-Hands-Analog-Coloured-Quartz/dp/B0C3QQR4NY/ref=sr_1_40?dib=eyJ2IjoiMSJ9.0HCAKqzW1C1uLSdCwiMdjoC3MkX_hRJ3nu4fa0m5yBoVqPx4T8TcaCGRqU0k88Bh1XDI1gWRy2RwBcUhQ03-gVYeCEN2udRRaMUNtVAnCknnSyOwjTBmfrr55qvzS41AvXEN0dEJyU8b-KlZ8iAtDrnRCZ-HhTSi81HqymZWDCwJVa9h1NpT2h3LV1RDUIQ5EaeQfhSYG-PhW5r3Zk-Y4beLTnU0ImSNe8PK-c2fcOwJhjrlVNNJsSgncZW4qTQMEU-nIF0-Frh2GveRvjESlWN2DbnUXylT-CjlmSxKjQI.f1dbkixm88xQlsnpQHKuixQZVHgUQc5oQy6ZVzZPC94&dib_tag=se&keywords=watches&qid=1781073342&sr=8-40
Amazon,watches,1,Casio,₹8995.00,N/A,N/A,N/A,4.3,None,False,False,False,"Casio G-Shock Casio GA-140-1A1DR Analog-Digital Black Dial Men Watch (G975) 4.3 4.3 out of 5 stars (868) 100+ bought in past month Price, product page ₹8,995 ₹ 8,995 Up to 5% back with Amazon Pay ICICI card Up to 5% back with Amazon Pay IC... FREE delivery Fri, 12 Jun Or fastest delivery Today 4 pm - 8 pm Add to cart",https://www.amazon.in/Casio-Analog-Digital-Black-Watch-GA-140-1A1DR-G975/dp/B07W57WXBM/ref=sr_1_41?dib=eyJ2IjoiMSJ9.0HCAKqzW1C1uLSdCwiMdjoC3MkX_hRJ3nu4fa0m5yBoVqPx4T8TcaCGRqU0k88Bh1XDI1gWRy2RwBcUhQ03-gVYeCEN2udRRaMUNtVAnCknnSyOwjTBmfrr55qvzS41AvXEN0dEJyU8b-KlZ8iAtDrnRCZ-HhTSi81HqymZWDCwJVa9h1NpT2h3LV1RDUIQ5EaeQfhSYG-PhW5r3Zk-Y4beLTnU0ImSNe8PK-c2fcOwJhjrlVNNJsSgncZW4qTQMEU-nIF0-Frh2GveRvjESlWN2DbnUXylT-CjlmSxKjQI.f1dbkixm88xQlsnpQHKuixQZVHgUQc5oQy6ZVzZPC94&dib_tag=se&keywords=watches&qid=1781073342&sr=8-41
Amazon,watches,1,Titan,₹3225.00,"₹3,695",(13% off),No,4.2,None,False,False,False,"Titan Karishma Quartz Analog with Day and Date Silver Dial Two Toned Silver and Gold Stainless Steel Strap Watch for Men - NT1774BM01 4.2 4.2 out of 5 stars (1.1K) 300+ bought in past month Price, product page ₹3,225 ₹ 3,225 M.R.P: ₹3,695 M.R.P: ₹3,695 ₹3,695 (13% off) Up to 5% back with Amazon Pay ICICI card Up to 5% back with Amazon Pay IC... FREE delivery Fri, 12 Jun Or fastest delivery Today 4",https://www.amazon.in/Titan-Karishma-Analog-Silver-Watch-1774BM01/dp/B07CQ2DBSN/ref=sr_1_43?dib=eyJ2IjoiMSJ9.0HCAKqzW1C1uLSdCwiMdjoC3MkX_hRJ3nu4fa0m5yBoVqPx4T8TcaCGRqU0k88Bh1XDI1gWRy2RwBcUhQ03-gVYeCEN2udRRaMUNtVAnCknnSyOwjTBmfrr55qvzS41AvXEN0dEJyU8b-KlZ8iAtDrnRCZ-HhTSi81HqymZWDCwJVa9h1NpT2h3LV1RDUIQ5EaeQfhSYG-PhW5r3Zk-Y4beLTnU0ImSNe8PK-c2fcOwJhjrlVNNJsSgncZW4qTQMEU-nIF0-Frh2GveRvjESlWN2DbnUXylT-CjlmSxKjQI.f1dbkixm88xQlsnpQHKuixQZVHgUQc5oQy6ZVzZPC94&dib_tag=se&keywords=watches&qid=1781073342&sr=8-43
Amazon,watches,1,Titan,₹26583.00,"₹29,695",(10% off),No,4.2,None,False,False,False,"Titan Titan Ceramic Fusion Automatic Anthracite Dial Two Toned Rose Gold and Grey Stainless Steel Bracelet Watch for Men - NT90174KD03 4.2 4.2 out of 5 stars (78) Price, product page ₹26,583 ₹ 26,583 M.R.P: ₹29,695 M.R.P: ₹29,695 ₹29,695 (10% off) Save 15% 15% off coupon applied Save 15% with coupon FREE delivery Fri, 12 Jun Or fastest delivery Tomorrow, 11 Jun Add to cart",https://www.amazon.in/Titan-Stainless-Watch-Men_90174Kd03-Bandcolor-Rose/dp/B0CSZ5HSQ7/ref=sr_1_44?dib=eyJ2IjoiMSJ9.0HCAKqzW1C1uLSdCwiMdjoC3MkX_hRJ3nu4fa0m5yBoVqPx4T8TcaCGRqU0k88Bh1XDI1gWRy2RwBcUhQ03-gVYeCEN2udRRaMUNtVAnCknnSyOwjTBmfrr55qvzS41AvXEN0dEJyU8b-KlZ8iAtDrnRCZ-HhTSi81HqymZWDCwJVa9h1NpT2h3LV1RDUIQ5EaeQfhSYG-PhW5r3Zk-Y4beLTnU0ImSNe8PK-c2fcOwJhjrlVNNJsSgncZW4qTQMEU-nIF0-Frh2GveRvjESlWN2DbnUXylT-CjlmSxKjQI.f1dbkixm88xQlsnpQHKuixQZVHgUQc5oQy6ZVzZPC94&dib_tag=se&keywords=watches&qid=1781073342&sr=8-44
Amazon,watches,1,Titan,₹5436.00,"₹6,395",(15% off),No,4.4,None,False,False,False,"Titan Workwear Quartz Multifunction Black Dial Brown Leather Strap Watch for Men - NT1733KL03 4.4 4.4 out of 5 stars (1.4K) 400+ bought in past month Price, product page ₹5,436 ₹ 5,436 M.R.P: ₹6,395 M.R.P: ₹6,395 ₹6,395 (15% off) Up to 5% back with Amazon Pay ICICI card Up to 5% back with Amazon Pay IC... FREE delivery Fri, 12 Jun Or fastest delivery Today 4 pm - 8 pm Add to cart",https://www.amazon.in/Titan-Analog-Blue-Dial-Watch/dp/B075P5L5D4/ref=sr_1_45?dib=eyJ2IjoiMSJ9.0HCAKqzW1C1uLSdCwiMdjoC3MkX_hRJ3nu4fa0m5yBoVqPx4T8TcaCGRqU0k88Bh1XDI1gWRy2RwBcUhQ03-gVYeCEN2udRRaMUNtVAnCknnSyOwjTBmfrr55qvzS41AvXEN0dEJyU8b-KlZ8iAtDrnRCZ-HhTSi81HqymZWDCwJVa9h1NpT2h3LV1RDUIQ5EaeQfhSYG-PhW5r3Zk-Y4beLTnU0ImSNe8PK-c2fcOwJhjrlVNNJsSgncZW4qTQMEU-nIF0-Frh2GveRvjESlWN2DbnUXylT-CjlmSxKjQI.f1dbkixm88xQlsnpQHKuixQZVHgUQc5oQy6ZVzZPC94&dib_tag=se&keywords=watches&qid=1781073342&sr=8-45
Amazon,watches,1,Shocknshop,₹449.00,"₹1,339",(66% off),No,3.8,Limited time deal,True,False,False,"Shocknshop Shocknshop Digital Sports Multi Functional Black Dial Watch for Men Boys -WCH79 (Blue) 3.8 3.8 out of 5 stars (738) 100+ bought in past month Limited time deal Price, product page ₹449 ₹ 449 M.R.P: ₹1,339 M.R.P: ₹1,339 ₹1,339 (66% off) Save 3% 3% off coupon applied Save 3% with coupon FREE delivery Fri, 12 Jun on first order Or fastest delivery Tomorrow 8 am - 12 pm Add to cart",https://www.amazon.in/Shocknshop-Digital-Sports-Functional-WCH79/dp/B0BVZZ6PGZ/ref=sr_1_46?dib=eyJ2IjoiMSJ9.0HCAKqzW1C1uLSdCwiMdjoC3MkX_hRJ3nu4fa0m5yBoVqPx4T8TcaCGRqU0k88Bh1XDI1gWRy2RwBcUhQ03-gVYeCEN2udRRaMUNtVAnCknnSyOwjTBmfrr55qvzS41AvXEN0dEJyU8b-KlZ8iAtDrnRCZ-HhTSi81HqymZWDCwJVa9h1NpT2h3LV1RDUIQ5EaeQfhSYG-PhW5r3Zk-Y4beLTnU0ImSNe8PK-c2fcOwJhjrlVNNJsSgncZW4qTQMEU-nIF0-Frh2GveRvjESlWN2DbnUXylT-CjlmSxKjQI.f1dbkixm88xQlsnpQHKuixQZVHgUQc5oQy6ZVzZPC94&dib_tag=se&keywords=watches&qid=1781073342&sr=8-46
Amazon,watches,1,Apple,₹42999.00,"₹49,900",(14% off),No,4.6,Limited time deal,True,False,False,"Apple Apple Watch Series 11 GPS 46mm Jet Black Aluminium Case with Black Sport Band - M/L 4.6 4.6 out of 5 stars (129) 200+ bought in past month Limited time deal Price, product page ₹42,999 ₹ 42,999 M.R.P: ₹49,900 M.R.P: ₹49,900 ₹49,900 (14% off) Up to 5% back with Amazon Pay ICICI card Up to 5% back with Amazon Pay IC... FREE delivery Fri, 12 Jun Or fastest delivery Tomorrow 8 am - 12 pm See opt",https://www.amazon.in/Apple-Watch-Black-Aluminium-Sport/dp/B0FQG8MSVT/ref=sr_1_47?dib=eyJ2IjoiMSJ9.0HCAKqzW1C1uLSdCwiMdjoC3MkX_hRJ3nu4fa0m5yBoVqPx4T8TcaCGRqU0k88Bh1XDI1gWRy2RwBcUhQ03-gVYeCEN2udRRaMUNtVAnCknnSyOwjTBmfrr55qvzS41AvXEN0dEJyU8b-KlZ8iAtDrnRCZ-HhTSi81HqymZWDCwJVa9h1NpT2h3LV1RDUIQ5EaeQfhSYG-PhW5r3Zk-Y4beLTnU0ImSNe8PK-c2fcOwJhjrlVNNJsSgncZW4qTQMEU-nIF0-Frh2GveRvjESlWN2DbnUXylT-CjlmSxKjQI.f1dbkixm88xQlsnpQHKuixQZVHgUQc5oQy6ZVzZPC94&dib_tag=se&keywords=watches&qid=1781073342&sr=8-47
Amazon,watches,1,Fastrack,₹455.95,₹995,(54% off),No,3.4,None,False,False,False,"Fastrack Fastrack Tees Zine with Black Dial Black Silicon Strap Watch for Unisex - 38037PP24W 3.4 3.4 out of 5 stars (5) Price, product page ₹455.95 ₹ 455 . 95 M.R.P: ₹995 M.R.P: ₹995 ₹995 (54% off) Up to 5% back with Amazon Pay ICICI card Up to 5% back with Amazon Pay IC... FREE delivery Fri, 12 Jun on first order Or fastest delivery Tomorrow 8 am - 12 pm Add to cart",https://www.amazon.in/Fastrack-Black-Silicon-Strap-Unisex/dp/B0GN95238K/ref=sr_1_50?dib=eyJ2IjoiMSJ9.0HCAKqzW1C1uLSdCwiMdjoC3MkX_hRJ3nu4fa0m5yBoVqPx4T8TcaCGRqU0k88Bh1XDI1gWRy2RwBcUhQ03-gVYeCEN2udRRaMUNtVAnCknnSyOwjTBmfrr55qvzS41AvXEN0dEJyU8b-KlZ8iAtDrnRCZ-HhTSi81HqymZWDCwJVa9h1NpT2h3LV1RDUIQ5EaeQfhSYG-PhW5r3Zk-Y4beLTnU0ImSNe8PK-c2fcOwJhjrlVNNJsSgncZW4qTQMEU-nIF0-Frh2GveRvjESlWN2DbnUXylT-CjlmSxKjQI.f1dbkixm88xQlsnpQHKuixQZVHgUQc5oQy6ZVzZPC94&dib_tag=se&keywords=watches&qid=1781073342&sr=8-50
Amazon,watches,1,Titan,₹7499.00,N/A,N/A,N/A,4.1,None,False,False,False,"Titan Titan AiRA 1.70"" AMOLED Metal Case Square Display Smart Watch with Silicone Strap Stress Monitoring, 1000 Nits, Functional Crown, AI Enabled, IP68 Water Resistant Upto 7 Days Battery Life - Rose Gold 4.1 4.1 out of 5 stars (98) 100+ bought in past month Price, product page ₹7,499 ₹ 7,499 Up to 5% back with Amazon Pay ICICI card Up to 5% back with Amazon Pay IC... FREE delivery Fri, 12 Jun Or",https://www.amazon.in/Titan-Silicone-Monitoring-Functional-Resistant/dp/B0FZTRZR3Z/ref=sr_1_51?dib=eyJ2IjoiMSJ9.0HCAKqzW1C1uLSdCwiMdjoC3MkX_hRJ3nu4fa0m5yBoVqPx4T8TcaCGRqU0k88Bh1XDI1gWRy2RwBcUhQ03-gVYeCEN2udRRaMUNtVAnCknnSyOwjTBmfrr55qvzS41AvXEN0dEJyU8b-KlZ8iAtDrnRCZ-HhTSi81HqymZWDCwJVa9h1NpT2h3LV1RDUIQ5EaeQfhSYG-PhW5r3Zk-Y4beLTnU0ImSNe8PK-c2fcOwJhjrlVNNJsSgncZW4qTQMEU-nIF0-Frh2GveRvjESlWN2DbnUXylT-CjlmSxKjQI.f1dbkixm88xQlsnpQHKuixQZVHgUQc5oQy6ZVzZPC94&dib_tag=se&keywords=watches&qid=1781073342&sr=8-51
Amazon,watches,1,Fossil,₹24495.00,N/A,N/A,N/A,3.9,None,False,False,False,"Fossil Fossil Bronson Black Watch ME3256 3.9 3.9 out of 5 stars (119) Price, product page ₹24,495 ₹ 24,495 Up to 5% back with Amazon Pay ICICI card Up to 5% back with Amazon Pay IC... FREE delivery Sun, 14 Jun Or fastest delivery Tomorrow, 11 Jun Add to cart",https://www.amazon.in/Fossil-Analog-Multicolor-Dial-Watch-ME3256/dp/B0CPM115R4/ref=sr_1_52?dib=eyJ2IjoiMSJ9.0HCAKqzW1C1uLSdCwiMdjoC3MkX_hRJ3nu4fa0m5yBoVqPx4T8TcaCGRqU0k88Bh1XDI1gWRy2RwBcUhQ03-gVYeCEN2udRRaMUNtVAnCknnSyOwjTBmfrr55qvzS41AvXEN0dEJyU8b-KlZ8iAtDrnRCZ-HhTSi81HqymZWDCwJVa9h1NpT2h3LV1RDUIQ5EaeQfhSYG-PhW5r3Zk-Y4beLTnU0ImSNe8PK-c2fcOwJhjrlVNNJsSgncZW4qTQMEU-nIF0-Frh2GveRvjESlWN2DbnUXylT-CjlmSxKjQI.f1dbkixm88xQlsnpQHKuixQZVHgUQc5oQy6ZVzZPC94&dib_tag=se&keywords=watches&qid=1781073342&sr=8-52
Amazon,watches,1,Fastrack,₹850.00,N/A,N/A,N/A,4.1,None,False,False,False,"Fastrack Analog Unisex-Adult Watch 4.1 4.1 out of 5 stars (15.8K) 200+ bought in past month Price, product page ₹850 ₹ 850 Up to 5% back with Amazon Pay ICICI card Up to 5% back with Amazon Pay IC... FREE delivery Fri, 12 Jun Or fastest delivery Tomorrow 8 am - 12 pm Add to cart",https://www.amazon.in/Fastrack-Mens-Analogue-Silicone-Watch/dp/B07FY9QNKF/ref=sr_1_53?dib=eyJ2IjoiMSJ9.0HCAKqzW1C1uLSdCwiMdjoC3MkX_hRJ3nu4fa0m5yBoVqPx4T8TcaCGRqU0k88Bh1XDI1gWRy2RwBcUhQ03-gVYeCEN2udRRaMUNtVAnCknnSyOwjTBmfrr55qvzS41AvXEN0dEJyU8b-KlZ8iAtDrnRCZ-HhTSi81HqymZWDCwJVa9h1NpT2h3LV1RDUIQ5EaeQfhSYG-PhW5r3Zk-Y4beLTnU0ImSNe8PK-c2fcOwJhjrlVNNJsSgncZW4qTQMEU-nIF0-Frh2GveRvjESlWN2DbnUXylT-CjlmSxKjQI.f1dbkixm88xQlsnpQHKuixQZVHgUQc5oQy6ZVzZPC94&dib_tag=se&keywords=watches&qid=1781073342&sr=8-53
Amazon,watches,1,Fossil,₹10495.00,N/A,N/A,N/A,4.3,None,False,False,False,"Fossil Men's Watch, Pearson Multifunction Stainless Steel Watch for Men 4.3 4.3 out of 5 stars (121) 50+ bought in past month Price, product page ₹10,495 ₹ 10,495 Up to 5% back with Amazon Pay ICICI card Up to 5% back with Amazon Pay IC... FREE delivery 14 - 16 Jun Add to cart",https://www.amazon.in/Fossil-Pearson-Quartz-Leather-FS6138/dp/B0FCTY5WDQ/ref=sr_1_54?dib=eyJ2IjoiMSJ9.0HCAKqzW1C1uLSdCwiMdjoC3MkX_hRJ3nu4fa0m5yBoVqPx4T8TcaCGRqU0k88Bh1XDI1gWRy2RwBcUhQ03-gVYeCEN2udRRaMUNtVAnCknnSyOwjTBmfrr55qvzS41AvXEN0dEJyU8b-KlZ8iAtDrnRCZ-HhTSi81HqymZWDCwJVa9h1NpT2h3LV1RDUIQ5EaeQfhSYG-PhW5r3Zk-Y4beLTnU0ImSNe8PK-c2fcOwJhjrlVNNJsSgncZW4qTQMEU-nIF0-Frh2GveRvjESlWN2DbnUXylT-CjlmSxKjQI.f1dbkixm88xQlsnpQHKuixQZVHgUQc5oQy6ZVzZPC94&dib_tag=se&keywords=watches&qid=1781073342&sr=8-54
Amazon,watches,1,Titan,₹6796.00,"₹7,495",(9% off),No,4.3,None,False,False,False,"Titan Neo Analog Silver Dial Men's Watch NN1733KM03/NP1733KM03 4.3 4.3 out of 5 stars (916) 100+ bought in past month Price, product page ₹6,796 ₹ 6,796 M.R.P: ₹7,495 M.R.P: ₹7,495 ₹7,495 (9% off) Up to 5% back with Amazon Pay ICICI card Up to 5% back with Amazon Pay IC... FREE delivery Fri, 12 Jun Or fastest delivery Today 4 pm - 8 pm Add to cart",https://www.amazon.in/Titan-Analog-Silver-Dial-Watch-1733KM03/dp/B0769KTM52/ref=sr_1_55?dib=eyJ2IjoiMSJ9.0HCAKqzW1C1uLSdCwiMdjoC3MkX_hRJ3nu4fa0m5yBoVqPx4T8TcaCGRqU0k88Bh1XDI1gWRy2RwBcUhQ03-gVYeCEN2udRRaMUNtVAnCknnSyOwjTBmfrr55qvzS41AvXEN0dEJyU8b-KlZ8iAtDrnRCZ-HhTSi81HqymZWDCwJVa9h1NpT2h3LV1RDUIQ5EaeQfhSYG-PhW5r3Zk-Y4beLTnU0ImSNe8PK-c2fcOwJhjrlVNNJsSgncZW4qTQMEU-nIF0-Frh2GveRvjESlWN2DbnUXylT-CjlmSxKjQI.f1dbkixm88xQlsnpQHKuixQZVHgUQc5oQy6ZVzZPC94&dib_tag=se&keywords=watches&qid=1781073342&sr=8-55
Amazon,watches,1,Generic,₹398.00,"₹1,999",(80% off),No,N/A,None,False,True,True,"Sponsored Sponsored You are seeing this ad based on the product’s relevance to your search query. Let us know Generic SMART GADGET STORE FAB196 New Flexible Butterfly Ocean Sport Bands / Straps Compatible With Apple iWatch For Men Women Unisex, Replacement Strap 49mm 45mm 44mm 42mm For iWatch Series Ultra/8/7/6/5/4/3/2/1/SE/SE2【 👉 Only Strap for Apple iWatch ⌚ Watch NOT Included 】【 COMBO OF 2 】(BL",https://www.amazon.in/sspa/click?ie=UTF8&spc=MTo4ODU4MTIzOTA4NjI5NzQ1OjE3ODEwNzMzNDI6c3BfYnRmOjMwMDk1MDkzMjk0MTEzMjo6MDo6&url=%2FFAB196-Flexible-Butterfly-Compatible-Replacement%2Fdp%2FB0D1CL52Q3%2Fref%3Dsr_1_57_sspa%3Fdib%3DeyJ2IjoiMSJ9.0HCAKqzW1C1uLSdCwiMdjoC3MkX_hRJ3nu4fa0m5yBoVqPx4T8TcaCGRqU0k88Bh1XDI1gWRy2RwBcUhQ03-gVYeCEN2udRRaMUNtVAnCknnSyOwjTBmfrr55qvzS41AvXEN0dEJyU8b-KlZ8iAtDrnRCZ-HhTSi81HqymZWDCwJVa9h1NpT2h3LV1RDUIQ5EaeQfhSYG-PhW5r3Zk-Y4beLTnU0ImSNe8PK-c2fcOwJhjrlVNNJsSgncZW4qTQMEU-nIF0-Frh2GveRvjESlWN2DbnUXylT-CjlmSxKjQI.f1dbkixm88xQlsnpQHKuixQZVHgUQc5oQy6ZVzZPC94%26dib_tag%3Dse%26keywords%3Dwatches%26qid%3D1781073342%26sr%3D8-57-spons%26aref%3DESwbkqW1Z6%26sp_csd%3Dd2lkZ2V0TmFtZT1zcF9idGY%26psc%3D1&aref=ESwbkqW1Z6&sp_cr=ZAZ
Amazon,watches,1,V2A,₹699.00,"₹1,499",(53% off),No,N/A,None,False,False,True,"Sponsored Sponsored You are seeing this ad based on the product’s relevance to your search query. Let us know V2A Nova 24202 Digital Boys Watch Age 4–8 Years | Paint Splatter Sport Design | Alarm Stopwatch Backlight Day-Date | TPU Strap | 30M Water Resistant | Gift for Children Price, product page ₹699 ₹ 699 M.R.P: ₹1,499 M.R.P: ₹1,499 ₹1,499 (53% off) Up to 5% back with Amazon Pay ICICI card Up t",https://www.amazon.in/sspa/click?ie=UTF8&spc=MTo4ODU4MTIzOTA4NjI5NzQ1OjE3ODEwNzMzNDI6c3BfYnRmOjMwMTAwODY4NjMyMDIzMjo6MDo6&url=%2FV2A-24202-Stopwatch-Backlight-Resistant%2Fdp%2FB0GRW6JRF7%2Fref%3Dsr_1_58_sspa%3Fdib%3DeyJ2IjoiMSJ9.0HCAKqzW1C1uLSdCwiMdjoC3MkX_hRJ3nu4fa0m5yBoVqPx4T8TcaCGRqU0k88Bh1XDI1gWRy2RwBcUhQ03-gVYeCEN2udRRaMUNtVAnCknnSyOwjTBmfrr55qvzS41AvXEN0dEJyU8b-KlZ8iAtDrnRCZ-HhTSi81HqymZWDCwJVa9h1NpT2h3LV1RDUIQ5EaeQfhSYG-PhW5r3Zk-Y4beLTnU0ImSNe8PK-c2fcOwJhjrlVNNJsSgncZW4qTQMEU-nIF0-Frh2GveRvjESlWN2DbnUXylT-CjlmSxKjQI.f1dbkixm88xQlsnpQHKuixQZVHgUQc5oQy6ZVzZPC94%26dib_tag%3Dse%26keywords%3Dwatches%26qid%3D1781073342%26sr%3D8-58-spons%26aref%3DIzdaCfJsQs%26sp_csd%3Dd2lkZ2V0TmFtZT1zcF9idGY%26psc%3D1&aref=IzdaCfJsQs&sp_cr=ZAZ
Amazon,watches,1,V2A,₹899.00,"₹2,499",(64% off),No,4.0,None,False,False,True,"Sponsored Sponsored You are seeing this ad based on the product’s relevance to your search query. Let us know V2A Military Green Chronograph Analogue and Digital Sports Watch for Men and Boys 4.0 4.0 out of 5 stars (1.5K) 200+ bought in past month Price, product page ₹899 ₹ 899 M.R.P: ₹2,499 M.R.P: ₹2,499 ₹2,499 (64% off) Up to 5% back with Amazon Pay ICICI card Up to 5% back with Amazon Pay IC...",https://www.amazon.in/sspa/click?ie=UTF8&spc=MTo4ODU4MTIzOTA4NjI5NzQ1OjE3ODEwNzMzNDI6c3BfYnRmOjMwMDg5NDI4MTk5MTUzMjo6MDo6&url=%2FV2A-Military-Chronograph-Analogue-Digital%2Fdp%2FB09N2651TH%2Fref%3Dsr_1_60_sspa%3Fdib%3DeyJ2IjoiMSJ9.0HCAKqzW1C1uLSdCwiMdjoC3MkX_hRJ3nu4fa0m5yBoVqPx4T8TcaCGRqU0k88Bh1XDI1gWRy2RwBcUhQ03-gVYeCEN2udRRaMUNtVAnCknnSyOwjTBmfrr55qvzS41AvXEN0dEJyU8b-KlZ8iAtDrnRCZ-HhTSi81HqymZWDCwJVa9h1NpT2h3LV1RDUIQ5EaeQfhSYG-PhW5r3Zk-Y4beLTnU0ImSNe8PK-c2fcOwJhjrlVNNJsSgncZW4qTQMEU-nIF0-Frh2GveRvjESlWN2DbnUXylT-CjlmSxKjQI.f1dbkixm88xQlsnpQHKuixQZVHgUQc5oQy6ZVzZPC94%26dib_tag%3Dse%26keywords%3Dwatches%26qid%3D1781073342%26sr%3D8-60-spons%26aref%3DOZ390LJCQh%26sp_csd%3Dd2lkZ2V0TmFtZT1zcF9idGY%26psc%3D1&aref=OZ390LJCQh&sp_cr=ZAZ
Amazon,watches,2,Fastrack,₹1799.00,"₹2,499",(28% off),No,4.3,None,False,False,True,"Sponsored Sponsored You are seeing this ad based on the product’s relevance to your search query. Let us know Fastrack Fastrack Jupiter R3 1.38"" Ultra UV Round Display with Nitro Fast Charging,Single Sync BT Calling, HRM, SPO2, Upto 5 Days Battery Life Smart Watch for Man & Woman - Sage Green 4.3 4.3 out of 5 stars (69) 300+ bought in past month Price, product page ₹1,799 ₹ 1,799 M.R.P: ₹2,499 M.R",https://www.amazon.in/sspa/click?ie=UTF8&spc=MTo1OTA2ODYwMzY5OTQ5ODY0OjE3ODEwNzM0MDI6c3BfYXRmX25leHQ6MzAxMDIwMTQzMTU4NTMyOjowOjo&url=%2FFastrack-Jupiter-Display-Charging-Calling%2Fdp%2FB0GLP3FDQ7%2Fref%3Dsr_1_51_sspa%3Fdib%3DeyJ2IjoiMSJ9.3d0XjQsl4gqt1NnuSQaTvv1nXAD5ruVcLBWs9WdhNZyieOd8l24O1N080Ld_sRFsIE6Pkgl3DpU4AhRwHq3bmzXISoUx3MOJffo4_gCaftnmlkc5GHHzd6vI6BxUSDRSF4fC5o3IMp1n-Jwv8kjnko07iVru7tmX6sJuLTiMN9ydZGOn9faF1RxfbqMq4tXIvUBu9csqcIdhjUKs3Li1k0pZMOCZ32dywMfy2VXGlmI2pTIiZa7q5HcUXMEMDW1UeCH4IETPt98DZP5HirnlpU1fcbhSJ-brxXxTKeh962A.SUBc9pG7oJKy2Y1OZiHbdWKvUmrGokJIzrTUnUe7QnM%26dib_tag%3Dse%26keywords%3Dwatches%26qid%3D1781073401%26aref%3DXyomIHwWWp%26sp_csd%3Dd2lkZ2V0TmFtZT1zcF9hdGZfbmV4dA%26psc%3D1&aref=XyomIHwWWp&sp_cr=ZAZ
Amazon,watches,2,BENYAR,₹2977.00,"₹4,990",(40% off),No,4.1,None,False,False,True,"Sponsored Sponsored You are seeing this ad based on the product’s relevance to your search query. Let us know BENYAR Wrist Watches for Men Leather Strap Analog Chronograph Fashion Business Sport Design Mens Watch 30M Waterproof Stylish Elegant Gifts for Men 4.1 4.1 out of 5 stars (331) Price, product page ₹2,977 ₹ 2,977 M.R.P: ₹4,990 M.R.P: ₹4,990 ₹4,990 (40% off) Up to 5% back with Amazon Pay ICI",https://www.amazon.in/sspa/click?ie=UTF8&spc=MTo1OTA2ODYwMzY5OTQ5ODY0OjE3ODEwNzM0MDI6c3BfYXRmX25leHQ6MzAwOTAyMzcwODkxNDMyOjowOjo&url=%2FBENYAR-Chronograph-Business-Waterproof-Black-Gold%2Fdp%2FB09JGMMZJX%2Fref%3Dsr_1_52_sspa%3Fdib%3DeyJ2IjoiMSJ9.3d0XjQsl4gqt1NnuSQaTvv1nXAD5ruVcLBWs9WdhNZyieOd8l24O1N080Ld_sRFsIE6Pkgl3DpU4AhRwHq3bmzXISoUx3MOJffo4_gCaftnmlkc5GHHzd6vI6BxUSDRSF4fC5o3IMp1n-Jwv8kjnko07iVru7tmX6sJuLTiMN9ydZGOn9faF1RxfbqMq4tXIvUBu9csqcIdhjUKs3Li1k0pZMOCZ32dywMfy2VXGlmI2pTIiZa7q5HcUXMEMDW1UeCH4IETPt98DZP5HirnlpU1fcbhSJ-brxXxTKeh962A.SUBc9pG7oJKy2Y1OZiHbdWKvUmrGokJIzrTUnUe7QnM%26dib_tag%3Dse%26keywords%3Dwatches%26qid%3D1781073401%26aref%3DXgfaM8RMwB%26sp_csd%3Dd2lkZ2V0TmFtZT1zcF9hdGZfbmV4dA%26psc%3D1&aref=XgfaM8RMwB&sp_cr=ZAZ
Amazon,watches,2,Casio,₹5794.00,"₹5,795",N/A,No,4.4,None,False,False,False,"Casio Casio Enticer Chronograph Black Dial Men's Watch - MTP-1374L-1AVDF (A834) 4.4 4.4 out of 5 stars (7.5K) 100+ bought in past month Price, product page ₹5,794 ₹ 5,794 M.R.P: ₹5,795 M.R.P: ₹5,795 ₹5,795 Up to 5% back with Amazon Pay ICICI card Up to 5% back with Amazon Pay IC... FREE delivery Fri, 12 Jun Or fastest delivery Today 4 pm - 8 pm Add to cart",https://www.amazon.in/Casio-Enticer-Multi-Watch-MTP-1374L-1AVDF-A834/dp/B00GRROOOS/ref=sr_1_53?dib=eyJ2IjoiMSJ9.3d0XjQsl4gqt1NnuSQaTvv1nXAD5ruVcLBWs9WdhNZyieOd8l24O1N080Ld_sRFsIE6Pkgl3DpU4AhRwHq3bmzXISoUx3MOJffo4_gCaftnmlkc5GHHzd6vI6BxUSDRSF4fC5o3IMp1n-Jwv8kjnko07iVru7tmX6sJuLTiMN9ydZGOn9faF1RxfbqMq4tXIvUBu9csqcIdhjUKs3Li1k0pZMOCZ32dywMfy2VXGlmI2pTIiZa7q5HcUXMEMDW1UeCH4IETPt98DZP5HirnlpU1fcbhSJ-brxXxTKeh962A.SUBc9pG7oJKy2Y1OZiHbdWKvUmrGokJIzrTUnUe7QnM&dib_tag=se&keywords=watches&qid=1781073401
Amazon,watches,2,Casio,₹9194.00,"₹9,195",N/A,No,4.5,None,False,False,False,"Casio Analog-Digital Black Dial Men's Watch-GA-2100-1ADR (G986) 4.5 4.5 out of 5 stars (661) Price, product page ₹9,194 ₹ 9,194 M.R.P: ₹9,195 M.R.P: ₹9,195 ₹9,195 Up to 5% back with Amazon Pay ICICI card Up to 5% back with Amazon Pay IC... FREE delivery Fri, 12 Jun Or fastest delivery Tomorrow 8 am - 12 pm Add to cart",https://www.amazon.in/Casio-Analog-Digital-Black-Watch-GA-2100-1ADR-G986/dp/B07YCS8NFP/ref=sr_1_56?dib=eyJ2IjoiMSJ9.3d0XjQsl4gqt1NnuSQaTvv1nXAD5ruVcLBWs9WdhNZyieOd8l24O1N080Ld_sRFsIE6Pkgl3DpU4AhRwHq3bmzXISoUx3MOJffo4_gCaftnmlkc5GHHzd6vI6BxUSDRSF4fC5o3IMp1n-Jwv8kjnko07iVru7tmX6sJuLTiMN9ydZGOn9faF1RxfbqMq4tXIvUBu9csqcIdhjUKs3Li1k0pZMOCZ32dywMfy2VXGlmI2pTIiZa7q5HcUXMEMDW1UeCH4IETPt98DZP5HirnlpU1fcbhSJ-brxXxTKeh962A.SUBc9pG7oJKy2Y1OZiHbdWKvUmrGokJIzrTUnUe7QnM&dib_tag=se&keywords=watches&qid=1781073401
Amazon,watches,2,Fastrack,₹1595.00,N/A,N/A,N/A,4.2,None,False,False,False,"Fastrack Trendies Analog Black Dial Men's Watch-38058PP03/NP38058PP03 4.2 4.2 out of 5 stars (616) 200+ bought in past month Price, product page ₹1,595 ₹ 1,595 Up to 5% back with Amazon Pay ICICI card Up to 5% back with Amazon Pay IC... FREE delivery Fri, 12 Jun Or fastest delivery Today 4 pm - 8 pm Add to cart",https://www.amazon.in/Fastrack-Trendies-Analog-Black-Watch-38058PP03/dp/B08K9946WZ/ref=sr_1_57?dib=eyJ2IjoiMSJ9.3d0XjQsl4gqt1NnuSQaTvv1nXAD5ruVcLBWs9WdhNZyieOd8l24O1N080Ld_sRFsIE6Pkgl3DpU4AhRwHq3bmzXISoUx3MOJffo4_gCaftnmlkc5GHHzd6vI6BxUSDRSF4fC5o3IMp1n-Jwv8kjnko07iVru7tmX6sJuLTiMN9ydZGOn9faF1RxfbqMq4tXIvUBu9csqcIdhjUKs3Li1k0pZMOCZ32dywMfy2VXGlmI2pTIiZa7q5HcUXMEMDW1UeCH4IETPt98DZP5HirnlpU1fcbhSJ-brxXxTKeh962A.SUBc9pG7oJKy2Y1OZiHbdWKvUmrGokJIzrTUnUe7QnM&dib_tag=se&keywords=watches&qid=1781073401
Amazon,watches,2,Casio,N/A,N/A,N/A,N/A,4.5,None,False,False,False,Casio Youth F-91WG-9QDF Digital Clear Watch Unisex (D165) 4.5 4.5 out of 5 stars (1.7K) 100+ bought in past month Temporarily out of stock. See options,https://www.amazon.in/Casio-Unisex-Digital-F-91WG-9Q-Movement/dp/B005YOL0RY/ref=sr_1_59?dib=eyJ2IjoiMSJ9.3d0XjQsl4gqt1NnuSQaTvv1nXAD5ruVcLBWs9WdhNZyieOd8l24O1N080Ld_sRFsIE6Pkgl3DpU4AhRwHq3bmzXISoUx3MOJffo4_gCaftnmlkc5GHHzd6vI6BxUSDRSF4fC5o3IMp1n-Jwv8kjnko07iVru7tmX6sJuLTiMN9ydZGOn9faF1RxfbqMq4tXIvUBu9csqcIdhjUKs3Li1k0pZMOCZ32dywMfy2VXGlmI2pTIiZa7q5HcUXMEMDW1UeCH4IETPt98DZP5HirnlpU1fcbhSJ-brxXxTKeh962A.SUBc9pG7oJKy2Y1OZiHbdWKvUmrGokJIzrTUnUe7QnM&dib_tag=se&keywords=watches&qid=1781073401
Amazon,watches,2,Seiko,₹27000.00,N/A,N/A,N/A,4.6,None,False,False,False,"Seiko Seiko Stainless Steel Analog Green Dial Men Watch-Srpd63K1, Bandcolor-Silver 4.6 4.6 out of 5 stars (4.8K) Price, product page ₹27,000 ₹ 27,000 Up to 5% back with Amazon Pay ICICI card Up to 5% back with Amazon Pay IC... FREE delivery Fri, 12 Jun Or fastest delivery Tomorrow 8 am - 12 pm Add to cart",https://www.amazon.in/Seiko-Analog-Green-Dial-Watch-SRPD63K1/dp/B07WGN85VN/ref=sr_1_60?dib=eyJ2IjoiMSJ9.3d0XjQsl4gqt1NnuSQaTvv1nXAD5ruVcLBWs9WdhNZyieOd8l24O1N080Ld_sRFsIE6Pkgl3DpU4AhRwHq3bmzXISoUx3MOJffo4_gCaftnmlkc5GHHzd6vI6BxUSDRSF4fC5o3IMp1n-Jwv8kjnko07iVru7tmX6sJuLTiMN9ydZGOn9faF1RxfbqMq4tXIvUBu9csqcIdhjUKs3Li1k0pZMOCZ32dywMfy2VXGlmI2pTIiZa7q5HcUXMEMDW1UeCH4IETPt98DZP5HirnlpU1fcbhSJ-brxXxTKeh962A.SUBc9pG7oJKy2Y1OZiHbdWKvUmrGokJIzrTUnUe7QnM&dib_tag=se&keywords=watches&qid=1781073401
Amazon,watches,2,TIMEX,₹5216.00,"₹8,695",(40% off),No,4.9,None,False,False,False,"TIMEX Round 42mm Dial Analog Men Watch 4.9 4.9 out of 5 stars (23) 50+ bought in past month Price, product page ₹5,216 ₹ 5,216 M.R.P: ₹8,695 M.R.P: ₹8,695 ₹8,695 (40% off) Up to 5% back with Amazon Pay ICICI card Up to 5% back with Amazon Pay IC... FREE delivery Fri, 12 Jun Or fastest delivery Tomorrow 8 am - 12 pm Add to cart",https://www.amazon.in/TIMEX-Round-Black-Analog-Watch/dp/B0GTZL2ZWS/ref=sr_1_61?dib=eyJ2IjoiMSJ9.3d0XjQsl4gqt1NnuSQaTvv1nXAD5ruVcLBWs9WdhNZyieOd8l24O1N080Ld_sRFsIE6Pkgl3DpU4AhRwHq3bmzXISoUx3MOJffo4_gCaftnmlkc5GHHzd6vI6BxUSDRSF4fC5o3IMp1n-Jwv8kjnko07iVru7tmX6sJuLTiMN9ydZGOn9faF1RxfbqMq4tXIvUBu9csqcIdhjUKs3Li1k0pZMOCZ32dywMfy2VXGlmI2pTIiZa7q5HcUXMEMDW1UeCH4IETPt98DZP5HirnlpU1fcbhSJ-brxXxTKeh962A.SUBc9pG7oJKy2Y1OZiHbdWKvUmrGokJIzrTUnUe7QnM&dib_tag=se&keywords=watches&qid=1781073401
Amazon,watches,2,Casio,₹9465.00,"₹9,495",N/A,No,4.4,None,False,False,False,"Casio G-Shock GA-100-1A1DR Analog-Digital Black Dial Men Watch Black Resin Strap (G270) 4.4 4.4 out of 5 stars (849) Price, product page ₹9,465 ₹ 9,465 M.R.P: ₹9,495 M.R.P: ₹9,495 ₹9,495 Up to 5% back with Amazon Pay ICICI card Up to 5% back with Amazon Pay IC... FREE delivery Fri, 12 Jun Or fastest delivery Tomorrow 8 am - 12 pm Add to cart",https://www.amazon.in/Casio-G-Shock-Analog-Digital-Black-Watch-GA-100-1A1DR/dp/B003MPAE7O/ref=sr_1_62?dib=eyJ2IjoiMSJ9.3d0XjQsl4gqt1NnuSQaTvv1nXAD5ruVcLBWs9WdhNZyieOd8l24O1N080Ld_sRFsIE6Pkgl3DpU4AhRwHq3bmzXISoUx3MOJffo4_gCaftnmlkc5GHHzd6vI6BxUSDRSF4fC5o3IMp1n-Jwv8kjnko07iVru7tmX6sJuLTiMN9ydZGOn9faF1RxfbqMq4tXIvUBu9csqcIdhjUKs3Li1k0pZMOCZ32dywMfy2VXGlmI2pTIiZa7q5HcUXMEMDW1UeCH4IETPt98DZP5HirnlpU1fcbhSJ-brxXxTKeh962A.SUBc9pG7oJKy2Y1OZiHbdWKvUmrGokJIzrTUnUe7QnM&dib_tag=se&keywords=watches&qid=1781073401
Amazon,watches,2,Casio,₹5995.00,N/A,N/A,N/A,4.5,None,False,False,False,"Casio Casio Enticer Men MTP-B185D-1AVDF Analog Black Dial Men (A2465) 4.5 4.5 out of 5 stars (141) Price, product page ₹5,995 ₹ 5,995 Up to 5% back with Amazon Pay ICICI card Up to 5% back with Amazon Pay IC... FREE delivery Fri, 12 Jun Or fastest delivery Tomorrow 8 am - 12 pm Add to cart",https://www.amazon.in/Casio-Enticer-MTP-B185D-1AVDF-Analog-A2465/dp/B0FD3K34NJ/ref=sr_1_64?dib=eyJ2IjoiMSJ9.3d0XjQsl4gqt1NnuSQaTvv1nXAD5ruVcLBWs9WdhNZyieOd8l24O1N080Ld_sRFsIE6Pkgl3DpU4AhRwHq3bmzXISoUx3MOJffo4_gCaftnmlkc5GHHzd6vI6BxUSDRSF4fC5o3IMp1n-Jwv8kjnko07iVru7tmX6sJuLTiMN9ydZGOn9faF1RxfbqMq4tXIvUBu9csqcIdhjUKs3Li1k0pZMOCZ32dywMfy2VXGlmI2pTIiZa7q5HcUXMEMDW1UeCH4IETPt98DZP5HirnlpU1fcbhSJ-brxXxTKeh962A.SUBc9pG7oJKy2Y1OZiHbdWKvUmrGokJIzrTUnUe7QnM&dib_tag=se&keywords=watches&qid=1781073401
Amazon,watches,2,Titan,₹7211.00,"₹8,495",(15% off),No,4.4,None,False,False,False,"Titan Neo Analog Blue Dial Men's Watch-NM1734KM02 / NL1734KM02/NP1734KM02 4.4 4.4 out of 5 stars (608) 50+ bought in past month Price, product page ₹7,211 ₹ 7,211 M.R.P: ₹8,495 M.R.P: ₹8,495 ₹8,495 (15% off) Up to 5% back with Amazon Pay ICICI card Up to 5% back with Amazon Pay IC... FREE delivery Fri, 12 Jun Or fastest delivery Today 4 pm - 8 pm Add to cart",https://www.amazon.in/Titan-Analog-NM1734KM02-NN1734KM02-NP1734KM02/dp/B0769L2TZM/ref=sr_1_65?dib=eyJ2IjoiMSJ9.3d0XjQsl4gqt1NnuSQaTvv1nXAD5ruVcLBWs9WdhNZyieOd8l24O1N080Ld_sRFsIE6Pkgl3DpU4AhRwHq3bmzXISoUx3MOJffo4_gCaftnmlkc5GHHzd6vI6BxUSDRSF4fC5o3IMp1n-Jwv8kjnko07iVru7tmX6sJuLTiMN9ydZGOn9faF1RxfbqMq4tXIvUBu9csqcIdhjUKs3Li1k0pZMOCZ32dywMfy2VXGlmI2pTIiZa7q5HcUXMEMDW1UeCH4IETPt98DZP5HirnlpU1fcbhSJ-brxXxTKeh962A.SUBc9pG7oJKy2Y1OZiHbdWKvUmrGokJIzrTUnUe7QnM&dib_tag=se&keywords=watches&qid=1781073401
Amazon,watches,2,Fastrack,₹1915.00,"₹2,695",(29% off),No,4.3,None,False,False,False,"Fastrack Trendies Analog Black Dial Men's Watch NM38045PP03/NN38045PP03 4.3 4.3 out of 5 stars (2.8K) 200+ bought in past month Price, product page ₹1,915 ₹ 1,915 M.R.P: ₹2,695 M.R.P: ₹2,695 ₹2,695 (29% off) Up to 5% back with Amazon Pay ICICI card Up to 5% back with Amazon Pay IC... FREE delivery Fri, 12 Jun Or fastest delivery Tomorrow 8 am - 12 pm Add to cart",https://www.amazon.in/Fastrack-Trendies-Digital-Silicone-Guys-NS38045PP03/dp/B079VTDT5G/ref=sr_1_66?dib=eyJ2IjoiMSJ9.3d0XjQsl4gqt1NnuSQaTvv1nXAD5ruVcLBWs9WdhNZyieOd8l24O1N080Ld_sRFsIE6Pkgl3DpU4AhRwHq3bmzXISoUx3MOJffo4_gCaftnmlkc5GHHzd6vI6BxUSDRSF4fC5o3IMp1n-Jwv8kjnko07iVru7tmX6sJuLTiMN9ydZGOn9faF1RxfbqMq4tXIvUBu9csqcIdhjUKs3Li1k0pZMOCZ32dywMfy2VXGlmI2pTIiZa7q5HcUXMEMDW1UeCH4IETPt98DZP5HirnlpU1fcbhSJ-brxXxTKeh962A.SUBc9pG7oJKy2Y1OZiHbdWKvUmrGokJIzrTUnUe7QnM&dib_tag=se&keywords=watches&qid=1781073401
Amazon,watches,2,FEICE,₹31499.00,"₹99,999",(69% off),No,3.4,Limited time deal,True,False,False,"FEICE Watches for Men Automatic Skeleton Watch Waterproof Mineral Glass Japanese Movement Supercar Wristwatch Anti Shock Business Tourbillon FM666 3.4 3.4 out of 5 stars (81) Limited time deal Price, product page ₹31,499 ₹ 31,499 M.R.P: ₹99,999 M.R.P: ₹99,999 ₹99,999 (69% off) Save 5% 5% off coupon applied Save 5% with coupon FREE delivery Sat, 13 Jun Or fastest delivery Tomorrow, 11 Jun Add to ca",https://www.amazon.in/FEICE-Waterproof-Wristwatch-Tourbillon-FM666/dp/B0C7C5L58J/ref=sr_1_68?dib=eyJ2IjoiMSJ9.3d0XjQsl4gqt1NnuSQaTvv1nXAD5ruVcLBWs9WdhNZyieOd8l24O1N080Ld_sRFsIE6Pkgl3DpU4AhRwHq3bmzXISoUx3MOJffo4_gCaftnmlkc5GHHzd6vI6BxUSDRSF4fC5o3IMp1n-Jwv8kjnko07iVru7tmX6sJuLTiMN9ydZGOn9faF1RxfbqMq4tXIvUBu9csqcIdhjUKs3Li1k0pZMOCZ32dywMfy2VXGlmI2pTIiZa7q5HcUXMEMDW1UeCH4IETPt98DZP5HirnlpU1fcbhSJ-brxXxTKeh962A.SUBc9pG7oJKy2Y1OZiHbdWKvUmrGokJIzrTUnUe7QnM&dib_tag=se&keywords=watches&qid=1781073401
Amazon,watches,2,Fire-Boltt,₹1099.00,"₹12,499",(91% off),No,3.7,Only 2 left,True,True,True,"Sponsored Sponsored You are seeing this ad based on the product’s relevance to your search query. Let us know Fire-Boltt Fire‑Boltt Phoenix Pro Round Smart Watch 1.39″ Display with Bluetooth Calling,AI Voice Assistant,SpO2 & Heart Rate Monitor, 120+ Sports Modes,IP67 Waterproof Metal Smart Watch for Men & Women - Silver 3.7 3.7 out of 5 stars (6.8K) 1K+ bought in past month Limited time deal Price",https://www.amazon.in/sspa/click?ie=UTF8&spc=MTo1OTA2ODYwMzY5OTQ5ODY0OjE3ODEwNzM0MDI6c3BfbXRmOjMwMDQ3MzkwMjU1ODYzMjo6MDo6&url=%2FFire-Boltt-Stainless-Bluetooth-Assistant-Monitoring%2Fdp%2FB0DTB2VQFZ%2Fref%3Dsr_1_72_sspa%3Fdib%3DeyJ2IjoiMSJ9.3d0XjQsl4gqt1NnuSQaTvv1nXAD5ruVcLBWs9WdhNZyieOd8l24O1N080Ld_sRFsIE6Pkgl3DpU4AhRwHq3bmzXISoUx3MOJffo4_gCaftnmlkc5GHHzd6vI6BxUSDRSF4fC5o3IMp1n-Jwv8kjnko07iVru7tmX6sJuLTiMN9ydZGOn9faF1RxfbqMq4tXIvUBu9csqcIdhjUKs3Li1k0pZMOCZ32dywMfy2VXGlmI2pTIiZa7q5HcUXMEMDW1UeCH4IETPt98DZP5HirnlpU1fcbhSJ-brxXxTKeh962A.SUBc9pG7oJKy2Y1OZiHbdWKvUmrGokJIzrTUnUe7QnM%26dib_tag%3Dse%26keywords%3Dwatches%26qid%3D1781073401%26aref%3DObawv7KHOY%26sp_csd%3Dd2lkZ2V0TmFtZT1zcF9tdGY%26psc%3D1&aref=Obawv7KHOY&sp_cr=ZAZ
Amazon,watches,2,Fossil,₹14495.00,N/A,N/A,N/A,4.4,None,False,False,False,"Fossil Men's Watch, Grant Quartz Stainless Steel Chronograph Watch for Men 4.4 4.4 out of 5 stars (29) Price, product page ₹14,495 ₹ 14,495 Up to 5% back with Amazon Pay ICICI card Up to 5% back with Amazon Pay IC... FREE delivery Fri, 12 Jun Or fastest delivery Tomorrow 8 am - 12 pm Add to cart",https://www.amazon.in/Fossil-Multicolor-Quartz-Stainless-Watch/dp/B0FCVPBY7Y/ref=sr_1_73?dib=eyJ2IjoiMSJ9.3d0XjQsl4gqt1NnuSQaTvv1nXAD5ruVcLBWs9WdhNZyieOd8l24O1N080Ld_sRFsIE6Pkgl3DpU4AhRwHq3bmzXISoUx3MOJffo4_gCaftnmlkc5GHHzd6vI6BxUSDRSF4fC5o3IMp1n-Jwv8kjnko07iVru7tmX6sJuLTiMN9ydZGOn9faF1RxfbqMq4tXIvUBu9csqcIdhjUKs3Li1k0pZMOCZ32dywMfy2VXGlmI2pTIiZa7q5HcUXMEMDW1UeCH4IETPt98DZP5HirnlpU1fcbhSJ-brxXxTKeh962A.SUBc9pG7oJKy2Y1OZiHbdWKvUmrGokJIzrTUnUe7QnM&dib_tag=se&keywords=watches&qid=1781073401
Amazon,watches,2,Titan,₹6371.00,"₹7,695",(17% off),No,4.4,None,False,False,False,"Titan Analogue Men's Watch (Black Dial Black Colored Strap)/NP1805NM01 4.4 4.4 out of 5 stars (1.4K) 100+ bought in past month Price, product page ₹6,371 ₹ 6,371 M.R.P: ₹7,695 M.R.P: ₹7,695 ₹7,695 (17% off) Up to 5% back with Amazon Pay ICICI card Up to 5% back with Amazon Pay IC... FREE delivery Fri, 12 Jun Or fastest delivery Tomorrow 8 am - 12 pm Add to cart",https://www.amazon.in/Titan-Analog-Black-Watch-NL1805NM01-NP1805NM01/dp/B07MXKMWT5/ref=sr_1_75?dib=eyJ2IjoiMSJ9.3d0XjQsl4gqt1NnuSQaTvv1nXAD5ruVcLBWs9WdhNZyieOd8l24O1N080Ld_sRFsIE6Pkgl3DpU4AhRwHq3bmzXISoUx3MOJffo4_gCaftnmlkc5GHHzd6vI6BxUSDRSF4fC5o3IMp1n-Jwv8kjnko07iVru7tmX6sJuLTiMN9ydZGOn9faF1RxfbqMq4tXIvUBu9csqcIdhjUKs3Li1k0pZMOCZ32dywMfy2VXGlmI2pTIiZa7q5HcUXMEMDW1UeCH4IETPt98DZP5HirnlpU1fcbhSJ-brxXxTKeh962A.SUBc9pG7oJKy2Y1OZiHbdWKvUmrGokJIzrTUnUe7QnM&dib_tag=se&keywords=watches&qid=1781073401
Amazon,watches,2,Fossil,₹11995.00,N/A,N/A,N/A,4.3,None,False,False,False,"Fossil Men's Watch, Pearson Multifunction Stainless Steel Watch for Men 4.3 4.3 out of 5 stars (121) Price, product page ₹11,995 ₹ 11,995 Up to 5% back with Amazon Pay ICICI card Up to 5% back with Amazon Pay IC... FREE delivery Fri, 12 Jun Or fastest delivery Tomorrow 8 am - 12 pm Add to cart",https://www.amazon.in/Fossil-Analog-Black-Dial-Watch-FS6135/dp/B0FCVFWFS4/ref=sr_1_77?dib=eyJ2IjoiMSJ9.3d0XjQsl4gqt1NnuSQaTvv1nXAD5ruVcLBWs9WdhNZyieOd8l24O1N080Ld_sRFsIE6Pkgl3DpU4AhRwHq3bmzXISoUx3MOJffo4_gCaftnmlkc5GHHzd6vI6BxUSDRSF4fC5o3IMp1n-Jwv8kjnko07iVru7tmX6sJuLTiMN9ydZGOn9faF1RxfbqMq4tXIvUBu9csqcIdhjUKs3Li1k0pZMOCZ32dywMfy2VXGlmI2pTIiZa7q5HcUXMEMDW1UeCH4IETPt98DZP5HirnlpU1fcbhSJ-brxXxTKeh962A.SUBc9pG7oJKy2Y1OZiHbdWKvUmrGokJIzrTUnUe7QnM&dib_tag=se&keywords=watches&qid=1781073401
Amazon,watches,2,Fossil,₹9097.00,"₹12,995",(30% off),No,4.4,None,False,False,False,"Fossil Analog Blue Dial Men's Watch - FS5151 4.4 4.4 out of 5 stars (3.4K) 50+ bought in past month Price, product page ₹9,097 ₹ 9,097 M.R.P: ₹12,995 M.R.P: ₹12,995 ₹12,995 (30% off) Up to 5% back with Amazon Pay ICICI card Up to 5% back with Amazon Pay IC... FREE delivery Fri, 12 Jun Or fastest delivery Tomorrow 8 am - 12 pm Add to cart",https://www.amazon.in/Fossil-Grant-Analog-Blue-Watch-FS5151/dp/B017SN1OI8/ref=sr_1_78?dib=eyJ2IjoiMSJ9.3d0XjQsl4gqt1NnuSQaTvv1nXAD5ruVcLBWs9WdhNZyieOd8l24O1N080Ld_sRFsIE6Pkgl3DpU4AhRwHq3bmzXISoUx3MOJffo4_gCaftnmlkc5GHHzd6vI6BxUSDRSF4fC5o3IMp1n-Jwv8kjnko07iVru7tmX6sJuLTiMN9ydZGOn9faF1RxfbqMq4tXIvUBu9csqcIdhjUKs3Li1k0pZMOCZ32dywMfy2VXGlmI2pTIiZa7q5HcUXMEMDW1UeCH4IETPt98DZP5HirnlpU1fcbhSJ-brxXxTKeh962A.SUBc9pG7oJKy2Y1OZiHbdWKvUmrGokJIzrTUnUe7QnM&dib_tag=se&keywords=watches&qid=1781073401
Amazon,watches,2,Giordano,₹3999.00,"₹11,950",(67% off),No,4.2,None,False,False,False,"Giordano Multi Function Watch for Men with Square Dial, Stainless Steel Strap and Date Display 4.2 4.2 out of 5 stars (69) 100+ bought in past month Price, product page ₹3,999 ₹ 3,999 M.R.P: ₹11,950 M.R.P: ₹11,950 ₹11,950 (67% off) Up to 5% back with Amazon Pay ICICI card Up to 5% back with Amazon Pay IC... FREE delivery Fri, 12 Jun Or fastest delivery Today 4 pm - 8 pm Add to cart",https://www.amazon.in/Giordano-Function-Square-Stainless-Display/dp/B0FFBD2VLT/ref=sr_1_80?dib=eyJ2IjoiMSJ9.3d0XjQsl4gqt1NnuSQaTvv1nXAD5ruVcLBWs9WdhNZyieOd8l24O1N080Ld_sRFsIE6Pkgl3DpU4AhRwHq3bmzXISoUx3MOJffo4_gCaftnmlkc5GHHzd6vI6BxUSDRSF4fC5o3IMp1n-Jwv8kjnko07iVru7tmX6sJuLTiMN9ydZGOn9faF1RxfbqMq4tXIvUBu9csqcIdhjUKs3Li1k0pZMOCZ32dywMfy2VXGlmI2pTIiZa7q5HcUXMEMDW1UeCH4IETPt98DZP5HirnlpU1fcbhSJ-brxXxTKeh962A.SUBc9pG7oJKy2Y1OZiHbdWKvUmrGokJIzrTUnUe7QnM&dib_tag=se&keywords=watches&qid=1781073401
Amazon,watches,2,Casio,₹1195.00,N/A,N/A,N/A,4.4,None,False,False,False,"Casio Youth MQ-24-7B2LDF Analog White Watch Unisex (A2530) 4.4 4.4 out of 5 stars (345) 200+ bought in past month Price, product page ₹1,195 ₹ 1,195 Up to 5% back with Amazon Pay ICICI card Up to 5% back with Amazon Pay IC... FREE delivery Mon, 15 Jun Or fastest delivery Tomorrow, 11 Jun Add to cart",https://www.amazon.in/Casio-Youth-MQ-24-7B2LDF-Analog-Unisex/dp/B008MHYH0C/ref=sr_1_82?dib=eyJ2IjoiMSJ9.3d0XjQsl4gqt1NnuSQaTvv1nXAD5ruVcLBWs9WdhNZyieOd8l24O1N080Ld_sRFsIE6Pkgl3DpU4AhRwHq3bmzXISoUx3MOJffo4_gCaftnmlkc5GHHzd6vI6BxUSDRSF4fC5o3IMp1n-Jwv8kjnko07iVru7tmX6sJuLTiMN9ydZGOn9faF1RxfbqMq4tXIvUBu9csqcIdhjUKs3Li1k0pZMOCZ32dywMfy2VXGlmI2pTIiZa7q5HcUXMEMDW1UeCH4IETPt98DZP5HirnlpU1fcbhSJ-brxXxTKeh962A.SUBc9pG7oJKy2Y1OZiHbdWKvUmrGokJIzrTUnUe7QnM&dib_tag=se&keywords=watches&qid=1781073401
Amazon,watches,2,TIMEX,₹1621.75,"₹2,495",(35% off),No,4.2,None,False,False,False,"TIMEX Analog Watch for Men with Round Dial & Water Resistant Man's Wrist Watches 4.2 4.2 out of 5 stars (53) 100+ bought in past month Price, product page ₹1,621.75 ₹ 1,621 . 75 M.R.P: ₹2,495 M.R.P: ₹2,495 ₹2,495 (35% off) Up to 5% back with Amazon Pay ICICI card Up to 5% back with Amazon Pay IC... FREE delivery Fri, 12 Jun Or fastest delivery Tomorrow 8 am - 12 pm Add to cart",https://www.amazon.in/TIMEX-White-Round-Analog-Watch/dp/B0DLBDP6K8/ref=sr_1_83?dib=eyJ2IjoiMSJ9.3d0XjQsl4gqt1NnuSQaTvv1nXAD5ruVcLBWs9WdhNZyieOd8l24O1N080Ld_sRFsIE6Pkgl3DpU4AhRwHq3bmzXISoUx3MOJffo4_gCaftnmlkc5GHHzd6vI6BxUSDRSF4fC5o3IMp1n-Jwv8kjnko07iVru7tmX6sJuLTiMN9ydZGOn9faF1RxfbqMq4tXIvUBu9csqcIdhjUKs3Li1k0pZMOCZ32dywMfy2VXGlmI2pTIiZa7q5HcUXMEMDW1UeCH4IETPt98DZP5HirnlpU1fcbhSJ-brxXxTKeh962A.SUBc9pG7oJKy2Y1OZiHbdWKvUmrGokJIzrTUnUe7QnM&dib_tag=se&keywords=watches&qid=1781073401
Amazon,watches,2,Armani Exchange,₹11995.00,N/A,N/A,N/A,4.2,None,False,False,False,"Armani Exchange Armani Exchange Hampton Analog Black Dial Silver Band Men's Stainless Steel Watch-AX2103 4.2 4.2 out of 5 stars (1.5K) Price, product page ₹11,995 ₹ 11,995 Up to 5% back with Amazon Pay ICICI card Up to 5% back with Amazon Pay IC... FREE delivery Fri, 12 Jun Or fastest delivery Tomorrow 8 am - 12 pm Add to cart",https://www.amazon.in/Armani-Exchange-Hampton-Analog-Watch-AX2103/dp/B00786VYGS/ref=sr_1_84?dib=eyJ2IjoiMSJ9.3d0XjQsl4gqt1NnuSQaTvv1nXAD5ruVcLBWs9WdhNZyieOd8l24O1N080Ld_sRFsIE6Pkgl3DpU4AhRwHq3bmzXISoUx3MOJffo4_gCaftnmlkc5GHHzd6vI6BxUSDRSF4fC5o3IMp1n-Jwv8kjnko07iVru7tmX6sJuLTiMN9ydZGOn9faF1RxfbqMq4tXIvUBu9csqcIdhjUKs3Li1k0pZMOCZ32dywMfy2VXGlmI2pTIiZa7q5HcUXMEMDW1UeCH4IETPt98DZP5HirnlpU1fcbhSJ-brxXxTKeh962A.SUBc9pG7oJKy2Y1OZiHbdWKvUmrGokJIzrTUnUe7QnM&dib_tag=se&keywords=watches&qid=1781073401
Amazon,watches,2,Fastrack,₹2095.00,N/A,N/A,N/A,4.0,None,False,False,False,"Fastrack Fastrack Stunners X Special Edition Quartz Blue Dial Leather Analog Watch for Men 4.0 4.0 out of 5 stars (135) 100+ bought in past month Price, product page ₹2,095 ₹ 2,095 Up to 5% back with Amazon Pay ICICI card Up to 5% back with Amazon Pay IC... FREE delivery Fri, 12 Jun Or fastest delivery Tomorrow 8 am - 12 pm Add to cart",https://www.amazon.in/Fastrack-Stunners-Special-Quartz-Leather/dp/B0DVGW3MFW/ref=sr_1_85?dib=eyJ2IjoiMSJ9.3d0XjQsl4gqt1NnuSQaTvv1nXAD5ruVcLBWs9WdhNZyieOd8l24O1N080Ld_sRFsIE6Pkgl3DpU4AhRwHq3bmzXISoUx3MOJffo4_gCaftnmlkc5GHHzd6vI6BxUSDRSF4fC5o3IMp1n-Jwv8kjnko07iVru7tmX6sJuLTiMN9ydZGOn9faF1RxfbqMq4tXIvUBu9csqcIdhjUKs3Li1k0pZMOCZ32dywMfy2VXGlmI2pTIiZa7q5HcUXMEMDW1UeCH4IETPt98DZP5HirnlpU1fcbhSJ-brxXxTKeh962A.SUBc9pG7oJKy2Y1OZiHbdWKvUmrGokJIzrTUnUe7QnM&dib_tag=se&keywords=watches&qid=1781073401
Amazon,watches,2,Armani Exchange,₹8046.00,"₹9,995",(19% off),No,4.2,None,False,False,False,"Armani Exchange Armani Exchange Black Dial Analog Men's Watch 4.2 4.2 out of 5 stars (3.9K) 50+ bought in past month Price, product page ₹8,046 ₹ 8,046 M.R.P: ₹9,995 M.R.P: ₹9,995 ₹9,995 (19% off) Up to 5% back with Amazon Pay ICICI card Up to 5% back with Amazon Pay IC... FREE delivery Fri, 12 Jun Or fastest delivery Tomorrow 8 am - 12 pm Add to cart",https://www.amazon.in/Armani-Exchange-Analog-Black-Watch-AX1343/dp/B0846PJPW9/ref=sr_1_86?dib=eyJ2IjoiMSJ9.3d0XjQsl4gqt1NnuSQaTvv1nXAD5ruVcLBWs9WdhNZyieOd8l24O1N080Ld_sRFsIE6Pkgl3DpU4AhRwHq3bmzXISoUx3MOJffo4_gCaftnmlkc5GHHzd6vI6BxUSDRSF4fC5o3IMp1n-Jwv8kjnko07iVru7tmX6sJuLTiMN9ydZGOn9faF1RxfbqMq4tXIvUBu9csqcIdhjUKs3Li1k0pZMOCZ32dywMfy2VXGlmI2pTIiZa7q5HcUXMEMDW1UeCH4IETPt98DZP5HirnlpU1fcbhSJ-brxXxTKeh962A.SUBc9pG7oJKy2Y1OZiHbdWKvUmrGokJIzrTUnUe7QnM&dib_tag=se&keywords=watches&qid=1781073401
Amazon,watches,2,Titan,₹5372.00,"₹5,745",(6% off),No,4.4,None,False,False,False,"Titan Men's Metropolitan Luxe: Multifunction dark grey Dial with Two-Tone Stainless Steel Bracelet Watch-NS1733KM01 4.4 4.4 out of 5 stars (993) 100+ bought in past month Price, product page ₹5,372 ₹ 5,372 M.R.P: ₹5,745 M.R.P: ₹5,745 ₹5,745 (6% off) Up to 5% back with Amazon Pay ICICI card Up to 5% back with Amazon Pay IC... FREE delivery Fri, 12 Jun Or fastest delivery Tomorrow 8 am - 12 pm Add t",https://www.amazon.in/Titan-Analog-Black-Dial-Watch-NK1733KM01/dp/B01LZPW4SV/ref=sr_1_88?dib=eyJ2IjoiMSJ9.3d0XjQsl4gqt1NnuSQaTvv1nXAD5ruVcLBWs9WdhNZyieOd8l24O1N080Ld_sRFsIE6Pkgl3DpU4AhRwHq3bmzXISoUx3MOJffo4_gCaftnmlkc5GHHzd6vI6BxUSDRSF4fC5o3IMp1n-Jwv8kjnko07iVru7tmX6sJuLTiMN9ydZGOn9faF1RxfbqMq4tXIvUBu9csqcIdhjUKs3Li1k0pZMOCZ32dywMfy2VXGlmI2pTIiZa7q5HcUXMEMDW1UeCH4IETPt98DZP5HirnlpU1fcbhSJ-brxXxTKeh962A.SUBc9pG7oJKy2Y1OZiHbdWKvUmrGokJIzrTUnUe7QnM&dib_tag=se&keywords=watches&qid=1781073401
Amazon,watches,2,Fastrack,₹3499.00,"₹5,499",(36% off),No,4.3,None,False,False,False,"Fastrack Fastrack Astor FR2 Pro 1.43"" AMOLED Stainless Steel Smart Watch with SpO2, Heart Rate, BT Calling, Adaptive AOD,Functional Crown, AI Voice Assistant – Smartwatch for Stylish Professionals (Rose Gold) 4.3 4.3 out of 5 stars (1.4K) 400+ bought in past month Price, product page ₹3,499 ₹ 3,499 M.R.P: ₹5,499 M.R.P: ₹5,499 ₹5,499 (36% off) Up to 5% back with Amazon Pay ICICI card Up to 5% back ",https://www.amazon.in/Fastrack-Resolution-SingleSync-Assistant-Smartwatch/dp/B0DGGW3K23/ref=sr_1_89?dib=eyJ2IjoiMSJ9.3d0XjQsl4gqt1NnuSQaTvv1nXAD5ruVcLBWs9WdhNZyieOd8l24O1N080Ld_sRFsIE6Pkgl3DpU4AhRwHq3bmzXISoUx3MOJffo4_gCaftnmlkc5GHHzd6vI6BxUSDRSF4fC5o3IMp1n-Jwv8kjnko07iVru7tmX6sJuLTiMN9ydZGOn9faF1RxfbqMq4tXIvUBu9csqcIdhjUKs3Li1k0pZMOCZ32dywMfy2VXGlmI2pTIiZa7q5HcUXMEMDW1UeCH4IETPt98DZP5HirnlpU1fcbhSJ-brxXxTKeh962A.SUBc9pG7oJKy2Y1OZiHbdWKvUmrGokJIzrTUnUe7QnM&dib_tag=se&keywords=watches&qid=1781073401
Amazon,watches,2,TIMEX,₹4197.00,"₹8,395",(50% off),No,4.3,Limited time deal,True,False,False,"TIMEX Analog Watch for Men Available in Multicolor Dial & Silver Stainless Steel Bracelet Band - Water Resistant Wrist Watches 4.3 4.3 out of 5 stars (154) 50+ bought in past month Limited time deal Price, product page ₹4,197 ₹ 4,197 M.R.P: ₹8,395 M.R.P: ₹8,395 ₹8,395 (50% off) Up to 5% back with Amazon Pay ICICI card Up to 5% back with Amazon Pay IC... FREE delivery Fri, 12 Jun Or fastest deliver",https://www.amazon.in/TIMEX-Analog-Silver-Stainless-Bracelet/dp/B0F9YQ9T7W/ref=sr_1_90?dib=eyJ2IjoiMSJ9.3d0XjQsl4gqt1NnuSQaTvv1nXAD5ruVcLBWs9WdhNZyieOd8l24O1N080Ld_sRFsIE6Pkgl3DpU4AhRwHq3bmzXISoUx3MOJffo4_gCaftnmlkc5GHHzd6vI6BxUSDRSF4fC5o3IMp1n-Jwv8kjnko07iVru7tmX6sJuLTiMN9ydZGOn9faF1RxfbqMq4tXIvUBu9csqcIdhjUKs3Li1k0pZMOCZ32dywMfy2VXGlmI2pTIiZa7q5HcUXMEMDW1UeCH4IETPt98DZP5HirnlpU1fcbhSJ-brxXxTKeh962A.SUBc9pG7oJKy2Y1OZiHbdWKvUmrGokJIzrTUnUe7QnM&dib_tag=se&keywords=watches&qid=1781073401
Amazon,watches,2,Giordano,₹4699.00,"₹9,990",(53% off),No,4.3,None,False,False,False,"Giordano Multifunction Watch for Men with Day, Date, and 24-Hour Sub-Dial, Water Resistant Square Dial Unique Design 4.3 4.3 out of 5 stars (78) Ends in 11:53:06 Price, product page ₹4,699 ₹ 4,699 M.R.P: ₹9,990 M.R.P: ₹9,990 ₹9,990 (53% off) Up to 5% back with Amazon Pay ICICI card Up to 5% back with Amazon Pay IC... FREE delivery Fri, 12 Jun Or fastest delivery Tomorrow 8 am - 12 pm Add to cart",https://www.amazon.in/Giordano-Multifunction-Watch-Sub-Dials-Resistant/dp/B0F1K9D5DM/ref=sr_1_91?dib=eyJ2IjoiMSJ9.3d0XjQsl4gqt1NnuSQaTvv1nXAD5ruVcLBWs9WdhNZyieOd8l24O1N080Ld_sRFsIE6Pkgl3DpU4AhRwHq3bmzXISoUx3MOJffo4_gCaftnmlkc5GHHzd6vI6BxUSDRSF4fC5o3IMp1n-Jwv8kjnko07iVru7tmX6sJuLTiMN9ydZGOn9faF1RxfbqMq4tXIvUBu9csqcIdhjUKs3Li1k0pZMOCZ32dywMfy2VXGlmI2pTIiZa7q5HcUXMEMDW1UeCH4IETPt98DZP5HirnlpU1fcbhSJ-brxXxTKeh962A.SUBc9pG7oJKy2Y1OZiHbdWKvUmrGokJIzrTUnUe7QnM&dib_tag=se&keywords=watches&qid=1781073401
Amazon,watches,2,London Fog,₹1899.00,"₹3,990",(52% off),No,4.1,None,False,False,False,"London Fog Bond Collection Analog Quartz Watch for Men with Round Dial and Silicone Strap, Metal Case with Tachymeter Bezel, Chronograph Function, Date Display, Luminous Hands & Hour Markers, Water Resistant 4.1 4.1 out of 5 stars (49) 50+ bought in past month Price, product page ₹1,899 ₹ 1,899 M.R.P: ₹3,990 M.R.P: ₹3,990 ₹3,990 (52% off) Up to 5% back with Amazon Pay ICICI card Up to 5% back with",https://www.amazon.in/London-Fog-Collection-Chronograph-LFM10003-02/dp/B0GKGZ2JDY/ref=sr_1_92?dib=eyJ2IjoiMSJ9.3d0XjQsl4gqt1NnuSQaTvv1nXAD5ruVcLBWs9WdhNZyieOd8l24O1N080Ld_sRFsIE6Pkgl3DpU4AhRwHq3bmzXISoUx3MOJffo4_gCaftnmlkc5GHHzd6vI6BxUSDRSF4fC5o3IMp1n-Jwv8kjnko07iVru7tmX6sJuLTiMN9ydZGOn9faF1RxfbqMq4tXIvUBu9csqcIdhjUKs3Li1k0pZMOCZ32dywMfy2VXGlmI2pTIiZa7q5HcUXMEMDW1UeCH4IETPt98DZP5HirnlpU1fcbhSJ-brxXxTKeh962A.SUBc9pG7oJKy2Y1OZiHbdWKvUmrGokJIzrTUnUe7QnM&dib_tag=se&keywords=watches&qid=1781073401
Amazon,watches,2,Giordano,₹3799.00,"₹11,990",(68% off),No,4.3,None,False,False,False,"Giordano Analog Watch for Men - Skeleton-Style Dial | Brushed Steel Case with Silicone Strap 4.3 4.3 out of 5 stars (106) Price, product page ₹3,799 ₹ 3,799 M.R.P: ₹11,990 M.R.P: ₹11,990 ₹11,990 (68% off) Up to 5% back with Amazon Pay ICICI card Up to 5% back with Amazon Pay IC... FREE delivery Fri, 12 Jun Or fastest delivery Tomorrow 8 am - 12 pm Add to cart",https://www.amazon.in/Giordano-Analog-Watch-Men-Skeleton-Style/dp/B0F9WLH2S7/ref=sr_1_93?dib=eyJ2IjoiMSJ9.3d0XjQsl4gqt1NnuSQaTvv1nXAD5ruVcLBWs9WdhNZyieOd8l24O1N080Ld_sRFsIE6Pkgl3DpU4AhRwHq3bmzXISoUx3MOJffo4_gCaftnmlkc5GHHzd6vI6BxUSDRSF4fC5o3IMp1n-Jwv8kjnko07iVru7tmX6sJuLTiMN9ydZGOn9faF1RxfbqMq4tXIvUBu9csqcIdhjUKs3Li1k0pZMOCZ32dywMfy2VXGlmI2pTIiZa7q5HcUXMEMDW1UeCH4IETPt98DZP5HirnlpU1fcbhSJ-brxXxTKeh962A.SUBc9pG7oJKy2Y1OZiHbdWKvUmrGokJIzrTUnUe7QnM&dib_tag=se&keywords=watches&qid=1781073401
Amazon,watches,2,Titan,₹5035.00,"₹6,295",(20% off),No,4.3,None,False,False,False,"Titan Neo Analog Blue Dial Men's Watch - NN1733KL03/NP1733KL03 4.3 4.3 out of 5 stars (571) 50+ bought in past month Price, product page ₹5,035 ₹ 5,035 M.R.P: ₹6,295 M.R.P: ₹6,295 ₹6,295 (20% off) Up to 5% back with Amazon Pay ICICI card Up to 5% back with Amazon Pay IC... FREE delivery Fri, 12 Jun Or fastest delivery Tomorrow 8 am - 12 pm Add to cart",https://www.amazon.in/Titan-Analog-NM1734WL01-NN1734WL01-NP1734WL01/dp/B0768YSHWF/ref=sr_1_94?dib=eyJ2IjoiMSJ9.3d0XjQsl4gqt1NnuSQaTvv1nXAD5ruVcLBWs9WdhNZyieOd8l24O1N080Ld_sRFsIE6Pkgl3DpU4AhRwHq3bmzXISoUx3MOJffo4_gCaftnmlkc5GHHzd6vI6BxUSDRSF4fC5o3IMp1n-Jwv8kjnko07iVru7tmX6sJuLTiMN9ydZGOn9faF1RxfbqMq4tXIvUBu9csqcIdhjUKs3Li1k0pZMOCZ32dywMfy2VXGlmI2pTIiZa7q5HcUXMEMDW1UeCH4IETPt98DZP5HirnlpU1fcbhSJ-brxXxTKeh962A.SUBc9pG7oJKy2Y1OZiHbdWKvUmrGokJIzrTUnUe7QnM&dib_tag=se&keywords=watches&qid=1781073401
Amazon,watches,2,SKMEI,₹999.00,"₹2,399",(58% off),No,4.3,None,False,False,False,"SKMEI Wrist Watch for Men, Digital Sports Waterproof Watch with Dual Time Chronograph Countdown Alarm Backlight 4.3 4.3 out of 5 stars (1.2K) Price, product page ₹999 ₹ 999 M.R.P: ₹2,399 M.R.P: ₹2,399 ₹2,399 (58% off) Up to 5% back with Amazon Pay ICICI card Up to 5% back with Amazon Pay IC... FREE delivery Sat, 13 Jun Or fastest delivery Tomorrow, 11 Jun Add to cart",https://www.amazon.in/SKMEI-Digital-Black-White-Water-Resistant-Scratch-Resistant-1299/dp/B07WN2SRM6/ref=sr_1_95?dib=eyJ2IjoiMSJ9.3d0XjQsl4gqt1NnuSQaTvv1nXAD5ruVcLBWs9WdhNZyieOd8l24O1N080Ld_sRFsIE6Pkgl3DpU4AhRwHq3bmzXISoUx3MOJffo4_gCaftnmlkc5GHHzd6vI6BxUSDRSF4fC5o3IMp1n-Jwv8kjnko07iVru7tmX6sJuLTiMN9ydZGOn9faF1RxfbqMq4tXIvUBu9csqcIdhjUKs3Li1k0pZMOCZ32dywMfy2VXGlmI2pTIiZa7q5HcUXMEMDW1UeCH4IETPt98DZP5HirnlpU1fcbhSJ-brxXxTKeh962A.SUBc9pG7oJKy2Y1OZiHbdWKvUmrGokJIzrTUnUe7QnM&dib_tag=se&keywords=watches&qid=1781073401
Amazon,watches,2,NAVIFORCE,₹2699.00,"₹4,999",(46% off),No,4.2,None,False,False,False,"NAVIFORCE NF8052 Luminous Hollow Dial Barrel-Shaped Silicon Strap Sports Watch 4.2 4.2 out of 5 stars (171) Price, product page ₹2,699 ₹ 2,699 M.R.P: ₹4,999 M.R.P: ₹4,999 ₹4,999 (46% off) Up to 5% back with Amazon Pay ICICI card Up to 5% back with Amazon Pay IC... FREE delivery Mon, 15 Jun Add to cart",https://www.amazon.in/NAVIFORCE-NF8052-Luminous-Barrel-Shaped-Silicon/dp/B0D5TZQKJB/ref=sr_1_96?dib=eyJ2IjoiMSJ9.3d0XjQsl4gqt1NnuSQaTvv1nXAD5ruVcLBWs9WdhNZyieOd8l24O1N080Ld_sRFsIE6Pkgl3DpU4AhRwHq3bmzXISoUx3MOJffo4_gCaftnmlkc5GHHzd6vI6BxUSDRSF4fC5o3IMp1n-Jwv8kjnko07iVru7tmX6sJuLTiMN9ydZGOn9faF1RxfbqMq4tXIvUBu9csqcIdhjUKs3Li1k0pZMOCZ32dywMfy2VXGlmI2pTIiZa7q5HcUXMEMDW1UeCH4IETPt98DZP5HirnlpU1fcbhSJ-brxXxTKeh962A.SUBc9pG7oJKy2Y1OZiHbdWKvUmrGokJIzrTUnUe7QnM&dib_tag=se&keywords=watches&qid=1781073401
Amazon,watches,2,OnePlus,₹11495.00,"₹27,999",(59% off),No,4.4,None,False,False,False,"OnePlus OnePlus Watch 2 with Wear OS 4,Snapdragon W5 Chipset,Upto 100hrs battery life,1.43’’ AMOLED Display, Stainless Steel & Sapphire Crystal build,Dual Frequency GPS, 5 ATM, IP68 & BT Calling (Black Steel) 4.4 4.4 out of 5 stars (780) 300+ bought in past month Price, product page ₹11,495 ₹ 11,495 M.R.P: ₹27,999 M.R.P: ₹27,999 ₹27,999 (59% off) Up to 5% back with Amazon Pay ICICI card Up to 5% b",https://www.amazon.in/OnePlus-Snapdragon-Stainless-Frequency-Bluetooth/dp/B0CVQDZWVX/ref=sr_1_97?dib=eyJ2IjoiMSJ9.3d0XjQsl4gqt1NnuSQaTvv1nXAD5ruVcLBWs9WdhNZyieOd8l24O1N080Ld_sRFsIE6Pkgl3DpU4AhRwHq3bmzXISoUx3MOJffo4_gCaftnmlkc5GHHzd6vI6BxUSDRSF4fC5o3IMp1n-Jwv8kjnko07iVru7tmX6sJuLTiMN9ydZGOn9faF1RxfbqMq4tXIvUBu9csqcIdhjUKs3Li1k0pZMOCZ32dywMfy2VXGlmI2pTIiZa7q5HcUXMEMDW1UeCH4IETPt98DZP5HirnlpU1fcbhSJ-brxXxTKeh962A.SUBc9pG7oJKy2Y1OZiHbdWKvUmrGokJIzrTUnUe7QnM&dib_tag=se&keywords=watches&qid=1781073401
Amazon,watches,2,Fastrack,₹778.54,₹995,(22% off),No,3.8,None,False,False,False,"Fastrack Fastrack Tees Zine with Dark Green Dial Dark Green Silicon Strap Watch for Unisex - 38145PP07W 3.8 3.8 out of 5 stars (6) Price, product page ₹778.54 ₹ 778 . 54 M.R.P: ₹995 M.R.P: ₹995 ₹995 (22% off) Up to 5% back with Amazon Pay ICICI card Up to 5% back with Amazon Pay IC... FREE delivery Fri, 12 Jun Or fastest delivery Tomorrow 8 am - 12 pm Add to cart",https://www.amazon.in/Fastrack-Green-Silicon-Strap-Unisex/dp/B0GN8Y84N6/ref=sr_1_98?dib=eyJ2IjoiMSJ9.3d0XjQsl4gqt1NnuSQaTvv1nXAD5ruVcLBWs9WdhNZyieOd8l24O1N080Ld_sRFsIE6Pkgl3DpU4AhRwHq3bmzXISoUx3MOJffo4_gCaftnmlkc5GHHzd6vI6BxUSDRSF4fC5o3IMp1n-Jwv8kjnko07iVru7tmX6sJuLTiMN9ydZGOn9faF1RxfbqMq4tXIvUBu9csqcIdhjUKs3Li1k0pZMOCZ32dywMfy2VXGlmI2pTIiZa7q5HcUXMEMDW1UeCH4IETPt98DZP5HirnlpU1fcbhSJ-brxXxTKeh962A.SUBc9pG7oJKy2Y1OZiHbdWKvUmrGokJIzrTUnUe7QnM&dib_tag=se&keywords=watches&qid=1781073401
Amazon,watches,2,Fastrack,₹1774.00,"₹2,535",(30% off),No,4.1,None,False,False,False,"Fastrack Fastrack Vyb Arcane with Quartz Analog Black+Coffee Dial Coffee Brown Stainless Steel Strap Watch for Men - FV30047QM01W 4.1 4.1 out of 5 stars (11) 50+ bought in past month Price, product page ₹1,774 ₹ 1,774 M.R.P: ₹2,535 M.R.P: ₹2,535 ₹2,535 (30% off) Save 10% 10% off coupon applied Save 10% with coupon FREE delivery Fri, 12 Jun Or fastest delivery Tomorrow 8 am - 12 pm Add to cart",https://www.amazon.in/Fastrack-Arcane-Quartz-Analog-Stainless/dp/B0GJZSNNJR/ref=sr_1_99?dib=eyJ2IjoiMSJ9.3d0XjQsl4gqt1NnuSQaTvv1nXAD5ruVcLBWs9WdhNZyieOd8l24O1N080Ld_sRFsIE6Pkgl3DpU4AhRwHq3bmzXISoUx3MOJffo4_gCaftnmlkc5GHHzd6vI6BxUSDRSF4fC5o3IMp1n-Jwv8kjnko07iVru7tmX6sJuLTiMN9ydZGOn9faF1RxfbqMq4tXIvUBu9csqcIdhjUKs3Li1k0pZMOCZ32dywMfy2VXGlmI2pTIiZa7q5HcUXMEMDW1UeCH4IETPt98DZP5HirnlpU1fcbhSJ-brxXxTKeh962A.SUBc9pG7oJKy2Y1OZiHbdWKvUmrGokJIzrTUnUe7QnM&dib_tag=se&keywords=watches&qid=1781073401
Amazon,watches,2,Casio,₹7794.00,"₹7,795",N/A,No,4.4,None,False,False,False,"Casio Edifice Chronograph Black Dial Men's Watch - EFR-526L-1AVUDF (EX096) 4.4 4.4 out of 5 stars (805) 50+ bought in past month Price, product page ₹7,794 ₹ 7,794 M.R.P: ₹7,795 M.R.P: ₹7,795 ₹7,795 Up to 5% back with Amazon Pay ICICI card Up to 5% back with Amazon Pay IC... FREE delivery Fri, 12 Jun Or fastest delivery Tomorrow 8 am - 12 pm Add to cart",https://www.amazon.in/Casio-Edifice-Chronograph-Black-Watch/dp/B00E12A9D6/ref=sr_1_100?dib=eyJ2IjoiMSJ9.3d0XjQsl4gqt1NnuSQaTvv1nXAD5ruVcLBWs9WdhNZyieOd8l24O1N080Ld_sRFsIE6Pkgl3DpU4AhRwHq3bmzXISoUx3MOJffo4_gCaftnmlkc5GHHzd6vI6BxUSDRSF4fC5o3IMp1n-Jwv8kjnko07iVru7tmX6sJuLTiMN9ydZGOn9faF1RxfbqMq4tXIvUBu9csqcIdhjUKs3Li1k0pZMOCZ32dywMfy2VXGlmI2pTIiZa7q5HcUXMEMDW1UeCH4IETPt98DZP5HirnlpU1fcbhSJ-brxXxTKeh962A.SUBc9pG7oJKy2Y1OZiHbdWKvUmrGokJIzrTUnUe7QnM&dib_tag=se&keywords=watches&qid=1781073401
Amazon,watches,2,TIMEX,₹7747.50,"₹15,495",(50% off),No,4.4,None,False,False,False,"TIMEX Automatic Watch for Man with Blue Round Dial & Blue Leather Strap Band Water Resistant Men's Wrist Watches 4.4 4.4 out of 5 stars (185) 50+ bought in past month Price, product page ₹7,747.50 ₹ 7,747 . 50 M.R.P: ₹15,495 M.R.P: ₹15,495 ₹15,495 (50% off) Up to 5% back with Amazon Pay ICICI card Up to 5% back with Amazon Pay IC... FREE delivery Fri, 12 Jun Or fastest delivery Tomorrow 8 am - 12 ",https://www.amazon.in/TIMEX-Automatic-Leather-Resistant-Watches/dp/B0FKZK7QQ2/ref=sr_1_101?dib=eyJ2IjoiMSJ9.3d0XjQsl4gqt1NnuSQaTvv1nXAD5ruVcLBWs9WdhNZyieOd8l24O1N080Ld_sRFsIE6Pkgl3DpU4AhRwHq3bmzXISoUx3MOJffo4_gCaftnmlkc5GHHzd6vI6BxUSDRSF4fC5o3IMp1n-Jwv8kjnko07iVru7tmX6sJuLTiMN9ydZGOn9faF1RxfbqMq4tXIvUBu9csqcIdhjUKs3Li1k0pZMOCZ32dywMfy2VXGlmI2pTIiZa7q5HcUXMEMDW1UeCH4IETPt98DZP5HirnlpU1fcbhSJ-brxXxTKeh962A.SUBc9pG7oJKy2Y1OZiHbdWKvUmrGokJIzrTUnUe7QnM&dib_tag=se&keywords=watches&qid=1781073401
Amazon,watches,2,Armani Exchange,₹10496.00,"₹14,995",(30% off),No,4.4,None,False,False,False,"Armani Exchange Armani Exchange Mens Drexler Stainless Steel Chronograph Watch - AX2600 (Black_Free Size) 4.4 4.4 out of 5 stars (1.4K) Price, product page ₹10,496 ₹ 10,496 M.R.P: ₹14,995 M.R.P: ₹14,995 ₹14,995 (30% off) Up to 5% back with Amazon Pay ICICI card Up to 5% back with Amazon Pay IC... FREE delivery Fri, 12 Jun Or fastest delivery Tomorrow 8 am - 12 pm Add to cart",https://www.amazon.in/Armani-Exchange-Analog-Black-Watch-AX2600/dp/B01MYXWDF4/ref=sr_1_103?dib=eyJ2IjoiMSJ9.3d0XjQsl4gqt1NnuSQaTvv1nXAD5ruVcLBWs9WdhNZyieOd8l24O1N080Ld_sRFsIE6Pkgl3DpU4AhRwHq3bmzXISoUx3MOJffo4_gCaftnmlkc5GHHzd6vI6BxUSDRSF4fC5o3IMp1n-Jwv8kjnko07iVru7tmX6sJuLTiMN9ydZGOn9faF1RxfbqMq4tXIvUBu9csqcIdhjUKs3Li1k0pZMOCZ32dywMfy2VXGlmI2pTIiZa7q5HcUXMEMDW1UeCH4IETPt98DZP5HirnlpU1fcbhSJ-brxXxTKeh962A.SUBc9pG7oJKy2Y1OZiHbdWKvUmrGokJIzrTUnUe7QnM&dib_tag=se&keywords=watches&qid=1781073401
Amazon,watches,2,Casio,₹2695.00,N/A,N/A,N/A,4.5,None,False,False,False,"Casio Unisex Vintage A168WA-1WDF Black Digital Dial Silver Stainless Steel Band D131 4.5 4.5 out of 5 stars (4.7K) 900+ bought in past month Price, product page ₹2,695 ₹ 2,695 Up to 5% back with Amazon Pay ICICI card Up to 5% back with Amazon Pay IC... FREE delivery Fri, 12 Jun Or fastest delivery Today 4 pm - 8 pm Add to cart",https://www.amazon.in/Casio-Vintage-Digital-Multi-Colour-Watch-A168WA-1WDF/dp/B00JAK1PMI/ref=sr_1_104?dib=eyJ2IjoiMSJ9.3d0XjQsl4gqt1NnuSQaTvv1nXAD5ruVcLBWs9WdhNZyieOd8l24O1N080Ld_sRFsIE6Pkgl3DpU4AhRwHq3bmzXISoUx3MOJffo4_gCaftnmlkc5GHHzd6vI6BxUSDRSF4fC5o3IMp1n-Jwv8kjnko07iVru7tmX6sJuLTiMN9ydZGOn9faF1RxfbqMq4tXIvUBu9csqcIdhjUKs3Li1k0pZMOCZ32dywMfy2VXGlmI2pTIiZa7q5HcUXMEMDW1UeCH4IETPt98DZP5HirnlpU1fcbhSJ-brxXxTKeh962A.SUBc9pG7oJKy2Y1OZiHbdWKvUmrGokJIzrTUnUe7QnM&dib_tag=se&keywords=watches&qid=1781073401
Amazon,watches,2,Fastrack,₹2499.00,"₹4,999",(50% off),No,4.1,None,False,False,True,"Sponsored Sponsored You are seeing this ad based on the product’s relevance to your search query. Let us know Fastrack Fastrack Astor FS1 Pro Smart Watch, 1.97"" AMOLED Display, Bluetooth Calling, 100+ Sports Modes, SpO2 & Heart Rate Monitoring, Women's Health, IP68, Up to 5 Days Battery, Functional Crown (Black) 4.1 4.1 out of 5 stars (1.7K) 900+ bought in past month Price, product page ₹2,499 ₹ 2",https://www.amazon.in/sspa/click?ie=UTF8&spc=MTo1OTA2ODYwMzY5OTQ5ODY0OjE3ODEwNzM0MDI6c3BfYnRmOjMwMDM0NjgyOTU1NDIzMjo6MDo6&url=%2FFastrack-Assistance-Functional-SingleSync-Smartwatch%2Fdp%2FB0DB5XSKLJ%2Fref%3Dsr_1_106_sspa%3Fdib%3DeyJ2IjoiMSJ9.3d0XjQsl4gqt1NnuSQaTvv1nXAD5ruVcLBWs9WdhNZyieOd8l24O1N080Ld_sRFsIE6Pkgl3DpU4AhRwHq3bmzXISoUx3MOJffo4_gCaftnmlkc5GHHzd6vI6BxUSDRSF4fC5o3IMp1n-Jwv8kjnko07iVru7tmX6sJuLTiMN9ydZGOn9faF1RxfbqMq4tXIvUBu9csqcIdhjUKs3Li1k0pZMOCZ32dywMfy2VXGlmI2pTIiZa7q5HcUXMEMDW1UeCH4IETPt98DZP5HirnlpU1fcbhSJ-brxXxTKeh962A.SUBc9pG7oJKy2Y1OZiHbdWKvUmrGokJIzrTUnUe7QnM%26dib_tag%3Dse%26keywords%3Dwatches%26qid%3D1781073401%26aref%3D6e3yoEGIjM%26sp_csd%3Dd2lkZ2V0TmFtZT1zcF9idGY%26psc%3D1&aref=6e3yoEGIjM&sp_cr=ZAZ
Amazon,watches,2,Fossil,₹11197.00,"₹15,995",(30% off),No,4.1,None,False,False,True,"Sponsored Sponsored You are seeing this ad based on the product’s relevance to your search query. Let us know Fossil Nate Chronograph Analog Black Dial Grey Band Men's Watch 4.1 4.1 out of 5 stars (11.5K) 200+ bought in past month Price, product page ₹11,197 ₹ 11,197 M.R.P: ₹15,995 M.R.P: ₹15,995 ₹15,995 (30% off) Up to 5% back with Amazon Pay ICICI card Up to 5% back with Amazon Pay IC... FREE de",https://www.amazon.in/sspa/click?ie=UTF8&spc=MTo1OTA2ODYwMzY5OTQ5ODY0OjE3ODEwNzM0MDI6c3BfYnRmOjMwMDY1MzkxNDUzMDEzMjo6MDo6&url=%2FFossil-Nate-Chronograph-Black-Watch-JR1401%2Fdp%2FB008AXYWHQ%2Fref%3Dsr_1_107_sspa%3Fdib%3DeyJ2IjoiMSJ9.3d0XjQsl4gqt1NnuSQaTvv1nXAD5ruVcLBWs9WdhNZyieOd8l24O1N080Ld_sRFsIE6Pkgl3DpU4AhRwHq3bmzXISoUx3MOJffo4_gCaftnmlkc5GHHzd6vI6BxUSDRSF4fC5o3IMp1n-Jwv8kjnko07iVru7tmX6sJuLTiMN9ydZGOn9faF1RxfbqMq4tXIvUBu9csqcIdhjUKs3Li1k0pZMOCZ32dywMfy2VXGlmI2pTIiZa7q5HcUXMEMDW1UeCH4IETPt98DZP5HirnlpU1fcbhSJ-brxXxTKeh962A.SUBc9pG7oJKy2Y1OZiHbdWKvUmrGokJIzrTUnUe7QnM%26dib_tag%3Dse%26keywords%3Dwatches%26qid%3D1781073401%26aref%3DT72rye1x9v%26sp_csd%3Dd2lkZ2V0TmFtZT1zcF9idGY%26psc%3D1&aref=T72rye1x9v&sp_cr=ZAZ
Amazon,watches,2,KENNETH COLE,₹11200.00,"₹14,000",(20% off),No,5.0,Only 2 left,True,False,True,"Sponsored Sponsored You are seeing this ad based on the product’s relevance to your search query. Let us know KENNETH COLE Analog Grey Dial Watch for Men-NEKCWGA2221602MN 5.0 5.0 out of 5 stars (3) Price, product page ₹11,200 ₹ 11,200 M.R.P: ₹14,000 M.R.P: ₹14,000 ₹14,000 (20% off) Up to 5% back with Amazon Pay ICICI card Up to 5% back with Amazon Pay IC... FREE delivery Fri, 12 Jun Or fastest del",https://www.amazon.in/sspa/click?ie=UTF8&spc=MTo1OTA2ODYwMzY5OTQ5ODY0OjE3ODEwNzM0MDI6c3BfYnRmOjMwMTA1ODUwNDMxNDgzMjo6MDo6&url=%2FKenneth-Cole-Analog-Brown-Watch-KCWGA2221602MN%2Fdp%2FB0BHW669F4%2Fref%3Dsr_1_108_sspa%3Fdib%3DeyJ2IjoiMSJ9.3d0XjQsl4gqt1NnuSQaTvv1nXAD5ruVcLBWs9WdhNZyieOd8l24O1N080Ld_sRFsIE6Pkgl3DpU4AhRwHq3bmzXISoUx3MOJffo4_gCaftnmlkc5GHHzd6vI6BxUSDRSF4fC5o3IMp1n-Jwv8kjnko07iVru7tmX6sJuLTiMN9ydZGOn9faF1RxfbqMq4tXIvUBu9csqcIdhjUKs3Li1k0pZMOCZ32dywMfy2VXGlmI2pTIiZa7q5HcUXMEMDW1UeCH4IETPt98DZP5HirnlpU1fcbhSJ-brxXxTKeh962A.SUBc9pG7oJKy2Y1OZiHbdWKvUmrGokJIzrTUnUe7QnM%26dib_tag%3Dse%26keywords%3Dwatches%26qid%3D1781073401%26aref%3De3Vf8c6tRR%26sp_csd%3Dd2lkZ2V0TmFtZT1zcF9idGY%26psc%3D1&aref=e3Vf8c6tRR&sp_cr=ZAZ
Amazon,watches,3,Fastrack,₹1619.00,"₹2,499",(35% off),No,4.3,None,False,False,True,"Sponsored Sponsored You are seeing this ad based on the product’s relevance to your search query. Let us know Fastrack Fastrack Jupiter R3 1.38"" Ultra UV Round Display with Nitro Fast Charging,Single Sync BT Calling, HRM, SPO2, Upto 5 Days Battery Life Smart Watch for Man & Woman - Black 4.3 4.3 out of 5 stars (69) 900+ bought in past month Price, product page ₹1,619 ₹ 1,619 M.R.P: ₹2,499 M.R.P: ₹",https://www.amazon.in/sspa/click?ie=UTF8&spc=MTo0OTU2NjU0MjUzNjA4NzExOjE3ODEwNzM0NTI6c3BfYXRmX25leHQ6MzAxMDIwMTQzMTU4NDMyOjowOjo&url=%2FFastrack-Jupiter-Display-Charging-Calling%2Fdp%2FB0GLPF5GBP%2Fref%3Dsr_1_97_sspa%3Fdib%3DeyJ2IjoiMSJ9.WVbXAO6ONMxBsNJwrKO0MT-jNzYDClq9Ldb7y6NWMhNZdvmYe0eWkxJFzBtRefshBGXSWIdOcoO8oC8ElmC4pcF-FxRAZHmjn9pSOM2d7xZAFTyphMVBtaqA31L_Muv2fK_8o3ZVaNQ7AkuN41abTw_9_Qhx9B4F60aPlP56FRYW6BOURqNLNhbrX13hJ6aV5ePeIeXF8gOQkan_gXvqWS1uL43KrDiuPNKp9GykjUZSOlVFI_D8wgxyVSoCmDcafsG8a8xdlzYZC1MdAa0TXta33fmdKrKSlXSdAD-GVPI.FFui_3Hja9dCYP_RSgjG5vJMv81xzOnYrFypiEeNfz0%26dib_tag%3Dse%26keywords%3Dwatches%26qid%3D1781073452%26aref%3DoHWx6whXXM%26sp_csd%3Dd2lkZ2V0TmFtZT1zcF9hdGZfbmV4dA%26psc%3D1&aref=oHWx6whXXM&sp_cr=ZAZ
Amazon,watches,3,TIMEX,₹1590.00,"₹2,695",(41% off),No,4.3,None,False,False,True,"Sponsored Sponsored You are seeing this ad based on the product’s relevance to your search query. Let us know TIMEX Analog Watch for Women with Round Dial & Water Resistant Women's Wrist Watches 4.3 4.3 out of 5 stars (830) 300+ bought in past month Price, product page ₹1,590 ₹ 1,590 M.R.P: ₹2,695 M.R.P: ₹2,695 ₹2,695 (41% off) Up to 5% back with Amazon Pay ICICI card Up to 5% back with Amazon Pay",https://www.amazon.in/sspa/click?ie=UTF8&spc=MTo0OTU2NjU0MjUzNjA4NzExOjE3ODEwNzM0NTI6c3BfYXRmX25leHQ6MzAwNDU2NTUzNDk0NDMyOjowOjo&url=%2FTimex-Analog-Rose-Womens-Watch-TWEL11817%2Fdp%2FB07QQ18SN3%2Fref%3Dsr_1_99_sspa%3Fdib%3DeyJ2IjoiMSJ9.WVbXAO6ONMxBsNJwrKO0MT-jNzYDClq9Ldb7y6NWMhNZdvmYe0eWkxJFzBtRefshBGXSWIdOcoO8oC8ElmC4pcF-FxRAZHmjn9pSOM2d7xZAFTyphMVBtaqA31L_Muv2fK_8o3ZVaNQ7AkuN41abTw_9_Qhx9B4F60aPlP56FRYW6BOURqNLNhbrX13hJ6aV5ePeIeXF8gOQkan_gXvqWS1uL43KrDiuPNKp9GykjUZSOlVFI_D8wgxyVSoCmDcafsG8a8xdlzYZC1MdAa0TXta33fmdKrKSlXSdAD-GVPI.FFui_3Hja9dCYP_RSgjG5vJMv81xzOnYrFypiEeNfz0%26dib_tag%3Dse%26keywords%3Dwatches%26qid%3D1781073452%26aref%3DTEj2RJdwah%26sp_csd%3Dd2lkZ2V0TmFtZT1zcF9hdGZfbmV4dA%26psc%3D1&aref=TEj2RJdwah&sp_cr=ZAZ
Amazon,watches,3,Fastrack,₹1791.00,"₹2,560",(30% off),No,4.7,None,False,False,False,"Fastrack Fastrack Vyb Challenger with Quartz Analog Black Dial Black Stainless Steel Strap Watch for Men - FV30045NM01W 4.7 4.7 out of 5 stars (24) Price, product page ₹1,791 ₹ 1,791 M.R.P: ₹2,560 M.R.P: ₹2,560 ₹2,560 (30% off) Save 10% 10% off coupon applied Save 10% with coupon FREE delivery Fri, 12 Jun Or fastest delivery Tomorrow 8 am - 12 pm Add to cart",https://www.amazon.in/Fastrack-Challenger-Quartz-Analog-Stainless/dp/B0GK13HW33/ref=sr_1_101?dib=eyJ2IjoiMSJ9.WVbXAO6ONMxBsNJwrKO0MT-jNzYDClq9Ldb7y6NWMhNZdvmYe0eWkxJFzBtRefshBGXSWIdOcoO8oC8ElmC4pcF-FxRAZHmjn9pSOM2d7xZAFTyphMVBtaqA31L_Muv2fK_8o3ZVaNQ7AkuN41abTw_9_Qhx9B4F60aPlP56FRYW6BOURqNLNhbrX13hJ6aV5ePeIeXF8gOQkan_gXvqWS1uL43KrDiuPNKp9GykjUZSOlVFI_D8wgxyVSoCmDcafsG8a8xdlzYZC1MdAa0TXta33fmdKrKSlXSdAD-GVPI.FFui_3Hja9dCYP_RSgjG5vJMv81xzOnYrFypiEeNfz0&dib_tag=se&keywords=watches&qid=1781073452
Amazon,watches,3,Armani Exchange,₹23995.00,N/A,N/A,N/A,4.4,None,False,False,False,"Armani Exchange A|X Automatic Watches for Men, Stainless Steel Watch 4.4 4.4 out of 5 stars (72) Price, product page ₹23,995 ₹ 23,995 Up to 5% back with Amazon Pay ICICI card Up to 5% back with Amazon Pay IC... FREE delivery Fri, 12 Jun Or fastest delivery Tomorrow 8 am - 12 pm Add to cart",https://www.amazon.in/Armani-Exchange-Stainless-Analog-Watch-AX2457/dp/B0D84R8WYY/ref=sr_1_104?dib=eyJ2IjoiMSJ9.WVbXAO6ONMxBsNJwrKO0MT-jNzYDClq9Ldb7y6NWMhNZdvmYe0eWkxJFzBtRefshBGXSWIdOcoO8oC8ElmC4pcF-FxRAZHmjn9pSOM2d7xZAFTyphMVBtaqA31L_Muv2fK_8o3ZVaNQ7AkuN41abTw_9_Qhx9B4F60aPlP56FRYW6BOURqNLNhbrX13hJ6aV5ePeIeXF8gOQkan_gXvqWS1uL43KrDiuPNKp9GykjUZSOlVFI_D8wgxyVSoCmDcafsG8a8xdlzYZC1MdAa0TXta33fmdKrKSlXSdAD-GVPI.FFui_3Hja9dCYP_RSgjG5vJMv81xzOnYrFypiEeNfz0&dib_tag=se&keywords=watches&qid=1781073452
Amazon,watches,3,Sonata,₹1695.00,"₹2,425",(30% off),No,4.2,None,False,False,False,"Sonata Sonata Poze Quartz White MOP Dial Rose Gold Metal Strap for Women-SP80083WM01W 4.2 4.2 out of 5 stars (105) 100+ bought in past month Price, product page ₹1,695 ₹ 1,695 M.R.P: ₹2,425 M.R.P: ₹2,425 ₹2,425 (30% off) Up to 5% back with Amazon Pay ICICI card Up to 5% back with Amazon Pay IC... FREE delivery Fri, 12 Jun Or fastest delivery Tomorrow 8 am - 12 pm Add to cart",https://www.amazon.in/Sonata-Quartz-White-Metal-Women-SP80083WM01W/dp/B0DDTY8VKV/ref=sr_1_106?dib=eyJ2IjoiMSJ9.WVbXAO6ONMxBsNJwrKO0MT-jNzYDClq9Ldb7y6NWMhNZdvmYe0eWkxJFzBtRefshBGXSWIdOcoO8oC8ElmC4pcF-FxRAZHmjn9pSOM2d7xZAFTyphMVBtaqA31L_Muv2fK_8o3ZVaNQ7AkuN41abTw_9_Qhx9B4F60aPlP56FRYW6BOURqNLNhbrX13hJ6aV5ePeIeXF8gOQkan_gXvqWS1uL43KrDiuPNKp9GykjUZSOlVFI_D8wgxyVSoCmDcafsG8a8xdlzYZC1MdAa0TXta33fmdKrKSlXSdAD-GVPI.FFui_3Hja9dCYP_RSgjG5vJMv81xzOnYrFypiEeNfz0&dib_tag=se&keywords=watches&qid=1781073452
Amazon,watches,3,Titan,₹16876.00,"₹18,385",(8% off),No,4.5,None,False,False,False,"Titan Titan Green Dial Analog Watch for Men-NR90110WL04 4.5 4.5 out of 5 stars (128) Price, product page ₹16,876 ₹ 16,876 M.R.P: ₹18,385 M.R.P: ₹18,385 ₹18,385 (8% off) Up to 5% back with Amazon Pay ICICI card Up to 5% back with Amazon Pay IC... FREE delivery Fri, 12 Jun Or fastest delivery Tomorrow 8 am - 12 pm Add to cart",https://www.amazon.in/Titan-Green-Analog-Watch-Men-NR90110WL04/dp/B09ZHW84SN/ref=sr_1_107?dib=eyJ2IjoiMSJ9.WVbXAO6ONMxBsNJwrKO0MT-jNzYDClq9Ldb7y6NWMhNZdvmYe0eWkxJFzBtRefshBGXSWIdOcoO8oC8ElmC4pcF-FxRAZHmjn9pSOM2d7xZAFTyphMVBtaqA31L_Muv2fK_8o3ZVaNQ7AkuN41abTw_9_Qhx9B4F60aPlP56FRYW6BOURqNLNhbrX13hJ6aV5ePeIeXF8gOQkan_gXvqWS1uL43KrDiuPNKp9GykjUZSOlVFI_D8wgxyVSoCmDcafsG8a8xdlzYZC1MdAa0TXta33fmdKrKSlXSdAD-GVPI.FFui_3Hja9dCYP_RSgjG5vJMv81xzOnYrFypiEeNfz0&dib_tag=se&keywords=watches&qid=1781073452
Amazon,watches,3,Fastrack,₹2092.00,"₹2,990",(30% off),No,4.2,None,False,False,False,"Fastrack Fastrack Vyb 6.0 Nimbus Quartz Navy Blue Round Dial Men's Watch | Stainless Steel Strap Material Analog | Guys Analog Watches - FV30032KM01 4.2 4.2 out of 5 stars (43) Price, product page ₹2,092 ₹ 2,092 M.R.P: ₹2,990 M.R.P: ₹2,990 ₹2,990 (30% off) Up to 5% back with Amazon Pay ICICI card Up to 5% back with Amazon Pay IC... FREE delivery Fri, 12 Jun Or fastest delivery Tomorrow 8 am - 12 p",https://www.amazon.in/Fastrack-Nimbus-Stainless-Material-Watches/dp/B0FLTYW32K/ref=sr_1_111?dib=eyJ2IjoiMSJ9.WVbXAO6ONMxBsNJwrKO0MT-jNzYDClq9Ldb7y6NWMhNZdvmYe0eWkxJFzBtRefshBGXSWIdOcoO8oC8ElmC4pcF-FxRAZHmjn9pSOM2d7xZAFTyphMVBtaqA31L_Muv2fK_8o3ZVaNQ7AkuN41abTw_9_Qhx9B4F60aPlP56FRYW6BOURqNLNhbrX13hJ6aV5ePeIeXF8gOQkan_gXvqWS1uL43KrDiuPNKp9GykjUZSOlVFI_D8wgxyVSoCmDcafsG8a8xdlzYZC1MdAa0TXta33fmdKrKSlXSdAD-GVPI.FFui_3Hja9dCYP_RSgjG5vJMv81xzOnYrFypiEeNfz0&dib_tag=se&keywords=watches&qid=1781073452
Amazon,watches,3,Fastrack,₹2166.00,"₹3,095",(30% off),No,4.0,None,False,False,False,"Fastrack Fastrack Hit List Analog Watch with Day and Date Black Dial Silver Stainless Steel Strap Watch for Guys - NT3039SM10 4.0 4.0 out of 5 stars (253) 50+ bought in past month Price, product page ₹2,166 ₹ 2,166 M.R.P: ₹3,095 M.R.P: ₹3,095 ₹3,095 (30% off) Up to 5% back with Amazon Pay ICICI card Up to 5% back with Amazon Pay IC... FREE delivery Sat, 13 Jun Add to cart",https://www.amazon.in/Fastrack-Analog-Brown-Dial-Watch-NP3039SM10/dp/B0BRXNB2BS/ref=sr_1_113?dib=eyJ2IjoiMSJ9.WVbXAO6ONMxBsNJwrKO0MT-jNzYDClq9Ldb7y6NWMhNZdvmYe0eWkxJFzBtRefshBGXSWIdOcoO8oC8ElmC4pcF-FxRAZHmjn9pSOM2d7xZAFTyphMVBtaqA31L_Muv2fK_8o3ZVaNQ7AkuN41abTw_9_Qhx9B4F60aPlP56FRYW6BOURqNLNhbrX13hJ6aV5ePeIeXF8gOQkan_gXvqWS1uL43KrDiuPNKp9GykjUZSOlVFI_D8wgxyVSoCmDcafsG8a8xdlzYZC1MdAa0TXta33fmdKrKSlXSdAD-GVPI.FFui_3Hja9dCYP_RSgjG5vJMv81xzOnYrFypiEeNfz0&dib_tag=se&keywords=watches&qid=1781073452
Amazon,watches,3,Titan,₹12495.00,"₹12,995",(4% off),No,3.9,None,False,False,False,"Titan Titan Heritage 1.43"" AMOLED Stainless Steel Bracelet Smart Watch for Men, BT Calling, Voice Assistant, Quick Health Measurement, Functional Crown, 3D UI, 60Hz Display, Fast Charging (Blue) 3.9 3.9 out of 5 stars (370) 50+ bought in past month Price, product page ₹12,495 ₹ 12,495 M.R.P: ₹12,995 M.R.P: ₹12,995 ₹12,995 (4% off) Up to 5% back with Amazon Pay ICICI card Up to 5% back with Amazon ",https://www.amazon.in/Titan-Stainless-Assistant-Measurement-Functional/dp/B0F4KDD5BS/ref=sr_1_116?dib=eyJ2IjoiMSJ9.WVbXAO6ONMxBsNJwrKO0MT-jNzYDClq9Ldb7y6NWMhNZdvmYe0eWkxJFzBtRefshBGXSWIdOcoO8oC8ElmC4pcF-FxRAZHmjn9pSOM2d7xZAFTyphMVBtaqA31L_Muv2fK_8o3ZVaNQ7AkuN41abTw_9_Qhx9B4F60aPlP56FRYW6BOURqNLNhbrX13hJ6aV5ePeIeXF8gOQkan_gXvqWS1uL43KrDiuPNKp9GykjUZSOlVFI_D8wgxyVSoCmDcafsG8a8xdlzYZC1MdAa0TXta33fmdKrKSlXSdAD-GVPI.FFui_3Hja9dCYP_RSgjG5vJMv81xzOnYrFypiEeNfz0&dib_tag=se&keywords=watches&qid=1781073452
Amazon,watches,3,Carlington,₹1899.00,"₹2,999",(37% off),No,3.4,None,False,False,True,"Sponsored Sponsored You are seeing this ad based on the product’s relevance to your search query. Let us know Carlington Velocity Series Analog-Digital Sports Watches for Men and Boys with Alarm, Stopwatch, Backlit Display, Dualtime, Silicone Rubber Strap, Water & Shock Resiatant - CT_8121 3.4 3.4 out of 5 stars (14) 50+ bought in past month Price, product page ₹1,899 ₹ 1,899 M.R.P: ₹2,999 M.R.P: ",https://www.amazon.in/sspa/click?ie=UTF8&spc=MTo0OTU2NjU0MjUzNjA4NzExOjE3ODEwNzM0NTI6c3BfbXRmOjMwMTA4NjU5MzkxNzEzMjo6MDo6&url=%2FCarlington-Velocity-Analog-Digital-Stopwatch-Resiatant%2Fdp%2FB0GCN51HGQ%2Fref%3Dsr_1_117_sspa%3Fdib%3DeyJ2IjoiMSJ9.WVbXAO6ONMxBsNJwrKO0MT-jNzYDClq9Ldb7y6NWMhNZdvmYe0eWkxJFzBtRefshBGXSWIdOcoO8oC8ElmC4pcF-FxRAZHmjn9pSOM2d7xZAFTyphMVBtaqA31L_Muv2fK_8o3ZVaNQ7AkuN41abTw_9_Qhx9B4F60aPlP56FRYW6BOURqNLNhbrX13hJ6aV5ePeIeXF8gOQkan_gXvqWS1uL43KrDiuPNKp9GykjUZSOlVFI_D8wgxyVSoCmDcafsG8a8xdlzYZC1MdAa0TXta33fmdKrKSlXSdAD-GVPI.FFui_3Hja9dCYP_RSgjG5vJMv81xzOnYrFypiEeNfz0%26dib_tag%3Dse%26keywords%3Dwatches%26qid%3D1781073452%26aref%3D8HD1oBAQ6e%26sp_csd%3Dd2lkZ2V0TmFtZT1zcF9tdGY%26psc%3D1&aref=8HD1oBAQ6e&sp_cr=ZAZ
Amazon,watches,3,Carlington,₹799.00,"₹4,999",(84% off),No,3.4,Limited time deal,True,True,True,"Sponsored Sponsored You are seeing this ad based on the product’s relevance to your search query. Let us know Carlington Legacy Series Analog Wrist Watches & Silicone Strap for Women - CT 9911 3.4 3.4 out of 5 stars (22) Limited time deal Price, product page ₹799 ₹ 799 M.R.P: ₹4,999 M.R.P: ₹4,999 ₹4,999 (84% off) Up to 5% back with Amazon Pay ICICI card Up to 5% back with Amazon Pay IC... FREE del",https://www.amazon.in/sspa/click?ie=UTF8&spc=MTo0OTU2NjU0MjUzNjA4NzExOjE3ODEwNzM0NTI6c3BfbXRmOjMwMDU5ODEwMjg3NTQzMjo6MDo6&url=%2FCarlington-Green-Legacy-Watches-Silicone%2Fdp%2FB0DZT886FK%2Fref%3Dsr_1_118_sspa%3Fdib%3DeyJ2IjoiMSJ9.WVbXAO6ONMxBsNJwrKO0MT-jNzYDClq9Ldb7y6NWMhNZdvmYe0eWkxJFzBtRefshBGXSWIdOcoO8oC8ElmC4pcF-FxRAZHmjn9pSOM2d7xZAFTyphMVBtaqA31L_Muv2fK_8o3ZVaNQ7AkuN41abTw_9_Qhx9B4F60aPlP56FRYW6BOURqNLNhbrX13hJ6aV5ePeIeXF8gOQkan_gXvqWS1uL43KrDiuPNKp9GykjUZSOlVFI_D8wgxyVSoCmDcafsG8a8xdlzYZC1MdAa0TXta33fmdKrKSlXSdAD-GVPI.FFui_3Hja9dCYP_RSgjG5vJMv81xzOnYrFypiEeNfz0%26dib_tag%3Dse%26keywords%3Dwatches%26qid%3D1781073452%26aref%3DcVz3QM4Vhg%26sp_csd%3Dd2lkZ2V0TmFtZT1zcF9tdGY%26psc%3D1&aref=cVz3QM4Vhg&sp_cr=ZAZ
Amazon,watches,3,Carlington,₹999.00,"₹2,499",(60% off),No,4.1,None,False,False,True,"Sponsored Sponsored You are seeing this ad based on the product’s relevance to your search query. Let us know Carlington Aristocrat Series Analog Watches for Men with Premium Leather Strap - CT 1077 4.1 4.1 out of 5 stars (9) Price, product page ₹999 ₹ 999 M.R.P: ₹2,499 M.R.P: ₹2,499 ₹2,499 (60% off) Up to 5% back with Amazon Pay ICICI card Up to 5% back with Amazon Pay IC... FREE delivery Fri, 12",https://www.amazon.in/sspa/click?ie=UTF8&spc=MTo0OTU2NjU0MjUzNjA4NzExOjE3ODEwNzM0NTI6c3BfbXRmOjMwMDkxOTE0MDgxOTMzMjo6MDo6&url=%2FCarlington-Aristocrat-Watches-Premium-Leather%2Fdp%2FB0GCS8PQPK%2Fref%3Dsr_1_119_sspa%3Fdib%3DeyJ2IjoiMSJ9.WVbXAO6ONMxBsNJwrKO0MT-jNzYDClq9Ldb7y6NWMhNZdvmYe0eWkxJFzBtRefshBGXSWIdOcoO8oC8ElmC4pcF-FxRAZHmjn9pSOM2d7xZAFTyphMVBtaqA31L_Muv2fK_8o3ZVaNQ7AkuN41abTw_9_Qhx9B4F60aPlP56FRYW6BOURqNLNhbrX13hJ6aV5ePeIeXF8gOQkan_gXvqWS1uL43KrDiuPNKp9GykjUZSOlVFI_D8wgxyVSoCmDcafsG8a8xdlzYZC1MdAa0TXta33fmdKrKSlXSdAD-GVPI.FFui_3Hja9dCYP_RSgjG5vJMv81xzOnYrFypiEeNfz0%26dib_tag%3Dse%26keywords%3Dwatches%26qid%3D1781073452%26aref%3DTZfH1RGRdx%26sp_csd%3Dd2lkZ2V0TmFtZT1zcF9tdGY%26psc%3D1&aref=TZfH1RGRdx&sp_cr=ZAZ
Amazon,watches,3,Seiko,₹14849.00,"₹16,500",(10% off),No,4.5,Limited time deal,True,False,False,"Seiko Men's Collection - SUR399P1 4.5 4.5 out of 5 stars (137) Limited time deal Price, product page ₹14,849 ₹ 14,849 M.R.P: ₹16,500 M.R.P: ₹16,500 ₹16,500 (10% off) Up to 5% back with Amazon Pay ICICI card Up to 5% back with Amazon Pay IC... FREE delivery Fri, 12 Jun Or fastest delivery Tomorrow 8 am - 12 pm Add to cart",https://www.amazon.in/SEIKO-Mens-Collection-Analog-Watch-SUR399P1/dp/B08T66D22Z/ref=sr_1_123?dib=eyJ2IjoiMSJ9.WVbXAO6ONMxBsNJwrKO0MT-jNzYDClq9Ldb7y6NWMhNZdvmYe0eWkxJFzBtRefshBGXSWIdOcoO8oC8ElmC4pcF-FxRAZHmjn9pSOM2d7xZAFTyphMVBtaqA31L_Muv2fK_8o3ZVaNQ7AkuN41abTw_9_Qhx9B4F60aPlP56FRYW6BOURqNLNhbrX13hJ6aV5ePeIeXF8gOQkan_gXvqWS1uL43KrDiuPNKp9GykjUZSOlVFI_D8wgxyVSoCmDcafsG8a8xdlzYZC1MdAa0TXta33fmdKrKSlXSdAD-GVPI.FFui_3Hja9dCYP_RSgjG5vJMv81xzOnYrFypiEeNfz0&dib_tag=se&keywords=watches&qid=1781073452
Amazon,watches,3,GOLDENIZE FASHION,₹279.00,₹599,(53% off),No,3.8,None,False,False,False,"GOLDENIZE FASHION Stylish Waterproof Kids Digital Date and Time Black Pink Square Rectangular Display Watch for Kids Unisex Digital Watch for Baby Boys & Girls Kid | Pack of 2 3.8 3.8 out of 5 stars (1.4K) Price, product page ₹279 ₹ 279 M.R.P: ₹599 M.R.P: ₹599 ₹599 (53% off) Save 3% 3% off coupon applied Save 3% with coupon FREE delivery Mon, 15 Jun Add to cart",https://www.amazon.in/Goldenize-Fashion-Stylish-Waterproof-Rectangular/dp/B0CSKJK6MX/ref=sr_1_124?dib=eyJ2IjoiMSJ9.WVbXAO6ONMxBsNJwrKO0MT-jNzYDClq9Ldb7y6NWMhNZdvmYe0eWkxJFzBtRefshBGXSWIdOcoO8oC8ElmC4pcF-FxRAZHmjn9pSOM2d7xZAFTyphMVBtaqA31L_Muv2fK_8o3ZVaNQ7AkuN41abTw_9_Qhx9B4F60aPlP56FRYW6BOURqNLNhbrX13hJ6aV5ePeIeXF8gOQkan_gXvqWS1uL43KrDiuPNKp9GykjUZSOlVFI_D8wgxyVSoCmDcafsG8a8xdlzYZC1MdAa0TXta33fmdKrKSlXSdAD-GVPI.FFui_3Hja9dCYP_RSgjG5vJMv81xzOnYrFypiEeNfz0&dib_tag=se&keywords=watches&qid=1781073452
Amazon,watches,3,TIMEX,₹2791.75,"₹4,295",(35% off),No,3.9,None,False,False,False,"TIMEX Analog Watch for Man with Round Dial & Water Resistant Men's Wrist Watches 3.9 3.9 out of 5 stars (27) Price, product page ₹2,791.75 ₹ 2,791 . 75 M.R.P: ₹4,295 M.R.P: ₹4,295 ₹4,295 (35% off) Up to 5% back with Amazon Pay ICICI card Up to 5% back with Amazon Pay IC... FREE delivery Fri, 12 Jun Or fastest delivery Tomorrow 8 am - 12 pm Add to cart",https://www.amazon.in/TIMEX-Stainless-Bracelet-Resistant-Watches/dp/B0FLXPJHNQ/ref=sr_1_128?dib=eyJ2IjoiMSJ9.WVbXAO6ONMxBsNJwrKO0MT-jNzYDClq9Ldb7y6NWMhNZdvmYe0eWkxJFzBtRefshBGXSWIdOcoO8oC8ElmC4pcF-FxRAZHmjn9pSOM2d7xZAFTyphMVBtaqA31L_Muv2fK_8o3ZVaNQ7AkuN41abTw_9_Qhx9B4F60aPlP56FRYW6BOURqNLNhbrX13hJ6aV5ePeIeXF8gOQkan_gXvqWS1uL43KrDiuPNKp9GykjUZSOlVFI_D8wgxyVSoCmDcafsG8a8xdlzYZC1MdAa0TXta33fmdKrKSlXSdAD-GVPI.FFui_3Hja9dCYP_RSgjG5vJMv81xzOnYrFypiEeNfz0&dib_tag=se&keywords=watches&qid=1781073452
Amazon,watches,3,TIMEX,₹2624.00,"₹4,195",(37% off),No,4.3,None,False,False,False,"TIMEX Analog Watch for Men with Round Dial & Water Resistant Man's Wrist Watches 4.3 4.3 out of 5 stars (1K) 100+ bought in past month Price, product page ₹2,624 ₹ 2,624 M.R.P: ₹4,195 M.R.P: ₹4,195 ₹4,195 (37% off) Up to 5% back with Amazon Pay ICICI card Up to 5% back with Amazon Pay IC... FREE delivery Fri, 12 Jun Or fastest delivery Tomorrow 8 am - 12 pm Add to cart",https://www.amazon.in/Timex-Grey-Round-Analog-Watch/dp/B07B9KFLYJ/ref=sr_1_129?dib=eyJ2IjoiMSJ9.WVbXAO6ONMxBsNJwrKO0MT-jNzYDClq9Ldb7y6NWMhNZdvmYe0eWkxJFzBtRefshBGXSWIdOcoO8oC8ElmC4pcF-FxRAZHmjn9pSOM2d7xZAFTyphMVBtaqA31L_Muv2fK_8o3ZVaNQ7AkuN41abTw_9_Qhx9B4F60aPlP56FRYW6BOURqNLNhbrX13hJ6aV5ePeIeXF8gOQkan_gXvqWS1uL43KrDiuPNKp9GykjUZSOlVFI_D8wgxyVSoCmDcafsG8a8xdlzYZC1MdAa0TXta33fmdKrKSlXSdAD-GVPI.FFui_3Hja9dCYP_RSgjG5vJMv81xzOnYrFypiEeNfz0&dib_tag=se&keywords=watches&qid=1781073452
Amazon,watches,3,Casio,₹9494.00,"₹9,495",N/A,No,4.5,None,False,False,False,"Casio GA-100-1A4DR G-Shock Watch (G272) 4.5 4.5 out of 5 stars (436) Price, product page ₹9,494 ₹ 9,494 M.R.P: ₹9,495 M.R.P: ₹9,495 ₹9,495 Up to 5% back with Amazon Pay ICICI card Up to 5% back with Amazon Pay IC... FREE delivery Fri, 12 Jun Or fastest delivery Tomorrow 8 am - 12 pm Add to cart",https://www.amazon.in/Casio-G-Shock-Analog-Digital-Watch-GA-100-1A4DR-G272/dp/B003CJ94IA/ref=sr_1_130?dib=eyJ2IjoiMSJ9.WVbXAO6ONMxBsNJwrKO0MT-jNzYDClq9Ldb7y6NWMhNZdvmYe0eWkxJFzBtRefshBGXSWIdOcoO8oC8ElmC4pcF-FxRAZHmjn9pSOM2d7xZAFTyphMVBtaqA31L_Muv2fK_8o3ZVaNQ7AkuN41abTw_9_Qhx9B4F60aPlP56FRYW6BOURqNLNhbrX13hJ6aV5ePeIeXF8gOQkan_gXvqWS1uL43KrDiuPNKp9GykjUZSOlVFI_D8wgxyVSoCmDcafsG8a8xdlzYZC1MdAa0TXta33fmdKrKSlXSdAD-GVPI.FFui_3Hja9dCYP_RSgjG5vJMv81xzOnYrFypiEeNfz0&dib_tag=se&keywords=watches&qid=1781073452
Amazon,watches,3,TIMEX,₹2141.00,"₹3,295",(35% off),No,4.1,None,False,False,False,"TIMEX Analog Watch for Man with White Round Dial & Brown Leather Strap Band Water Resistant Men's Wrist Watches - TW000U927 4.1 4.1 out of 5 stars (693) 200+ bought in past month Price, product page ₹2,141 ₹ 2,141 M.R.P: ₹3,295 M.R.P: ₹3,295 ₹3,295 (35% off) Up to 5% back with Amazon Pay ICICI card Up to 5% back with Amazon Pay IC... FREE delivery Fri, 12 Jun Or fastest delivery Tomorrow, 11 Jun A",https://www.amazon.in/Premium-Quality-Analog-Coloured-Quartz/dp/B07BH5X8HB/ref=sr_1_133?dib=eyJ2IjoiMSJ9.WVbXAO6ONMxBsNJwrKO0MT-jNzYDClq9Ldb7y6NWMhNZdvmYe0eWkxJFzBtRefshBGXSWIdOcoO8oC8ElmC4pcF-FxRAZHmjn9pSOM2d7xZAFTyphMVBtaqA31L_Muv2fK_8o3ZVaNQ7AkuN41abTw_9_Qhx9B4F60aPlP56FRYW6BOURqNLNhbrX13hJ6aV5ePeIeXF8gOQkan_gXvqWS1uL43KrDiuPNKp9GykjUZSOlVFI_D8wgxyVSoCmDcafsG8a8xdlzYZC1MdAa0TXta33fmdKrKSlXSdAD-GVPI.FFui_3Hja9dCYP_RSgjG5vJMv81xzOnYrFypiEeNfz0&dib_tag=se&keywords=watches&qid=1781073452
Amazon,watches,3,Titan,₹8236.00,"₹9,045",(9% off),No,4.4,None,False,False,False,"Titan Titan Octane Chronograph Black Dial Men Watch -NM90086SM01 / NL90086SM01/NP90086SM01 4.4 4.4 out of 5 stars (305) Price, product page ₹8,236 ₹ 8,236 M.R.P: ₹9,045 M.R.P: ₹9,045 ₹9,045 (9% off) Up to 5% back with Amazon Pay ICICI card Up to 5% back with Amazon Pay IC... FREE delivery Sat, 13 Jun Or fastest delivery Tomorrow, 11 Jun Add to cart",https://www.amazon.in/Titan-Octane-NM90086SM01-NN90086SM01-NP90086SM01/dp/B07BBFYGF3/ref=sr_1_134?dib=eyJ2IjoiMSJ9.WVbXAO6ONMxBsNJwrKO0MT-jNzYDClq9Ldb7y6NWMhNZdvmYe0eWkxJFzBtRefshBGXSWIdOcoO8oC8ElmC4pcF-FxRAZHmjn9pSOM2d7xZAFTyphMVBtaqA31L_Muv2fK_8o3ZVaNQ7AkuN41abTw_9_Qhx9B4F60aPlP56FRYW6BOURqNLNhbrX13hJ6aV5ePeIeXF8gOQkan_gXvqWS1uL43KrDiuPNKp9GykjUZSOlVFI_D8wgxyVSoCmDcafsG8a8xdlzYZC1MdAa0TXta33fmdKrKSlXSdAD-GVPI.FFui_3Hja9dCYP_RSgjG5vJMv81xzOnYrFypiEeNfz0&dib_tag=se&keywords=watches&qid=1781073452
Amazon,watches,3,Titan,₹19795.00,N/A,N/A,N/A,4.6,None,False,False,False,"Titan Titan Phoenix Skeletal Automatic Analog with Gun Dial Brown Leather Strap Watch for Men - 90223WL01 4.6 4.6 out of 5 stars (58) Price, product page ₹19,795 ₹ 19,795 Up to 5% back with Amazon Pay ICICI card Up to 5% back with Amazon Pay IC... FREE delivery Fri, 12 Jun Or fastest delivery Tomorrow 8 am - 12 pm Add to cart",https://www.amazon.in/Titan-Phoenix-Skeletal-Automatic-Leather/dp/B0F3J6MMNG/ref=sr_1_135?dib=eyJ2IjoiMSJ9.WVbXAO6ONMxBsNJwrKO0MT-jNzYDClq9Ldb7y6NWMhNZdvmYe0eWkxJFzBtRefshBGXSWIdOcoO8oC8ElmC4pcF-FxRAZHmjn9pSOM2d7xZAFTyphMVBtaqA31L_Muv2fK_8o3ZVaNQ7AkuN41abTw_9_Qhx9B4F60aPlP56FRYW6BOURqNLNhbrX13hJ6aV5ePeIeXF8gOQkan_gXvqWS1uL43KrDiuPNKp9GykjUZSOlVFI_D8wgxyVSoCmDcafsG8a8xdlzYZC1MdAa0TXta33fmdKrKSlXSdAD-GVPI.FFui_3Hja9dCYP_RSgjG5vJMv81xzOnYrFypiEeNfz0&dib_tag=se&keywords=watches&qid=1781073452
Amazon,watches,3,Titan,₹2795.00,N/A,N/A,N/A,4.2,Only 1 left,True,False,False,"Titan Titan Karishma Quartz Analog Green Dial Black Leather Strap Watch for Men - NT1825SL16 4.2 4.2 out of 5 stars (216) Price, product page ₹2,795 ₹ 2,795 Up to 5% back with Amazon Pay ICICI card Up to 5% back with Amazon Pay IC... FREE delivery Sun, 14 Jun Or fastest delivery Sat, 13 Jun Only 1 left in stock. Add to cart",https://www.amazon.in/Titan-Leather-Casual-Watch-Color-Black/dp/B0CR3YH64G/ref=sr_1_137?dib=eyJ2IjoiMSJ9.WVbXAO6ONMxBsNJwrKO0MT-jNzYDClq9Ldb7y6NWMhNZdvmYe0eWkxJFzBtRefshBGXSWIdOcoO8oC8ElmC4pcF-FxRAZHmjn9pSOM2d7xZAFTyphMVBtaqA31L_Muv2fK_8o3ZVaNQ7AkuN41abTw_9_Qhx9B4F60aPlP56FRYW6BOURqNLNhbrX13hJ6aV5ePeIeXF8gOQkan_gXvqWS1uL43KrDiuPNKp9GykjUZSOlVFI_D8wgxyVSoCmDcafsG8a8xdlzYZC1MdAa0TXta33fmdKrKSlXSdAD-GVPI.FFui_3Hja9dCYP_RSgjG5vJMv81xzOnYrFypiEeNfz0&dib_tag=se&keywords=watches&qid=1781073452
Amazon,watches,3,Casio,₹13995.00,N/A,N/A,N/A,4.2,None,False,False,False,"Casio Casio EFR539BK-1A Men's Watch 4.2 4.2 out of 5 stars (2.7K) 50+ bought in past month Price, product page ₹13,995 ₹ 13,995 Up to 5% back with Amazon Pay ICICI card Up to 5% back with Amazon Pay IC... FREE delivery Fri, 12 Jun Or fastest delivery Tomorrow 8 am - 12 pm Add to cart",https://www.amazon.in/Casio-Stopwatch-Chronograph-EFR-539BK-1AVUDF-EX187/dp/B00KR9NT5C/ref=sr_1_138?dib=eyJ2IjoiMSJ9.WVbXAO6ONMxBsNJwrKO0MT-jNzYDClq9Ldb7y6NWMhNZdvmYe0eWkxJFzBtRefshBGXSWIdOcoO8oC8ElmC4pcF-FxRAZHmjn9pSOM2d7xZAFTyphMVBtaqA31L_Muv2fK_8o3ZVaNQ7AkuN41abTw_9_Qhx9B4F60aPlP56FRYW6BOURqNLNhbrX13hJ6aV5ePeIeXF8gOQkan_gXvqWS1uL43KrDiuPNKp9GykjUZSOlVFI_D8wgxyVSoCmDcafsG8a8xdlzYZC1MdAa0TXta33fmdKrKSlXSdAD-GVPI.FFui_3Hja9dCYP_RSgjG5vJMv81xzOnYrFypiEeNfz0&dib_tag=se&keywords=watches&qid=1781073452
Amazon,watches,3,Fastrack,₹1440.00,"₹1,495",(4% off),No,4.2,None,False,False,False,"Fastrack Fastrack Stunners Quartz Analog Silver Dial Brown Leather Strap Watch for Guys - NR3291SL02​ 4.2 4.2 out of 5 stars (368) 100+ bought in past month Price, product page ₹1,440 ₹ 1,440 M.R.P: ₹1,495 M.R.P: ₹1,495 ₹1,495 (4% off) Up to 5% back with Amazon Pay ICICI card Up to 5% back with Amazon Pay IC... FREE delivery Fri, 12 Jun Or fastest delivery Tomorrow 8 am - 12 pm Add to cart",https://www.amazon.in/Fastrack-Stunners-Quartz-Leather-Guys-NR3291SL02/dp/B0BHTJCPFQ/ref=sr_1_142?dib=eyJ2IjoiMSJ9.WVbXAO6ONMxBsNJwrKO0MT-jNzYDClq9Ldb7y6NWMhNZdvmYe0eWkxJFzBtRefshBGXSWIdOcoO8oC8ElmC4pcF-FxRAZHmjn9pSOM2d7xZAFTyphMVBtaqA31L_Muv2fK_8o3ZVaNQ7AkuN41abTw_9_Qhx9B4F60aPlP56FRYW6BOURqNLNhbrX13hJ6aV5ePeIeXF8gOQkan_gXvqWS1uL43KrDiuPNKp9GykjUZSOlVFI_D8wgxyVSoCmDcafsG8a8xdlzYZC1MdAa0TXta33fmdKrKSlXSdAD-GVPI.FFui_3Hja9dCYP_RSgjG5vJMv81xzOnYrFypiEeNfz0&dib_tag=se&keywords=watches&qid=1781073452
Amazon,watches,3,Fastrack,₹2118.00,"₹2,820",(25% off),No,N/A,None,False,False,False,"Fastrack Vyb Mirage with Quartz Analog Watch for Women Price, product page ₹2,118 ₹ 2,118 M.R.P: ₹2,820 M.R.P: ₹2,820 ₹2,820 (25% off) Up to 5% back with Amazon Pay ICICI card Up to 5% back with Amazon Pay IC... FREE delivery Fri, 12 Jun Or fastest delivery Tomorrow 8 am - 12 pm Add to cart",https://www.amazon.in/Fastrack-Mirage-Quartz-Analog-Burgundy/dp/B0H1WQRVL3/ref=sr_1_143?dib=eyJ2IjoiMSJ9.WVbXAO6ONMxBsNJwrKO0MT-jNzYDClq9Ldb7y6NWMhNZdvmYe0eWkxJFzBtRefshBGXSWIdOcoO8oC8ElmC4pcF-FxRAZHmjn9pSOM2d7xZAFTyphMVBtaqA31L_Muv2fK_8o3ZVaNQ7AkuN41abTw_9_Qhx9B4F60aPlP56FRYW6BOURqNLNhbrX13hJ6aV5ePeIeXF8gOQkan_gXvqWS1uL43KrDiuPNKp9GykjUZSOlVFI_D8wgxyVSoCmDcafsG8a8xdlzYZC1MdAa0TXta33fmdKrKSlXSdAD-GVPI.FFui_3Hja9dCYP_RSgjG5vJMv81xzOnYrFypiEeNfz0&dib_tag=se&keywords=watches&qid=1781073452
Amazon,watches,3,Fossil,₹13495.00,N/A,N/A,N/A,4.8,None,False,False,False,"Fossil Women's Watch, Harlow Three-Hand Stainless Steel Bracelet Watch for Women 4.8 4.8 out of 5 stars (73) Price, product page ₹13,495 ₹ 13,495 Up to 5% back with Amazon Pay ICICI card Up to 5% back with Amazon Pay IC... FREE delivery Fri, 12 Jun Or fastest delivery Tomorrow 8 am - 12 pm Add to cart",https://www.amazon.in/Fossil-Stainless-Analog-Womens-Watch-Es5362/dp/B0D93652ZY/ref=sr_1_144?dib=eyJ2IjoiMSJ9.WVbXAO6ONMxBsNJwrKO0MT-jNzYDClq9Ldb7y6NWMhNZdvmYe0eWkxJFzBtRefshBGXSWIdOcoO8oC8ElmC4pcF-FxRAZHmjn9pSOM2d7xZAFTyphMVBtaqA31L_Muv2fK_8o3ZVaNQ7AkuN41abTw_9_Qhx9B4F60aPlP56FRYW6BOURqNLNhbrX13hJ6aV5ePeIeXF8gOQkan_gXvqWS1uL43KrDiuPNKp9GykjUZSOlVFI_D8wgxyVSoCmDcafsG8a8xdlzYZC1MdAa0TXta33fmdKrKSlXSdAD-GVPI.FFui_3Hja9dCYP_RSgjG5vJMv81xzOnYrFypiEeNfz0&dib_tag=se&keywords=watches&qid=1781073452
Amazon,watches,3,Invicta,₹8495.00,"₹23,500",(64% off),No,4.5,None,False,False,False,"Invicta Invicta Pro Diver Analog Silver Dial Men's Watch - 40010 4.5 4.5 out of 5 stars (32) Price, product page ₹8,495 ₹ 8,495 M.R.P: ₹23,500 M.R.P: ₹23,500 ₹23,500 (64% off) Save ₹400 ₹400 off coupon applied Save ₹400 with coupon FREE delivery Fri, 12 Jun Or fastest delivery Tomorrow 8 am - 12 pm Add to cart",https://www.amazon.in/Invicta-Stainless-Steel-Analog-Silver/dp/B0C9XLRQH8/ref=sr_1_145?dib=eyJ2IjoiMSJ9.WVbXAO6ONMxBsNJwrKO0MT-jNzYDClq9Ldb7y6NWMhNZdvmYe0eWkxJFzBtRefshBGXSWIdOcoO8oC8ElmC4pcF-FxRAZHmjn9pSOM2d7xZAFTyphMVBtaqA31L_Muv2fK_8o3ZVaNQ7AkuN41abTw_9_Qhx9B4F60aPlP56FRYW6BOURqNLNhbrX13hJ6aV5ePeIeXF8gOQkan_gXvqWS1uL43KrDiuPNKp9GykjUZSOlVFI_D8wgxyVSoCmDcafsG8a8xdlzYZC1MdAa0TXta33fmdKrKSlXSdAD-GVPI.FFui_3Hja9dCYP_RSgjG5vJMv81xzOnYrFypiEeNfz0&dib_tag=se&keywords=watches&qid=1781073452
Amazon,watches,3,Casio,₹8994.00,"₹8,995",N/A,No,4.4,None,False,False,False,"Casio G-Shock GA-140-1A4DR Analog-Digital Black Dial Men Watch Black Resin Strap (G976) 4.4 4.4 out of 5 stars (641) Price, product page ₹8,994 ₹ 8,994 M.R.P: ₹8,995 M.R.P: ₹8,995 ₹8,995 Save extra with No Cost EMI Save extra with No Cost EMI FREE delivery Fri, 12 Jun Or fastest delivery Tomorrow 8 am - 12 pm Add to cart",https://www.amazon.in/Casio-Analog-Digital-Black-Watch-GA-140-1A4DR-G976/dp/B07W3QG6KQ/ref=sr_1_146?dib=eyJ2IjoiMSJ9.WVbXAO6ONMxBsNJwrKO0MT-jNzYDClq9Ldb7y6NWMhNZdvmYe0eWkxJFzBtRefshBGXSWIdOcoO8oC8ElmC4pcF-FxRAZHmjn9pSOM2d7xZAFTyphMVBtaqA31L_Muv2fK_8o3ZVaNQ7AkuN41abTw_9_Qhx9B4F60aPlP56FRYW6BOURqNLNhbrX13hJ6aV5ePeIeXF8gOQkan_gXvqWS1uL43KrDiuPNKp9GykjUZSOlVFI_D8wgxyVSoCmDcafsG8a8xdlzYZC1MdAa0TXta33fmdKrKSlXSdAD-GVPI.FFui_3Hja9dCYP_RSgjG5vJMv81xzOnYrFypiEeNfz0&dib_tag=se&keywords=watches&qid=1781073452
Amazon,watches,3,TIMEX,₹2921.75,"₹4,495",(35% off),No,4.4,None,False,False,False,"TIMEX Analog Watch for Man with Round Dial & Water Resistant Men's Wrist Watches 4.4 4.4 out of 5 stars (76) 100+ bought in past month Price, product page ₹2,921.75 ₹ 2,921 . 75 M.R.P: ₹4,495 M.R.P: ₹4,495 ₹4,495 (35% off) Up to 5% back with Amazon Pay ICICI card Up to 5% back with Amazon Pay IC... FREE delivery Fri, 12 Jun Or fastest delivery Tomorrow 8 am - 12 pm Add to cart",https://www.amazon.in/TIMEX-Analog-Leather-Resistant-Watches/dp/B0FLXMD1BM/ref=sr_1_147?dib=eyJ2IjoiMSJ9.WVbXAO6ONMxBsNJwrKO0MT-jNzYDClq9Ldb7y6NWMhNZdvmYe0eWkxJFzBtRefshBGXSWIdOcoO8oC8ElmC4pcF-FxRAZHmjn9pSOM2d7xZAFTyphMVBtaqA31L_Muv2fK_8o3ZVaNQ7AkuN41abTw_9_Qhx9B4F60aPlP56FRYW6BOURqNLNhbrX13hJ6aV5ePeIeXF8gOQkan_gXvqWS1uL43KrDiuPNKp9GykjUZSOlVFI_D8wgxyVSoCmDcafsG8a8xdlzYZC1MdAa0TXta33fmdKrKSlXSdAD-GVPI.FFui_3Hja9dCYP_RSgjG5vJMv81xzOnYrFypiEeNfz0&dib_tag=se&keywords=watches&qid=1781073452
Amazon,watches,3,London Fog,₹1449.00,"₹2,990",(52% off),No,4.2,None,False,False,False,"London Fog Carnaby Collection Analog Watch for Men with Round Dial, Day & Date Display, Quartz Movement, Stainless Steel Strap & Water Resistant - LFM10008 4.2 4.2 out of 5 stars (42) 50+ bought in past month Price, product page ₹1,449 ₹ 1,449 M.R.P: ₹2,990 M.R.P: ₹2,990 ₹2,990 (52% off) Up to 5% back with Amazon Pay ICICI card Up to 5% back with Amazon Pay IC... FREE delivery Fri, 12 Jun Or faste",https://www.amazon.in/London-Fog-Carnaby-Collection-Stainless/dp/B0GKGWYKG3/ref=sr_1_148?dib=eyJ2IjoiMSJ9.WVbXAO6ONMxBsNJwrKO0MT-jNzYDClq9Ldb7y6NWMhNZdvmYe0eWkxJFzBtRefshBGXSWIdOcoO8oC8ElmC4pcF-FxRAZHmjn9pSOM2d7xZAFTyphMVBtaqA31L_Muv2fK_8o3ZVaNQ7AkuN41abTw_9_Qhx9B4F60aPlP56FRYW6BOURqNLNhbrX13hJ6aV5ePeIeXF8gOQkan_gXvqWS1uL43KrDiuPNKp9GykjUZSOlVFI_D8wgxyVSoCmDcafsG8a8xdlzYZC1MdAa0TXta33fmdKrKSlXSdAD-GVPI.FFui_3Hja9dCYP_RSgjG5vJMv81xzOnYrFypiEeNfz0&dib_tag=se&keywords=watches&qid=1781073452
Amazon,watches,3,CIGA Design,₹161500.00,N/A,N/A,N/A,N/A,Only 1 left,True,False,False,"CIGA Design Automatic Moon Walker Edition Analog Men Watch - U055-TIGR-6B Price, product page ₹1,61,500 ₹ 1,61,500 Up to 5% back with Amazon Pay ICICI card Up to 5% back with Amazon Pay IC... FREE delivery Fri, 12 Jun Or fastest delivery Tomorrow, 11 Jun Only 1 left in stock. Add to cart",https://www.amazon.in/CIGA-Design-Automatic-Walker-Analog/dp/B0G39VHLVZ/ref=sr_1_149?dib=eyJ2IjoiMSJ9.WVbXAO6ONMxBsNJwrKO0MT-jNzYDClq9Ldb7y6NWMhNZdvmYe0eWkxJFzBtRefshBGXSWIdOcoO8oC8ElmC4pcF-FxRAZHmjn9pSOM2d7xZAFTyphMVBtaqA31L_Muv2fK_8o3ZVaNQ7AkuN41abTw_9_Qhx9B4F60aPlP56FRYW6BOURqNLNhbrX13hJ6aV5ePeIeXF8gOQkan_gXvqWS1uL43KrDiuPNKp9GykjUZSOlVFI_D8wgxyVSoCmDcafsG8a8xdlzYZC1MdAa0TXta33fmdKrKSlXSdAD-GVPI.FFui_3Hja9dCYP_RSgjG5vJMv81xzOnYrFypiEeNfz0&dib_tag=se&keywords=watches&qid=1781073452
Amazon,watches,3,Titan,₹2985.00,"₹3,295",(9% off),No,4.3,None,False,False,False,"Titan Titan Analog Gold Dial Men's Watch-NM1650YM04 / NL1650YM04/NP1650YM04 4.3 4.3 out of 5 stars (1.8K) 100+ bought in past month Price, product page ₹2,985 ₹ 2,985 M.R.P: ₹3,295 M.R.P: ₹3,295 ₹3,295 (9% off) Up to 5% back with Amazon Pay ICICI card Up to 5% back with Amazon Pay IC... FREE delivery Fri, 12 Jun Or fastest delivery Tomorrow 8 am - 12 pm Add to cart",https://www.amazon.in/Titan-Analog-Stainless-Watch-NL1650YM04-NP1650YM04/dp/B00ULPQTXQ/ref=sr_1_150?dib=eyJ2IjoiMSJ9.WVbXAO6ONMxBsNJwrKO0MT-jNzYDClq9Ldb7y6NWMhNZdvmYe0eWkxJFzBtRefshBGXSWIdOcoO8oC8ElmC4pcF-FxRAZHmjn9pSOM2d7xZAFTyphMVBtaqA31L_Muv2fK_8o3ZVaNQ7AkuN41abTw_9_Qhx9B4F60aPlP56FRYW6BOURqNLNhbrX13hJ6aV5ePeIeXF8gOQkan_gXvqWS1uL43KrDiuPNKp9GykjUZSOlVFI_D8wgxyVSoCmDcafsG8a8xdlzYZC1MdAa0TXta33fmdKrKSlXSdAD-GVPI.FFui_3Hja9dCYP_RSgjG5vJMv81xzOnYrFypiEeNfz0&dib_tag=se&keywords=watches&qid=1781073452
Amazon,watches,3,Calvin Klein,₹11171.00,"₹15,960",(30% off),No,4.0,Only 1 left,True,False,False,"Calvin Klein Iconic Qtz Basic Round Dial Unisex Watch 4.0 4.0 out of 5 stars (1) Price, product page ₹11,171 ₹ 11,171 M.R.P: ₹15,960 M.R.P: ₹15,960 ₹15,960 (30% off) Up to 5% back with Amazon Pay ICICI card Up to 5% back with Amazon Pay IC... FREE delivery Mon, 15 Jun Or fastest delivery Tomorrow, 11 Jun Only 1 left in stock. Add to cart",https://www.amazon.in/Calvin-Klein-Analog-Unisexs-Watch-25200346/dp/B0CBSF5VW5/ref=sr_1_151?dib=eyJ2IjoiMSJ9.WVbXAO6ONMxBsNJwrKO0MT-jNzYDClq9Ldb7y6NWMhNZdvmYe0eWkxJFzBtRefshBGXSWIdOcoO8oC8ElmC4pcF-FxRAZHmjn9pSOM2d7xZAFTyphMVBtaqA31L_Muv2fK_8o3ZVaNQ7AkuN41abTw_9_Qhx9B4F60aPlP56FRYW6BOURqNLNhbrX13hJ6aV5ePeIeXF8gOQkan_gXvqWS1uL43KrDiuPNKp9GykjUZSOlVFI_D8wgxyVSoCmDcafsG8a8xdlzYZC1MdAa0TXta33fmdKrKSlXSdAD-GVPI.FFui_3Hja9dCYP_RSgjG5vJMv81xzOnYrFypiEeNfz0&dib_tag=se&keywords=watches&qid=1781073452
Amazon,watches,3,TIMEX,₹1699.00,"₹3,095",(45% off),No,4.2,None,False,False,False,"TIMEX TIMEX Analog Watch for Man with Black Round Dial & Silver Stainless Steel Bracelet Band Water Resistant Men's Wrist Watches - TWHG35SMU07 4.2 4.2 out of 5 stars (745) 50+ bought in past month Price, product page ₹1,699 ₹ 1,699 M.R.P: ₹3,095 M.R.P: ₹3,095 ₹3,095 (45% off) Up to 5% back with Amazon Pay ICICI card Up to 5% back with Amazon Pay IC... FREE delivery Fri, 12 Jun Or fastest delivery",https://www.amazon.in/TIMEX-Stainless-Bracelet-Resistant-Watches/dp/B09W2DPG7F/ref=sr_1_152?dib=eyJ2IjoiMSJ9.WVbXAO6ONMxBsNJwrKO0MT-jNzYDClq9Ldb7y6NWMhNZdvmYe0eWkxJFzBtRefshBGXSWIdOcoO8oC8ElmC4pcF-FxRAZHmjn9pSOM2d7xZAFTyphMVBtaqA31L_Muv2fK_8o3ZVaNQ7AkuN41abTw_9_Qhx9B4F60aPlP56FRYW6BOURqNLNhbrX13hJ6aV5ePeIeXF8gOQkan_gXvqWS1uL43KrDiuPNKp9GykjUZSOlVFI_D8wgxyVSoCmDcafsG8a8xdlzYZC1MdAa0TXta33fmdKrKSlXSdAD-GVPI.FFui_3Hja9dCYP_RSgjG5vJMv81xzOnYrFypiEeNfz0&dib_tag=se&keywords=watches&qid=1781073452
Amazon,watches,3,KENNETH COLE,₹23499.00,N/A,N/A,N/A,N/A,None,False,False,True,"Sponsored Sponsored You are seeing this ad based on the product’s relevance to your search query. Let us know KENNETH COLE Kenneth Cole Automatic with Gun Dial White Silicon Strap Watch for Men - KCWGZ0099205MN Price, product page ₹23,499 ₹ 23,499 Up to 5% back with Amazon Pay ICICI card Up to 5% back with Amazon Pay IC... FREE delivery Fri, 12 Jun Or fastest delivery Tomorrow 8 am - 12 pm Add to ",https://www.amazon.in/sspa/click?ie=UTF8&spc=MTo0OTU2NjU0MjUzNjA4NzExOjE3ODEwNzM0NTI6c3BfYnRmOjMwMTA1ODUwNDMxNTYzMjo6MDo6&url=%2FKenneth-Automatic-White-Silicon-Strap%2Fdp%2FB0GQGNF4Z9%2Fref%3Dsr_1_155_sspa%3Fdib%3DeyJ2IjoiMSJ9.WVbXAO6ONMxBsNJwrKO0MT-jNzYDClq9Ldb7y6NWMhNZdvmYe0eWkxJFzBtRefshBGXSWIdOcoO8oC8ElmC4pcF-FxRAZHmjn9pSOM2d7xZAFTyphMVBtaqA31L_Muv2fK_8o3ZVaNQ7AkuN41abTw_9_Qhx9B4F60aPlP56FRYW6BOURqNLNhbrX13hJ6aV5ePeIeXF8gOQkan_gXvqWS1uL43KrDiuPNKp9GykjUZSOlVFI_D8wgxyVSoCmDcafsG8a8xdlzYZC1MdAa0TXta33fmdKrKSlXSdAD-GVPI.FFui_3Hja9dCYP_RSgjG5vJMv81xzOnYrFypiEeNfz0%26dib_tag%3Dse%26keywords%3Dwatches%26qid%3D1781073452%26aref%3DPf1V0Excy7%26sp_csd%3Dd2lkZ2V0TmFtZT1zcF9idGY%26psc%3D1&aref=Pf1V0Excy7&sp_cr=ZAZ
Amazon,watches,3,Fossil,₹13494.00,"₹13,495",N/A,No,4.6,Only 4 left,True,False,True,"Sponsored Sponsored You are seeing this ad based on the product’s relevance to your search query. Let us know Fossil Men's Watch, Machine Stainless Steel Chronograph Watch for Men 4.6 4.6 out of 5 stars (51) Price, product page ₹13,494 ₹ 13,494 M.R.P: ₹13,495 M.R.P: ₹13,495 ₹13,495 Up to 5% back with Amazon Pay ICICI card Up to 5% back with Amazon Pay IC... FREE delivery Fri, 12 Jun Or fastest del",https://www.amazon.in/sspa/click?ie=UTF8&spc=MTo0OTU2NjU0MjUzNjA4NzExOjE3ODEwNzM0NTI6c3BfYnRmOjMwMDY1MzkxNDUyNTEzMjo6MDo6&url=%2FFossil-Analog-Black-Dial-Watch-FS6099%2Fdp%2FB0DSBQT612%2Fref%3Dsr_1_156_sspa%3Fdib%3DeyJ2IjoiMSJ9.WVbXAO6ONMxBsNJwrKO0MT-jNzYDClq9Ldb7y6NWMhNZdvmYe0eWkxJFzBtRefshBGXSWIdOcoO8oC8ElmC4pcF-FxRAZHmjn9pSOM2d7xZAFTyphMVBtaqA31L_Muv2fK_8o3ZVaNQ7AkuN41abTw_9_Qhx9B4F60aPlP56FRYW6BOURqNLNhbrX13hJ6aV5ePeIeXF8gOQkan_gXvqWS1uL43KrDiuPNKp9GykjUZSOlVFI_D8wgxyVSoCmDcafsG8a8xdlzYZC1MdAa0TXta33fmdKrKSlXSdAD-GVPI.FFui_3Hja9dCYP_RSgjG5vJMv81xzOnYrFypiEeNfz0%26dib_tag%3Dse%26keywords%3Dwatches%26qid%3D1781073452%26aref%3DDQ1n9bjUPF%26sp_csd%3Dd2lkZ2V0TmFtZT1zcF9idGY%26psc%3D1&aref=DQ1n9bjUPF&sp_cr=ZAZ
