platform,query,page,product_name,current_price,original_price,discount,fake_discount,rating,urgency_text,has_urgency,suspicious_discount,full_text,product_url
Flipkart,smartphones,1,"Samsung M06 5G (Sage Green, 128 GB)","₹12,649","₹15,499",18% off,No,4.1,Only few left,True,False,"Add to Compare Samsung M06 5G (Sage Green, 128 GB) 4.1 2,301 Ratings & 139 Reviews 4 GB RAM | 128 GB ROM 17.02 cm (6.7 inch) Display 50MP Rear Camera 5000 mAh Battery 1 Year Manufacturer Warranty for Phone and 6 Months Warranty for In the Box Accessories ₹12,649 ₹15,499 18% off Only few left Bank Offer",https://www.flipkart.com/samsung-m06-5g-sage-green-128-gb/p/itmcafa42dadc15c?pid=MOBH9UYFYVNKR3HR&lid=LSTMOBH9UYFYVNKR3HRAJBG4M&marketplace=FLIPKART&q=smartphones&store=tyy%2F4io&srno=s_1_1&otracker=search&fm=organic&iid=7ebcd331-2a2e-468b-9f23-28085641b794.MOBH9UYFYVNKR3HR.SEARCH&ppt=None&ppn=None&ssid=hgqknvvg000000001780910409817&qH=6ea4465d0add4685&ov_redirect=true
Flipkart,smartphones,1,"Ai+ Pulse 2 (Purple, 64 GB)","₹10,499","₹10,999",4% off,No,4.4,None,False,False,"Add to Compare Ai+ Pulse 2 (Purple, 64 GB) 4.4 3,259 Ratings & 166 Reviews 4 GB RAM | 64 GB ROM | Expandable Upto 1 TB 17.13 cm (6.745 inch) HD+ Display 50MP Rear Camera | 8MP Front Camera 6000 mAh Battery T7250 Processor 1 Year Warranty on Handset and 6 Months Warranty on the Inbox Accessories ₹10,499 ₹10,999 4% off Upto ₹7,050 Off on Exchange Bank Offer",https://www.flipkart.com/ai-pulse-2-purple-64-gb/p/itmdc910ae2ff0c1?pid=MOBHKHPYQHGDVRTG&lid=LSTMOBHKHPYQHGDVRTGHKLHJJ&marketplace=FLIPKART&q=smartphones&store=tyy%2F4io&srno=s_1_2&otracker=search&fm=organic&iid=7ebcd331-2a2e-468b-9f23-28085641b794.MOBHKHPYQHGDVRTG.SEARCH&ppt=None&ppn=None&ssid=hgqknvvg000000001780910409817&qH=6ea4465d0add4685&ov_redirect=true
Flipkart,smartphones,1,"Samsung M06 5G (Sage Green, 128 GB)","₹14,720","₹18,999",22% off,No,4.1,Only 2 left,True,False,"Add to Compare Samsung M06 5G (Sage Green, 128 GB) 4.1 1,617 Ratings & 96 Reviews 6 GB RAM | 128 GB ROM 17.02 cm (6.7 inch) Display 50MP Rear Camera 5000 mAh Battery 1 Year Manufacturer Warranty for Phone and 6 Months Warranty for In the Box Accessories ₹14,720 ₹18,999 22% off Only 2 left Bank Offer",https://www.flipkart.com/samsung-m06-5g-sage-green-128-gb/p/itmcafa42dadc15c?pid=MOBH9UYF3VCXJ279&lid=LSTMOBH9UYF3VCXJ279CGA2YG&marketplace=FLIPKART&q=smartphones&store=tyy%2F4io&srno=s_1_3&otracker=search&fm=organic&iid=7ebcd331-2a2e-468b-9f23-28085641b794.MOBH9UYF3VCXJ279.SEARCH&ppt=None&ppn=None&ssid=hgqknvvg000000001780910409817&qH=6ea4465d0add4685&ov_redirect=true
Flipkart,smartphones,1,"OPPO K14x 5G (Icy Blue, 64 GB)","₹14,999","₹19,999",25% off,No,4.3,None,False,False,"Add to Compare OPPO K14x 5G (Icy Blue, 64 GB) 4.3 3,549 Ratings & 215 Reviews 4 GB RAM | 64 GB ROM 17.14 cm (6.75 inch) HD+ Display 50MP + 2MP | 5MP; f/2.2; FOV 77°; 3P lens 6500 mAh Battery Dimensity 6300 Processor 1 Year Manufacturer Warranty for Device and 6 Months Manufacturer Warranty for Inbox Accessories ₹14,999 ₹19,999 25% off Upto ₹10,350 Off on Exchange Bank Offer",https://www.flipkart.com/oppo-k14x-5g-icy-blue-64-gb/p/itm188c7a4b69292?pid=MOBHKZF3YEJNPZHZ&lid=LSTMOBHKZF3YEJNPZHZKAKWY1&marketplace=FLIPKART&q=smartphones&store=tyy%2F4io&spotlightTagId=default_BestsellerId_tyy%2F4io&srno=s_1_4&otracker=search&fm=organic&iid=7ebcd331-2a2e-468b-9f23-28085641b794.MOBHKZF3YEJNPZHZ.SEARCH&ppt=None&ppn=None&ssid=hgqknvvg000000001780910409817&qH=6ea4465d0add4685&ov_redirect=true
Flipkart,smartphones,1,"realme P4 Lite (Sea Blue, 128 GB)","₹13,999","₹9,700",N/A,N/A,4.1,None,False,False,"Add to Compare realme P4 Lite (Sea Blue, 128 GB) 4.1 2,746 Ratings & 158 Reviews 4 GB RAM | 128 GB ROM 17.14 cm (6.75 inch) HD+ Display 13MP Rear Camera | 5MP Front Camera 6300 mAh Battery T7250 Processor 1 Year Manufacturer Warranty for Device and 6 Months Manufacturer Warranty for Inbox Accessories ₹13,999 Upto ₹9,700 Off on Exchange Bank Offer",https://www.flipkart.com/realme-p4-lite-sea-blue-128-gb/p/itm534024e2339ef?pid=MOBHK685ZBEG6Y5H&lid=LSTMOBHK685ZBEG6Y5HLV0LRO&marketplace=FLIPKART&q=smartphones&store=tyy%2F4io&srno=s_1_5&otracker=search&fm=organic&iid=7ebcd331-2a2e-468b-9f23-28085641b794.MOBHK685ZBEG6Y5H.SEARCH&ppt=None&ppn=None&ssid=hgqknvvg000000001780910409817&qH=6ea4465d0add4685&ov_redirect=true
Flipkart,smartphones,1,"vivo T5x 5G (Cyber Green, 256 GB)","₹26,999","₹33,999",20% off,No,4.4,None,False,False,"Add to Compare vivo T5x 5G (Cyber Green, 256 GB) 4.4 10,950 Ratings & 878 Reviews 8 GB RAM | 256 GB ROM 17.17 cm (6.76 inch) Display 50MP + 2MP | 32MP Front Camera 7200 mAh Li-ion Battery Dimensity 7400-Turbo Processor 1 Year Manufacturer Warranty for Device and 6 Months Manufacturer Warranty for Inbox Accessories ₹26,999 ₹33,999 20% off Upto ₹18,800 Off on Exchange Bank Offer",https://www.flipkart.com/vivo-t5x-5g-cyber-green-256-gb/p/itm7da8aa253e72b?pid=MOBHH69NQGVVYQSG&lid=LSTMOBHH69NQGVVYQSGAVFZV6&marketplace=FLIPKART&q=smartphones&store=tyy%2F4io&srno=s_1_6&otracker=search&fm=organic&iid=7ebcd331-2a2e-468b-9f23-28085641b794.MOBHH69NQGVVYQSG.SEARCH&ppt=None&ppn=None&ssid=hgqknvvg000000001780910409817&qH=6ea4465d0add4685&ov_redirect=true
Flipkart,smartphones,1,"vivo T5x 5G (Star Silver, 128 GB)","₹22,999","₹28,999",20% off,No,4.4,None,False,False,"Add to Compare vivo T5x 5G (Star Silver, 128 GB) 4.4 9,240 Ratings & 611 Reviews 6 GB RAM | 128 GB ROM 17.17 cm (6.76 inch) Display 50MP + 2MP | 32MP Front Camera 7200 mAh Li-ion Battery Dimensity 7400-Turbo Processor 1 Year Manufacturer Warranty for Device and 6 Months Manufacturer Warranty for Inbox Accessories ₹22,999 ₹28,999 20% off Upto ₹16,350 Off on Exchange Bank Offer",https://www.flipkart.com/vivo-t5x-5g-star-silver-128-gb/p/itm7da8aa253e72b?pid=MOBHH69NRE6PHFBH&lid=LSTMOBHH69NRE6PHFBHJHMXME&marketplace=FLIPKART&q=smartphones&store=tyy%2F4io&srno=s_1_7&otracker=search&fm=organic&iid=7ebcd331-2a2e-468b-9f23-28085641b794.MOBHH69NRE6PHFBH.SEARCH&ppt=None&ppn=None&ssid=hgqknvvg000000001780910409817&qH=6ea4465d0add4685&ov_redirect=true
Flipkart,smartphones,1,"OnePlus Nord CE6 (Pitch Black, 128 GB)","₹31,854","₹40,999",22% off,No,4.4,Only few left,True,False,"Add to Compare OnePlus Nord CE6 (Pitch Black, 128 GB) 4.4 74 Ratings & 6 Reviews 8 GB RAM | 128 GB ROM | Expandable Upto 128 GB 17.22 cm (6.78 inch) Full HD+ Display 50MP Rear Camera | 2MP Front Camera 8000 mAh Battery Qualcomm® Snapdragon™ 7s Gen 4 Processor one year of handset six month of accessories ₹31,854 ₹40,999 22% off Super Deals Only few left",https://www.flipkart.com/oneplus-nord-ce6-pitch-black-128-gb/p/itmd7b224b18cb05?pid=MOBHN886XZV5BC22&lid=LSTMOBHN886XZV5BC22AQX5WD&marketplace=FLIPKART&q=smartphones&store=tyy%2F4io&srno=s_1_8&otracker=search&fm=organic&iid=7ebcd331-2a2e-468b-9f23-28085641b794.MOBHN886XZV5BC22.SEARCH&ppt=None&ppn=None&ssid=hgqknvvg000000001780910409817&qH=6ea4465d0add4685&ov_redirect=true
Flipkart,smartphones,1,"Ai+ Pulse 2 (Blue, 128 GB)","₹11,499","₹11,999",4% off,No,3.8,None,False,False,"Add to Compare Ai+ Pulse 2 (Blue, 128 GB) 3.8 3,594 Ratings & 292 Reviews 6 GB RAM | 128 GB ROM | Expandable Upto 1 TB 17.13 cm (6.745 inch) HD+ Display 50MP Rear Camera | 8MP Front Camera 6000 mAh Battery T7250 Processor 1 Year Warranty on Handset and 6 Months Warranty on the Inbox Accessories ₹11,499 ₹11,999 4% off Upto ₹7,800 Off on Exchange Bank Offer",https://www.flipkart.com/ai-pulse-2-blue-128-gb/p/itmd59202944d081?pid=MOBHKHPYW49R78RA&lid=LSTMOBHKHPYW49R78RAR9LHZP&marketplace=FLIPKART&q=smartphones&store=tyy%2F4io&srno=s_1_9&otracker=search&fm=organic&iid=7ebcd331-2a2e-468b-9f23-28085641b794.MOBHKHPYW49R78RA.SEARCH&ppt=None&ppn=None&ssid=hgqknvvg000000001780910409817&qH=6ea4465d0add4685&ov_redirect=true
Flipkart,smartphones,1,"POCO M7 Plus 5G (Carbon Black, 128 GB)","₹15,999","₹16,999",5% off,No,4.3,None,False,False,"Add to Compare POCO M7 Plus 5G (Carbon Black, 128 GB) 4.3 9,305 Ratings & 586 Reviews 6 GB RAM | 128 GB ROM | Expandable Upto 2 TB 17.53 cm (6.9 inch) Display 50MP AI Dual Camera 7000 mAh Battery Snapdragon 6s Gen 3 5G Processor 1 Year Manufacturer Warranty for Phone and 6 Months Warranty for In the Box Accessories ₹15,999 ₹16,999 5% off Upto ₹11,000 Off on Exchange Bank Offer",https://www.flipkart.com/poco-m7-plus-5g-carbon-black-128-gb/p/itmb4301b9afe80c?pid=MOBHETX6NVUH8VPG&lid=LSTMOBHETX6NVUH8VPGINMDBZ&marketplace=FLIPKART&q=smartphones&store=tyy%2F4io&srno=s_1_10&otracker=search&fm=organic&iid=7ebcd331-2a2e-468b-9f23-28085641b794.MOBHETX6NVUH8VPG.SEARCH&ppt=None&ppn=None&ssid=hgqknvvg000000001780910409817&qH=6ea4465d0add4685&ov_redirect=true
Flipkart,smartphones,1,"Add to Compare MOTOROLA Edge 60 Fusion 5G (PANTONE Amazonite, 128 GB)","₹22,999","₹24,999",8% off,No,4.4,None,False,False,"Currently unavailable Add to Compare MOTOROLA Edge 60 Fusion 5G (PANTONE Amazonite, 128 GB) 4.4 1,21,643 Ratings & 7,182 Reviews 8 GB RAM | 128 GB ROM | Expandable Upto 1 TB 16.94 cm (6.67 inch) Display 50MP + 13MP | 32MP Front Camera 5500 mAh Battery Dimensity 7400 Processor 68W Charger 1 Year Warranty on Handset and 6 Months Warranty on Accessories ₹22,999 ₹24,999 8% off Upto ₹16,350 Off on Exch",https://www.flipkart.com/motorola-edge-60-fusion-5g-pantone-amazonite-128-gb/p/itm0ba5c1f57331a?pid=MOBHHD2KXMH9NCYG&lid=LSTMOBHHD2KXMH9NCYGOY7CC7&marketplace=FLIPKART&q=smartphones&store=tyy%2F4io&srno=s_1_11&otracker=search&fm=organic&iid=7ebcd331-2a2e-468b-9f23-28085641b794.MOBHHD2KXMH9NCYG.SEARCH&ppt=None&ppn=None&ssid=hgqknvvg000000001780910409817&qH=6ea4465d0add4685&ov_redirect=true
Flipkart,smartphones,1,"Add to Compare Ai+ Pulse 1 (Green, 64 GB)","₹7,999","₹5,150",N/A,N/A,4.2,None,False,False,"Currently unavailable Add to Compare Ai+ Pulse 1 (Green, 64 GB) 4.2 42,841 Ratings & 2,825 Reviews 4 GB RAM | 64 GB ROM | Expandable Upto 1 TB 17.13 cm (6.745 inch) HD+ Display 50MP Rear Camera | 5MP Front Camera 5000 mAh Battery T615 Processor 1 Year Warranty on Handset and 6 Months Warranty on the Inbox Accessories ₹7,999 Upto ₹5,150 Off on Exchange Bank Offer",https://www.flipkart.com/ai-pulse-1-green-64-gb/p/itm90e25907f6424?pid=MOBHDDQXFEAF3HZF&lid=LSTMOBHDDQXFEAF3HZFTNQHKW&marketplace=FLIPKART&q=smartphones&store=tyy%2F4io&srno=s_1_12&otracker=search&fm=organic&iid=7ebcd331-2a2e-468b-9f23-28085641b794.MOBHDDQXFEAF3HZF.SEARCH&ppt=None&ppn=None&ssid=hgqknvvg000000001780910409817&qH=6ea4465d0add4685&ov_redirect=true
Flipkart,smartphones,1,"POCO C81x (Ice Blue, 64 GB) 4","₹10,999","₹18,999",42% off,No,N/A,None,False,False,"Add to Compare POCO C81x (Ice Blue, 64 GB) 4 141 Ratings & 9 Reviews 3 GB RAM | 64 GB ROM | Expandable Upto 2 TB 17.48 cm (6.88 inch) Display 13MP Rear Camera | 8MP Front Camera 5200 mAh Lithium-Ion Polymer Battery T7250 Processor 1 Year Manufacturer Warranty for Phone and 6 Months Warranty for In the Box Accessories ₹10,999 ₹18,999 42% off Upto ₹7,400 Off on Exchange Bank Offer",https://www.flipkart.com/poco-c81x-ice-blue-64-gb/p/itmf2e3aacd5257e?pid=MOBHMYWRWPE4S8G6&lid=LSTMOBHMYWRWPE4S8G6INAADH&marketplace=FLIPKART&q=smartphones&store=tyy%2F4io&srno=s_1_13&otracker=search&fm=organic&iid=7ebcd331-2a2e-468b-9f23-28085641b794.MOBHMYWRWPE4S8G6.SEARCH&ppt=None&ppn=None&ssid=hgqknvvg000000001780910409817&qH=6ea4465d0add4685&ov_redirect=true
Flipkart,smartphones,1,"MOTOROLA g37 power (PANTONE Nautical Blue, 128 GB) 4","₹15,999","₹30,499",47% off,No,N/A,None,False,False,"Add to Compare MOTOROLA g37 power (PANTONE Nautical Blue, 128 GB) 4 160 Ratings & 12 Reviews 4 GB RAM | 128 GB ROM | Expandable Upto 1 TB 16.92 cm (6.66 inch) HD+ Display 50MP Rear Camera | 8MP Front Camera 7000 mAh Battery Dimensity 6400 Processor 1 Year on Handset and 6 Months on Accessories ₹15,999 ₹30,499 47% off Upto ₹11,000 Off on Exchange Bank Offer",https://www.flipkart.com/motorola-g37-power-pantone-nautical-blue-128-gb/p/itmf752f4981d932?pid=MOBHHVFYGN57RYAH&lid=LSTMOBHHVFYGN57RYAHB2DF12&marketplace=FLIPKART&q=smartphones&store=tyy%2F4io&srno=s_1_14&otracker=search&fm=organic&iid=7ebcd331-2a2e-468b-9f23-28085641b794.MOBHHVFYGN57RYAH.SEARCH&ppt=None&ppn=None&ssid=hgqknvvg000000001780910409817&qH=6ea4465d0add4685&ov_redirect=true
Flipkart,smartphones,1,"REDMI 15 5G (Sandy Purple, 128 GB)","₹18,500","₹19,999",7% off,No,4.3,Only few left,True,False,"Add to Compare REDMI 15 5G (Sandy Purple, 128 GB) 4.3 2,412 Ratings & 137 Reviews 6 GB RAM | 128 GB ROM 17.53 cm (6.9 inch) Display 50MP Rear Camera 7000 mAh Battery 1 year manufacturer warranty for device and 6 months manufacturer warranty for in-box accessories including batteries from the date of purchase ₹18,500 ₹19,999 7% off Only few left Upto ₹12,850 Off on Exchange",https://www.flipkart.com/redmi-15-5g-sandy-purple-128-gb/p/itmd7bced8727891?pid=MOBHFH95KX2GA62H&lid=LSTMOBHFH95KX2GA62HVQFFHJ&marketplace=FLIPKART&q=smartphones&store=tyy%2F4io&srno=s_1_15&otracker=search&fm=organic&iid=7ebcd331-2a2e-468b-9f23-28085641b794.MOBHFH95KX2GA62H.SEARCH&ppt=None&ppn=None&ssid=hgqknvvg000000001780910409817&qH=6ea4465d0add4685&ov_redirect=true
Flipkart,smartphones,1,"realme P4 Lite (Beach Gold, 128 GB)","₹13,999","₹9,700",N/A,N/A,4.1,None,False,False,"Add to Compare realme P4 Lite (Beach Gold, 128 GB) 4.1 2,746 Ratings & 158 Reviews 4 GB RAM | 128 GB ROM 17.14 cm (6.75 inch) HD+ Display 13MP Rear Camera | 5MP Front Camera 6300 mAh Battery T7250 Processor 1 Year Manufacturer Warranty for Device and 6 Months Manufacturer Warranty for Inbox Accessories ₹13,999 Upto ₹9,700 Off on Exchange Bank Offer",https://www.flipkart.com/realme-p4-lite-beach-gold-128-gb/p/itm534024e2339ef?pid=MOBHK685K37ZCSPU&lid=LSTMOBHK685K37ZCSPUTZ3SXB&marketplace=FLIPKART&q=smartphones&store=tyy%2F4io&srno=s_1_16&otracker=search&fm=organic&iid=7ebcd331-2a2e-468b-9f23-28085641b794.MOBHK685K37ZCSPU.SEARCH&ppt=None&ppn=None&ssid=hgqknvvg000000001780910409817&qH=6ea4465d0add4685&ov_redirect=true
Flipkart,smartphones,1,"MOTOROLA g06 power (Pantone tapestry, 64 GB)","₹12,999","₹19,999",35% off,No,4.2,None,False,False,"Add to Compare MOTOROLA g06 power (Pantone tapestry, 64 GB) 4.2 17,960 Ratings & 1,058 Reviews 4 GB RAM | 64 GB ROM | Expandable Upto 1 TB 17.48 cm (6.88 inch) HD+ Display 50MP Rear Camera | 8MP Front Camera 7000 mAh Battery Helio G81 Processor 1 Year Warranty on Handset and 6 Months Warranty on Accessories ₹12,999 ₹19,999 35% off Upto ₹8,900 Off on Exchange Bank Offer",https://www.flipkart.com/motorola-g06-power-pantone-tapestry-64-gb/p/itm29390fa68401d?pid=MOBHN973FFYHGUGG&lid=LSTMOBHN973FFYHGUGG27JKDQ&marketplace=FLIPKART&q=smartphones&store=tyy%2F4io&srno=s_1_17&otracker=search&fm=organic&iid=7ebcd331-2a2e-468b-9f23-28085641b794.MOBHN973FFYHGUGG.SEARCH&ppt=None&ppn=None&ssid=hgqknvvg000000001780910409817&qH=6ea4465d0add4685&ov_redirect=true
Flipkart,smartphones,1,"POCO C85 5G (Mystic Purple, 128 GB)","₹14,499","₹20,999",30% off,No,3.8,None,False,False,"Add to Compare POCO C85 5G (Mystic Purple, 128 GB) 3.8 1,286 Ratings & 132 Reviews 4 GB RAM | 128 GB ROM | Expandable Upto 1 TB 17.53 cm (6.9 inch) HD+ Display 50MP Rear Camera | 8MP Front Camera 6000 mAh Lithium-Ion Polymer Battery Dimensity 6300 Processor 1 Year Manufacturer Warranty for Phone and 6 Months Warranty for In the Box Accessories ₹14,499 ₹20,999 30% off Upto ₹10,000 Off on Exchange B",https://www.flipkart.com/poco-c85-5g-mystic-purple-128-gb/p/itm74e2143a5de24?pid=MOBHMGG5UZHEVJBK&lid=LSTMOBHMGG5UZHEVJBK4YXSTE&marketplace=FLIPKART&q=smartphones&store=tyy%2F4io&srno=s_1_18&otracker=search&fm=organic&iid=7ebcd331-2a2e-468b-9f23-28085641b794.MOBHMGG5UZHEVJBK.SEARCH&ppt=None&ppn=None&ssid=hgqknvvg000000001780910409817&qH=6ea4465d0add4685&ov_redirect=true
Flipkart,smartphones,1,"vivo T5x 5G (Cyber Green, 128 GB)","₹24,999","₹30,999",19% off,No,4.4,None,False,False,"Add to Compare vivo T5x 5G (Cyber Green, 128 GB) 4.4 10,950 Ratings & 878 Reviews 8 GB RAM | 128 GB ROM 17.17 cm (6.76 inch) Display 50MP + 2MP | 32MP Front Camera 7200 mAh Li-ion Battery Dimensity 7400-Turbo Processor 1 Year Manufacturer Warranty for Device and 6 Months Manufacturer Warranty for Inbox Accessories ₹24,999 ₹30,999 19% off Upto ₹17,550 Off on Exchange Bank Offer",https://www.flipkart.com/vivo-t5x-5g-cyber-green-128-gb/p/itm7da8aa253e72b?pid=MOBHH69NM5ERRNFT&lid=LSTMOBHH69NM5ERRNFTB1RHB5&marketplace=FLIPKART&q=smartphones&store=tyy%2F4io&srno=s_1_19&otracker=search&fm=organic&iid=7ebcd331-2a2e-468b-9f23-28085641b794.MOBHH69NM5ERRNFT.SEARCH&ppt=None&ppn=None&ssid=hgqknvvg000000001780910409817&qH=6ea4465d0add4685&ov_redirect=true
Flipkart,smartphones,1,"Add to Compare MOTOROLA g06 power (Pantone Tendril, 64 GB)","₹9,999","₹6,650",N/A,N/A,4.2,None,False,False,"Currently unavailable Add to Compare MOTOROLA g06 power (Pantone Tendril, 64 GB) 4.2 17,960 Ratings & 1,058 Reviews 4 GB RAM | 64 GB ROM | Expandable Upto 1 TB 17.48 cm (6.88 inch) HD+ Display 50MP Rear Camera | 8MP Front Camera 7000 mAh Battery Helio G81 Processor 1 Year Warranty on Handset and 6 Months Warranty on Accessories ₹9,999 Upto ₹6,650 Off on Exchange Bank Offer",https://www.flipkart.com/motorola-g06-power-pantone-tendril-64-gb/p/itm042f1f6d04b3a?pid=MOBHFSCEDQXXDXUQ&lid=LSTMOBHFSCEDQXXDXUQ5OORZ3&marketplace=FLIPKART&q=smartphones&store=tyy%2F4io&srno=s_1_20&otracker=search&fm=organic&iid=7ebcd331-2a2e-468b-9f23-28085641b794.MOBHFSCEDQXXDXUQ.SEARCH&ppt=None&ppn=None&ssid=hgqknvvg000000001780910409817&qH=6ea4465d0add4685&ov_redirect=true
Flipkart,smartphones,1,"OnePlus Nord CE6 Lite (Hyper Black, 128 GB)","₹23,710","₹31,999",25% off,No,4.1,Only few left,True,False,"Add to Compare OnePlus Nord CE6 Lite (Hyper Black, 128 GB) 4.1 140 Ratings & 12 Reviews 6 GB RAM | 128 GB ROM | Expandable Upto 128 GB 17.07 cm (6.72 inch) Full HD+ Display 50MP Rear Camera | 50MP Front Camera 7000 mAh Battery Qualcomm Snapdragon 7s Gen 4 Processor one year of handset six month of accessories ₹23,710 ₹31,999 25% off Super Deals Only few left",https://www.flipkart.com/oneplus-nord-ce6-lite-hyper-black-128-gb/p/itm894a5599b758b?pid=MOBHN8BDFU3PHHUR&lid=LSTMOBHN8BDFU3PHHURVOUB8L&marketplace=FLIPKART&q=smartphones&store=tyy%2F4io&srno=s_1_21&otracker=search&fm=organic&iid=7ebcd331-2a2e-468b-9f23-28085641b794.MOBHN8BDFU3PHHUR.SEARCH&ppt=None&ppn=None&ssid=hgqknvvg000000001780910409817&qH=6ea4465d0add4685&ov_redirect=true
Flipkart,smartphones,1,"POCO C81 (Sunset Gold, 64 GB)","₹11,999","₹19,999",40% off,No,3.6,None,False,False,"Add to Compare POCO C81 (Sunset Gold, 64 GB) 3.6 106 Ratings & 8 Reviews 4 GB RAM | 64 GB ROM | Expandable Upto 2 TB 17.53 cm (6.9 inch) Display 13MP Rear Camera | 8MP Front Camera 6300 mAh Lithium-Ion Polymer Battery T7250 Processor 1 Year Manufacturer Warranty for Phone and 6 Months Warranty for In the Box Accessories ₹11,999 ₹19,999 40% off Upto ₹8,150 Off on Exchange Bank Offer",https://www.flipkart.com/poco-c81-sunset-gold-64-gb/p/itmd046653de9427?pid=MOBHMYWRFE7GZVJF&lid=LSTMOBHMYWRFE7GZVJFEI8O3R&marketplace=FLIPKART&q=smartphones&store=tyy%2F4io&srno=s_1_22&otracker=search&fm=organic&iid=7ebcd331-2a2e-468b-9f23-28085641b794.MOBHMYWRFE7GZVJF.SEARCH&ppt=None&ppn=None&ssid=hgqknvvg000000001780910409817&qH=6ea4465d0add4685&ov_redirect=true
Flipkart,smartphones,1,"POCO C71  - Locked with Airtel Prepaid (Desert Gold, 64 GB)","₹8,999","₹5,900",N/A,N/A,3.8,None,False,False,"Add to Compare POCO C71  - Locked with Airtel Prepaid (Desert Gold, 64 GB) 3.8 61,502 Ratings & 2,802 Reviews 4 GB RAM | 64 GB ROM | Expandable Upto 2 TB 17.48 cm (6.88 inch) HD+ Display 32MP Rear Camera | 8MP Front Camera 5200 mAh Battery Unisoc T7250
Max clock speed: 
2 x A75@1.8GHz
6 x A55@1.6GHz Processor 1 Year Manufacturer Warranty for Phone and 6 Months Warranty for In the Box Accessories ₹",https://www.flipkart.com/poco-c71-locked-airtel-prepaid-desert-gold-64-gb/p/itmb0bb5af15d090?pid=MOBHAFVJ5QYQMBRV&lid=LSTMOBHAFVJ5QYQMBRVX1X4P4&marketplace=FLIPKART&q=smartphones&store=tyy%2F4io&srno=s_1_23&otracker=search&fm=organic&iid=7ebcd331-2a2e-468b-9f23-28085641b794.MOBHAFVJ5QYQMBRV.SEARCH&ppt=None&ppn=None&ssid=hgqknvvg000000001780910409817&qH=6ea4465d0add4685&ov_redirect=true
Flipkart,smartphones,1,"POCO M8 (Frost Silver, 128 GB)","₹20,999","₹25,999",19% off,No,4.3,None,False,False,"Add to Compare POCO M8 (Frost Silver, 128 GB) 4.3 1,648 Ratings & 166 Reviews 6 GB RAM | 128 GB ROM | Expandable Upto 1 TB 17.2 cm (6.77 inch) Full HD+ Display 50MP Rear Camera | 20MP Front Camera 5520 mAh Battery 1 Year Manufacturer Warranty for Phone and 6 Months Warranty for In the Box Accessories ₹20,999 ₹25,999 19% off Upto ₹14,500 Off on Exchange Bank Offer",https://www.flipkart.com/poco-m8-frost-silver-128-gb/p/itm42b9da2073832?pid=MOBHMGG5HBC8MRBG&lid=LSTMOBHMGG5HBC8MRBGXF9FVG&marketplace=FLIPKART&q=smartphones&store=tyy%2F4io&srno=s_1_24&otracker=search&fm=organic&iid=7ebcd331-2a2e-468b-9f23-28085641b794.MOBHMGG5HBC8MRBG.SEARCH&ppt=None&ppn=None&ssid=hgqknvvg000000001780910409817&qH=6ea4465d0add4685&ov_redirect=true
Flipkart,smartphones,2,"realme P4 Lite 5G (Mosaic Green, 128 GB)","₹16,499","₹32,999",50% off,No,4.3,None,False,False,"Add to Compare realme P4 Lite 5G (Mosaic Green, 128 GB) 4.3 5,774 Ratings & 335 Reviews 4 GB RAM | 128 GB ROM 17.27 cm (6.8 inches) HD+ Display 13MP Rear Camera | 5MP Front Camera 7000 mAh lithium-ion polymer Battery Dimensity 6300 Processor 1 Year Manufacturer Warranty for Device and 6 Months Manufacturer Warranty for Inbox Accessories ₹16,499 ₹32,999 50% off Upto ₹11,500 Off on Exchange Bank Off",https://www.flipkart.com/realme-p4-lite-5g-mosaic-green-128-gb/p/itm90c243961f214?pid=MOBHN7A8PBUWNHG5&lid=LSTMOBHN7A8PBUWNHG5BENLLV&marketplace=FLIPKART&q=smartphones&store=tyy%2F4io&srno=s_2_25&otracker=search&fm=organic&iid=cd1af179-f528-4fe0-843a-1f194fa9ea73.MOBHN7A8PBUWNHG5.SEARCH&ppt=None&ppn=None&ssid=u7j32ydys00000001780910424278&qH=6ea4465d0add4685&ov_redirect=true
Flipkart,smartphones,2,"POCO M7 Plus 5G (Carbon Black, 128 GB)","₹16,999","₹17,999",5% off,No,4.2,None,False,False,"Add to Compare POCO M7 Plus 5G (Carbon Black, 128 GB) 4.2 5,314 Ratings & 351 Reviews 8 GB RAM | 128 GB ROM | Expandable Upto 2 TB 17.53 cm (6.9 inch) Display 50MP AI Dual Camera 7000 mAh Battery Snapdragon 6s Gen 3 5G Processor 1 Year Manufacturer Warranty for Phone and 6 Months Warranty for In the Box Accessories ₹16,999 ₹17,999 5% off Upto ₹11,700 Off on Exchange Bank Offer",https://www.flipkart.com/poco-m7-plus-5g-carbon-black-128-gb/p/itm39c366869cc19?pid=MOBHETX6YMAG9NTF&lid=LSTMOBHETX6YMAG9NTF5IHJPA&marketplace=FLIPKART&q=smartphones&store=tyy%2F4io&srno=s_2_28&otracker=search&fm=organic&iid=cd1af179-f528-4fe0-843a-1f194fa9ea73.MOBHETX6YMAG9NTF.SEARCH&ppt=None&ppn=None&ssid=u7j32ydys00000001780910424278&qH=6ea4465d0add4685&ov_redirect=true
Flipkart,smartphones,2,"Samsung Galaxy F36 5G (Red, 128 GB)","₹19,499","₹22,999",15% off,No,4.3,Only 1 left,True,False,"Add to Compare Samsung Galaxy F36 5G (Red, 128 GB) 4.3 11,375 Ratings & 778 Reviews 6 GB RAM | 128 GB ROM | Expandable Upto 2 TB 17.02 cm (6.7 inch) Full HD+ Display 50MP + 8MP + 2MP | 13MP Front Camera 5000 mAh Battery Samsung Exynos 1380 Processor 1 Year Manufacturer Warranty for Device and 6 Months for In-Box Accessories ₹19,499 ₹22,999 15% off Only 1 left Upto ₹13,650 Off on Exchange",https://www.flipkart.com/samsung-galaxy-f36-5g-red-128-gb/p/itmc11d84aa155ce?pid=MOBHDFVTHDKNNW8Z&lid=LSTMOBHDFVTHDKNNW8Z1DPOGI&marketplace=FLIPKART&q=smartphones&store=tyy%2F4io&srno=s_2_29&otracker=search&fm=organic&iid=cd1af179-f528-4fe0-843a-1f194fa9ea73.MOBHDFVTHDKNNW8Z.SEARCH&ppt=None&ppn=None&ssid=u7j32ydys00000001780910424278&qH=6ea4465d0add4685&ov_redirect=true
Flipkart,smartphones,2,"vivo T5x 5G (Cyber Green, 128 GB)","₹22,999","₹28,999",20% off,No,4.4,None,False,False,"Add to Compare vivo T5x 5G (Cyber Green, 128 GB) 4.4 9,240 Ratings & 611 Reviews 6 GB RAM | 128 GB ROM 17.17 cm (6.76 inch) Display 50MP + 2MP | 32MP Front Camera 7200 mAh Li-ion Battery Dimensity 7400-Turbo Processor 1 Year Manufacturer Warranty for Device and 6 Months Manufacturer Warranty for Inbox Accessories ₹22,999 ₹28,999 20% off Upto ₹16,350 Off on Exchange Bank Offer",https://www.flipkart.com/vivo-t5x-5g-cyber-green-128-gb/p/itm7da8aa253e72b?pid=MOBHH69NGFZAYK6M&lid=LSTMOBHH69NGFZAYK6MYQKNQD&marketplace=FLIPKART&q=smartphones&store=tyy%2F4io&spotlightTagId=default_BestsellerId_tyy%2F4io&srno=s_2_31&otracker=search&fm=organic&iid=cd1af179-f528-4fe0-843a-1f194fa9ea73.MOBHH69NGFZAYK6M.SEARCH&ppt=None&ppn=None&ssid=u7j32ydys00000001780910424278&qH=6ea4465d0add4685&ov_redirect=true
Flipkart,smartphones,2,"realme P4x 5G (Elegant Pink, 128 GB)","₹19,999","₹21,999",9% off,No,4.3,None,False,False,"Add to Compare realme P4x 5G (Elegant Pink, 128 GB) 4.3 11,475 Ratings & 859 Reviews 6 GB RAM | 128 GB ROM 17.07 cm (6.72 inch) Full HD+ Display 50MP + 2MP | 8MP Front Camera 7000 mAh Battery Dimensity 7400 Ultra Processor 1 Year Manufacturer Warranty for Phone and 6 Months Warranty for In-Box Accessories ₹19,999 ₹21,999 9% off Upto ₹14,050 Off on Exchange Bank Offer",https://www.flipkart.com/realme-p4x-5g-elegant-pink-128-gb/p/itm575b1540859e4?pid=MOBHHWGMD2SAKRCJ&lid=LSTMOBHHWGMD2SAKRCJLOGF4A&marketplace=FLIPKART&q=smartphones&store=tyy%2F4io&srno=s_2_32&otracker=search&fm=organic&iid=cd1af179-f528-4fe0-843a-1f194fa9ea73.MOBHHWGMD2SAKRCJ.SEARCH&ppt=None&ppn=None&ssid=u7j32ydys00000001780910424278&qH=6ea4465d0add4685&ov_redirect=true
Flipkart,smartphones,2,"OnePlus Nord CE6 Lite (Hyper Black, 128 GB)","₹26,698","₹33,999",21% off,No,4.3,Only few left,True,False,"Add to Compare OnePlus Nord CE6 Lite (Hyper Black, 128 GB) 4.3 85 Ratings & 5 Reviews 8 GB RAM | 128 GB ROM | Expandable Upto 128 GB 17.07 cm (6.72 inch) Full HD+ Display 50MP Rear Camera | 50MP Front Camera 7000 mAh Battery Qualcomm Snapdragon 7s Gen 4 Processor one year of handset six month of accessories ₹26,698 ₹33,999 21% off Only few left Bank Offer",https://www.flipkart.com/oneplus-nord-ce6-lite-hyper-black-128-gb/p/itm894a5599b758b?pid=MOBHN8CA4A6Z3KMZ&lid=LSTMOBHN8CA4A6Z3KMZS2V2L5&marketplace=FLIPKART&q=smartphones&store=tyy%2F4io&srno=s_2_33&otracker=search&fm=organic&iid=cd1af179-f528-4fe0-843a-1f194fa9ea73.MOBHN8CA4A6Z3KMZ.SEARCH&ppt=None&ppn=None&ssid=u7j32ydys00000001780910424278&qH=6ea4465d0add4685&ov_redirect=true
Flipkart,smartphones,2,"Ai+ Pulse 2 (Blue, 64 GB)","₹10,499","₹10,999",4% off,No,4.4,None,False,False,"Add to Compare Ai+ Pulse 2 (Blue, 64 GB) 4.4 3,259 Ratings & 166 Reviews 4 GB RAM | 64 GB ROM | Expandable Upto 1 TB 17.13 cm (6.745 inch) HD+ Display 50MP Rear Camera | 8MP Front Camera 6000 mAh Battery T7250 Processor 1 Year Warranty on Handset and 6 Months Warranty on the Inbox Accessories ₹10,499 ₹10,999 4% off Upto ₹7,050 Off on Exchange Bank Offer",https://www.flipkart.com/ai-pulse-2-blue-64-gb/p/itm9168504534079?pid=MOBHKHPYZFF8KUPC&lid=LSTMOBHKHPYZFF8KUPCXXI7UT&marketplace=FLIPKART&q=smartphones&store=tyy%2F4io&srno=s_2_34&otracker=search&fm=organic&iid=cd1af179-f528-4fe0-843a-1f194fa9ea73.MOBHKHPYZFF8KUPC.SEARCH&ppt=None&ppn=None&ssid=u7j32ydys00000001780910424278&qH=6ea4465d0add4685&ov_redirect=true
Flipkart,smartphones,2,"Infinix GT 30 5G+ Pulse Green 128 (Pulse Green, 128 GB)","₹21,999","₹24,999",12% off,No,4.4,None,False,False,"Add to Compare Infinix GT 30 5G+ Pulse Green 128 (Pulse Green, 128 GB) 4.4 835 Ratings & 53 Reviews 8 GB RAM | 128 GB ROM 17.22 cm (6.78 inch) Display 64MP + 8MP | 13MP Front Camera 5500 mAh Battery Dimensity 7400 Processor 1 Year Manufacturer Warranty for Device and 6 Months Manufacturer Warranty for Inbox Accessories ₹21,999 ₹24,999 12% off Upto ₹15,450 Off on Exchange Bank Offer",https://www.flipkart.com/infinix-gt-30-5g-pulse-green-128-pulse-green-gb/p/itm666aa01d8a89d?pid=MOBHDQFAY7XQDHNK&lid=LSTMOBHDQFAY7XQDHNKJVNAJR&marketplace=FLIPKART&q=smartphones&store=tyy%2F4io&srno=s_2_35&otracker=search&fm=organic&iid=cd1af179-f528-4fe0-843a-1f194fa9ea73.MOBHDQFAY7XQDHNK.SEARCH&ppt=None&ppn=None&ssid=u7j32ydys00000001780910424278&qH=6ea4465d0add4685&ov_redirect=true
Flipkart,smartphones,2,"POCO C81x (Crystal Black, 64 GB) 4","₹10,999","₹18,999",42% off,No,N/A,None,False,False,"Add to Compare POCO C81x (Crystal Black, 64 GB) 4 141 Ratings & 9 Reviews 3 GB RAM | 64 GB ROM | Expandable Upto 2 TB 17.48 cm (6.88 inch) Display 13MP Rear Camera | 8MP Front Camera 5200 mAh Lithium-Ion Polymer Battery T7250 Processor 1 Year Manufacturer Warranty for Phone and 6 Months Warranty for In the Box Accessories ₹10,999 ₹18,999 42% off Upto ₹7,400 Off on Exchange Bank Offer",https://www.flipkart.com/poco-c81x-crystal-black-64-gb/p/itmcc7b133522987?pid=MOBHMYWRXCQBZ7D2&lid=LSTMOBHMYWRXCQBZ7D2WUWSH4&marketplace=FLIPKART&q=smartphones&store=tyy%2F4io&srno=s_2_36&otracker=search&fm=organic&iid=cd1af179-f528-4fe0-843a-1f194fa9ea73.MOBHMYWRXCQBZ7D2.SEARCH&ppt=None&ppn=None&ssid=u7j32ydys00000001780910424278&qH=6ea4465d0add4685&ov_redirect=true
Flipkart,smartphones,2,Add to Compare Vivo T4 Lite 5G (Prism Blue 2026) ( 4GB 64GB),"₹12,999","₹27,999",53% off,No,4.3,None,False,False,"Currently unavailable Add to Compare Vivo T4 Lite 5G (Prism Blue 2026) ( 4GB 64GB) 4.3 36,159 Ratings & 1,305 Reviews 4 GB RAM | 64 GB ROM | Expandable Upto 2 TB 17.12 cm (6.74 inch) HD+ Display 50MP + 2MP | 5MP Front Camera 6000 mAh Battery Dimensity 6300 5G Processor 1 Year Manufacturer Warranty for Device and 6 Months Manufacturer Warranty for Inbox Accessories ₹12,999 ₹27,999 53% off Bank Offe",https://www.flipkart.com/vivo-t4-lite-5g-prism-blue-2026-4gb-64gb/p/itm49fb53d099f3c?pid=MOBHNCRKA4XQFSRM&lid=LSTMOBHNCRKA4XQFSRM3HV9XJ&marketplace=FLIPKART&q=smartphones&store=tyy%2F4io&srno=s_2_37&otracker=search&fm=organic&iid=cd1af179-f528-4fe0-843a-1f194fa9ea73.MOBHNCRKA4XQFSRM.SEARCH&ppt=None&ppn=None&ssid=u7j32ydys00000001780910424278&qH=6ea4465d0add4685&ov_redirect=true
Flipkart,smartphones,2,"Samsung Galaxy F06 5G (Bahama Blue, 128 GB)","₹15,499","₹10,650",N/A,N/A,4.2,None,False,False,"Add to Compare Samsung Galaxy F06 5G (Bahama Blue, 128 GB) 4.2 24,795 Ratings & 1,699 Reviews 6 GB RAM | 128 GB ROM | Expandable Upto 1500 GB 17.02 cm (6.7 inch) HD+ Display 50MP + 2MP | 8MP Front Camera 5000 mAh Battery Dimensity 6300 Processor 1 Year Manufacturer Warranty for Device and 6 Months for In-Box Accessories ₹15,499 Upto ₹10,650 Off on Exchange Bank Offer",https://www.flipkart.com/samsung-galaxy-f06-5g-bahama-blue-128-gb/p/itm9acd4c5748761?pid=MOBH9AS4DSSQECZM&lid=LSTMOBH9AS4DSSQECZMNC3LC0&marketplace=FLIPKART&q=smartphones&store=tyy%2F4io&srno=s_2_38&otracker=search&fm=organic&iid=cd1af179-f528-4fe0-843a-1f194fa9ea73.MOBH9AS4DSSQECZM.SEARCH&ppt=None&ppn=None&ssid=u7j32ydys00000001780910424278&qH=6ea4465d0add4685&ov_redirect=true
Flipkart,smartphones,2,"OPPO K14 5G (Prism White, 256 GB)","₹23,999","₹29,999",20% off,No,4.3,None,False,False,"Add to Compare OPPO K14 5G (Prism White, 256 GB) 4.3 527 Ratings & 58 Reviews 8 GB RAM | 256 GB ROM 17.14 cm (6.75 inch) HD+ Display 50MP Rear Camera | 8MP Front Camera 7000 mAh Battery Dimensity 6300 Processor 1 Year Manufacturer Warranty for Device and 6 Months Manufacturer Warranty for Inbox Accessories ₹23,999 ₹29,999 20% off Upto ₹17,000 Off on Exchange Bank Offer",https://www.flipkart.com/oppo-k14-5g-prism-white-256-gb/p/itm2a5cc1d23c2af?pid=MOBHKQYYS6KNAPHZ&lid=LSTMOBHKQYYS6KNAPHZ4DCHQR&marketplace=FLIPKART&q=smartphones&store=tyy%2F4io&srno=s_2_39&otracker=search&fm=organic&iid=cd1af179-f528-4fe0-843a-1f194fa9ea73.MOBHKQYYS6KNAPHZ.SEARCH&ppt=None&ppn=None&ssid=u7j32ydys00000001780910424278&qH=6ea4465d0add4685&ov_redirect=true
Flipkart,smartphones,2,"Tecno Pova 7 Pro 5G (Neon Cyan, 256 GB)","₹19,374","₹23,999",19% off,No,4.4,Only 1 left,True,False,"Add to Compare Tecno Pova 7 Pro 5G (Neon Cyan, 256 GB) 4.4 5,857 Ratings & 600 Reviews 8 GB RAM | 256 GB ROM 17.22 cm (6.78 inch) Full HD+ AMOLED Display 64MP + 8MP | 13MP Front Camera 6000 mAh Battery Dimensity 7300 Ultimate Processor 1 Year Manufacturer Warranty for Phone ₹19,374 ₹23,999 19% off Only 1 left Upto ₹13,650 Off on Exchange",https://www.flipkart.com/tecno-pova-7-pro-5g-neon-cyan-256-gb/p/itm0445d5aa95ced?pid=MOBHD8ZJCUMY42KG&lid=LSTMOBHD8ZJCUMY42KG4J7GGM&marketplace=FLIPKART&q=smartphones&store=tyy%2F4io&srno=s_2_40&otracker=search&fm=organic&iid=cd1af179-f528-4fe0-843a-1f194fa9ea73.MOBHD8ZJCUMY42KG.SEARCH&ppt=None&ppn=None&ssid=u7j32ydys00000001780910424278&qH=6ea4465d0add4685&ov_redirect=true
Flipkart,smartphones,2,"POCO C85 5G (Power Black, 128 GB)","₹14,499","₹20,999",30% off,No,3.8,None,False,False,"Add to Compare POCO C85 5G (Power Black, 128 GB) 3.8 1,286 Ratings & 132 Reviews 4 GB RAM | 128 GB ROM | Expandable Upto 1 TB 17.53 cm (6.9 inch) HD+ Display 50MP Rear Camera | 8MP Front Camera 6000 mAh Lithium-Ion Polymer Battery Dimensity 6300 Processor 1 Year Manufacturer Warranty for Phone and 6 Months Warranty for In the Box Accessories ₹14,499 ₹20,999 30% off Upto ₹10,000 Off on Exchange Ban",https://www.flipkart.com/poco-c85-5g-power-black-128-gb/p/itm1f62dee4df0ad?pid=MOBHMGG5DNYPWU9Q&lid=LSTMOBHMGG5DNYPWU9QRQJHJO&marketplace=FLIPKART&q=smartphones&store=tyy%2F4io&srno=s_2_41&otracker=search&fm=organic&iid=cd1af179-f528-4fe0-843a-1f194fa9ea73.MOBHMGG5DNYPWU9Q.SEARCH&ppt=None&ppn=None&ssid=u7j32ydys00000001780910424278&qH=6ea4465d0add4685&ov_redirect=true
Flipkart,smartphones,2,"Ai+ Nova 2 Ultra 5G (Green, 128 GB)","₹18,999","₹25,999",26% off,No,4.3,None,False,False,"Add to Compare Ai+ Nova 2 Ultra 5G (Green, 128 GB) 4.3 609 Ratings & 147 Reviews 6 GB RAM | 128 GB ROM | Expandable Upto 1 TB 17.22 cm (6.78 inch) Full HD+ AMOLED Display 50MP + 8MP | 13MP Front Camera 6000 mAh Li-polymer Battery Dimensity 7400 Processor 1 Year Warranty on Handset and 6 Months Warranty on the Inbox Accessories ₹18,999 ₹25,999 26% off Upto ₹13,250 Off on Exchange Bank Offer",https://www.flipkart.com/ai-nova-2-ultra-5g-green-128-gb/p/itm9db3f3ad8ba85?pid=MOBHHUFDZFG4CKDG&lid=LSTMOBHHUFDZFG4CKDGGCWUDQ&marketplace=FLIPKART&q=smartphones&store=tyy%2F4io&srno=s_2_42&otracker=search&fm=organic&iid=cd1af179-f528-4fe0-843a-1f194fa9ea73.MOBHHUFDZFG4CKDG.SEARCH&ppt=None&ppn=None&ssid=u7j32ydys00000001780910424278&qH=6ea4465d0add4685&ov_redirect=true
Flipkart,smartphones,2,"MOTOROLA Edge 70 Fusion (Pantone SILHOUETTE, 256 GB)","₹33,999","₹49,999",32% off,No,4.3,None,False,False,"Add to Compare MOTOROLA Edge 70 Fusion (Pantone SILHOUETTE, 256 GB) 4.3 1,893 Ratings & 198 Reviews 12 GB RAM | 256 GB ROM 17.27 cm (6.8 inch) Super HD Display 50MP + 13MP | 32MP Front Camera 7000 mAh Battery Snapdragon 7s Gen 4 Processor 1 Year on Handset and 6 Months on Accessories ₹33,999 ₹49,999 32% off Upto ₹24,200 Off on Exchange Bank Offer",https://www.flipkart.com/motorola-edge-70-fusion-pantone-silhouette-256-gb/p/itm4261a778cb993?pid=MOBHJ7TXQGMFR7D9&lid=LSTMOBHJ7TXQGMFR7D9SD24SW&marketplace=FLIPKART&q=smartphones&store=tyy%2F4io&srno=s_2_43&otracker=search&fm=organic&iid=cd1af179-f528-4fe0-843a-1f194fa9ea73.MOBHJ7TXQGMFR7D9.SEARCH&ppt=None&ppn=None&ssid=u7j32ydys00000001780910424278&qH=6ea4465d0add4685&ov_redirect=true
Flipkart,smartphones,2,"vivo T4 Pro 5G (Nitro Blue, 256 GB)","₹29,999","₹34,999",14% off,No,4.5,Only few left,True,False,"Add to Compare vivo T4 Pro 5G (Nitro Blue, 256 GB) 4.5 20,565 Ratings & 1,593 Reviews 8 GB RAM | 256 GB ROM 17.2 cm (6.77 inch) Display 50MP + 2MP + 50MP | 32MP Front Camera 6500 mAh Battery 7 Gen 4 Processor 1 Year Manufacturer Warranty for Device and 6 Months Manufacturer Warranty for Inbox Accessories ₹29,999 ₹34,999 14% off Only few left Upto ₹21,150 Off on Exchange",https://www.flipkart.com/vivo-t4-pro-5g-nitro-blue-256-gb/p/itm4da1824b696d9?pid=MOBHF4F9FMPWJTPP&lid=LSTMOBHF4F9FMPWJTPPMUV02U&marketplace=FLIPKART&q=smartphones&store=tyy%2F4io&srno=s_2_44&otracker=search&fm=organic&iid=cd1af179-f528-4fe0-843a-1f194fa9ea73.MOBHF4F9FMPWJTPP.SEARCH&ppt=None&ppn=None&ssid=u7j32ydys00000001780910424278&qH=6ea4465d0add4685&ov_redirect=true
Flipkart,smartphones,2,"OnePlus Nord CE6 Lite (Vivid Mint, 128 GB)","₹23,765","₹31,999",25% off,No,4.1,Only few left,True,False,"Add to Compare OnePlus Nord CE6 Lite (Vivid Mint, 128 GB) 4.1 140 Ratings & 12 Reviews 6 GB RAM | 128 GB ROM | Expandable Upto 128 GB 17.07 cm (6.72 inch) Full HD+ Display 50MP Rear Camera | 50MP Front Camera 7000 mAh Battery Qualcomm Snapdragon 7s Gen 4 Processor one year of handset six month of accessories ₹23,765 ₹31,999 25% off Super Deals Only few left",https://www.flipkart.com/oneplus-nord-ce6-lite-vivid-mint-128-gb/p/itm21e965b5b799d?pid=MOBHN8CVXZNTVTKZ&lid=LSTMOBHN8CVXZNTVTKZSXQHGN&marketplace=FLIPKART&q=smartphones&store=tyy%2F4io&srno=s_2_45&otracker=search&fm=organic&iid=cd1af179-f528-4fe0-843a-1f194fa9ea73.MOBHN8CVXZNTVTKZ.SEARCH&ppt=None&ppn=None&ssid=u7j32ydys00000001780910424278&qH=6ea4465d0add4685&ov_redirect=true
Flipkart,smartphones,2,"realme P4x 5G (Matte Silver, 128 GB)","₹21,499","₹23,499",8% off,No,4.3,None,False,False,"Add to Compare realme P4x 5G (Matte Silver, 128 GB) 4.3 5,779 Ratings & 429 Reviews 8 GB RAM | 128 GB ROM 17.07 cm (6.72 inch) Full HD+ Display 50MP + 2MP | 8MP Front Camera 7000 mAh Battery Dimensity 7400 Ultra Processor 1 Year Manufacturer Warranty for Phone and 6 Months Warranty for In-Box Accessories ₹21,499 ₹23,499 8% off Upto ₹15,300 Off on Exchange Bank Offer",https://www.flipkart.com/realme-p4x-5g-matte-silver-128-gb/p/itm575b1540859e4?pid=MOBHHWGMJA4GNTVD&lid=LSTMOBHHWGMJA4GNTVDWMGMJS&marketplace=FLIPKART&q=smartphones&store=tyy%2F4io&srno=s_2_46&otracker=search&fm=organic&iid=cd1af179-f528-4fe0-843a-1f194fa9ea73.MOBHHWGMJA4GNTVD.SEARCH&ppt=None&ppn=None&ssid=u7j32ydys00000001780910424278&qH=6ea4465d0add4685&ov_redirect=true
Flipkart,smartphones,2,"Samsung Galaxy F06 5G (Bahama Blue, 64 GB)","₹12,499","₹14,999",16% off,No,4.2,Only 1 left,True,False,"Add to Compare Samsung Galaxy F06 5G (Bahama Blue, 64 GB) 4.2 46,399 Ratings & 2,975 Reviews 4 GB RAM | 64 GB ROM | Expandable Upto 1500 GB 17.02 cm (6.7 inch) HD+ Display 50MP + 2MP | 8MP Front Camera 5000 mAh Battery Dimensity 6300 Processor 1 Year Manufacturer Warranty for Device and 6 Months for In-Box Accessories ₹12,499 ₹14,999 16% off Only 1 left Upto ₹8,500 Off on Exchange",https://www.flipkart.com/samsung-galaxy-f06-5g-bahama-blue-64-gb/p/itma405b6a267df1?pid=MOBHMGHHPXSTQWHH&lid=LSTMOBHMGHHPXSTQWHHOFQUNF&marketplace=FLIPKART&q=smartphones&store=tyy%2F4io&srno=s_2_47&otracker=search&fm=organic&iid=cd1af179-f528-4fe0-843a-1f194fa9ea73.MOBHMGHHPXSTQWHH.SEARCH&ppt=None&ppn=None&ssid=u7j32ydys00000001780910424278&qH=6ea4465d0add4685&ov_redirect=true
Flipkart,smartphones,2,"OPPO K14x 5G (Icy Blue, 128 GB)","₹16,999","₹17,999",5% off,No,4.3,None,False,False,"Add to Compare OPPO K14x 5G (Icy Blue, 128 GB) 4.3 3,549 Ratings & 215 Reviews 4 GB RAM | 128 GB ROM 17.14 cm (6.75 inch) HD+ Display 50MP + 2MP | 5MP; f/2.2; FOV 77°; 3P lens 6500 mAh Battery Dimensity 6300 Processor 1 Year Manufacturer Warranty for Device and 6 Months Manufacturer Warranty for Inbox Accessories ₹16,999 ₹17,999 5% off Upto ₹11,700 Off on Exchange Bank Offer",https://www.flipkart.com/oppo-k14x-5g-icy-blue-128-gb/p/itm188c7a4b69292?pid=MOBHJQQ4JWFJQCGC&lid=LSTMOBHJQQ4JWFJQCGCO9UQAV&marketplace=FLIPKART&q=smartphones&store=tyy%2F4io&spotlightTagId=default_BestsellerId_tyy%2F4io&srno=s_2_48&otracker=search&fm=organic&iid=cd1af179-f528-4fe0-843a-1f194fa9ea73.MOBHJQQ4JWFJQCGC.SEARCH&ppt=None&ppn=None&ssid=u7j32ydys00000001780910424278&qH=6ea4465d0add4685&ov_redirect=true
Flipkart,smartphones,3,"OPPO K14x 5G (Prism Violet, 128 GB)","₹16,999","₹17,999",5% off,No,4.3,Only few left,True,False,"Add to Compare OPPO K14x 5G (Prism Violet, 128 GB) 4.3 3,549 Ratings & 215 Reviews 4 GB RAM | 128 GB ROM 17.14 cm (6.75 inch) HD+ Display 50MP + 2MP | 5MP; f/2.2; FOV 77°; 3P lens 6500 mAh Battery Dimensity 6300 Processor 1 Year Manufacturer Warranty for Device and 6 Months Manufacturer Warranty for Inbox Accessories ₹16,999 ₹17,999 5% off Only few left Upto ₹11,900 Off on Exchange",https://www.flipkart.com/oppo-k14x-5g-prism-violet-128-gb/p/itm188c7a4b69292?pid=MOBHJQQ4XFNJUHGW&lid=LSTMOBHJQQ4XFNJUHGWGZGIGT&marketplace=FLIPKART&q=smartphones&store=tyy%2F4io&srno=s_3_50&otracker=search&fm=organic&iid=d270e22c-d496-4bce-b847-c95c43d8d706.MOBHJQQ4XFNJUHGW.SEARCH&ppt=None&ppn=None&ssid=i0ob76vetc0000001780910439690&qH=6ea4465d0add4685&ov_redirect=true
Flipkart,smartphones,3,"Add to Compare MOTOROLA Edge 60 Fusion 5G (PANTONE Zephyr, 128 GB)","₹22,999","₹24,999",8% off,No,4.4,None,False,False,"Currently unavailable Add to Compare MOTOROLA Edge 60 Fusion 5G (PANTONE Zephyr, 128 GB) 4.4 1,21,643 Ratings & 7,182 Reviews 8 GB RAM | 128 GB ROM | Expandable Upto 1 TB 16.94 cm (6.67 inch) Display 50MP + 13MP | 32MP Front Camera 5500 mAh Battery Dimensity 7400 Processor 68W Charger 1 Year Warranty on Handset and 6 Months Warranty on Accessories ₹22,999 ₹24,999 8% off Upto ₹16,350 Off on Exchang",https://www.flipkart.com/motorola-edge-60-fusion-5g-pantone-zephyr-128-gb/p/itm4928a0586b718?pid=MOBHHD2K42R3RQTB&lid=LSTMOBHHD2K42R3RQTBU6T5AP&marketplace=FLIPKART&q=smartphones&store=tyy%2F4io&srno=s_3_51&otracker=search&fm=organic&iid=d270e22c-d496-4bce-b847-c95c43d8d706.MOBHHD2K42R3RQTB.SEARCH&ppt=None&ppn=None&ssid=i0ob76vetc0000001780910439690&qH=6ea4465d0add4685&ov_redirect=true
Flipkart,smartphones,3,"MOTOROLA g35 5G (Leaf Green, 128 GB)","₹12,499","₹8,500",N/A,N/A,4.2,Only few left,True,False,"Add to Compare MOTOROLA g35 5G (Leaf Green, 128 GB) 4.2 1,38,207 Ratings & 8,579 Reviews 4 GB RAM | 128 GB ROM | Expandable Upto 1 TB 17.07 cm (6.72 inch) Full HD+ Display 50MP + 8MP | 16MP Front Camera 5000 mAh Battery T760 Processor 12 5G Bands with VoNR|4K Video Recording|Vision Booster Technology 1 Year on Handset and 6 Months on Accessories ₹12,499 Only few left Upto ₹8,500 Off on Exchange",https://www.flipkart.com/motorola-g35-5g-leaf-green-128-gb/p/itma3ca32cc93927?pid=MOBH3YGPQHRSNQED&lid=LSTMOBH3YGPQHRSNQEDLDGOMQ&marketplace=FLIPKART&q=smartphones&store=tyy%2F4io&srno=s_3_52&otracker=search&fm=organic&iid=d270e22c-d496-4bce-b847-c95c43d8d706.MOBH3YGPQHRSNQED.SEARCH&ppt=None&ppn=None&ssid=i0ob76vetc0000001780910439690&qH=6ea4465d0add4685&ov_redirect=true
Flipkart,smartphones,3,"OPPO K14 5G (Icy Blue, 128 GB)","₹19,999","₹25,999",23% off,No,4.4,None,False,False,"Add to Compare OPPO K14 5G (Icy Blue, 128 GB) 4.4 1,503 Ratings & 86 Reviews 6 GB RAM | 128 GB ROM 17.14 cm (6.75 inch) HD+ Display 50MP Rear Camera | 8MP Front Camera 7000 mAh Battery Dimensity 6300 Processor 1 Year Manufacturer Warranty for Device and 6 Months Manufacturer Warranty for Inbox Accessories ₹19,999 ₹25,999 23% off Upto ₹14,050 Off on Exchange Bank Offer",https://www.flipkart.com/oppo-k14-5g-icy-blue-128-gb/p/itm2a5cc1d23c2af?pid=MOBHKQYY9S6MVDHH&lid=LSTMOBHKQYY9S6MVDHHMEMJYK&marketplace=FLIPKART&q=smartphones&store=tyy%2F4io&srno=s_3_53&otracker=search&fm=organic&iid=d270e22c-d496-4bce-b847-c95c43d8d706.MOBHKQYY9S6MVDHH.SEARCH&ppt=None&ppn=None&ssid=i0ob76vetc0000001780910439690&qH=6ea4465d0add4685&ov_redirect=true
Flipkart,smartphones,3,"MOTOROLA g37 (PANTONE Impenetrable, 64 GB)","₹14,999","₹24,999",40% off,No,4.3,None,False,False,"Add to Compare MOTOROLA g37 (PANTONE Impenetrable, 64 GB) 4.3 148 Ratings & 10 Reviews 4 GB RAM | 64 GB ROM | Expandable Upto 1 TB 16.92 cm (6.66 inch) HD+ Display 50MP Rear Camera | 8MP Front Camera 5200 mAh Battery Dimensity 6400 Processor 1 Year on Handset and 6 Months on Accessories ₹14,999 ₹24,999 40% off Upto ₹10,350 Off on Exchange Bank Offer",https://www.flipkart.com/motorola-g37-pantone-impenetrable-64-gb/p/itm40c0c7bcb21fc?pid=MOBHHWB6GWE2CKHU&lid=LSTMOBHHWB6GWE2CKHUQEA6X8&marketplace=FLIPKART&q=smartphones&store=tyy%2F4io&srno=s_3_54&otracker=search&fm=organic&iid=d270e22c-d496-4bce-b847-c95c43d8d706.MOBHHWB6GWE2CKHU.SEARCH&ppt=None&ppn=None&ssid=i0ob76vetc0000001780910439690&qH=6ea4465d0add4685&ov_redirect=true
Flipkart,smartphones,3,"vivo T4R 5G (Arctic White, 128 GB)","₹22,999","₹23,499",2% off,No,4.4,Only 1 left,True,False,"Add to Compare vivo T4R 5G (Arctic White, 128 GB) 4.4 51,021 Ratings & 2,881 Reviews 8 GB RAM | 128 GB ROM 17.2 cm (6.77 inch) Display 50MP (OIS) + 2MP | 32MP Front Camera 5700 mAh Battery Dimensity 7400 5G Processor 1 Year Manufacturer Warranty for Device and 6 Months Manufacturer Warranty for Inbox Accessories ₹22,999 ₹23,499 2% off Only 1 left Upto ₹16,350 Off on Exchange",https://www.flipkart.com/vivo-t4r-5g-arctic-white-128-gb/p/itm3a5653667cb9c?pid=MOBHE49GDEHE3XZD&lid=LSTMOBHE49GDEHE3XZDXHWSUS&marketplace=FLIPKART&q=smartphones&store=tyy%2F4io&srno=s_3_55&otracker=search&fm=organic&iid=d270e22c-d496-4bce-b847-c95c43d8d706.MOBHE49GDEHE3XZD.SEARCH&ppt=None&ppn=None&ssid=i0ob76vetc0000001780910439690&qH=6ea4465d0add4685&ov_redirect=true
Flipkart,smartphones,3,"Add to Compare MOTOROLA g06 power (Pantone Laurel Oak, 64 GB)","₹9,999","₹6,650",N/A,N/A,4.2,None,False,False,"Currently unavailable Add to Compare MOTOROLA g06 power (Pantone Laurel Oak, 64 GB) 4.2 17,960 Ratings & 1,058 Reviews 4 GB RAM | 64 GB ROM | Expandable Upto 1 TB 17.48 cm (6.88 inch) HD+ Display 50MP Rear Camera | 8MP Front Camera 7000 mAh Battery Helio G81 Processor 1 Year Warranty on Handset and 6 Months Warranty on Accessories ₹9,999 Upto ₹6,650 Off on Exchange Bank Offer",https://www.flipkart.com/motorola-g06-power-pantone-laurel-oak-64-gb/p/itmf9181378967b8?pid=MOBHFSCECY35PFSB&lid=LSTMOBHFSCECY35PFSBLBBKM4&marketplace=FLIPKART&q=smartphones&store=tyy%2F4io&srno=s_3_57&otracker=search&fm=organic&iid=d270e22c-d496-4bce-b847-c95c43d8d706.MOBHFSCECY35PFSB.SEARCH&ppt=None&ppn=None&ssid=i0ob76vetc0000001780910439690&qH=6ea4465d0add4685&ov_redirect=true
Flipkart,smartphones,3,OPPO K13 5G with,"₹22,999","₹16,350",N/A,N/A,4.4,None,False,False,"Add to Compare OPPO K13 5G with 7000mAh and 80W SUPERVOOC Charger In-The-Box (Icy Purple, 128 GB) 4.4 74,083 Ratings & 4,984 Reviews 8 GB RAM | 128 GB ROM 16.94 cm (6.67 inch) Display 50MP + 2MP | 16MP Front Camera 7000 mAh Battery Snapdragon 6 Gen 4 Processor 80W SUPERVOOC Charger 1 Year Warranty on the Product and 6 Months Warranty on Inbox Accessories ₹22,999 Upto ₹16,350 Off on Exchange Bank O",https://www.flipkart.com/oppo-k13-5g-7000mah-80w-supervooc-charger-in-the-box-icy-purple-128-gb/p/itm6f2ebf6d205cf?pid=MOBHB392H7TZ4ZKJ&lid=LSTMOBHB392H7TZ4ZKJT3QIAI&marketplace=FLIPKART&q=smartphones&store=tyy%2F4io&srno=s_3_58&otracker=search&fm=organic&iid=d270e22c-d496-4bce-b847-c95c43d8d706.MOBHB392H7TZ4ZKJ.SEARCH&ppt=None&ppn=None&ssid=i0ob76vetc0000001780910439690&qH=6ea4465d0add4685&ov_redirect=true
Flipkart,smartphones,3,"Samsung Galaxy F36 5G (Black, 128 GB)","₹19,450","₹22,999",15% off,No,4.3,Only few left,True,False,"Add to Compare Samsung Galaxy F36 5G (Black, 128 GB) 4.3 11,375 Ratings & 778 Reviews 6 GB RAM | 128 GB ROM | Expandable Upto 2 TB 17.02 cm (6.7 inch) Full HD+ Display 50MP + 8MP + 2MP | 13MP Front Camera 5000 mAh Battery Samsung Exynos 1380 Processor 1 Year Manufacturer Warranty for Device and 6 Months for In-Box Accessories ₹19,450 ₹22,999 15% off Only few left Upto ₹13,650 Off on Exchange",https://www.flipkart.com/samsung-galaxy-f36-5g-black-128-gb/p/itmd18f56e2be5da?pid=MOBHDFVTWJGWETBG&lid=LSTMOBHDFVTWJGWETBG2P7PIH&marketplace=FLIPKART&q=smartphones&store=tyy%2F4io&srno=s_3_59&otracker=search&fm=organic&iid=d270e22c-d496-4bce-b847-c95c43d8d706.MOBHDFVTWJGWETBG.SEARCH&ppt=None&ppn=None&ssid=i0ob76vetc0000001780910439690&qH=6ea4465d0add4685&ov_redirect=true
Flipkart,smartphones,3,"POCO F7 5G (Phantom Black, 256 GB)","₹35,999","₹25,800",N/A,N/A,4.4,None,False,False,"Add to Compare POCO F7 5G (Phantom Black, 256 GB) 4.4 22,712 Ratings & 2,244 Reviews 12 GB RAM | 256 GB ROM 17.35 cm (6.83 inch) Display 50MP Rear Camera | 20MP Front Camera 7550 mAh Li-Polymer + Silicon Carbon Battery 8s Gen 4 Processor Rear Camera -50MP Main Camera -8MP Ultra-wide Camera with night mode and ultra-wide video recording Front camera -20MP with Portrait Mode | | Front Video Recordin",https://www.flipkart.com/poco-f7-5g-phantom-black-256-gb/p/itm632bdcafce49a?pid=MOBHCY2UG9GJJGCM&lid=LSTMOBHCY2UG9GJJGCMSAJ7IM&marketplace=FLIPKART&q=smartphones&store=tyy%2F4io&srno=s_3_60&otracker=search&fm=organic&iid=d270e22c-d496-4bce-b847-c95c43d8d706.MOBHCY2UG9GJJGCM.SEARCH&ppt=None&ppn=None&ssid=i0ob76vetc0000001780910439690&qH=6ea4465d0add4685&ov_redirect=true
Flipkart,smartphones,3,"Add to Compare Samsung M05 (Mint Green, 64 GB)","₹6,704","₹9,999",32% off,No,4.3,None,False,False,"Currently unavailable Add to Compare Samsung M05 (Mint Green, 64 GB) 4.3 4,219 Ratings & 168 Reviews 4 GB RAM | 64 GB ROM 17.02 cm (6.7 inch) Display 50MP Rear Camera 5000 mAh Battery 1 year manufacturer warranty for device and 6 months manufacturer warranty for in-box accessories including batteries from the date of purchase ₹6,704 ₹9,999 32% off Bank Offer",https://www.flipkart.com/samsung-m05-mint-green-64-gb/p/itm99fc37d43aff8?pid=MOBH4Z9VZNVRFV85&lid=LSTMOBH4Z9VZNVRFV858QDUCB&marketplace=FLIPKART&q=smartphones&store=tyy%2F4io&srno=s_3_61&otracker=search&fm=organic&iid=d270e22c-d496-4bce-b847-c95c43d8d706.MOBH4Z9VZNVRFV85.SEARCH&ppt=None&ppn=None&ssid=i0ob76vetc0000001780910439690&qH=6ea4465d0add4685&ov_redirect=true
Flipkart,smartphones,3,"OPPO K14 5G (Prism Violet, 256 GB)","₹21,999","₹27,999",21% off,No,4.4,None,False,False,"Add to Compare OPPO K14 5G (Prism Violet, 256 GB) 4.4 1,503 Ratings & 86 Reviews 6 GB RAM | 256 GB ROM 17.14 cm (6.75 inch) HD+ Display 50MP Rear Camera | 8MP Front Camera 7000 mAh Battery Dimensity 6300 Processor 1 Year Manufacturer Warranty for Device and 6 Months Manufacturer Warranty for Inbox Accessories ₹21,999 ₹27,999 21% off Super Deals Upto ₹15,450 Off on Exchange",https://www.flipkart.com/oppo-k14-5g-prism-violet-256-gb/p/itm2a5cc1d23c2af?pid=MOBHKQYYNFMURAYF&lid=LSTMOBHKQYYNFMURAYFFSX9KQ&marketplace=FLIPKART&q=smartphones&store=tyy%2F4io&srno=s_3_62&otracker=search&fm=organic&iid=d270e22c-d496-4bce-b847-c95c43d8d706.MOBHKQYYNFMURAYF.SEARCH&ppt=None&ppn=None&ssid=i0ob76vetc0000001780910439690&qH=6ea4465d0add4685&ov_redirect=true
Flipkart,smartphones,3,"vivo T4 Pro 5G (Blaze Gold, 256 GB)","₹29,999","₹34,999",14% off,No,4.5,Only 5 left,True,False,"Add to Compare vivo T4 Pro 5G (Blaze Gold, 256 GB) 4.5 20,565 Ratings & 1,593 Reviews 8 GB RAM | 256 GB ROM 17.2 cm (6.77 inch) Display 50MP + 2MP + 50MP | 32MP Front Camera 6500 mAh Battery 7 Gen 4 Processor 1 Year Manufacturer Warranty for Device and 6 Months Manufacturer Warranty for Inbox Accessories ₹29,999 ₹34,999 14% off Only 5 left Upto ₹21,150 Off on Exchange",https://www.flipkart.com/vivo-t4-pro-5g-blaze-gold-256-gb/p/itm4da1824b696d9?pid=MOBHF4F9YFEME9AY&lid=LSTMOBHF4F9YFEME9AYJ2JEFW&marketplace=FLIPKART&q=smartphones&store=tyy%2F4io&srno=s_3_63&otracker=search&fm=organic&iid=d270e22c-d496-4bce-b847-c95c43d8d706.MOBHF4F9YFEME9AY.SEARCH&ppt=None&ppn=None&ssid=i0ob76vetc0000001780910439690&qH=6ea4465d0add4685&ov_redirect=true
Flipkart,smartphones,3,"Add to Compare MOTOROLA Edge 60 Fusion 5G (PANTONE Mykonos Blue, 128 GB)","₹22,999","₹24,999",8% off,No,4.4,None,False,False,"Currently unavailable Add to Compare MOTOROLA Edge 60 Fusion 5G (PANTONE Mykonos Blue, 128 GB) 4.4 1,21,643 Ratings & 7,182 Reviews 8 GB RAM | 128 GB ROM | Expandable Upto 1 TB 16.94 cm (6.67 inch) Display 50MP + 13MP | 32MP Front Camera 5500 mAh Battery Dimensity 7400 Processor 68W Charger 1 Year Warranty on Handset and 6 Months Warranty on Accessories ₹22,999 ₹24,999 8% off Upto ₹16,350 Off on E",https://www.flipkart.com/motorola-edge-60-fusion-5g-pantone-mykonos-blue-128-gb/p/itm921871063b6c7?pid=MOBHHD2KRZ23ZXGS&lid=LSTMOBHHD2KRZ23ZXGS0RBVQE&marketplace=FLIPKART&q=smartphones&store=tyy%2F4io&srno=s_3_64&otracker=search&fm=organic&iid=d270e22c-d496-4bce-b847-c95c43d8d706.MOBHHD2KRZ23ZXGS.SEARCH&ppt=None&ppn=None&ssid=i0ob76vetc0000001780910439690&qH=6ea4465d0add4685&ov_redirect=true
Flipkart,smartphones,3,"vivo T4 Pro 5G (Blaze Gold, 256 GB)","₹31,999","₹36,999",13% off,No,4.5,Only 4 left,True,False,"Add to Compare vivo T4 Pro 5G (Blaze Gold, 256 GB) 4.5 5,872 Ratings & 456 Reviews 12 GB RAM | 256 GB ROM 17.2 cm (6.77 inch) Display 50MP + 2MP + 50MP | 32MP Front Camera 6500 mAh Battery 7 Gen 4 Processor 1 Year Manufacturer Warranty for Device and 6 Months Manufacturer Warranty for Inbox Accessories ₹31,999 ₹36,999 13% off Only 4 left Upto ₹22,550 Off on Exchange",https://www.flipkart.com/vivo-t4-pro-5g-blaze-gold-256-gb/p/itm4da1824b696d9?pid=MOBHF4F9HCBYSGQH&lid=LSTMOBHF4F9HCBYSGQHJ6CUVR&marketplace=FLIPKART&q=smartphones&store=tyy%2F4io&srno=s_3_65&otracker=search&fm=organic&iid=d270e22c-d496-4bce-b847-c95c43d8d706.MOBHF4F9HCBYSGQH.SEARCH&ppt=None&ppn=None&ssid=i0ob76vetc0000001780910439690&qH=6ea4465d0add4685&ov_redirect=true
Flipkart,smartphones,3,"vivo T5 Pro 5G (Glacier Blue, 128 GB)","₹29,999","₹55,999",46% off,No,4.4,Lowest price,True,False,"Add to Compare vivo T5 Pro 5G (Glacier Blue, 128 GB) 4.4 3,863 Ratings & 406 Reviews 8 GB RAM | 128 GB ROM 17.35 cm (6.83 inch) Full HD+ AMOLED Display 50MP + 2MP | 32MP Front Camera 9020 mAh Battery Snapdragon 7s Gen 4 Processor 1 Year Warranty ₹29,999 ₹55,999 46% off Lowest price since launch Upto ₹21,150 Off on Exchange",https://www.flipkart.com/vivo-t5-pro-5g-glacier-blue-128-gb/p/itma21e2e09d4493?pid=MOBHM4FZVHBWFRHM&lid=LSTMOBHM4FZVHBWFRHMUM8WSE&marketplace=FLIPKART&q=smartphones&store=tyy%2F4io&srno=s_3_66&otracker=search&fm=organic&iid=d270e22c-d496-4bce-b847-c95c43d8d706.MOBHM4FZVHBWFRHM.SEARCH&ppt=None&ppn=None&ssid=i0ob76vetc0000001780910439690&qH=6ea4465d0add4685&ov_redirect=true
Flipkart,smartphones,3,"MOTOROLA g05 (Forest Green, 64 GB)","₹7,299","₹9,999",27% off,No,4.2,Only few left,True,False,"Add to Compare MOTOROLA g05 (Forest Green, 64 GB) 4.2 81,921 Ratings & 4,859 Reviews 4 GB RAM | 64 GB ROM | Expandable Upto 1 TB 16.94 cm (6.67 inch) HD+ Display 50MP Rear Camera | 8MP Front Camera 5100 mAh Battery Helio G81 Processor 1 Year Warranty on Handset and 6 Months Warranty on Accessories ₹7,299 ₹9,999 27% off Only few left Upto ₹4,600 Off on Exchange",https://www.flipkart.com/motorola-g05-forest-green-64-gb/p/itme5ed06a5943b9?pid=MOBH5F3Q2SGMAFHR&lid=LSTMOBH5F3Q2SGMAFHR6YHZS0&marketplace=FLIPKART&q=smartphones&store=tyy%2F4io&srno=s_3_67&otracker=search&fm=organic&iid=d270e22c-d496-4bce-b847-c95c43d8d706.MOBH5F3Q2SGMAFHR.SEARCH&ppt=None&ppn=None&ssid=i0ob76vetc0000001780910439690&qH=6ea4465d0add4685&ov_redirect=true
Flipkart,smartphones,3,"OPPO K14x 5G (Prism Violet, 64 GB)","₹14,999","₹19,999",25% off,No,4.3,None,False,False,"Add to Compare OPPO K14x 5G (Prism Violet, 64 GB) 4.3 3,549 Ratings & 215 Reviews 4 GB RAM | 64 GB ROM 17.14 cm (6.75 inch) HD+ Display 50MP + 2MP | 5MP; f/2.2; FOV 77°; 3P lens 6500 mAh Battery Dimensity 6300 Processor 1 Year Manufacturer Warranty for Device and 6 Months Manufacturer Warranty for Inbox Accessories ₹14,999 ₹19,999 25% off Upto ₹10,350 Off on Exchange Bank Offer",https://www.flipkart.com/oppo-k14x-5g-prism-violet-64-gb/p/itm188c7a4b69292?pid=MOBHKZF3DGME8JHG&lid=LSTMOBHKZF3DGME8JHGGNMUIW&marketplace=FLIPKART&q=smartphones&store=tyy%2F4io&srno=s_3_68&otracker=search&fm=organic&iid=d270e22c-d496-4bce-b847-c95c43d8d706.MOBHKZF3DGME8JHG.SEARCH&ppt=None&ppn=None&ssid=i0ob76vetc0000001780910439690&qH=6ea4465d0add4685&ov_redirect=true
Flipkart,smartphones,3,"MOTOROLA g37 (PANTONE Nautical Blue, 64 GB)","₹14,999","₹24,999",40% off,No,4.3,None,False,False,"Add to Compare MOTOROLA g37 (PANTONE Nautical Blue, 64 GB) 4.3 148 Ratings & 10 Reviews 4 GB RAM | 64 GB ROM | Expandable Upto 1 TB 16.92 cm (6.66 inch) HD+ Display 50MP Rear Camera | 8MP Front Camera 5200 mAh Battery Dimensity 6400 Processor 1 Year on Handset and 6 Months on Accessories ₹14,999 ₹24,999 40% off Upto ₹10,350 Off on Exchange Bank Offer",https://www.flipkart.com/motorola-g37-pantone-nautical-blue-64-gb/p/itm5d235b295291f?pid=MOBHHWB6YAKNZGPB&lid=LSTMOBHHWB6YAKNZGPBGLLTUW&marketplace=FLIPKART&q=smartphones&store=tyy%2F4io&srno=s_3_69&otracker=search&fm=organic&iid=d270e22c-d496-4bce-b847-c95c43d8d706.MOBHHWB6YAKNZGPB.SEARCH&ppt=None&ppn=None&ssid=i0ob76vetc0000001780910439690&qH=6ea4465d0add4685&ov_redirect=true
Flipkart,smartphones,3,"OPPO K14x 5G (Prism Violet, 128 GB)","₹18,999","₹19,999",5% off,No,4.4,None,False,False,"Add to Compare OPPO K14x 5G (Prism Violet, 128 GB) 4.4 1,731 Ratings & 95 Reviews 6 GB RAM | 128 GB ROM 17.14 cm (6.75 inch) HD+ Display 50MP + 2MP | 5MP; f/2.2; FOV 77°; 3P lens 6500 mAh Battery Dimensity 6300 Processor 1 Year Manufacturer Warranty for Device and 6 Months Manufacturer Warranty for Inbox Accessories ₹18,999 ₹19,999 5% off Upto ₹13,250 Off on Exchange Bank Offer",https://www.flipkart.com/oppo-k14x-5g-prism-violet-128-gb/p/itm188c7a4b69292?pid=MOBHJQQ4PHAQBYMS&lid=LSTMOBHJQQ4PHAQBYMSYOVIPV&marketplace=FLIPKART&q=smartphones&store=tyy%2F4io&srno=s_3_70&otracker=search&fm=organic&iid=d270e22c-d496-4bce-b847-c95c43d8d706.MOBHJQQ4PHAQBYMS.SEARCH&ppt=None&ppn=None&ssid=i0ob76vetc0000001780910439690&qH=6ea4465d0add4685&ov_redirect=true
Flipkart,smartphones,3,"POCO X8 Pro (Black, 256 GB)","₹34,999","₹50,999",31% off,No,4.3,None,False,False,"Add to Compare POCO X8 Pro (Black, 256 GB) 4.3 1,814 Ratings & 342 Reviews 8 GB RAM | 256 GB ROM 16.74 cm (6.59 inch) Full HD+ AMOLED Display 50MP + 8MP | 20MP Front Camera 6500 mAh Lithium-Ion Polymer With Silicon Carbon Technology Battery Dimensity 8500-Ultra Processor 1 Year Manufacturer Warranty for Phone and 6 Months Warranty for In the Box Accessories ₹34,999 ₹50,999 31% off Upto ₹24,950 Off",https://www.flipkart.com/poco-x8-pro-black-256-gb/p/itmfbd9f2b2c7db9?pid=MOBHMGG5WYZAECZY&lid=LSTMOBHMGG5WYZAECZYYOYMMT&marketplace=FLIPKART&q=smartphones&store=tyy%2F4io&srno=s_3_71&otracker=search&fm=organic&iid=d270e22c-d496-4bce-b847-c95c43d8d706.MOBHMGG5WYZAECZY.SEARCH&ppt=None&ppn=None&ssid=i0ob76vetc0000001780910439690&qH=6ea4465d0add4685&ov_redirect=true
Flipkart,smartphones,3,"vivo T4x 5G (Pronto Purple, 256 GB)","₹20,999","₹14,500",N/A,N/A,4.4,Only few left,True,False,"Add to Compare vivo T4x 5G (Pronto Purple, 256 GB) 4.4 1,40,218 Ratings & 7,451 Reviews 8 GB RAM | 256 GB ROM 17.07 cm (6.72 inch) Display 50MP + 2MP | 8MP Front Camera 6500 mAh Battery Dimensity 7300 5G Processor 1 Year Warranty for Device and 6 Months Warranty for Accessories ₹20,999 Only few left Upto ₹14,500 Off on Exchange",https://www.flipkart.com/vivo-t4x-5g-pronto-purple-256-gb/p/itm017656bdd097b?pid=MOBH9JUS4GGGPJHJ&lid=LSTMOBH9JUS4GGGPJHJMC4C45&marketplace=FLIPKART&q=smartphones&store=tyy%2F4io&srno=s_3_72&otracker=search&fm=organic&iid=d270e22c-d496-4bce-b847-c95c43d8d706.MOBH9JUS4GGGPJHJ.SEARCH&ppt=None&ppn=None&ssid=i0ob76vetc0000001780910439690&qH=6ea4465d0add4685&ov_redirect=true
Flipkart,laptops,1,Lenovo 100e Chromebook Gen 4 MediaTek MediaTek Kompanio 528 - (4 GB/64 GB EMMC Storage/Chrome OS) 82W0,"₹17,490","₹37,690",53% off,No,3.9,None,False,False,"Add to Compare Lenovo 100e Chromebook Gen 4 MediaTek MediaTek Kompanio 528 - (4 GB/64 GB EMMC Storage/Chrome OS) 82W0... 3.9 1,459 Ratings & 112 Reviews MediaTek MediaTek Kompanio 528 Processor 4 GB LPDDR4X RAM Chrome Operating System 29.46 cm (11.6 Inch) Display 1 Year Carry-in Warranty ₹17,490 ₹37,690 53% off Upto ₹14,000 Off on Exchange Bank Offer",https://www.flipkart.com/lenovo-100e-chromebook-gen-4-mediatek-kompanio-528-4-gb-64-gb-emmc-storage-chrome-os-82w0001dha/p/itm46ba031757583?pid=COMHA9FKZ7KSC3SZ&lid=LSTCOMHA9FKZ7KSC3SZTEADVB&marketplace=FLIPKART&q=laptops&store=6bo%2Fb5g&srno=s_1_1&otracker=search&fm=organic&iid=en_RSdtGRtP5OEbKqW8dZLI-8KY-fzCK_rX11KVqSMvOFKYN9zhMthmPHuc7Risyk-Ou_n0Xfaxf14JCzW3zAcizU0Lqp3nUBlQeeazI_xhu1k%3D&ppt=None&ppn=None&ssid=zcytvfx9ls0000001780910454272&qH=c06ea84a1e3dc3c6&ov_redirect=true
Flipkart,laptops,1,ASUS Chromebook CX15 Intel Celeron Dual Core N50 - (4 GB/128 GB EMMC Storage/Chrome OS) CX1505CTA-S702,"₹21,990","₹26,990",18% off,No,4.1,None,False,False,"Add to Compare ASUS Chromebook CX15 Intel Celeron Dual Core N50 - (4 GB/128 GB EMMC Storage/Chrome OS) CX1505CTA-S702... 4.1 74 Ratings & 9 Reviews Intel Celeron Dual Core Processor 4 GB LPDDR5 RAM Chrome Operating System 39.62 cm (15.6 inch) Display MyASUS 1 Year Onsite Warranty ₹21,990 ₹26,990 18% off Super Deals Upto ₹17,000 Off on Exchange",https://www.flipkart.com/asus-chromebook-cx15-intel-celeron-dual-core-n50-4-gb-128-gb-emmc-storage-chrome-os-cx1505cta-s70257-laptop/p/itm4119a57f911bf?pid=COMHKQA34NZEYCRY&lid=LSTCOMHKQA34NZEYCRYGZAOYM&marketplace=FLIPKART&q=laptops&store=6bo%2Fb5g&srno=s_1_2&otracker=search&fm=organic&iid=en_RSdtGRtP5OEbKqW8dZLI-8KY-fzCK_rX11KVqSMvOFLgZhXuSBWB9uaofjVUj5r_3WrjMiRrrRMSyfO1fljjcoQEIsITtCzc4bHaOMTqL08%3D&ppt=None&ppn=None&ssid=zcytvfx9ls0000001780910454272&qH=c06ea84a1e3dc3c6&ov_redirect=true
Flipkart,laptops,1,"ASUS Vivobook 15 (2025) with Office 2024 + M365 Basic*, Intel Core i3 13th Gen 1315U - (8 GB/512 GB SS","₹40,990","₹50,990",19% off,No,4.5,Only few left,True,False,"Add to Compare ASUS Vivobook 15 (2025) with Office 2024 + M365 Basic*, Intel Core i3 13th Gen 1315U - (8 GB/512 GB SS... 4.5 68 Ratings & 4 Reviews Intel Core i3 Processor (13th Gen) 8 GB DDR4 RAM Windows 11 Home Operating System 512 GB SSD 39.62 cm (15.6 Inch) Display Microsoft Office Home 2024 (Lifetime Validity ) + Microsoft 365 Basic*(1-Year Validity), One-Month Membership of Adobe Creative Cl",https://www.flipkart.com/asus-vivobook-15-2025-office-2024-m365-basic-intel-core-i3-13th-gen-1315u-8-gb-512-gb-ssd-windows-11-home-x1504va-bq323ws-thin-light-laptop/p/itm424e5fcb88c91?pid=COMHCQ5EYPZNGG7B&lid=LSTCOMHCQ5EYPZNGG7BUDAPF3&marketplace=FLIPKART&q=laptops&store=6bo%2Fb5g&spotlightTagId=default_TrendingId_6bo%2Fb5g&srno=s_1_3&otracker=search&fm=organic&iid=aaa1ed13-7a88-4ee5-9a90-5f5764969093.COMHCQ5EYPZNGG7B.SEARCH&ppt=None&ppn=None&ssid=zcytvfx9ls0000001780910454272&qH=c06ea84a1e3dc3c6&ov_redirect=true
Flipkart,laptops,1,Ultimus Apex Pro Intel Pentium Quad Core - (4 GB/128 GB SSD/128 GB EMMC Storage/Windows 11 Home) NU14U,"₹16,990","₹27,990",39% off,No,2.6,Only 1 left,True,False,"Add to Compare Ultimus Apex Pro Intel Pentium Quad Core - (4 GB/128 GB SSD/128 GB EMMC Storage/Windows 11 Home) NU14U... 2.6 9 Ratings & 3 Reviews Intel Pentium Quad Core Processor 4 GB DDR3 RAM Windows 11 Home Operating System 128 GB SSD 35.81 cm (14.1 inch) Display 1 Year Domestic Warranty ₹16,990 ₹27,990 39% off Only 1 left Upto ₹14,000 Off on Exchange",https://www.flipkart.com/ultimus-apex-pro-intel-pentium-quad-core-4-gb-128-gb-ssd-128-emmc-storage-windows-11-home-nu14u8inc54ls-sg-laptop/p/itmee44eafbee6b1?pid=COMHMGEHKYSXQHGY&lid=LSTCOMHMGEHKYSXQHGYLE1XQS&marketplace=FLIPKART&q=laptops&store=6bo%2Fb5g&srno=s_1_4&otracker=search&fm=organic&iid=aaa1ed13-7a88-4ee5-9a90-5f5764969093.COMHMGEHKYSXQHGY.SEARCH&ppt=None&ppn=None&ssid=zcytvfx9ls0000001780910454272&qH=c06ea84a1e3dc3c6&ov_redirect=true
Flipkart,laptops,1,ASUS ExpertBook P1 (i3 14th Gen) with 1 Yr ADP Intel Core 3 100U - (8 GB/512 GB SSD/Windows 11 Home) P,"₹46,990","₹69,990",32% off,No,4.8,Lowest price,True,False,"Add to Compare ASUS ExpertBook P1 (i3 14th Gen) with 1 Yr ADP Intel Core 3 100U - (8 GB/512 GB SSD/Windows 11 Home) P... 4.8 4 Ratings & 1 Reviews Intel Core 3 Processor 8 GB DDR5 RAM 64 bit Windows 11 Home Operating System 512 GB SSD 39.62 cm (15.6 Inch) Display 1 Year Limited Warranty ₹46,990 ₹69,990 32% off Lowest price since launch Upto ₹32,950 Off on Exchange",https://www.flipkart.com/asus-expertbook-p1-i3-14th-gen-1-yr-adp-intel-core-3-100u-8-gb-512-gb-ssd-windows-11-home-p1503cva-s72562ws-laptop/p/itm1ed622fed8f3a?pid=COMHGYAFDTDPH4GZ&lid=LSTCOMHGYAFDTDPH4GZTQUSTS&marketplace=FLIPKART&q=laptops&store=6bo%2Fb5g&srno=s_1_5&otracker=search&fm=organic&iid=aaa1ed13-7a88-4ee5-9a90-5f5764969093.COMHGYAFDTDPH4GZ.SEARCH&ppt=None&ppn=None&ssid=zcytvfx9ls0000001780910454272&qH=c06ea84a1e3dc3c6&ov_redirect=true
Flipkart,laptops,1,Lenovo 100e Chromebook Gen 4 MediaTek Kompanio 520 - (4 GB/32 GB EMMC Storage/Chrome OS) 82W00004HA Ch... 4 3,"₹16,298","₹11,000",N/A,N/A,N/A,None,False,False,"Add to Compare Lenovo 100e Chromebook Gen 4 MediaTek Kompanio 520 - (4 GB/32 GB EMMC Storage/Chrome OS) 82W00004HA Ch... 4 3,072 Ratings & 228 Reviews MediaTek Kompanio 520 Processor 4 GB LPDDR4X RAM Chrome Operating System 29.46 cm (11.6 Inch) Display 1 Year Carry-in Warranty ₹16,298 Upto ₹11,000 Off on Exchange Bank Offer",https://www.flipkart.com/lenovo-100e-chromebook-gen-4-mediatek-kompanio-520-4-gb-32-gb-emmc-storage-chrome-os-82w00004ha/p/itm018b6ddb188dd?pid=COMHA9FK8YXVUUWA&lid=LSTCOMHA9FK8YXVUUWAAREQMZ&marketplace=FLIPKART&q=laptops&store=6bo%2Fb5g&srno=s_1_6&otracker=search&fm=organic&iid=en_RSdtGRtP5OEbKqW8dZLI-8KY-fzCK_rX11KVqSMvOFKz0WBwqVwJP1p_FioyHYZpB7ilja_cnJ6G1eLhA7o74OGRVT2-WsjYpD_mb1H0fxU%3D&ppt=None&ppn=None&ssid=zcytvfx9ls0000001780910454272&qH=c06ea84a1e3dc3c6&ov_redirect=true
Flipkart,laptops,1,MSI Modern 14 C13M Intel Core i3 13th Gen 1315U - (8 GB/512 GB SSD/Windows 11 Home) Modern 14 C13M-115,"₹39,990","₹58,990",32% off,No,4.2,Only few left,True,False,"Add to Compare MSI Modern 14 C13M Intel Core i3 13th Gen 1315U - (8 GB/512 GB SSD/Windows 11 Home) Modern 14 C13M-115... 4.2 111 Ratings & 12 Reviews Intel Core i3 Processor (13th Gen) 8 GB DDR4 RAM 64 bit Windows 11 Operating System 512 GB SSD 35.56 cm (14 Inch) Display Microsoft Office Home & Student�2021 1 Year On-Site Warranty ₹39,990 ₹58,990 32% off Only few left Upto ₹27,550 Off on Exchange",https://www.flipkart.com/msi-modern-14-c13m-intel-core-i3-13th-gen-1315u-8-gb-512-gb-ssd-windows-11-home-c13m-115in-thin-light-laptop/p/itm88e50504913b0?pid=COMHEZCB7BBCGMWD&lid=LSTCOMHEZCB7BBCGMWDUXPRUE&marketplace=FLIPKART&q=laptops&store=6bo%2Fb5g&srno=s_1_7&otracker=search&fm=organic&iid=aaa1ed13-7a88-4ee5-9a90-5f5764969093.COMHEZCB7BBCGMWD.SEARCH&ppt=None&ppn=None&ssid=zcytvfx9ls0000001780910454272&qH=c06ea84a1e3dc3c6&ov_redirect=true
Flipkart,laptops,1,HP 15 (i3 14th Gen) Intel Core 3 100U - (8 GB/512 GB SSD/Windows 11 Home) 15-fd1253TU/ 15-fd1225TU Thi,"₹47,990","₹50,843",5% off,No,4.2,Only 3 left,True,False,"Add to Compare HP 15 (i3 14th Gen) Intel Core 3 100U - (8 GB/512 GB SSD/Windows 11 Home) 15-fd1253TU/ 15-fd1225TU Thi... 4.2 1,539 Ratings & 91 Reviews Intel Core 3 Processor 8 GB DDR4 RAM Windows 11 Home Operating System 512 GB SSD 39.62 cm (15.6 Inch) Display MS Office Home 2024 + MISC PC Game Pass DA 3M 1 Year Onsite Warranty ₹47,990 ₹50,843 5% off Only 3 left Upto ₹32,950 Off on Exchange",https://www.flipkart.com/hp-15-i3-14th-gen-intel-core-3-100u-8-gb-512-gb-ssd-windows-11-home-15-fd1253tu-15-fd1225tu-thin-light-laptop/p/itm09491ad4135b2?pid=COMHBFRJDZSGPFKZ&lid=LSTCOMHBFRJDZSGPFKZV8MOEQ&marketplace=FLIPKART&q=laptops&store=6bo%2Fb5g&srno=s_1_8&otracker=search&fm=organic&iid=aaa1ed13-7a88-4ee5-9a90-5f5764969093.COMHBFRJDZSGPFKZ.SEARCH&ppt=None&ppn=None&ssid=zcytvfx9ls0000001780910454272&qH=c06ea84a1e3dc3c6&ov_redirect=true
Flipkart,laptops,1,HP 15 (i3 14th Gen) Intel Core 3 100U - (16 GB/512 GB SSD/Windows 11 Home) 15-fd0885TU Thin and Light,"₹50,490","₹50,843",N/A,N/A,4.2,None,False,False,"Add to Compare HP 15 (i3 14th Gen) Intel Core 3 100U - (16 GB/512 GB SSD/Windows 11 Home) 15-fd0885TU Thin and Light ... 4.2 1,539 Ratings & 91 Reviews Intel Core 3 Processor 16 GB DDR4 RAM Windows 11 Home Operating System 512 GB SSD 39.62 cm (15.6 inch) Display MS Office Home 2024 + MISC PC Game Pass DA 3M 1 Year Onsite Warranty ₹50,490 ₹50,843 Upto ₹32,950 Off on Exchange Bank Offer",https://www.flipkart.com/hp-15-i3-14th-gen-intel-core-3-100u-16-gb-512-gb-ssd-windows-11-home-15-fd0885tu-thin-light-laptop/p/itm661ed697fa9ca?pid=COMHK4F734GZWHFM&lid=LSTCOMHK4F734GZWHFMN7EU3K&marketplace=FLIPKART&q=laptops&store=6bo%2Fb5g&srno=s_1_9&otracker=search&fm=organic&iid=aaa1ed13-7a88-4ee5-9a90-5f5764969093.COMHK4F734GZWHFM.SEARCH&ppt=None&ppn=None&ssid=zcytvfx9ls0000001780910454272&qH=c06ea84a1e3dc3c6&ov_redirect=true
Flipkart,laptops,1,MSI Modern 14 AMD Ryzen 5 Hexa Core 7430U - (16 GB/512 GB SSD/Windows 11 Home) 14 C7M-283IN / 14 C7M-4,"₹45,990","₹66,990",31% off,No,4.4,Only few left,True,False,"Add to Compare MSI Modern 14 AMD Ryzen 5 Hexa Core 7430U - (16 GB/512 GB SSD/Windows 11 Home) 14 C7M-283IN / 14 C7M-4... 4.4 296 Ratings & 22 Reviews AMD Ryzen 5 Hexa Core Processor 16 GB DDR4 RAM Windows 11 Operating System 512 GB SSD 35.56 cm (14 Inch) Display Microsoft Office Home & Student 2021 included 1 Year Carry-in Warranty ₹45,990 ₹66,990 31% off Super Deals Only few left",https://www.flipkart.com/msi-modern-14-amd-ryzen-5-hexa-core-7430u-16-gb-512-gb-ssd-windows-11-home-c7m-283in-c7m-400in-business-laptop/p/itmef8f5c6fd8e76?pid=COMH3YTFZZZJJCNU&lid=LSTCOMH3YTFZZZJJCNUFS5LIO&marketplace=FLIPKART&q=laptops&store=6bo%2Fb5g&srno=s_1_10&otracker=search&fm=organic&iid=aaa1ed13-7a88-4ee5-9a90-5f5764969093.COMH3YTFZZZJJCNU.SEARCH&ppt=None&ppn=None&ssid=zcytvfx9ls0000001780910454272&qH=c06ea84a1e3dc3c6&ov_redirect=true
Flipkart,laptops,1,ASUS Chromebook CX14 Intel Celeron Dual Core N4500 - (4 GB/64 GB EMMC Storage/Chrome OS) CX1405CKA-NK0,"₹17,990","₹21,990",18% off,No,3.9,None,False,False,"Add to Compare ASUS Chromebook CX14 Intel Celeron Dual Core N4500 - (4 GB/64 GB EMMC Storage/Chrome OS) CX1405CKA-NK0... 3.9 533 Ratings & 39 Reviews Intel Celeron Dual Core Processor 4 GB LPDDR4X RAM Chrome Operating System 35.56 cm (14 Inch) Display MyASUS 1 Year Onsite Warranty ₹17,990 ₹21,990 18% off Upto ₹14,000 Off on Exchange Bank Offer",https://www.flipkart.com/asus-chromebook-cx14-intel-celeron-dual-core-n4500-4-gb-64-gb-emmc-storage-chrome-os-cx1405cka-nk0154-cx1405cka-s60342/p/itm076cdd51ac69a?pid=COMHDDZ7PYJZSGUZ&lid=LSTCOMHDDZ7PYJZSGUZKERLBX&marketplace=FLIPKART&q=laptops&store=6bo%2Fb5g&srno=s_1_11&otracker=search&fm=organic&iid=en_RSdtGRtP5OEbKqW8dZLI-8KY-fzCK_rX11KVqSMvOFLzmimOYkrNu6vm2l9R5Zesd-F_cR4LlOkSo0qMkFVEQDRKtQQVWB8eNWYNLe7VuyQ%3D&ppt=None&ppn=None&ssid=zcytvfx9ls0000001780910454272&qH=c06ea84a1e3dc3c6&ov_redirect=true
Flipkart,laptops,1,Lenovo Chromebook 11IJL9 Intel Celeron Dual Core N4500 - (4 GB/64 GB EMMC Storage/Chrome OS) Chromeboo... 4,"₹17,990","₹31,423",42% off,No,N/A,None,False,False,"Add to Compare Lenovo Chromebook 11IJL9 Intel Celeron Dual Core N4500 - (4 GB/64 GB EMMC Storage/Chrome OS) Chromeboo... 4 85 Ratings & 9 Reviews Intel Celeron Dual Core Processor 4 GB LPDDR4X RAM Chrome Operating System 29.46 cm (11.6 Inch) Display 1 Year Onsite Warranty ₹17,990 ₹31,423 42% off Hot Deal Upto ₹14,000 Off on Exchange",https://www.flipkart.com/lenovo-chromebook-11ijl9-intel-celeron-dual-core-n4500-4-gb-64-gb-emmc-storage-chrome-os/p/itmd2a376187074e?pid=COMHCYMG83BGNQHH&lid=LSTCOMHCYMG83BGNQHHQNGMKF&marketplace=FLIPKART&q=laptops&store=6bo%2Fb5g&srno=s_1_12&otracker=search&fm=organic&iid=en_RSdtGRtP5OEbKqW8dZLI-8KY-fzCK_rX11KVqSMvOFLGfN7psFWw0vl_dZPujQO5nXk0jz-k5kL3Wl7KSMSgvQoALCbycPwh4GANX5MSKZw%3D&ppt=None&ppn=None&ssid=zcytvfx9ls0000001780910454272&qH=c06ea84a1e3dc3c6&ov_redirect=true
Flipkart,laptops,1,Samsung Galaxy Book5 Pro AI PC Full Metal Chasis Intel Core Ultra 7 256V - (16 GB/512 GB SSD/Windows 1,"₹1,05,990","₹1,75,188",39% off,No,4.6,Only 4 left,True,False,"Add to Compare Samsung Galaxy Book5 Pro AI PC Full Metal Chasis Intel Core Ultra 7 256V - (16 GB/512 GB SSD/Windows 1... 4.6 16 Ratings & 2 Reviews Intel Core Ultra 7 Processor 16 GB LPDDR5X RAM Windows 11 Operating System 512 GB SSD 40.64 cm (16 Inch) Touchscreen Display 1 Year Onsite Warranty ₹1,05,990 ₹1,75,188 39% off Super Deals Only 4 left",https://www.flipkart.com/samsung-galaxy-book5-pro-ai-pc-full-metal-chasis-intel-core-ultra-7-256v-16-gb-512-gb-ssd-windows-11-home-np960xha-thin-light-laptop/p/itmb62602d502fd5?pid=COMH9PHPFYJSJKH7&lid=LSTCOMH9PHPFYJSJKH7SSDAR0&marketplace=FLIPKART&q=laptops&store=6bo%2Fb5g&srno=s_1_13&otracker=search&fm=organic&iid=aaa1ed13-7a88-4ee5-9a90-5f5764969093.COMH9PHPFYJSJKH7.SEARCH&ppt=None&ppn=None&ssid=zcytvfx9ls0000001780910454272&qH=c06ea84a1e3dc3c6&ov_redirect=true
Flipkart,laptops,1,Lenovo IdeaPad Slim 3 with 1Yr ADP AMD Ryzen 5 Quad Core 7520U - (16 GB/512 GB SSD/Windows 11 Home) 15,"₹55,990","₹59,090",5% off,No,4.1,None,False,False,"Add to Compare Lenovo IdeaPad Slim 3 with 1Yr ADP AMD Ryzen 5 Quad Core 7520U - (16 GB/512 GB SSD/Windows 11 Home) 15... 4.1 344 Ratings & 22 Reviews AMD Ryzen 5 Quad Core Processor 16 GB LPDDR5 RAM Windows 11 Operating System 512 GB SSD 39.62 cm (15.6 Inch) Display Microsoft Office Home & Student 2021 1 Yr. Onsite + 1 Yr. Accidental Damage Protection ₹55,990 ₹59,090 5% off Upto ₹37,050 Off on Exc",https://www.flipkart.com/lenovo-ideapad-slim-3-1yr-adp-amd-ryzen-5-quad-core-7520u-16-gb-512-gb-ssd-windows-11-home-15amn8-thin-light-laptop/p/itm76f0e5d975817?pid=COMGRU9ZYEHC4H5K&lid=LSTCOMGRU9ZYEHC4H5KBXYPBM&marketplace=FLIPKART&q=laptops&store=6bo%2Fb5g&srno=s_1_14&otracker=search&fm=organic&iid=aaa1ed13-7a88-4ee5-9a90-5f5764969093.COMGRU9ZYEHC4H5K.SEARCH&ppt=None&ppn=None&ssid=zcytvfx9ls0000001780910454272&qH=c06ea84a1e3dc3c6&ov_redirect=true
Flipkart,laptops,1,Primebook 2 Pro (2025) in-Built AI MediaTek Helio G99 (MT8781) - (8 GB/128 GB/Android 15) PBG9914128#4,"₹25,990","₹39,990",35% off,No,4.3,Only few left,True,False,"Add to Compare Primebook 2 Pro (2025) in-Built AI MediaTek Helio G99 (MT8781) - (8 GB/128 GB/Android 15) PBG9914128#4... 4.3 1,264 Ratings & 375 Reviews MediaTek Helio G99 (MT8781) Processor 8 GB LPDDR4X RAM 64 bit Android Operating System 35.81 cm (14.1 Inch) Display 1 Year Onsite Warranty ₹25,990 ₹39,990 35% off Only few left Bank Offer",https://www.flipkart.com/primebook-2-pro-2025-in-built-ai-mediatek-helio-g99-mt8781-8-gb-128-gb-android-15-pbg9914128-4278c-laptop/p/itmdbf8db6a6f79a?pid=COMHDGD5FH6NZPHD&lid=LSTCOMHDGD5FH6NZPHD567UTY&marketplace=FLIPKART&q=laptops&store=6bo%2Fb5g&srno=s_1_15&otracker=search&fm=organic&iid=aaa1ed13-7a88-4ee5-9a90-5f5764969093.COMHDGD5FH6NZPHD.SEARCH&ppt=None&ppn=None&ssid=zcytvfx9ls0000001780910454272&qH=c06ea84a1e3dc3c6&ov_redirect=true
Flipkart,laptops,1,MSI Modern 14 Intel Core i5 13th Gen 1334U - (16 GB/512 GB SSD/Windows 11 Home) Modern 14 C13M-116IN T,"₹48,990","₹73,990",33% off,No,4.2,None,False,False,"Add to Compare MSI Modern 14 Intel Core i5 13th Gen 1334U - (16 GB/512 GB SSD/Windows 11 Home) Modern 14 C13M-116IN T... 4.2 204 Ratings & 15 Reviews Intel Core i5 Processor (13th Gen) 16 GB DDR4 RAM 64 bit Windows 11 Operating System 512 GB SSD 35.56 cm (14 Inch) Display Microsoft Office Home & Student�2021 1 Year On-Site Warranty ₹48,990 ₹73,990 33% off Upto ₹32,950 Off on Exchange Bank Offer",https://www.flipkart.com/msi-modern-14-intel-core-i5-13th-gen-1334u-16-gb-512-gb-ssd-windows-11-home-c13m-116in-thin-light-laptop/p/itmc1e2cec962619?pid=COMHCRGWV8J2FZNH&lid=LSTCOMHCRGWV8J2FZNH9BYBFI&marketplace=FLIPKART&q=laptops&store=6bo%2Fb5g&srno=s_1_16&otracker=search&fm=organic&iid=aaa1ed13-7a88-4ee5-9a90-5f5764969093.COMHCRGWV8J2FZNH.SEARCH&ppt=None&ppn=None&ssid=zcytvfx9ls0000001780910454272&qH=c06ea84a1e3dc3c6&ov_redirect=true
Flipkart,laptops,1,HP Victus Intel Core i5 13th Gen 13420 H - (16 GB/512 GB SSD/Windows 11 Home/6 GB Graphics/NVIDIA GeFo,"₹86,990","₹88,474",1% off,No,4.3,None,False,False,"Add to Compare HP Victus Intel Core i5 13th Gen 13420 H - (16 GB/512 GB SSD/Windows 11 Home/6 GB Graphics/NVIDIA GeFo... 4.3 1,018 Ratings & 58 Reviews Intel Core i5 Processor (13th Gen) 16 GB DDR4 RAM Windows 11 Home Operating System 512 GB SSD 39.62 cm (15.6 Inch) Display 1 Year Onsite Service ₹86,990 ₹88,474 1% off Upto ₹42,600 Off on Exchange Bank Offer",https://www.flipkart.com/hp-victus-intel-core-i5-13th-gen-13420-h-16-gb-512-gb-ssd-windows-11-home-6-graphics-nvidia-geforce-rtx-3050-15-fa2196tx-gaming-laptop/p/itm44c5abe672c87?pid=COMHGWQESQN4BAHV&lid=LSTCOMHGWQESQN4BAHV3LCR1D&marketplace=FLIPKART&q=laptops&store=6bo%2Fb5g&srno=s_1_17&otracker=search&fm=organic&iid=en_RSdtGRtP5OEbKqW8dZLI-8KY-fzCK_rX11KVqSMvOFKu7RctGm6J8FsKzpvOEA9gCeGKtAMDU-0TLcsC0YPEBGaRs4JL222ZRV-dN99QnxU%3D&ppt=None&ppn=None&ssid=zcytvfx9ls0000001780910454272&qH=c06ea84a1e3dc3c6&ov_redirect=true
Flipkart,laptops,1,HP Victus Intel Core i5 13th Gen 13420H - (16 GB/512 GB SSD/Windows 11 Home/6 GB Graphics/NVIDIA GeFor,"₹93,322","₹42,600",N/A,N/A,4.2,None,False,False,"Add to Compare HP Victus Intel Core i5 13th Gen 13420H - (16 GB/512 GB SSD/Windows 11 Home/6 GB Graphics/NVIDIA GeFor... 4.2 1,015 Ratings & 45 Reviews Intel Core i5 Processor (13th Gen) 16 GB DDR4 RAM Windows 11 Home Operating System 512 GB SSD 39.62 cm (15.6 Inch) Display 1 Year Carry-in Warranty ₹93,322 Upto ₹42,600 Off on Exchange Bank Offer",https://www.flipkart.com/hp-victus-intel-core-i5-13th-gen-13420h-16-gb-512-gb-ssd-windows-11-home-6-graphics-nvidia-geforce-rtx-4050-144-hz-15-fa2381tx-15-fa2701tx-15-fa1278tx-gaming-laptop/p/itm12155252a3140?pid=COMH8Z22GGEQZBVQ&lid=LSTCOMH8Z22GGEQZBVQDEIB54&marketplace=FLIPKART&q=laptops&store=6bo%2Fb5g&srno=s_1_18&otracker=search&fm=organic&iid=en_RSdtGRtP5OEbKqW8dZLI-8KY-fzCK_rX11KVqSMvOFKULm9JVoiXtpCe_6xGcj1e5PGT_8Af0OKXRpNoaRhB1a8iqbiwhGf4dwbXVx7ZSks%3D&ppt=None&ppn=None&ssid=zcytvfx9ls0000001780910454272&qH=c06ea84a1e3dc3c6&ov_redirect=true
Flipkart,laptops,1,Acer Aspire 3 Intel Pentium Quad Core N6000 - (12 GB/512 GB SSD/Windows 11 Home) A325-45 Thin and Ligh,"₹43,990","₹44,990",2% off,No,3.9,Only few left,True,False,"Add to Compare Acer Aspire 3 Intel Pentium Quad Core N6000 - (12 GB/512 GB SSD/Windows 11 Home) A325-45 Thin and Ligh... 3.9 3,881 Ratings & 292 Reviews Intel Pentium Quad Core Processor 12 GB LPDDR4X RAM Windows 11 Home Operating System 512 GB SSD 39.62 cm (15.6 Inch) Display 1 Year International Travelers Warranty (ITW) ₹43,990 ₹44,990 2% off Only few left Bank Offer",https://www.flipkart.com/acer-aspire-3-intel-pentium-quad-core-n6000-12-gb-512-gb-ssd-windows-11-home-a325-45-thin-light-laptop/p/itm9ca67a1a3ea22?pid=COMH59ENQYHDYJGX&lid=LSTCOMH59ENQYHDYJGX9DSB95&marketplace=FLIPKART&q=laptops&store=6bo%2Fb5g&srno=s_1_19&otracker=search&fm=organic&iid=aaa1ed13-7a88-4ee5-9a90-5f5764969093.COMH59ENQYHDYJGX.SEARCH&ppt=None&ppn=None&ssid=zcytvfx9ls0000001780910454272&qH=c06ea84a1e3dc3c6&ov_redirect=true
Flipkart,laptops,1,HP Intel Core i5 12th Gen 1235U - (16 GB/512 GB SSD/Windows 11 Home) 15s-fq5330TU|15-fd0111TU Thin and,"₹46,990","₹62,526",24% off,No,4.3,None,False,False,"Add to Compare HP Intel Core i5 12th Gen 1235U - (16 GB/512 GB SSD/Windows 11 Home) 15s-fq5330TU|15-fd0111TU Thin and... 4.3 8,263 Ratings & 375 Reviews Intel Core i5 Processor (12th Gen) 16 GB DDR4 RAM Windows 11 Operating System 512 GB SSD 39.62 cm (15.6 Inch) Display 1 Year Onsite warranty ₹46,990 ₹62,526 24% off Hot Deal Upto ₹32,950 Off on Exchange",https://www.flipkart.com/hp-intel-core-i5-12th-gen-1235u-16-gb-512-gb-ssd-windows-11-home-15s-fq5330tu-15-fd0111tu-thin-light-laptop/p/itm5b5f94f7b044c?pid=COMGXNZGJV3MEMWM&lid=LSTCOMGXNZGJV3MEMWMMNYA0K&marketplace=FLIPKART&q=laptops&store=6bo%2Fb5g&srno=s_1_20&otracker=search&fm=organic&iid=aaa1ed13-7a88-4ee5-9a90-5f5764969093.COMGXNZGJV3MEMWM.SEARCH&ppt=None&ppn=None&ssid=zcytvfx9ls0000001780910454272&qH=c06ea84a1e3dc3c6&ov_redirect=true
Flipkart,laptops,1,HP Victus (i5 14th Gen) Intel Core 5 210 H - (16 GB/512 GB SSD/Windows 11 Home/6 GB Graphics/NVIDIA Ge... Intel Core 5 P,"₹92,990","₹95,746",2% off,No,N/A,None,False,False,"Add to Compare HP Victus (i5 14th Gen) Intel Core 5 210 H - (16 GB/512 GB SSD/Windows 11 Home/6 GB Graphics/NVIDIA Ge... Intel Core 5 Processor 16 GB DDR4 RAM Windows 11 Operating System 512 GB SSD 39.62 cm (15.6 inch) Display MS Office Home 2024 + MISC PC Game Pass DA 3M 1 Year Onsite Service ₹92,990 ₹95,746 2% off Bank Offer",https://www.flipkart.com/hp-victus-i5-14th-gen-intel-core-5-210-h-16-gb-512-gb-ssd-windows-11-home-6-graphics-nvidia-geforce-rtx-4050-15-fa2203tx-gaming-laptop/p/itm65704ff158138?pid=COMHK77SZSZHTEV7&lid=LSTCOMHK77SZSZHTEV7VVWD14&marketplace=FLIPKART&q=laptops&store=6bo%2Fb5g&srno=s_1_21&otracker=search&fm=organic&iid=en_RSdtGRtP5OEbKqW8dZLI-8KY-fzCK_rX11KVqSMvOFIjJHDogMb-CfoXNzxU_s7-rsxMfvUVf-NdvkcbLk50APKSJvID5C-RdFfAlzwDiqI%3D&ppt=None&ppn=None&ssid=zcytvfx9ls0000001780910454272&qH=c06ea84a1e3dc3c6&ov_redirect=true
Flipkart,laptops,1,HP Victus (i7 14th Gen) Intel Core 7 240H - (24 GB/1 TB SSD/Windows 11 Home/8 GB Graphics/NVIDIA GeFor,"₹1,45,900","₹1,65,900",12% off,No,4.2,None,False,False,"Add to Compare HP Victus (i7 14th Gen) Intel Core 7 240H - (24 GB/1 TB SSD/Windows 11 Home/8 GB Graphics/NVIDIA GeFor... 4.2 13 Ratings & 1 Reviews Intel Core 7 Processor 24 GB DDR5 RAM Windows 11 Home Operating System 1 TB SSD 39.62 cm (15.6 Inch) Display 1 Year Onsite Warranty ₹1,45,900 ₹1,65,900 12% off Bank Offer",https://www.flipkart.com/hp-victus-i7-14th-gen-intel-core-7-240h-24-gb-1-tb-ssd-windows-11-home-8-gb-graphics-nvidia-geforce-rtx-5060-15-fa2405tx-gaming-laptop/p/itmb9213a2559591?pid=COMHGFYMEZ4HXP3D&lid=LSTCOMHGFYMEZ4HXP3DOTBXH1&marketplace=FLIPKART&q=laptops&store=6bo%2Fb5g&srno=s_1_22&otracker=search&fm=organic&iid=en_RSdtGRtP5OEbKqW8dZLI-8KY-fzCK_rX11KVqSMvOFIqdWW0JEbpGAF_OBtnNLZIZPj_WvKIEUXIxiosqRtH9ssrgPW5YLzJU0_H6_RHKR0%3D&ppt=None&ppn=None&ssid=zcytvfx9ls0000001780910454272&qH=c06ea84a1e3dc3c6&ov_redirect=true
Flipkart,laptops,1,Lenovo IdeaPad Slim 3 with 1Yr ADP Intel Core i5 12th Gen 12450H - (16 GB/512 GB SSD/Windows 11 Home),"₹54,990","₹70,990",22% off,No,4.2,Only few left,True,False,"Add to Compare Lenovo IdeaPad Slim 3 with 1Yr ADP Intel Core i5 12th Gen 12450H - (16 GB/512 GB SSD/Windows 11 Home) ... 4.2 910 Ratings & 62 Reviews Intel Core i5 Processor (12th Gen) 16 GB DDR4 RAM Windows 11 Home Operating System 512 GB SSD 39.62 cm (15.6 Inch) Display 1 Year Warranty ₹54,990 ₹70,990 22% off Only few left Upto ₹37,050 Off on Exchange",https://www.flipkart.com/lenovo-ideapad-slim-3-1yr-adp-intel-core-i5-12th-gen-12450h-16-gb-512-gb-ssd-windows-11-home-15iah8-thin-light-laptop/p/itma093617319422?pid=COMHCYGTDF5GYHFX&lid=LSTCOMHCYGTDF5GYHFXGCWAY7&marketplace=FLIPKART&q=laptops&store=6bo%2Fb5g&srno=s_1_23&otracker=search&fm=organic&iid=aaa1ed13-7a88-4ee5-9a90-5f5764969093.COMHCYGTDF5GYHFX.SEARCH&ppt=None&ppn=None&ssid=zcytvfx9ls0000001780910454272&qH=c06ea84a1e3dc3c6&ov_redirect=true
Flipkart,laptops,1,Acer Aspire 3 Backlit AMD Ryzen 7 Octa Core 7730U - (16 GB/512 GB SSD/Windows 11 Home) Aspire AS15 - 4,"₹54,210","₹72,999",25% off,No,4.1,None,False,False,"Add to Compare Acer Aspire 3 Backlit AMD Ryzen 7 Octa Core 7730U - (16 GB/512 GB SSD/Windows 11 Home) Aspire AS15 - 4... 4.1 1,957 Ratings & 149 Reviews AMD Ryzen 7 Octa Core Processor 16 GB DDR4 RAM Windows 11 Operating System 512 GB SSD 39.62 cm (15.6 Inch) Display 1 Year Carry-in Warranty ₹54,210 ₹72,999 25% off Upto ₹37,050 Off on Exchange Bank Offer",https://www.flipkart.com/acer-aspire-3-backlit-amd-ryzen-7-octa-core-7730u-16-gb-512-gb-ssd-windows-11-home-as15-42-thin-light-laptop/p/itmdaf15e01a1d1a?pid=COMH397XPF4Z3BMX&lid=LSTCOMH397XPF4Z3BMXL8O53G&marketplace=FLIPKART&q=laptops&store=6bo%2Fb5g&srno=s_1_24&otracker=search&fm=organic&iid=aaa1ed13-7a88-4ee5-9a90-5f5764969093.COMH397XPF4Z3BMX.SEARCH&ppt=None&ppn=None&ssid=zcytvfx9ls0000001780910454272&qH=c06ea84a1e3dc3c6&ov_redirect=true
Flipkart,laptops,2,ASUS Vivobook 15 (2025) with Office 2024 + M365 Basic* Intel Core i3 13th Gen - (8 GB/512 GB SSD/Windo,"₹40,990","₹50,990",19% off,No,4.3,Only 3 left,True,False,"Add to Compare ASUS Vivobook 15 (2025) with Office 2024 + M365 Basic* Intel Core i3 13th Gen - (8 GB/512 GB SSD/Windo... 4.3 1,264 Ratings & 83 Reviews Intel Core i3 Processor (13th Gen) 8 GB DDR5 RAM Windows 11 Home Operating System 512 GB SSD 39.62 cm (15.6 Inch) Display Microsoft Office Home 2024 + Microsoft 365 Basic 1 Year Onsite Warranty ₹40,990 ₹50,990 19% off Only 3 left Upto ₹28,800 Off o",https://www.flipkart.com/asus-vivobook-15-2025-office-2024-m365-basic-intel-core-i3-13th-gen-8-gb-512-gb-ssd-windows-11-home-x1504va-d5321ws-thin-light-laptop/p/itma044347a6922b?pid=COMHGWQY66YNGVFK&lid=LSTCOMHGWQY66YNGVFKYKVYYT&marketplace=FLIPKART&q=laptops&store=6bo%2Fb5g&srno=s_2_25&otracker=search&fm=organic&iid=f711c094-174d-4357-815e-efe55bdc5914.COMHGWQY66YNGVFK.SEARCH&ppt=None&ppn=None&ssid=gocplwg2yo0000001780910467016&qH=c06ea84a1e3dc3c6&ov_redirect=true
Flipkart,laptops,2,Lenovo IdeaPad Slim 1 AMD Ryzen 5 Hexa Core 5500U - (16 GB/512 GB SSD/Windows 11 Home) 15ALC7 / 15ALC6,"₹52,400","₹83,238",37% off,No,4.2,Only 1 left,True,False,"Add to Compare Lenovo IdeaPad Slim 1 AMD Ryzen 5 Hexa Core 5500U - (16 GB/512 GB SSD/Windows 11 Home) 15ALC7 / 15ALC6... 4.2 7,230 Ratings & 585 Reviews AMD Ryzen 5 Hexa Core Processor 16 GB DDR4 RAM Windows 11 Operating System 512 GB SSD 39.62 cm (15.6 Inch) Display Microsoft Office Home & Student 2021 1 Year Onsite Warranty ₹52,400 ₹83,238 37% off Only 1 left Bank Offer",https://www.flipkart.com/lenovo-ideapad-slim-1-amd-ryzen-5-hexa-core-5500u-16-gb-512-gb-ssd-windows-11-home-15alc7-15alc6-thin-light-laptop/p/itm3680fb576eb7b?pid=COMGN2YDSFGGXYG3&lid=LSTCOMGN2YDSFGGXYG3WNMJCY&marketplace=FLIPKART&q=laptops&store=6bo%2Fb5g&srno=s_2_26&otracker=search&fm=organic&iid=f711c094-174d-4357-815e-efe55bdc5914.COMGN2YDSFGGXYG3.SEARCH&ppt=None&ppn=None&ssid=gocplwg2yo0000001780910467016&qH=c06ea84a1e3dc3c6&ov_redirect=true
Flipkart,laptops,2,ASUS Chromebook CX14 Intel Celeron Dual Core N50 - (4 GB/64 GB EMMC Storage/Chrome OS) CX1405CTA-S6062,"₹17,990","₹22,990",21% off,No,3.7,None,False,False,"Add to Compare ASUS Chromebook CX14 Intel Celeron Dual Core N50 - (4 GB/64 GB EMMC Storage/Chrome OS) CX1405CTA-S6062... 3.7 167 Ratings & 22 Reviews Intel Celeron Dual Core Processor 4 GB LPDDR5 RAM Chrome Operating System 35.56 cm (14 inch) Display MyASUS 1 Year Onsite Warranty ₹17,990 ₹22,990 21% off Upto ₹14,000 Off on Exchange Bank Offer",https://www.flipkart.com/asus-chromebook-cx14-intel-celeron-dual-core-n50-4-gb-64-gb-emmc-storage-chrome-os-cx1405cta-s60620-laptop/p/itm5a14f3731bf15?pid=COMHKQA3R42GHHJF&lid=LSTCOMHKQA3R42GHHJF7ASEFY&marketplace=FLIPKART&q=laptops&store=6bo%2Fb5g&srno=s_2_27&otracker=search&fm=organic&iid=en_2pP5mU17_xKuSMEBezx9FpmwZ82ix5qQmL15ZrL5ZZ_0FBEApgKkpHGG2nWo48FQCCv633IDIXnuFJt7bNnfCzmhqv_UJHRUzMZEYicR7r3B9dqD3SX4q-mKUcS4etlQ&ppt=None&ppn=None&ssid=gocplwg2yo0000001780910467016&qH=c06ea84a1e3dc3c6&ov_redirect=true
Flipkart,laptops,2,Samsung Galaxy Book4 Metal Intel Core i7 13th Gen 1355U - (16 GB/512 GB SSD/Windows 11 Home) NP750XGJ,"₹74,990","₹89,689",16% off,No,4.4,None,False,False,"Add to Compare Samsung Galaxy Book4 Metal Intel Core i7 13th Gen 1355U - (16 GB/512 GB SSD/Windows 11 Home) NP750XGJ-... 4.4 5,588 Ratings & 447 Reviews Intel Core i7 Processor (13th Gen) 16 GB LPDDR4X RAM Windows 11 Operating System 512 GB SSD 39.62 cm (15.6 Inch) Display 1 Year Manufacturer Warranty for Laptop and 6 Months for In-Box Accessories ₹74,990 ₹89,689 16% off Upto ₹42,600 Off on Exchan",https://www.flipkart.com/samsung-galaxy-book4-metal-intel-core-i7-13th-gen-1355u-16-gb-512-gb-ssd-windows-11-home-np750xgj-kg3in-np750xgj-lg3in-np750xgj-lg8in-thin-light-laptop/p/itm1df5212efb9fc?pid=COMGZUYDYPUZAAXD&lid=LSTCOMGZUYDYPUZAAXDBMAOEF&marketplace=FLIPKART&q=laptops&store=6bo%2Fb5g&srno=s_2_29&otracker=search&fm=organic&iid=f711c094-174d-4357-815e-efe55bdc5914.COMGZUYDYPUZAAXD.SEARCH&ppt=None&ppn=None&ssid=gocplwg2yo0000001780910467016&qH=c06ea84a1e3dc3c6&ov_redirect=true
Flipkart,laptops,2,ASUS Expertbook P1 with 1 Yr ADP Intel Core i5 13th Gen 13420H - (32 GB/512 GB SSD/Windows 11 Home) P1,"₹61,990","₹1,14,990",46% off,No,4.3,Only few left,True,False,"Add to Compare ASUS Expertbook P1 with 1 Yr ADP Intel Core i5 13th Gen 13420H - (32 GB/512 GB SSD/Windows 11 Home) P1... 4.3 297 Ratings & 17 Reviews Intel Core i5 Processor (13th Gen) 32 GB DDR5 RAM Windows 11 Home Operating System 512 GB SSD 39.62 cm (15.6 Inch) Display Microsoft Office Home 2024, Microsoft 365 Basic 1 Year Onsite Warranty ₹61,990 ₹1,14,990 46% off Only few left Upto ₹42,600 Off",https://www.flipkart.com/asus-expertbook-p1-1-yr-adp-intel-core-i5-13th-gen-13420h-32-gb-512-gb-ssd-windows-11-home-p1503cva-s71075ws-thin-light-laptop/p/itm097644e9eaec3?pid=COMHCQ3VGJB8NGRH&lid=LSTCOMHCQ3VGJB8NGRHEJWAFU&marketplace=FLIPKART&q=laptops&store=6bo%2Fb5g&srno=s_2_30&otracker=search&fm=organic&iid=f711c094-174d-4357-815e-efe55bdc5914.COMHCQ3VGJB8NGRH.SEARCH&ppt=None&ppn=None&ssid=gocplwg2yo0000001780910467016&qH=c06ea84a1e3dc3c6&ov_redirect=true
Flipkart,laptops,2,Samsung Galaxy Book4 Metal Intel Core i5 13th Gen 1335U - (16 GB/512 GB SSD/Windows 11 Home) NP750XGJ,"₹67,990","₹82,789",17% off,No,4.4,None,False,False,"Add to Compare Samsung Galaxy Book4 Metal Intel Core i5 13th Gen 1335U - (16 GB/512 GB SSD/Windows 11 Home) NP750XGJ ... 4.4 19,072 Ratings & 1,794 Reviews Intel Core i5 Processor (13th Gen) 16 GB LPDDR4X RAM Windows 11 Operating System 512 GB SSD 39.62 cm (15.6 Inch) Display 1 Year Manufacturer Warranty for Laptop and 6 Months for In-Box Accessories ₹67,990 ₹82,789 17% off Upto ₹42,600 Off on Exc",https://www.flipkart.com/samsung-galaxy-book4-metal-intel-core-i5-13th-gen-1335u-16-gb-512-gb-ssd-windows-11-home-np750xgj-thin-light-laptop/p/itm1df5212efb9fc?pid=COMGZUYDGFJGHZR4&lid=LSTCOMGZUYDGFJGHZR4JPVIN2&marketplace=FLIPKART&q=laptops&store=6bo%2Fb5g&spotlightTagId=default_BestsellerId_6bo%2Fb5g&srno=s_2_33&otracker=search&fm=organic&iid=f711c094-174d-4357-815e-efe55bdc5914.COMGZUYDGFJGHZR4.SEARCH&ppt=None&ppn=None&ssid=gocplwg2yo0000001780910467016&qH=c06ea84a1e3dc3c6&ov_redirect=true
Flipkart,laptops,2,Acer Aspire 3 Intel Celeron Dual Core - (8 GB/128 GB SSD/Windows 11 Home) A311-45 Thin and Light Lapto,"₹34,990","₹42,990",18% off,No,3.8,Only 2 left,True,False,"Add to Compare Acer Aspire 3 Intel Celeron Dual Core - (8 GB/128 GB SSD/Windows 11 Home) A311-45 Thin and Light Lapto... 3.8 9,573 Ratings & 810 Reviews Intel Celeron Dual Core Processor 8 GB DDR4 RAM 64 bit Windows 11 Home Operating System 128 GB SSD 29.46 cm (11.6 Inch) Display 1 Year Warranty ₹34,990 ₹42,990 18% off Only 2 left Bank Offer",https://www.flipkart.com/acer-aspire-3-intel-celeron-dual-core-8-gb-128-gb-ssd-windows-11-home-a311-45-thin-light-laptop/p/itmad38595c5a902?pid=COMH7NCZGGGWQC4W&lid=LSTCOMH7NCZGGGWQC4WJEDQIL&marketplace=FLIPKART&q=laptops&store=6bo%2Fb5g&srno=s_2_34&otracker=search&fm=organic&iid=f711c094-174d-4357-815e-efe55bdc5914.COMH7NCZGGGWQC4W.SEARCH&ppt=None&ppn=None&ssid=gocplwg2yo0000001780910467016&qH=c06ea84a1e3dc3c6&ov_redirect=true
Flipkart,laptops,2,Lenovo IdeaPad Slim 3 AMD Ryzen 7 Octa Core 8840H Office 2024 and Backlit Keyboard AMD Ryzen 7 Octa Co,"₹81,990","₹94,890",13% off,No,4.4,None,False,False,"Add to Compare Lenovo IdeaPad Slim 3 AMD Ryzen 7 Octa Core 8840H Office 2024 and Backlit Keyboard AMD Ryzen 7 Octa Co... 4.4 121 Ratings & 12 Reviews AMD Ryzen 7 Octa Core Processor 24 GB DDR5 RAM Windows 11 Home Operating System 1 TB SSD 38.86 cm (15.3 Inch) Display Office Home 2024 1 Year Onsite Warranty ₹81,990 ₹94,890 13% off Upto ₹42,600 Off on Exchange Bank Offer",https://www.flipkart.com/lenovo-ideapad-slim-3-amd-ryzen-7-octa-core-8840h-office-2024-backlit-keyboard-8840hs-24-gb-1-tb-ssd-windows-11-home-15ahp10-thin-light-laptop/p/itm39c8550e0d65e?pid=COMHDYG7DMGRZETR&lid=LSTCOMHDYG7DMGRZETRPBL0T3&marketplace=FLIPKART&q=laptops&store=6bo%2Fb5g&srno=s_2_35&otracker=search&fm=organic&iid=f711c094-174d-4357-815e-efe55bdc5914.COMHDYG7DMGRZETR.SEARCH&ppt=None&ppn=None&ssid=gocplwg2yo0000001780910467016&qH=c06ea84a1e3dc3c6&ov_redirect=true
Flipkart,laptops,2,"ASUS Vivobook 14 (2025) with Office 2024 + M365 Basic*, Backlit Keyboard, Intel Core i3 13th Gen 1315U","₹48,990","₹50,990",3% off,No,4.3,Only few left,True,False,"Add to Compare ASUS Vivobook 14 (2025) with Office 2024 + M365 Basic*, Backlit Keyboard, Intel Core i3 13th Gen 1315U... 4.3 3,067 Ratings & 190 Reviews Intel Core i3 Processor (13th Gen) 8 GB DDR4 RAM Windows 11 Home Operating System 512 GB SSD 35.56 cm (14 Inch) Display Microsoft Office Home 2024 (Lifetime Validity ) + Microsoft 365 Basic*(1-Year Validity), One-Month Membership of Adobe Creative",https://www.flipkart.com/asus-vivobook-14-2025-office-2024-m365-basic-backlit-keyboard-intel-core-i3-13th-gen-1315u-8-gb-512-gb-ssd-windows-11-home-x1404va-eb321ws-thin-light-laptop/p/itm86b2575a66c73?pid=COMHEZZTACFZCGWF&lid=LSTCOMHEZZTACFZCGWFFCUHCO&marketplace=FLIPKART&q=laptops&store=6bo%2Fb5g&srno=s_2_36&otracker=search&fm=organic&iid=f711c094-174d-4357-815e-efe55bdc5914.COMHEZZTACFZCGWF.SEARCH&ppt=None&ppn=None&ssid=gocplwg2yo0000001780910467016&qH=c06ea84a1e3dc3c6&ov_redirect=true
Flipkart,laptops,2,Primebook 2 Max (2025) in-Built AI MediaTek Helio G99 (MT8781) - (8 GB/256 GB/Android 15) PBG9915256#4,"₹27,990","₹34,990",20% off,No,4.3,Only few left,True,False,"Add to Compare Primebook 2 Max (2025) in-Built AI MediaTek Helio G99 (MT8781) - (8 GB/256 GB/Android 15) PBG9915256#4... 4.3 1,264 Ratings & 375 Reviews MediaTek Helio G99 (MT8781) Processor 8 GB LPDDR4X RAM 64 bit Android Operating System 39.62 cm (15.6 Inch) Display 1 Year Onsite Warranty ₹27,990 ₹34,990 20% off Only few left Upto ₹22,000 Off on Exchange",https://www.flipkart.com/primebook-2-max-2025-in-built-ai-mediatek-helio-g99-mt8781-8-gb-256-gb-android-15-pbg9915256-4278c-laptop/p/itmf01b454e9ac40?pid=COMHDGD5CQJVZUH7&lid=LSTCOMHDGD5CQJVZUH73W3DYP&marketplace=FLIPKART&q=laptops&store=6bo%2Fb5g&srno=s_2_39&otracker=search&fm=organic&iid=f711c094-174d-4357-815e-efe55bdc5914.COMHDGD5CQJVZUH7.SEARCH&ppt=None&ppn=None&ssid=gocplwg2yo0000001780910467016&qH=c06ea84a1e3dc3c6&ov_redirect=true
Flipkart,laptops,2,"ASUS Vivobook S16 OLED (2025) with Backlit Keyboard, Metal Body*, Snapdragon X - (16 GB/512 GB SSD/Win","₹69,990","₹98,990",29% off,No,4.5,None,False,False,"Add to Compare ASUS Vivobook S16 OLED (2025) with Backlit Keyboard, Metal Body*, Snapdragon X - (16 GB/512 GB SSD/Win... 4.5 1,211 Ratings & 100 Reviews Snapdragon X Processor 16 GB LPDDR5X RAM Windows 11 Home Operating System 512 GB SSD 40.64 cm (16 Inch) Display Microsoft Office Home 2024 (Lifetime Validity ) + Microsoft 365 Basic*(1-Year Validity), One-Month Membership of Adobe Creative Cloud A",https://www.flipkart.com/asus-vivobook-s16-oled-2025-backlit-keyboard-metal-body-snapdragon-x-16-gb-512-gb-ssd-windows-11-home-s3607qa-sh079ws-thin-light-laptop/p/itma802a754ee9ca?pid=COMHCQ5EYFADM4PZ&lid=LSTCOMHCQ5EYFADM4PZEX9VZJ&marketplace=FLIPKART&q=laptops&store=6bo%2Fb5g&srno=s_2_40&otracker=search&fm=organic&iid=f711c094-174d-4357-815e-efe55bdc5914.COMHCQ5EYFADM4PZ.SEARCH&ppt=None&ppn=None&ssid=gocplwg2yo0000001780910467016&qH=c06ea84a1e3dc3c6&ov_redirect=true
Flipkart,laptops,2,Lenovo Chromebook MediaTek Kompanio 520 - (8 GB/128 GB EMMC Storage/Chrome OS) 14M868 Thin and Light L,"₹29,100","₹30,790",5% off,No,3.9,Only 1 left,True,False,"Add to Compare Lenovo Chromebook MediaTek Kompanio 520 - (8 GB/128 GB EMMC Storage/Chrome OS) 14M868 Thin and Light L... 3.9 3,972 Ratings & 341 Reviews MediaTek Kompanio 520 Processor 8 GB LPDDR4X RAM Chrome Operating System 35.56 cm (14 Inch) Display 1 Year Carry-in Warranty ₹29,100 ₹30,790 5% off Only 1 left Upto ₹22,000 Off on Exchange",https://www.flipkart.com/lenovo-chromebook-mediatek-kompanio-520-8-gb-128-gb-emmc-storage-chrome-os-14m868-thin-light-laptop/p/itm4dc67999fe3de?pid=COMGTR89FPA5ZWVC&lid=LSTCOMGTR89FPA5ZWVCQYXZ35&marketplace=FLIPKART&q=laptops&store=6bo%2Fb5g&srno=s_2_43&otracker=search&fm=organic&iid=f711c094-174d-4357-815e-efe55bdc5914.COMGTR89FPA5ZWVC.SEARCH&ppt=None&ppn=None&ssid=gocplwg2yo0000001780910467016&qH=c06ea84a1e3dc3c6&ov_redirect=true
Flipkart,laptops,2,Lenovo Yoga Slim 7 Ultra 9 185H WUXGA OLED with 1Yr ADP Intel Core Ultra 9 185H - (32 GB/1 TB SSD/Wind,"₹1,09,990","₹1,58,090",30% off,No,4.5,None,False,False,"Add to Compare Lenovo Yoga Slim 7 Ultra 9 185H WUXGA OLED with 1Yr ADP Intel Core Ultra 9 185H - (32 GB/1 TB SSD/Wind... 4.5 61 Ratings & 7 Reviews Intel Core Ultra 9 Processor 32 GB LPDDR5 RAM Windows 11 Operating System 1 TB SSD 35.56 cm (14 inch) Display 1 Year Courier/ Carry-in Warranty ₹1,09,990 ₹1,58,090 30% off Upto ₹42,600 Off on Exchange Bank Offer",https://www.flipkart.com/lenovo-yoga-slim-7-ultra-9-185h-wuxga-oled-1yr-adp-intel-core-32-gb-1-tb-ssd-windows-11-home-14imh9-thin-light-laptop/p/itm25bb8d43c952a?pid=COMHK53MRNF5T8PK&lid=LSTCOMHK53MRNF5T8PKIVKSSS&marketplace=FLIPKART&q=laptops&store=6bo%2Fb5g&srno=s_2_44&otracker=search&fm=organic&iid=f711c094-174d-4357-815e-efe55bdc5914.COMHK53MRNF5T8PK.SEARCH&ppt=None&ppn=None&ssid=gocplwg2yo0000001780910467016&qH=c06ea84a1e3dc3c6&ov_redirect=true
Flipkart,laptops,2,"ASUS Vivobook 15 (2026) with Office 2024 + M365 Basic*, AMD Ryzen 5 Hexa Core 150 - (16 GB/512 GB SSD/","₹58,990","₹64,990",9% off,No,4.5,None,False,False,"Add to Compare ASUS Vivobook 15 (2026) with Office 2024 + M365 Basic*, AMD Ryzen 5 Hexa Core 150 - (16 GB/512 GB SSD/... 4.5 22 Ratings & 1 Reviews AMD Ryzen 5 Hexa Core Processor 16 GB DDR5 RAM Windows 11 Home Operating System 512 GB SSD 39.62 cm (15.6 inch) Display MSO 2024 for lifetime + Microsoft 365 Basic with 100GB Cloud Storage for 1 Year, One-Month Membership of Adobe Creative Cloud All Ap",https://www.flipkart.com/asus-vivobook-15-2026-office-2024-m365-basic-amd-ryzen-5-hexa-core-150-16-gb-512-gb-ssd-windows-11-home-m1502naq-bq118ws-thin-light-laptop/p/itm194545ff7b206?pid=COMHKDXB5DD3ARYM&lid=LSTCOMHKDXB5DD3ARYMIU2AJX&marketplace=FLIPKART&q=laptops&store=6bo%2Fb5g&srno=s_2_45&otracker=search&fm=organic&iid=f711c094-174d-4357-815e-efe55bdc5914.COMHKDXB5DD3ARYM.SEARCH&ppt=None&ppn=None&ssid=gocplwg2yo0000001780910467016&qH=c06ea84a1e3dc3c6&ov_redirect=true
Flipkart,laptops,2,"ASUS Vivobook 14 (2025) with Office 2024 + M365 Basic*, Backlit Keyboard, Intel Core Ultra 5 225H - (1","₹66,990","₹81,990",18% off,No,4.3,None,False,False,"Add to Compare ASUS Vivobook 14 (2025) with Office 2024 + M365 Basic*, Backlit Keyboard, Intel Core Ultra 5 225H - (1... 4.3 22 Ratings & 2 Reviews Intel Core Ultra 5 Processor 16 GB DDR5 RAM Windows 11 Home Operating System 512 GB SSD 35.56 cm (14 Inch) Display Microsoft Office Home 2024 (Lifetime Validity ) + Microsoft 365 Basic*(1-Year Validity), One-Month Membership of Adobe Creative Cloud All",https://www.flipkart.com/asus-vivobook-14-2025-office-2024-m365-basic-backlit-keyboard-intel-core-ultra-5-225h-16-gb-512-gb-ssd-windows-11-home-x1407ca-ly159ws-thin-light-laptop/p/itm88707104a2719?pid=COMHCQ5EYSZXV4AN&lid=LSTCOMHCQ5EYSZXV4ANXQSULY&marketplace=FLIPKART&q=laptops&store=6bo%2Fb5g&srno=s_2_46&otracker=search&fm=organic&iid=f711c094-174d-4357-815e-efe55bdc5914.COMHCQ5EYSZXV4AN.SEARCH&ppt=None&ppn=None&ssid=gocplwg2yo0000001780910467016&qH=c06ea84a1e3dc3c6&ov_redirect=true
Flipkart,laptops,3,Acer Aspire Lite AMD Ryzen 3 Quad Core 5300U - (8 GB/512 GB SSD/Windows 11 Home) AL15-41 Thin and Ligh,"₹44,990","₹31,950",N/A,N/A,4.1,None,False,False,"Add to Compare Acer Aspire Lite AMD Ryzen 3 Quad Core 5300U - (8 GB/512 GB SSD/Windows 11 Home) AL15-41 Thin and Ligh... 4.1 1,584 Ratings & 112 Reviews AMD Ryzen 3 Quad Core Processor 8 GB DDR4 RAM Windows 11 Operating System 512 GB SSD 39.62 cm (15.6 Inch) Display 1 Year Carry-in Warranty ₹44,990 Upto ₹31,950 Off on Exchange Bank Offer",https://www.flipkart.com/acer-aspire-lite-amd-ryzen-3-quad-core-5300u-8-gb-512-gb-ssd-windows-11-home-al15-41-thin-light-laptop/p/itm1bc0bcb4598e7?pid=COMH2TPSM9V7V38F&lid=LSTCOMH2TPSM9V7V38F5SNKCO&marketplace=FLIPKART&q=laptops&store=6bo%2Fb5g&srno=s_3_49&otracker=search&fm=organic&iid=375552aa-7bad-4711-bc0c-317c05e73ae9.COMH2TPSM9V7V38F.SEARCH&ppt=None&ppn=None&ssid=7ju49pcsxc0000001780910479531&qH=c06ea84a1e3dc3c6&ov_redirect=true
Flipkart,laptops,3,MSI Modern 15 Intel Core i5 12th Gen 1235U - (16 GB/512 GB SSD/Windows 11 Home) Modern 15 B12MO Thin a,"₹46,990","₹60,990",22% off,No,4.3,Only 1 left,True,False,"Add to Compare MSI Modern 15 Intel Core i5 12th Gen 1235U - (16 GB/512 GB SSD/Windows 11 Home) Modern 15 B12MO Thin a... 4.3 296 Ratings & 18 Reviews Intel Core i5 Processor (12th Gen) 16 GB DDR4 RAM Windows 11 Operating System 512 GB SSD 39.62 cm (15.6 Inch) Display 1 Year Onsite Warranty ₹46,990 ₹60,990 22% off Hot Deal Only 1 left",https://www.flipkart.com/msi-modern-15-intel-core-i5-12th-gen-1235u-16-gb-512-gb-ssd-windows-11-home-b12mo-thin-light-laptop/p/itm60c14709fdf3b?pid=COMHYWTJCHNVFNPF&lid=LSTCOMHYWTJCHNVFNPF6W07N8&marketplace=FLIPKART&q=laptops&store=6bo%2Fb5g&srno=s_3_50&otracker=search&fm=organic&iid=375552aa-7bad-4711-bc0c-317c05e73ae9.COMHYWTJCHNVFNPF.SEARCH&ppt=None&ppn=None&ssid=7ju49pcsxc0000001780910479531&qH=c06ea84a1e3dc3c6&ov_redirect=true
Flipkart,laptops,3,HP MSO 2024 Intel Core i3 13th Gen 1315U - (16 GB/512 GB SSD/Windows 11 Home) 15-fd0574TU / 15 - fd066,"₹49,990","₹50,903",1% off,No,4.2,None,False,False,"Add to Compare HP MSO 2024 Intel Core i3 13th Gen 1315U - (16 GB/512 GB SSD/Windows 11 Home) 15-fd0574TU / 15 - fd066... 4.2 3,201 Ratings & 185 Reviews Intel Core i3 Processor (13th Gen) 16 GB DDR4 RAM Windows 11 Home Operating System 512 GB SSD 39.62 cm (15.6 Inch) Display MS Office Home 2024 + MISC PC Game Pass DA 3M 1 Year Onsite Warranty ₹49,990 ₹50,903 1% off Upto ₹32,950 Off on Exchange Ban",https://www.flipkart.com/hp-mso-2024-intel-core-i3-13th-gen-1315u-16-gb-512-gb-ssd-windows-11-home-15-fd0574tu-15-fd0668tu-thin-light-laptop/p/itmcb9e5b7b2d3fb?pid=COMHBFRJEWGN4FMY&lid=LSTCOMHBFRJEWGN4FMYK9ZQ2H&marketplace=FLIPKART&q=laptops&store=6bo%2Fb5g&srno=s_3_53&otracker=search&fm=organic&iid=375552aa-7bad-4711-bc0c-317c05e73ae9.COMHBFRJEWGN4FMY.SEARCH&ppt=None&ppn=None&ssid=7ju49pcsxc0000001780910479531&qH=c06ea84a1e3dc3c6&ov_redirect=true
Flipkart,laptops,3,ASUS Expertbook P1 High-performance processor with 1 Yr ADP Intel Core i7 13th Gen 13620H - (32 GB/512,"₹85,986","₹1,29,990",33% off,No,4.2,Only 1 left,True,False,"Add to Compare ASUS Expertbook P1 High-performance processor with 1 Yr ADP Intel Core i7 13th Gen 13620H - (32 GB/512... 4.2 187 Ratings & 24 Reviews Intel Core i7 Processor (13th Gen) 32 GB DDR5 RAM Windows 11 Home Operating System 512 GB SSD 39.62 cm (15.6 Inch) Display Microsoft Office Home 2024, Microsoft 365 Basic 1 Year Onsite Warranty ₹85,986 ₹1,29,990 33% off Only 1 left Bank Offer",https://www.flipkart.com/asus-expertbook-p1-high-performance-processor-1-yr-adp-intel-core-i7-13th-gen-13620h-32-gb-512-gb-ssd-windows-11-home-p1503cva-s71076ws-thin-light-laptop/p/itmc4c88e702be9c?pid=COMHCQ3VMGWGHS8Z&lid=LSTCOMHCQ3VMGWGHS8ZKBE6PY&marketplace=FLIPKART&q=laptops&store=6bo%2Fb5g&srno=s_3_54&otracker=search&fm=organic&iid=375552aa-7bad-4711-bc0c-317c05e73ae9.COMHCQ3VMGWGHS8Z.SEARCH&ppt=None&ppn=None&ssid=7ju49pcsxc0000001780910479531&qH=c06ea84a1e3dc3c6&ov_redirect=true
Flipkart,laptops,3,Acer Aspire 3 Intel Core i5 13th Gen 1334U - (16 GB/512 GB SSD/Windows 11 Home) A324-53 Thin and Light,"₹50,990","₹66,999",23% off,No,4.3,Only 3 left,True,False,"Add to Compare Acer Aspire 3 Intel Core i5 13th Gen 1334U - (16 GB/512 GB SSD/Windows 11 Home) A324-53 Thin and Light... 4.3 1,716 Ratings & 110 Reviews Intel Core i5 Processor (13th Gen) 16 GB DDR4 RAM Windows 11 Operating System 512 GB SSD 35.56 cm (14 Inch) Display 1 Year Carry-in Warranty ₹50,990 ₹66,999 23% off Only 3 left Upto ₹32,950 Off on Exchange",https://www.flipkart.com/acer-aspire-3-intel-core-i5-13th-gen-1334u-16-gb-512-gb-ssd-windows-11-home-a324-53-thin-light-laptop/p/itm707770fddc7e9?pid=COMH4B6CGZKHKUV3&lid=LSTCOMH4B6CGZKHKUV37HVWQK&marketplace=FLIPKART&q=laptops&store=6bo%2Fb5g&srno=s_3_55&otracker=search&fm=organic&iid=375552aa-7bad-4711-bc0c-317c05e73ae9.COMH4B6CGZKHKUV3.SEARCH&ppt=None&ppn=None&ssid=7ju49pcsxc0000001780910479531&qH=c06ea84a1e3dc3c6&ov_redirect=true
Flipkart,laptops,3,ASUS ExpertBook P1 (i5 14th Gen) with 1 Yr ADP Intel Core 5 210H - (32 GB/512 GB SSD/Windows 11 Home),"₹69,990","₹1,14,990",39% off,No,4.4,None,False,False,"Add to Compare ASUS ExpertBook P1 (i5 14th Gen) with 1 Yr ADP Intel Core 5 210H - (32 GB/512 GB SSD/Windows 11 Home) ... 4.4 786 Ratings & 78 Reviews Intel Core 5 Processor 32 GB DDR5 RAM 64 bit Windows 11 Home Operating System 512 GB SSD 39.62 cm (15.6 Inch) Display 1 Year Limited Warranty ₹69,990 ₹1,14,990 39% off Upto ₹42,600 Off on Exchange Bank Offer",https://www.flipkart.com/asus-expertbook-p1-i5-14th-gen-1-yr-adp-intel-core-5-210h-32-gb-512-gb-ssd-windows-11-home-p1503cva-s72288ws-laptop/p/itm30538466342b3?pid=COMHGYAFZHQVGG9C&lid=LSTCOMHGYAFZHQVGG9CXLLRQM&marketplace=FLIPKART&q=laptops&store=6bo%2Fb5g&srno=s_3_56&otracker=search&fm=organic&iid=375552aa-7bad-4711-bc0c-317c05e73ae9.COMHGYAFZHQVGG9C.SEARCH&ppt=None&ppn=None&ssid=7ju49pcsxc0000001780910479531&qH=c06ea84a1e3dc3c6&ov_redirect=true
Flipkart,laptops,3,ASUS Expertbook P3 Metal High-performance processor with 1 Yr ADP Intel Core i7 13th Gen 13620H - (32,"₹79,990","₹1,19,990",33% off,No,4.3,None,False,False,"Add to Compare ASUS Expertbook P3 Metal High-performance processor with 1 Yr ADP Intel Core i7 13th Gen 13620H - (32 ... 4.3 241 Ratings & 31 Reviews Intel Core i7 Processor (13th Gen) 32 GB DDR5 RAM Windows 11 Home Operating System 1 TB SSD 35.56 cm (14 Inch) Display Included Software- Microsoft Office Home 2024(includes Word, Excel, PowerPoint, and OneNote) (Lifetime Validity ) + Microsoft 365 B",https://www.flipkart.com/asus-expertbook-p3-metal-high-performance-processor-1-yr-adp-intel-core-i7-13th-gen-13620h-32-gb-1-tb-ssd-windows-11-home-p3405cva-ly0308ws-thin-light-laptop/p/itm97eeb89e48af8?pid=COMHB7VN6ZDDZ946&lid=LSTCOMHB7VN6ZDDZ946RHQCBL&marketplace=FLIPKART&q=laptops&store=6bo%2Fb5g&srno=s_3_59&otracker=search&fm=organic&iid=375552aa-7bad-4711-bc0c-317c05e73ae9.COMHB7VN6ZDDZ946.SEARCH&ppt=None&ppn=None&ssid=7ju49pcsxc0000001780910479531&qH=c06ea84a1e3dc3c6&ov_redirect=true
Flipkart,laptops,3,"ASUS Vivobook 16 (2025) with Office 2024 + M365 Basic, AI PC Intel Core Ultra 5 (Series 2) 225H - (16","₹67,990","₹92,990",26% off,No,4.2,None,False,False,"Add to Compare ASUS Vivobook 16 (2025) with Office 2024 + M365 Basic, AI PC Intel Core Ultra 5 (Series 2) 225H - (16 ... 4.2 83 Ratings & 4 Reviews Intel Core Ultra 5 (Series 2) Processor 16 GB DDR5 RAM Windows 11 Home Operating System 512 GB SSD 40.64 cm (16 Inch) Display Microsoft Office Home 2024 + Microsoft 365 Basic 1 Year Onsite warranty ₹67,990 ₹92,990 26% off Upto ₹42,600 Off on Exchange B",https://www.flipkart.com/asus-vivobook-16-2025-office-2024-m365-basic-ai-pc-intel-core-ultra-5-series-2-225h-16-gb-512-gb-ssd-windows-11-home-x1607ca-mb139ws-thin-light-laptop/p/itm2c73093a3141d?pid=COMH89EBZSTVX3EU&lid=LSTCOMH89EBZSTVX3EUSRKX1D&marketplace=FLIPKART&q=laptops&store=6bo%2Fb5g&srno=s_3_60&otracker=search&fm=organic&iid=375552aa-7bad-4711-bc0c-317c05e73ae9.COMH89EBZSTVX3EU.SEARCH&ppt=None&ppn=None&ssid=7ju49pcsxc0000001780910479531&qH=c06ea84a1e3dc3c6&ov_redirect=true
Flipkart,laptops,3,Lenovo IdeaPad Slim 3 Next Gen AI PC WUXGA IPS Copilot + PC with 1Yr ADP Snapdragon X - (16 GB/512 GB,"₹64,990","₹88,390",26% off,No,4.3,None,False,False,"Add to Compare Lenovo IdeaPad Slim 3 Next Gen AI PC WUXGA IPS Copilot + PC with 1Yr ADP Snapdragon X - (16 GB/512 GB ... 4.3 1,034 Ratings & 97 Reviews Snapdragon X Processor 16 GB LPDDR5X RAM Windows 11 Home Operating System 512 GB SSD 38.86 cm (15.3 Inch) Display Office Home 2024 1 Year Onsite Warranty ₹64,990 ₹88,390 26% off Upto ₹42,600 Off on Exchange Bank Offer",https://www.flipkart.com/lenovo-ideapad-slim-3-next-gen-ai-pc-wuxga-ips-copilot-1yr-adp-snapdragon-x-16-gb-512-gb-ssd-windows-11-home-15q8x10-thin-light-laptop/p/itmd6d920cf123c3?pid=COMHDMJYDGBTMJXG&lid=LSTCOMHDMJYDGBTMJXG112MJM&marketplace=FLIPKART&q=laptops&store=6bo%2Fb5g&spotlightTagId=default_BestsellerId_6bo%2Fb5g&srno=s_3_63&otracker=search&fm=organic&iid=375552aa-7bad-4711-bc0c-317c05e73ae9.COMHDMJYDGBTMJXG.SEARCH&ppt=None&ppn=None&ssid=7ju49pcsxc0000001780910479531&qH=c06ea84a1e3dc3c6&ov_redirect=true
Flipkart,laptops,3,"MICROSOFT Surface Pro 12"" with Type Cover Core 8 with Microsoft 365 for 6 Months* Snapdragon X Plus","₹1,04,999","₹42,600",N/A,N/A,4.8,None,False,False,"Add to Compare MICROSOFT Surface Pro 12"" with Type Cover Core 8 with Microsoft 365 for 6 Months* Snapdragon X Plus - ... 4.8 5 Ratings & 1 Reviews Snapdragon X Plus Processor 16 GB LPDDR5X RAM 64 bit Windows 11 Operating System 512 GB SSD 30.48 cm (12 inch) Touchscreen Display NA 1 Year Limited Warranty ₹1,04,999 Upto ₹42,600 Off on Exchange Bank Offer",https://www.flipkart.com/microsoft-surface-pro-12-type-cover-core-8-365-6-months-snapdragon-x-plus-16-gb-512-gb-ssd-windows-11-home-ep2-27670-ep2-32019-laptop/p/itm4b1a63a47e7e9?pid=COMHJZJYSZ7PAGGA&lid=LSTCOMHJZJYSZ7PAGGAM3VZ2F&marketplace=FLIPKART&q=laptops&store=6bo%2Fb5g&srno=s_3_64&otracker=search&fm=organic&iid=375552aa-7bad-4711-bc0c-317c05e73ae9.COMHJZJYSZ7PAGGA.SEARCH&ppt=None&ppn=None&ssid=7ju49pcsxc0000001780910479531&qH=c06ea84a1e3dc3c6&ov_redirect=true
Flipkart,laptops,3,Acer Swift Neo Office 2024 + M365 Basic Intel Core Ultra 5 115U - (16 GB/1 TB SSD/Windows 11 Home) UN,"₹62,990","₹1,04,999",40% off,No,4.1,Only 5 left,True,False,"Add to Compare Acer Swift Neo Office 2024 + M365 Basic Intel Core Ultra 5 115U - (16 GB/1 TB SSD/Windows 11 Home) UN.... 4.1 698 Ratings & 56 Reviews Intel Core Ultra 5 Processor 16 GB LPDDR5 RAM 64 bit Windows 11 Home Operating System 1 TB SSD 35.56 cm (14 Inch) Display 1 Year Warranty ₹62,990 ₹1,04,999 40% off Only 5 left Upto ₹42,600 Off on Exchange",https://www.flipkart.com/acer-swift-neo-office-2024-m365-basic-intel-core-ultra-5-115u-16-gb-1-tb-ssd-windows-11-home-un-35gsi-007-thin-light-laptop/p/itm9e55de1a60bc0?pid=COMHDF2C8MV4EURQ&lid=LSTCOMHDF2C8MV4EURQIF3X07&marketplace=FLIPKART&q=laptops&store=6bo%2Fb5g&srno=s_3_65&otracker=search&fm=organic&iid=375552aa-7bad-4711-bc0c-317c05e73ae9.COMHDF2C8MV4EURQ.SEARCH&ppt=None&ppn=None&ssid=7ju49pcsxc0000001780910479531&qH=c06ea84a1e3dc3c6&ov_redirect=true
Flipkart,laptops,3,HP OmniBook 5(Previously Pavilion) Intel Core i5 13th Gen 1334U - (16 GB/512 GB SSD/Windows 11 Home) 1,"₹69,990","₹78,778",11% off,No,4.5,None,False,False,"Add to Compare HP OmniBook 5(Previously Pavilion) Intel Core i5 13th Gen 1334U - (16 GB/512 GB SSD/Windows 11 Home) 1... 4.5 192 Ratings & 17 Reviews Intel Core i5 Processor (13th Gen) 16 GB LPDDR5X RAM Windows 11 Operating System 512 GB SSD 40.64 cm (16 Inch) Display 1 Year Onsite Service ₹69,990 ₹78,778 11% off Upto ₹42,600 Off on Exchange Bank Offer",https://www.flipkart.com/hp-omnibook-5-previously-pavilion-intel-core-i5-13th-gen-1334u-16-gb-512-gb-ssd-windows-11-home-16-ba1123tu-thin-light-laptop/p/itm17c7ddcf83e55?pid=COMHA9GUP3FPVRJ2&lid=LSTCOMHA9GUP3FPVRJ2SKNIPP&marketplace=FLIPKART&q=laptops&store=6bo%2Fb5g&srno=s_3_66&otracker=search&fm=organic&iid=375552aa-7bad-4711-bc0c-317c05e73ae9.COMHA9GUP3FPVRJ2.SEARCH&ppt=None&ppn=None&ssid=7ju49pcsxc0000001780910479531&qH=c06ea84a1e3dc3c6&ov_redirect=true
Flipkart,laptops,3,ASUS Vivobook Go 15 (2025) with Office 2024 + M365 Basic AMD Ryzen 3 Quad Core 30 - (8 GB/512 GB SSD/W,"₹48,990",N/A,N/A,N/A,4.5,None,False,False,"Add to Compare ASUS Vivobook Go 15 (2025) with Office 2024 + M365 Basic AMD Ryzen 3 Quad Core 30 - (8 GB/512 GB SSD/W... 4.5 15 Ratings & 1 Reviews AMD Ryzen 3 Quad Core Processor 8 GB DDR5 RAM Windows 11 Home Operating System 512 GB SSD 39.62 cm (15.6 inch) Display MSO 2024 for lifetime + Microsoft 365 Basic with 100GB Cloud Storage for 1 Year, One-Month Membership of Adobe Creative Cloud All App",https://www.flipkart.com/asus-vivobook-go-15-2025-office-2024-m365-basic-amd-ryzen-3-quad-core-30-8-gb-512-gb-ssd-windows-11-home-e1504fa-bq2114ws-thin-light-laptop/p/itm1dbfd91b9e36d?pid=COMHKDXBRJJG5JH7&lid=LSTCOMHKDXBRJJG5JH71RFLWK&marketplace=FLIPKART&q=laptops&store=6bo%2Fb5g&srno=s_3_69&otracker=search&fm=organic&iid=375552aa-7bad-4711-bc0c-317c05e73ae9.COMHKDXBRJJG5JH7.SEARCH&ppt=None&ppn=None&ssid=7ju49pcsxc0000001780910479531&qH=c06ea84a1e3dc3c6&ov_redirect=true
Flipkart,laptops,3,MSI Modern 15 Intel Core i5 12th Gen 1235U - (8 GB/512 GB SSD/Windows 11 Home) Modern 15 B12MO-1051IN,"₹47,990","₹57,990",17% off,No,4.3,Only 2 left,True,False,"Add to Compare MSI Modern 15 Intel Core i5 12th Gen 1235U - (8 GB/512 GB SSD/Windows 11 Home) Modern 15 B12MO-1051IN ... 4.3 13 Ratings & 1 Reviews Intel Core i5 Processor (12th Gen) 8 GB DDR4 RAM Windows 11 Operating System 512 GB SSD 38.1 cm (15 Inch) Display 1 Year Carry-in Warranty ₹47,990 ₹57,990 17% off Hot Deal Only 2 left",https://www.flipkart.com/msi-modern-15-intel-core-i5-12th-gen-1235u-8-gb-512-gb-ssd-windows-11-home-b12mo-1051in-business-laptop/p/itm21f8007ef0cd1?pid=COMH3YTFERG7TRET&lid=LSTCOMH3YTFERG7TRET0EWIZW&marketplace=FLIPKART&q=laptops&store=6bo%2Fb5g&srno=s_3_70&otracker=search&fm=organic&iid=375552aa-7bad-4711-bc0c-317c05e73ae9.COMH3YTFERG7TRET.SEARCH&ppt=None&ppn=None&ssid=7ju49pcsxc0000001780910479531&qH=c06ea84a1e3dc3c6&ov_redirect=true
Flipkart,laptops,3,DELL Inspiron 15 (Core i3 14th Gen) Intel Core 3 100U - (8 GB/512 GB SSD/Windows 11 Home) DC15250 Thin,"₹48,990","₹58,500",16% off,No,4.3,None,False,False,"Add to Compare DELL Inspiron 15 (Core i3 14th Gen) Intel Core 3 100U - (8 GB/512 GB SSD/Windows 11 Home) DC15250 Thin... 4.3 133 Ratings & 10 Reviews Intel Core 3 Processor 8 GB DDR4 RAM Windows 11 Home Operating System 512 GB SSD 38.1 cm (15 Inch) Display 1 Year Onsite Hardware Service ₹48,990 ₹58,500 16% off Upto ₹32,950 Off on Exchange Bank Offer",https://www.flipkart.com/dell-inspiron-15-core-i3-14th-gen-intel-core-3-100u-8-gb-512-gb-ssd-windows-11-home-dc15250-thin-light-laptop/p/itma84a498e740e1?pid=COMHFSGXNDCHA5QN&lid=LSTCOMHFSGXNDCHA5QN05JRZZ&marketplace=FLIPKART&q=laptops&store=6bo%2Fb5g&srno=s_3_72&otracker=search&fm=organic&iid=375552aa-7bad-4711-bc0c-317c05e73ae9.COMHFSGXNDCHA5QN.SEARCH&ppt=None&ppn=None&ssid=7ju49pcsxc0000001780910479531&qH=c06ea84a1e3dc3c6&ov_redirect=true
Flipkart,headphones,1,"PTron Studio Evo w/ Dual-Device Pairing, 70Hrs Playtime",₹799,"₹3,199",75% off,No,4.1,None,False,True,"PTron Studio Evo w/ Dual-Device Pairing, 70Hrs Playtime... 4.1 (11,764) ₹799 ₹3,199 75% off Bank Offer Add to Compare",https://www.flipkart.com/ptron-studio-evo-w-dual-device-pairing-70hrs-playtime-pristine-audio-clear-calls-bluetooth/p/itm528fd260133c3?pid=ACCH8J5VFJQFSFSJ&lid=LSTACCH8J5VFJQFSFSJBDJMZJ&marketplace=FLIPKART&q=headphones&store=0pm%2Ffcn%2Fgc3&srno=s_1_1&otracker=search&fm=organic&iid=en_akwh4FiQTX2MOOqheZitKpAE-gOO9IKMw4D-ygWNWd61MbUmW5Gd5BaQkqmUVU4fprdM1x-DFxGW2PkGXq9BrZFdfOkCz4c4NoYVFVsRRkL_jTiqfaTZnNjDZuOlFotG&ppt=None&ppn=None&ssid=xk74u4gfjk0000001780910494800&qH=edd443896ef5dbfc&ov_redirect=true&ov_redirect=true
Flipkart,headphones,1,"boAt Rockerz 430, 40ms Latency, 40H Battery, Stream Ad","₹1,399","₹2,490",43% off,No,4.1,None,False,False,"boAt Rockerz 430, 40ms Latency, 40H Battery, Stream Ad ... 4.1 (67,351) ₹1,399 ₹2,490 43% off Bank Offer Add to Compare",https://www.flipkart.com/boat-rockerz-430-40ms-latency-40h-battery-stream-ad-free-music-via-app-bluetooth/p/itmffa34bfe88f9b?pid=ACCH44E5CRHKC462&lid=LSTACCH44E5CRHKC462FRC6JH&marketplace=FLIPKART&q=headphones&store=0pm%2Ffcn%2Fgc3&srno=s_1_2&otracker=search&fm=organic&iid=en_akwh4FiQTX2MOOqheZitKpAE-gOO9IKMw4D-ygWNWd7O9Xn-hsSTtxQFZ92-Zeug_JNSzbKCaWBA33wE86jw_nEvqwBnNZhQcQEu277onUs-vC05NcfI9KAr25GuWzla&ppt=None&ppn=None&ssid=xk74u4gfjk0000001780910494800&qH=edd443896ef5dbfc&ov_redirect=true&ov_redirect=true
Flipkart,headphones,1,Techpunch COMFORTABLE EAR PADS WIRELESS HEADPHONE WITH,₹298,₹999,70% off,No,3.5,Only few left,True,True,"Techpunch COMFORTABLE EAR PADS WIRELESS HEADPHONE WITH ... 3.5 (15,878) ₹298 ₹999 70% off Only few left Add to Compare",https://www.flipkart.com/techpunch-comfortable-ear-pads-wireless-headphone-aux-support-compatible-device-bluetooth-wired/p/itm60af9bf9d60a5?pid=ACCGSYYWVYZVXJNV&lid=LSTACCGSYYWVYZVXJNVQRD93A&marketplace=FLIPKART&q=headphones&store=0pm%2Ffcn%2Fgc3&srno=s_1_3&otracker=search&fm=organic&iid=af014922-718b-4c7e-ac6c-ede113136499.ACCGSYYWVYZVXJNV.SEARCH&ppt=None&ppn=None&ssid=xk74u4gfjk0000001780910494800&qH=edd443896ef5dbfc&ov_redirect=true&ov_redirect=true
Flipkart,headphones,1,Techobucks Extra Bass Wireless P-47 Bluetooth Over-ear,₹286,"₹1,200",76% off,No,3.4,None,False,True,"Techobucks Extra Bass Wireless P-47 Bluetooth Over-ear ... 3.4 (1,784) ₹286 ₹1,200 76% off Hot Deal Add to Compare",https://www.flipkart.com/techobucks-extra-bass-wireless-p-47-bluetooth-over-ear-headphone-foldable-stereo-headset/p/itm81f70f810da50?pid=ACCGD7G26H8ZXTVH&lid=LSTACCGD7G26H8ZXTVHLV0NSV&marketplace=FLIPKART&q=headphones&store=0pm%2Ffcn%2Fgc3&srno=s_1_4&otracker=search&fm=organic&iid=af014922-718b-4c7e-ac6c-ede113136499.ACCGD7G26H8ZXTVH.SEARCH&ppt=None&ppn=None&ssid=xk74u4gfjk0000001780910494800&qH=edd443896ef5dbfc&ov_redirect=true&ov_redirect=true
Flipkart,headphones,1,F FERONS Wireless Headphone BT,₹295,"₹2,599",88% off,No,5.0,Only few left,True,True,"F FERONS Wireless Headphone BT 5.0 Over Ear Foldable wi... 3.8 (25,769) ₹295 ₹2,599 88% off Only few left Add to Compare",https://www.flipkart.com/f-ferons-wireless-headphone-bt-5-0-over-ear-foldable-built-in-mic-sd-card-supported-bluetooth/p/itmca679dbd7a473?pid=ACCHEA3KFVTMRQNU&lid=LSTACCHEA3KFVTMRQNUGB83EB&marketplace=FLIPKART&q=headphones&store=0pm%2Ffcn%2Fgc3&srno=s_1_5&otracker=search&fm=organic&iid=af014922-718b-4c7e-ac6c-ede113136499.ACCHEA3KFVTMRQNU.SEARCH&ppt=None&ppn=None&ssid=xk74u4gfjk0000001780910494800&qH=edd443896ef5dbfc&ov_redirect=true&ov_redirect=true
Flipkart,headphones,1,Unix Wireless Headphones I 12 Hrs PlaytimeI 40MM Driver,₹797,"₹2,499",68% off,No,3.9,None,False,False,"Unix Wireless Headphones I 12 Hrs PlaytimeI 40MM Driver... 3.9 (8,556) ₹797 ₹2,499 68% off Bank Offer Add to Compare",https://www.flipkart.com/unix-wireless-headphones-12-hrs-playtimei-40mm-drivers-foldable-built-mic-bluetooth/p/itm02182d8f90d77?pid=ACCG7J4DYJZZHHUZ&lid=LSTACCG7J4DYJZZHHUZDLSDTV&marketplace=FLIPKART&q=headphones&store=0pm%2Ffcn%2Fgc3&srno=s_1_6&otracker=search&fm=organic&iid=en_akwh4FiQTX2MOOqheZitKpAE-gOO9IKMw4D-ygWNWd5ld6bZ8F-6KU-n3tXGOND-4pKx1mGUoZ7cEYPUguvoyNgzzfhqZiZ5pD_lvmjqfHv_jTiqfaTZnNjDZuOlFotG&ppt=None&ppn=None&ssid=xk74u4gfjk0000001780910494800&qH=edd443896ef5dbfc&ov_redirect=true&ov_redirect=true
Flipkart,headphones,1,FRONY SH12 Premium (Bluetooth Headset) with Noise Cance,₹461,"₹1,200",61% off,No,3.5,Only few left,True,False,"FRONY SH12 Premium (Bluetooth Headset) with Noise Cance... 3.5 (481) ₹461 ₹1,200 61% off Only few left Add to Compare",https://www.flipkart.com/frony-sh12-premium-bluetooth-headset-noise-cancelation-technology-srr425-bluetooth/p/itm3c6e57acc7468?pid=ACCHFJ8XQGKTCRHG&lid=LSTACCHFJ8XQGKTCRHG84UJPL&marketplace=FLIPKART&q=headphones&store=0pm%2Ffcn%2Fgc3&srno=s_1_7&otracker=search&fm=organic&iid=af014922-718b-4c7e-ac6c-ede113136499.ACCHFJ8XQGKTCRHG.SEARCH&ppt=None&ppn=None&ssid=xk74u4gfjk0000001780910494800&qH=edd443896ef5dbfc&ov_redirect=true&ov_redirect=true
Flipkart,headphones,1,Techpunch 100% BEST SOUND QUALITY BLUETOOTH HEADPHONE F,₹297,₹999,70% off,No,3.5,Only few left,True,True,"Techpunch 100% BEST SOUND QUALITY BLUETOOTH HEADPHONE F... 3.5 (1,107) ₹297 ₹999 70% off Only few left Add to Compare",https://www.flipkart.com/techpunch-100-best-sound-quality-bluetooth-headphone-gaming-music-all-device-wired/p/itmb83816cf3cb8f?pid=ACCGSYU3UFFTNZRR&lid=LSTACCGSYU3UFFTNZRR2NE6F2&marketplace=FLIPKART&q=headphones&store=0pm%2Ffcn%2Fgc3&srno=s_1_8&otracker=search&fm=organic&iid=af014922-718b-4c7e-ac6c-ede113136499.ACCGSYU3UFFTNZRR.SEARCH&ppt=None&ppn=None&ssid=xk74u4gfjk0000001780910494800&qH=edd443896ef5dbfc&ov_redirect=true&ov_redirect=true
Flipkart,headphones,1,F FERONS Wireless Lightweight Foldable Adjustable Suppo,₹297,"₹2,599",88% off,No,3.8,Only few left,True,True,"F FERONS Wireless Lightweight Foldable Adjustable Suppo... 3.8 (25,769) ₹297 ₹2,599 88% off Only few left Add to Compare",https://www.flipkart.com/f-ferons-wireless-lightweight-foldable-adjustable-supported-sd-card-aux-cable-sports-bluetooth/p/itmf431e196757a7?pid=ACCHEA3SWH8JDV9J&lid=LSTACCHEA3SWH8JDV9JFP0CHB&marketplace=FLIPKART&q=headphones&store=0pm%2Ffcn%2Fgc3&srno=s_1_9&otracker=search&fm=organic&iid=af014922-718b-4c7e-ac6c-ede113136499.ACCHEA3SWH8JDV9J.SEARCH&ppt=None&ppn=None&ssid=xk74u4gfjk0000001780910494800&qH=edd443896ef5dbfc&ov_redirect=true&ov_redirect=true
Flipkart,headphones,1,EARBUDDY SnapX 20 Pro+ with ANC Bluetooth 11 Bluetooth,₹276,"₹1,999",86% off,No,3.8,Lowest price,True,True,"EARBUDDY SnapX 20 Pro+ with ANC Bluetooth 11 Bluetooth 3.8 (124) ₹276 ₹1,999 86% off Lowest price since launch Add to Compare",https://www.flipkart.com/earbuddy-snapx-20-pro-anc-bluetooth-11/p/itmac7b109ff2d7f?pid=ACCHGH2MHFCF3NBP&lid=LSTACCHGH2MHFCF3NBPKFEOXI&marketplace=FLIPKART&q=headphones&store=0pm%2Ffcn%2Fgc3&srno=s_1_10&otracker=search&fm=organic&iid=af014922-718b-4c7e-ac6c-ede113136499.ACCHGH2MHFCF3NBP.SEARCH&ppt=None&ppn=None&ssid=xk74u4gfjk0000001780910494800&qH=edd443896ef5dbfc&ov_redirect=true&ov_redirect=true
Flipkart,headphones,1,"DRUMSTONE Vintage Coco Phone Receiver 3.5mm Wired,Radia","₹1,205","₹2,999",59% off,No,4.8,None,False,False,"DRUMSTONE Vintage Coco Phone Receiver 3.5mm Wired,Radia... 4.8 (6) ₹1,205 ₹2,999 59% off Bank Offer Add to Compare",https://www.flipkart.com/drumstone-vintage-coco-phone-receiver-3-5mm-wired-radiation-free-enhanced-call-quality-wired/p/itm51fce9c18f3d6?pid=ACCH4UVWZWZZ3CDZ&lid=LSTACCH4UVWZWZZ3CDZD0WEBF&marketplace=FLIPKART&q=headphones&store=0pm%2Ffcn%2Fgc3&srno=s_1_11&otracker=search&fm=organic&iid=en_akwh4FiQTX2MOOqheZitKpAE-gOO9IKMw4D-ygWNWd4clP3gyFF15_70UWpM4i8C1NoKBqH1SA48tmUy5SwtYIZK9AEZPBBqOhEDCpSIA5KZwodIEy1r4QBV4ZVtpOjK&ppt=None&ppn=None&ssid=xk74u4gfjk0000001780910494800&qH=edd443896ef5dbfc&ov_redirect=true&ov_redirect=true
Flipkart,headphones,1,Bose ‎QuietComfort Headphones Bluetooth,"₹22,900","₹27,900",17% off,No,4.5,None,False,False,"Bose ‎QuietComfort Headphones Bluetooth 4.5 (135) ₹22,900 ₹27,900 17% off Bank Offer Add to Compare",https://www.flipkart.com/bose-quietcomfort-headphones-bluetooth/p/itm5c251dde5dd13?pid=ACCHFJB84QDFVZFF&lid=LSTACCHFJB84QDFVZFFPLNFKX&marketplace=FLIPKART&q=headphones&store=0pm%2Ffcn%2Fgc3&srno=s_1_12&otracker=search&fm=organic&iid=en_akwh4FiQTX2MOOqheZitKpAE-gOO9IKMw4D-ygWNWd6gNGqM5DGuXssdjulJWtT5NcNB1dzfoNpXVH_lXqItm42Dgk-BPL7PKCpOGhXag6TlMtPYLXUNWiVed_Dbp6sn&ppt=None&ppn=None&ssid=xk74u4gfjk0000001780910494800&qH=edd443896ef5dbfc&ov_redirect=true&ov_redirect=true
Flipkart,headphones,1,F FERONS Compact Foldable Headphone Crystal Crisp Clear,₹295,"₹2,599",88% off,No,3.8,Only few left,True,True,"F FERONS Compact Foldable Headphone Crystal Crisp Clear... 3.8 (25,769) ₹295 ₹2,599 88% off Only few left Add to Compare",https://www.flipkart.com/f-ferons-compact-foldable-headphone-crystal-crisp-clear-audio-soft-cushion-design-bluetooth/p/itmac7ec18b0fc94?pid=ACCHF8ZCYRYMAGQS&lid=LSTACCHF8ZCYRYMAGQSRLJCBS&marketplace=FLIPKART&q=headphones&store=0pm%2Ffcn%2Fgc3&srno=s_1_13&otracker=search&fm=organic&iid=af014922-718b-4c7e-ac6c-ede113136499.ACCHF8ZCYRYMAGQS.SEARCH&ppt=None&ppn=None&ssid=xk74u4gfjk0000001780910494800&qH=edd443896ef5dbfc&ov_redirect=true&ov_redirect=true
Flipkart,headphones,1,F FERONS Foldable Over-Ear Design Bluetooth,₹297,"₹2,599",88% off,No,5.0,Only few left,True,True,"F FERONS Foldable Over-Ear Design Bluetooth 5.0 – Hi-Fi... 3.8 (25,769) ₹297 ₹2,599 88% off Only few left Add to Compare",https://www.flipkart.com/f-ferons-foldable-over-ear-design-bluetooth-5-0-hi-fi-sound-for-music-work-calls/p/itmbd755728ef62a?pid=ACCHDNSG2YYMMENV&lid=LSTACCHDNSG2YYMMENVC0Q8UT&marketplace=FLIPKART&q=headphones&store=0pm%2Ffcn%2Fgc3&srno=s_1_14&otracker=search&fm=organic&iid=af014922-718b-4c7e-ac6c-ede113136499.ACCHDNSG2YYMMENV.SEARCH&ppt=None&ppn=None&ssid=xk74u4gfjk0000001780910494800&qH=edd443896ef5dbfc&ov_redirect=true&ov_redirect=true
Flipkart,headphones,1,F FERONS Foldable Headphone Stylish & Durable High Qual,₹297,"₹2,599",88% off,No,3.8,Only few left,True,True,"F FERONS Foldable Headphone Stylish & Durable High Qual... 3.8 (25,769) ₹297 ₹2,599 88% off Only few left Add to Compare",https://www.flipkart.com/f-ferons-foldable-headphone-stylish-durable-high-quality-stereo-sound-aux-support-bluetooth/p/itm49271e3366ee1?pid=ACCHF8ZDZCH3GHHE&lid=LSTACCHF8ZDZCH3GHHEU8MLSI&marketplace=FLIPKART&q=headphones&store=0pm%2Ffcn%2Fgc3&srno=s_1_15&otracker=search&fm=organic&iid=af014922-718b-4c7e-ac6c-ede113136499.ACCHF8ZDZCH3GHHE.SEARCH&ppt=None&ppn=None&ssid=xk74u4gfjk0000001780910494800&qH=edd443896ef5dbfc&ov_redirect=true&ov_redirect=true
Flipkart,headphones,1,"ZEBRONICS Zeb-Thunder, True 60Hr Backup, BT v6.0, Gamin... 4 (1,39,480)",₹699,"₹1,699",58% off,No,N/A,None,False,False,"ZEBRONICS Zeb-Thunder, True 60Hr Backup, BT v6.0, Gamin... 4 (1,39,480) ₹699 ₹1,699 58% off Bank Offer Add to Compare",https://www.flipkart.com/zebronics-zeb-thunder-true-60hr-backup-bt-v6-0-gaming-mode-enc-aux-msd-dual-pairing-bluetooth/p/itme5f99ca80ada8?pid=ACCFBB8BYKCCRBZH&lid=LSTACCFBB8BYKCCRBZHSWHBNF&marketplace=FLIPKART&q=headphones&store=0pm%2Ffcn%2Fgc3&srno=s_1_16&otracker=search&fm=organic&iid=af014922-718b-4c7e-ac6c-ede113136499.ACCFBB8BYKCCRBZH.SEARCH&ppt=None&ppn=None&ssid=xk74u4gfjk0000001780910494800&qH=edd443896ef5dbfc&ov_redirect=true&ov_redirect=true
Flipkart,headphones,1,FRONY SH12 Premium (Bluetooth Headset) with Noise Cance,₹473,"₹1,200",60% off,No,3.5,None,False,False,"FRONY SH12 Premium (Bluetooth Headset) with Noise Cance... 3.5 (26) ₹473 ₹1,200 60% off Bank Offer Add to Compare",https://www.flipkart.com/frony-sh12-premium-bluetooth-headset-noise-cancelation-technology-poo480-bluetooth/p/itma0c0a97a8d9b6?pid=ACCHFJ8XGXZMZ7GJ&lid=LSTACCHFJ8XGXZMZ7GJJRVBKZ&marketplace=FLIPKART&q=headphones&store=0pm%2Ffcn%2Fgc3&srno=s_1_17&otracker=search&fm=organic&iid=en_akwh4FiQTX2MOOqheZitKpAE-gOO9IKMw4D-ygWNWd6bpWYN4MFt2X6s-xXzygWhbCzwbY1aa3NWDJMAlCRyt7KZxbrqH_JZue0KALDQpxv_jTiqfaTZnNjDZuOlFotG&ppt=None&ppn=None&ssid=xk74u4gfjk0000001780910494800&qH=edd443896ef5dbfc&ov_redirect=true&ov_redirect=true
Flipkart,headphones,1,Bose QuietComfort Ultra Bluetooth Headphones (2nd Gen),"₹49,900",N/A,N/A,N/A,N/A,None,False,False,"Bose QuietComfort Ultra Bluetooth Headphones (2nd Gen) ... ₹49,900 Bank Offer Add to Compare",https://www.flipkart.com/bose-quietcomfort-ultra-bluetooth-headphones-2nd-gen-wired/p/itm7d698b54cc27a?pid=ACCHMGJ8RXQ8BN6M&lid=LSTACCHMGJ8RXQ8BN6MBNRDKK&marketplace=FLIPKART&q=headphones&store=0pm%2Ffcn%2Fgc3&srno=s_1_18&otracker=search&fm=organic&iid=en_akwh4FiQTX2MOOqheZitKpAE-gOO9IKMw4D-ygWNWd723us8RXlOeOZMeWn0rfpEzZYxGO-OS-Gh-ko6Bt0WshVExNIwfSKaWyyOVDEhmUzlMtPYLXUNWiVed_Dbp6sn&ppt=None&ppn=None&ssid=xk74u4gfjk0000001780910494800&qH=edd443896ef5dbfc&ov_redirect=true&ov_redirect=true
Flipkart,headphones,1,"PTron Studio Pro w/ Dual-device Pairing, 65hrs Playtime",₹729,"₹2,599",71% off,No,3.9,None,False,True,"PTron Studio Pro w/ Dual-device Pairing, 65hrs Playtime... 3.9 (2,940) ₹729 ₹2,599 71% off Super Deals Add to Compare",https://www.flipkart.com/ptron-studio-pro-w-dual-device-pairing-65hrs-playtime-ai-enc-calls-pristine-sound-bluetooth/p/itmecc0e012b8381?pid=ACCHGBHAD28ZGGPH&lid=LSTACCHGBHAD28ZGGPHB8FOCI&marketplace=FLIPKART&q=headphones&store=0pm%2Ffcn%2Fgc3&srno=s_1_19&otracker=search&fm=organic&iid=af014922-718b-4c7e-ac6c-ede113136499.ACCHGBHAD28ZGGPH.SEARCH&ppt=None&ppn=None&ssid=xk74u4gfjk0000001780910494800&qH=edd443896ef5dbfc&ov_redirect=true&ov_redirect=true
Flipkart,headphones,1,RUHIZEN SH-12 Wireless Headphones Over Ear Headphone wi,₹450,"₹1,999",77% off,No,3.1,Only few left,True,True,"RUHIZEN SH-12 Wireless Headphones Over Ear Headphone wi... 3.1 (7) ₹450 ₹1,999 77% off Only few left Add to Compare",https://www.flipkart.com/ruhizen-sh-12-wireless-headphones-over-ear-headphone-mic-bluetooth-wired/p/itmf79b7eb72ab7a?pid=ACCHJVFQRXU4PS5G&lid=LSTACCHJVFQRXU4PS5GOFXIOO&marketplace=FLIPKART&q=headphones&store=0pm%2Ffcn%2Fgc3&srno=s_1_20&otracker=search&fm=organic&iid=af014922-718b-4c7e-ac6c-ede113136499.ACCHJVFQRXU4PS5G.SEARCH&ppt=None&ppn=None&ssid=xk74u4gfjk0000001780910494800&qH=edd443896ef5dbfc&ov_redirect=true&ov_redirect=true
Flipkart,headphones,1,"PunnkFunnk K20 Headset, Over Ear Headphones with Mic Wi",₹922,"₹4,999",81% off,No,3.8,None,False,True,"PunnkFunnk K20 Headset, Over Ear Headphones with Mic Wi... 3.8 (3,304) ₹922 ₹4,999 81% off Bank Offer Add to Compare",https://www.flipkart.com/punnkfunnk-k20-headset-over-ear-headphones-mic-wired-gaming/p/itm6d442af6cc436?pid=ACCG5SVEGV99HFHR&lid=LSTACCG5SVEGV99HFHRNZHTLX&marketplace=FLIPKART&q=headphones&store=0pm%2Ffcn%2Fgc3&srno=s_1_22&otracker=search&fm=organic&iid=en_akwh4FiQTX2MOOqheZitKpAE-gOO9IKMw4D-ygWNWd51_XHzQ3f9LwKZEhP-gil_CDPnMwFxVpbO7wMhdqdWVP1v6fxdnuCU2FTsFTZXSrb_jTiqfaTZnNjDZuOlFotG&ppt=None&ppn=None&ssid=xk74u4gfjk0000001780910494800&qH=edd443896ef5dbfc&ov_redirect=true&ov_redirect=true
Flipkart,headphones,1,Enacfire T60 Bullets Wireless Z2 Bass Edition Neckband,₹268,"₹1,999",86% off,No,3.9,Only few left,True,True,"Enacfire T60 Bullets Wireless Z2 Bass Edition Neckband ... 3.9 (55) ₹268 ₹1,999 86% off Only few left Add to Compare",https://www.flipkart.com/enacfire-t60-bullets-wireless-z2-bass-neckband-headphone-48-hr-playtime-bluetooth/p/itm025e6b4e6ae19?pid=ACCHH3RMM8ZHGMRF&lid=LSTACCHH3RMM8ZHGMRFMZDSX0&marketplace=FLIPKART&q=headphones&store=0pm%2Ffcn%2Fgc3&srno=s_1_23&otracker=search&fm=organic&iid=af014922-718b-4c7e-ac6c-ede113136499.ACCHH3RMM8ZHGMRF.SEARCH&ppt=None&ppn=None&ssid=xk74u4gfjk0000001780910494800&qH=edd443896ef5dbfc&ov_redirect=true&ov_redirect=true
Flipkart,headphones,1,TP TROOPS TP-7040 Headphone With Extra Bass High Defini,₹348,"₹1,299",73% off,No,3.6,Only few left,True,True,"TP TROOPS TP-7040 Headphone With Extra Bass High Defini... 3.6 (1,063) ₹348 ₹1,299 73% off Only few left Add to Compare",https://www.flipkart.com/tp-troops-tp-7040-headphone-extra-bass-high-definition-sound-wired/p/itm6f2b0ed0f84ec?pid=ACCFXWEWGZJMK9FR&lid=LSTACCFXWEWGZJMK9FR270MGO&marketplace=FLIPKART&q=headphones&store=0pm%2Ffcn%2Fgc3&srno=s_1_24&otracker=search&fm=organic&iid=af014922-718b-4c7e-ac6c-ede113136499.ACCFXWEWGZJMK9FR.SEARCH&ppt=None&ppn=None&ssid=xk74u4gfjk0000001780910494800&qH=edd443896ef5dbfc&ov_redirect=true&ov_redirect=true
Flipkart,headphones,1,RUHIZEN P9 Plus Wireless On Headphones Deep Bass with M,₹444,"₹1,299",65% off,No,3.5,Only few left,True,False,"RUHIZEN P9 Plus Wireless On Headphones Deep Bass with M... 3.5 (4) ₹444 ₹1,299 65% off Only few left Add to Compare",https://www.flipkart.com/ruhizen-p9-plus-wireless-headphones-deep-bass-microphone1-bluetooth/p/itmdcbffb5235121?pid=ACCHHR8FNHFEH5VA&lid=LSTACCHHR8FNHFEH5VA29QKGB&marketplace=FLIPKART&q=headphones&store=0pm%2Ffcn%2Fgc3&srno=s_1_25&otracker=search&fm=organic&iid=af014922-718b-4c7e-ac6c-ede113136499.ACCHHR8FNHFEH5VA.SEARCH&ppt=None&ppn=None&ssid=xk74u4gfjk0000001780910494800&qH=edd443896ef5dbfc&ov_redirect=true&ov_redirect=true
Flipkart,headphones,1,house of common Bluetooth On-Ear Headphones with HD Sou,₹433,"₹4,199",89% off,No,3.7,Only few left,True,True,"house of common Bluetooth On-Ear Headphones with HD Sou... 3.7 (176) ₹433 ₹4,199 89% off Only few left Add to Compare",https://www.flipkart.com/house-common-bluetooth-on-ear-headphones-hd-sound-foldable-frame-built-in-mic-yz-wired/p/itm94daed2b6930c?pid=ACCHBFTGBABAMPSR&lid=LSTACCHBFTGBABAMPSRHUWMDX&marketplace=FLIPKART&q=headphones&store=0pm%2Ffcn%2Fgc3&srno=s_1_26&otracker=search&fm=organic&iid=af014922-718b-4c7e-ac6c-ede113136499.ACCHBFTGBABAMPSR.SEARCH&ppt=None&ppn=None&ssid=xk74u4gfjk0000001780910494800&qH=edd443896ef5dbfc&ov_redirect=true&ov_redirect=true
Flipkart,headphones,1,Unix Cool Look Music Lover Studio Podcast-Gaming-Online... 4 (346),₹797,"₹2,499",68% off,No,N/A,None,False,False,"Unix Cool Look Music Lover Studio Podcast-Gaming-Online... 4 (346) ₹797 ₹2,499 68% off Bank Offer Add to Compare",https://www.flipkart.com/unix-cool-look-music-lover-studio-podcast-gaming-online-classes-overhead-non-problem-bluetooth/p/itm469ae96bb4f1f?pid=ACCH9M7HHMZ77AK7&lid=LSTACCH9M7HHMZ77AK7R5XNNC&marketplace=FLIPKART&q=headphones&store=0pm%2Ffcn%2Fgc3&srno=s_1_27&otracker=search&fm=organic&iid=en_akwh4FiQTX2MOOqheZitKpAE-gOO9IKMw4D-ygWNWd4hs2WOzXPMcJz_POoDx808ru8Ws1zUyJuz0tgcQcS_7tgzzfhqZiZ5pD_lvmjqfHv_jTiqfaTZnNjDZuOlFotG&ppt=None&ppn=None&ssid=xk74u4gfjk0000001780910494800&qH=edd443896ef5dbfc&ov_redirect=true&ov_redirect=true
Flipkart,headphones,1,Audio Technica M50X BT2 Bluetooth & Wired Gaming,"₹17,731","₹32,299",45% off,No,N/A,Lowest price,True,False,"Audio Technica M50X BT2 Bluetooth & Wired Gaming ₹17,731 ₹32,299 45% off Lowest price in the year Add to Compare",https://www.flipkart.com/audio-technica-m50x-bt2-bluetooth-wired-gaming/p/itmc58521c36cb9a?pid=ACCH4FZRPHJQS4YD&lid=LSTACCH4FZRPHJQS4YDMJNKI4&marketplace=FLIPKART&q=headphones&store=0pm%2Ffcn%2Fgc3&srno=s_1_28&otracker=search&fm=organic&iid=en_akwh4FiQTX2MOOqheZitKpAE-gOO9IKMw4D-ygWNWd57TVxkravfG0qnE3qj3BokY9TUTla_CGQSkmWLXFAEqzWB9rxCqg_DxzAD_CM_0z3lMtPYLXUNWiVed_Dbp6sn&ppt=None&ppn=None&ssid=xk74u4gfjk0000001780910494800&qH=edd443896ef5dbfc&ov_redirect=true&ov_redirect=true
Flipkart,headphones,1,Flipkart SmartBuy FKBT02 Bluetooth,"₹1,138","₹2,349",51% off,No,4.1,Only 1 left,True,False,"Flipkart SmartBuy FKBT02 Bluetooth 4.1 (1,627) ₹1,138 ₹2,349 51% off Only 1 left Add to Compare",https://www.flipkart.com/flipkart-smartbuy-fkbt02-bluetooth/p/itmc10e08493235e?pid=ACCF9FAQ2CGTERZF&lid=LSTACCF9FAQ2CGTERZF00QLK2&marketplace=FLIPKART&q=headphones&store=0pm%2Ffcn%2Fgc3&srno=s_1_29&otracker=search&fm=organic&iid=af014922-718b-4c7e-ac6c-ede113136499.ACCF9FAQ2CGTERZF.SEARCH&ppt=None&ppn=None&ssid=xk74u4gfjk0000001780910494800&qH=edd443896ef5dbfc&ov_redirect=true&ov_redirect=true
Flipkart,headphones,1,Techobucks NEW PRICE P47 WIRELESS LIGHTWEIGHT ULTRA DAY,₹295,₹999,70% off,No,3.5,None,False,True,Techobucks NEW PRICE P47 WIRELESS LIGHTWEIGHT ULTRA DAY... 3.5 (6) ₹295 ₹999 70% off Hot Deal Add to Compare,https://www.flipkart.com/techobucks-new-price-p47-wireless-lightweight-ultra-daynmic-bass-sound-gaming-headphone-bluetooth/p/itmbe9b4ec14d696?pid=ACCGH4C6CGMMPC9R&lid=LSTACCGH4C6CGMMPC9RZKQMCU&marketplace=FLIPKART&q=headphones&store=0pm%2Ffcn%2Fgc3&srno=s_1_30&otracker=search&fm=organic&iid=af014922-718b-4c7e-ac6c-ede113136499.ACCGH4C6CGMMPC9R.SEARCH&ppt=None&ppn=None&ssid=xk74u4gfjk0000001780910494800&qH=edd443896ef5dbfc&ov_redirect=true&ov_redirect=true
Flipkart,headphones,1,JABRA Evolve2 65 Link390a MS Wireless Headset with Mic,"₹36,899","₹42,892",13% off,No,N/A,None,False,False,"JABRA Evolve2 65 Link390a MS Wireless Headset with Mic ... ₹36,899 ₹42,892 13% off Bank Offer Add to Compare",https://www.flipkart.com/jabra-evolve2-65-link390a-ms-wireless-headset-mic-office-bluetooth/p/itm3b1baf42ae558?pid=ACCHGYEU6UR8JTC5&lid=LSTACCHGYEU6UR8JTC5H1GWNH&marketplace=FLIPKART&q=headphones&store=0pm%2Ffcn%2Fgc3&srno=s_1_31&otracker=search&fm=organic&iid=en_akwh4FiQTX2MOOqheZitKpAE-gOO9IKMw4D-ygWNWd6RC8MMqakTe-26xlbVTQrp6dw8fypDTcCs1cqrl58Wq1MVV6mF_NyZbwDdTZs8vDXlMtPYLXUNWiVed_Dbp6sn&ppt=None&ppn=None&ssid=xk74u4gfjk0000001780910494800&qH=edd443896ef5dbfc&ov_redirect=true&ov_redirect=true
Flipkart,headphones,1,YAROH SH12 Premium (Bluetooth Headset) with Cancelation,₹476,"₹1,200",60% off,No,3.5,None,False,False,"YAROH SH12 Premium (Bluetooth Headset) with Cancelation... 3.5 (262) ₹476 ₹1,200 60% off Bank Offer Add to Compare",https://www.flipkart.com/yaroh-sh12-premium-bluetooth-headset-cancelation-technology-bluetooth/p/itma11eec57462d0?pid=ACCHFJ8AEZ4G5WUX&lid=LSTACCHFJ8AEZ4G5WUX9VAMZI&marketplace=FLIPKART&q=headphones&store=0pm%2Ffcn%2Fgc3&srno=s_1_32&otracker=search&fm=organic&iid=en_akwh4FiQTX2MOOqheZitKpAE-gOO9IKMw4D-ygWNWd6_APBuesgWEuLPHE2jd_Yw-VozQE32At6zUku3FlqALneppeePgsir_gtBjD166Hf_jTiqfaTZnNjDZuOlFotG&ppt=None&ppn=None&ssid=xk74u4gfjk0000001780910494800&qH=edd443896ef5dbfc&ov_redirect=true&ov_redirect=true
Flipkart,headphones,1,"F FERONS Wireless Lightweight, Soft Pads Built-In Mic F",₹297,"₹2,599",88% off,No,3.8,Only few left,True,True,"F FERONS Wireless Lightweight, Soft Pads Built-In Mic F... 3.8 (25,769) ₹297 ₹2,599 88% off Only few left Add to Compare",https://www.flipkart.com/f-ferons-wireless-lightweight-soft-pads-built-in-mic-travel-gym-running-bluetooth/p/itmfe62610d6b640?pid=ACCHDNSRYSTXS5WV&lid=LSTACCHDNSRYSTXS5WVEVLTCQ&marketplace=FLIPKART&q=headphones&store=0pm%2Ffcn%2Fgc3&srno=s_1_33&otracker=search&fm=organic&iid=af014922-718b-4c7e-ac6c-ede113136499.ACCHDNSRYSTXS5WV.SEARCH&ppt=None&ppn=None&ssid=xk74u4gfjk0000001780910494800&qH=edd443896ef5dbfc&ov_redirect=true&ov_redirect=true
Flipkart,headphones,1,RUHIZEN P9 Plus Wireless On Headphones Deep Bass with M,₹405,"₹1,299",68% off,No,3.4,Only few left,True,False,"RUHIZEN P9 Plus Wireless On Headphones Deep Bass with M... 3.4 (10) ₹405 ₹1,299 68% off Only few left Add to Compare",https://www.flipkart.com/ruhizen-p9-plus-wireless-headphones-deep-bass-microphone-bluetooth/p/itmb5b25a8266908?pid=ACCHKJDF5ZHQAGCX&lid=LSTACCHKJDF5ZHQAGCXF9NSUE&marketplace=FLIPKART&q=headphones&store=0pm%2Ffcn%2Fgc3&srno=s_1_34&otracker=search&fm=organic&iid=af014922-718b-4c7e-ac6c-ede113136499.ACCHKJDF5ZHQAGCX.SEARCH&ppt=None&ppn=None&ssid=xk74u4gfjk0000001780910494800&qH=edd443896ef5dbfc&ov_redirect=true&ov_redirect=true
Flipkart,headphones,1,F FERONS Wireless Running Premium Deep Bass Noise Cance,₹295,"₹2,599",88% off,No,3.8,Only few left,True,True,"F FERONS Wireless Running Premium Deep Bass Noise Cance... 3.8 (25,769) ₹295 ₹2,599 88% off Only few left Add to Compare",https://www.flipkart.com/f-ferons-wireless-running-premium-deep-bass-noise-cancelling-stereo-headphone-bluetooth/p/itm60b44158bc1d4?pid=ACCHD94MKCNWRHVQ&lid=LSTACCHD94MKCNWRHVQQDZPSC&marketplace=FLIPKART&q=headphones&store=0pm%2Ffcn%2Fgc3&srno=s_1_35&otracker=search&fm=organic&iid=af014922-718b-4c7e-ac6c-ede113136499.ACCHD94MKCNWRHVQ.SEARCH&ppt=None&ppn=None&ssid=xk74u4gfjk0000001780910494800&qH=edd443896ef5dbfc&ov_redirect=true&ov_redirect=true
Flipkart,headphones,1,Ovista P9 HDP Bluetooth & Wired,₹761,₹999,23% off,No,3.5,Only few left,True,False,Ovista P9 HDP Bluetooth & Wired 3.5 (40) ₹761 ₹999 23% off Only few left Add to Compare,https://www.flipkart.com/ovista-p9-hdp-bluetooth-wired/p/itmb9a15ec4ceb9b?pid=ACCHKH4PQ57T3PFD&lid=LSTACCHKH4PQ57T3PFD4NK89N&marketplace=FLIPKART&q=headphones&store=0pm%2Ffcn%2Fgc3&srno=s_1_36&otracker=search&fm=organic&iid=af014922-718b-4c7e-ac6c-ede113136499.ACCHKH4PQ57T3PFD.SEARCH&ppt=None&ppn=None&ssid=xk74u4gfjk0000001780910494800&qH=edd443896ef5dbfc&ov_redirect=true&ov_redirect=true
Flipkart,headphones,1,FRONY SH12 Premium (Bluetooth Headset) with Noise Cance,₹472,"₹1,200",60% off,No,N/A,None,False,False,"FRONY SH12 Premium (Bluetooth Headset) with Noise Cance... ₹472 ₹1,200 60% off Bank Offer Add to Compare",https://www.flipkart.com/frony-sh12-premium-bluetooth-headset-noise-cancelation-technology-yxc55-bluetooth/p/itm06b7de305689a?pid=ACCHFJ8W7GTVFUD8&lid=LSTACCHFJ8W7GTVFUD8R6XZBU&marketplace=FLIPKART&q=headphones&store=0pm%2Ffcn%2Fgc3&srno=s_1_37&otracker=search&fm=organic&iid=en_akwh4FiQTX2MOOqheZitKpAE-gOO9IKMw4D-ygWNWd6dC-vR58uMpJzjBEinP-ltdhAsyALVtJX90fzOvkNmLrKZxbrqH_JZue0KALDQpxv_jTiqfaTZnNjDZuOlFotG&ppt=None&ppn=None&ssid=xk74u4gfjk0000001780910494800&qH=edd443896ef5dbfc&ov_redirect=true&ov_redirect=true
Flipkart,headphones,1,PunnkFunnk Music Studio Gaming & Online Classes with Ot,₹817,"₹4,999",83% off,No,3.8,None,False,True,"PunnkFunnk Music Studio Gaming & Online Classes with Ot... 3.8 (3,396) ₹817 ₹4,999 83% off Bank Offer Add to Compare",https://www.flipkart.com/punnkfunnk-music-studio-gaming-online-classes-other-voice-cancellation-boom-sound-wired/p/itm046bcfcbb2c7c?pid=ACCGQ2SRKK88TNKZ&lid=LSTACCGQ2SRKK88TNKZPBZKBR&marketplace=FLIPKART&q=headphones&store=0pm%2Ffcn%2Fgc3&srno=s_1_38&otracker=search&fm=organic&iid=en_akwh4FiQTX2MOOqheZitKpAE-gOO9IKMw4D-ygWNWd4Ix7dY5lL16WCX4mDHMj5x6l-qbrrCN2qKJoBpG9J1Ef1v6fxdnuCU2FTsFTZXSrb_jTiqfaTZnNjDZuOlFotG&ppt=None&ppn=None&ssid=xk74u4gfjk0000001780910494800&qH=edd443896ef5dbfc&ov_redirect=true&ov_redirect=true
Flipkart,headphones,1,F FERONS Portable Foldable Headphon Clear Sound Comfort,₹297,"₹2,599",88% off,No,3.8,Only few left,True,True,"F FERONS Portable Foldable Headphon Clear Sound Comfort... 3.8 (25,769) ₹297 ₹2,599 88% off Only few left Add to Compare",https://www.flipkart.com/f-ferons-portable-foldable-headphon-clear-sound-comfort-fit-adjustable-travel-friendly-bluetooth/p/itmc6f60028d540d?pid=ACCHF8ZCFRFGXKJB&lid=LSTACCHF8ZCFRFGXKJBE0HOKY&marketplace=FLIPKART&q=headphones&store=0pm%2Ffcn%2Fgc3&srno=s_1_39&otracker=search&fm=organic&iid=af014922-718b-4c7e-ac6c-ede113136499.ACCHF8ZCFRFGXKJB.SEARCH&ppt=None&ppn=None&ssid=xk74u4gfjk0000001780910494800&qH=edd443896ef5dbfc&ov_redirect=true&ov_redirect=true
Flipkart,headphones,1,EARBUDDY SnapX 20 Pro+ with ANC Bluetooth 47 Bluetooth,₹292,"₹1,999",85% off,No,3.6,Only few left,True,True,"EARBUDDY SnapX 20 Pro+ with ANC Bluetooth 47 Bluetooth 3.6 (29) ₹292 ₹1,999 85% off Only few left Add to Compare",https://www.flipkart.com/earbuddy-snapx-20-pro-anc-bluetooth-47/p/itm16d1c5519639c?pid=ACCHGGFHYEVRR8R2&lid=LSTACCHGGFHYEVRR8R2V9AOVR&marketplace=FLIPKART&q=headphones&store=0pm%2Ffcn%2Fgc3&srno=s_1_40&otracker=search&fm=organic&iid=af014922-718b-4c7e-ac6c-ede113136499.ACCHGGFHYEVRR8R2.SEARCH&ppt=None&ppn=None&ssid=xk74u4gfjk0000001780910494800&qH=edd443896ef5dbfc&ov_redirect=true&ov_redirect=true
Flipkart,headphones,2,"TRIGGR Trinity 2 with Dual Pairing, ENC, Fast Charge, 5",₹799,"₹2,999",73% off,No,3.9,None,False,True,"TRIGGR Trinity 2 with Dual Pairing, ENC, Fast Charge, 5... 3.9 (23,315) ₹799 ₹2,999 73% off Super Deals Add to Compare",https://www.flipkart.com/triggr-trinity-2-dual-pairing-enc-fast-charge-50h-battery-rubber-finish-v5-3-bluetooth/p/itmf187255153195?pid=ACCHE5CSYGVG5H97&lid=LSTACCHE5CSYGVG5H973JEXVM&marketplace=FLIPKART&q=headphones&store=0pm%2Ffcn%2Fgc3&srno=s_2_41&otracker=search&fm=organic&iid=en_GMXaiJAoZdFiUtkte6KmHoah3dxNJGFkgJ9f7h9v4U-ZPVohIVoHprHatsdBL5iiR0ZbeHw8PHq5C9XRKNdMck4IsYyWu-Pj9cxFjFAoaLk%3D&ppt=None&ppn=None&ssid=l24u75df6o0000001780910508138&qH=edd443896ef5dbfc&ov_redirect=true&ov_redirect=true
Flipkart,headphones,2,VEDRID P47 WIRELESS Bluetooth,₹273,₹999,72% off,No,3.5,Only few left,True,True,VEDRID P47 WIRELESS Bluetooth 3.5 (57) ₹273 ₹999 72% off Only few left Add to Compare,https://www.flipkart.com/vedrid-p47-wireless-bluetooth/p/itm4bd2af1fa8e86?pid=ACCHHY4BP2FBQFRU&lid=LSTACCHHY4BP2FBQFRUFK73LH&marketplace=FLIPKART&q=headphones&store=0pm%2Ffcn%2Fgc3&srno=s_2_43&otracker=search&fm=organic&iid=83bba3e7-a040-403d-b3a2-cdc15353f3d1.ACCHHY4BP2FBQFRU.SEARCH&ppt=None&ppn=None&ssid=l24u75df6o0000001780910508138&qH=edd443896ef5dbfc&ov_redirect=true&ov_redirect=true
Flipkart,headphones,2,VEDRID BEST SALE PORTABLE LEIGHTWEIGHT THUNDER SOUND GA,₹292,₹899,67% off,No,3.5,Only few left,True,False,VEDRID BEST SALE PORTABLE LEIGHTWEIGHT THUNDER SOUND GA... 3.5 (16) ₹292 ₹899 67% off Only few left Add to Compare,https://www.flipkart.com/vedrid-best-sale-portable-leightweight-thunder-sound-gaming-sports-wirless-headphone-bluetooth/p/itm36759c8bf3014?pid=ACCHKVJSA9ZQDRUK&lid=LSTACCHKVJSA9ZQDRUK8A5VHM&marketplace=FLIPKART&q=headphones&store=0pm%2Ffcn%2Fgc3&srno=s_2_44&otracker=search&fm=organic&iid=83bba3e7-a040-403d-b3a2-cdc15353f3d1.ACCHKVJSA9ZQDRUK.SEARCH&ppt=None&ppn=None&ssid=l24u75df6o0000001780910508138&qH=edd443896ef5dbfc&ov_redirect=true&ov_redirect=true
Flipkart,headphones,2,BUFONA High Bass Wireless Earphone BT Sports Headphones,₹336,"₹1,000",66% off,No,3.5,Only few left,True,False,"BUFONA High Bass Wireless Earphone BT Sports Headphones... 3.5 (1,186) ₹336 ₹1,000 66% off Only few left Add to Compare",https://www.flipkart.com/bufona-high-bass-wireless-earphone-bt-sports-headphones-fm-memory-card-support-bluetooth/p/itmd590809adf84c?pid=ACCHBVDXSGRWZJF9&lid=LSTACCHBVDXSGRWZJF910GTC4&marketplace=FLIPKART&q=headphones&store=0pm%2Ffcn%2Fgc3&srno=s_2_45&otracker=search&fm=organic&iid=83bba3e7-a040-403d-b3a2-cdc15353f3d1.ACCHBVDXSGRWZJF9.SEARCH&ppt=None&ppn=None&ssid=l24u75df6o0000001780910508138&qH=edd443896ef5dbfc&ov_redirect=true&ov_redirect=true
Flipkart,headphones,2,Clairbell 447O_sunglass Over the head Bluetooth Headset,₹713,"₹1,799",60% off,No,N/A,Only few left,True,False,"Clairbell 447O_sunglass Over the head Bluetooth Headset... ₹713 ₹1,799 60% off Only few left Add to Compare",https://www.flipkart.com/clairbell-447o-sunglass-over-head-bluetooth-headset/p/itmde3fdaed65946?pid=ACCGHBVVCH4MT7D2&lid=LSTACCGHBVVCH4MT7D2XB7LLM&marketplace=FLIPKART&q=headphones&store=0pm%2Ffcn%2Fgc3&srno=s_2_46&otracker=search&fm=organic&iid=83bba3e7-a040-403d-b3a2-cdc15353f3d1.ACCGHBVVCH4MT7D2.SEARCH&ppt=None&ppn=None&ssid=l24u75df6o0000001780910508138&qH=edd443896ef5dbfc&ov_redirect=true&ov_redirect=true
Flipkart,headphones,2,"TRIGGR Punkheadz Z1 with 50H Battery, 3EQ Modes, Dual P","₹1,299","₹5,999",78% off,No,4.3,None,False,True,"TRIGGR Punkheadz Z1 with 50H Battery, 3EQ Modes, Dual P... 4.3 (2,041) ₹1,299 ₹5,999 78% off Bank Offer Add to Compare",https://www.flipkart.com/triggr-punkheadz-z1-50h-battery-3eq-modes-dual-pairing-matte-finish-enc-v5-4-bluetooth/p/itm9ee5f05d520b7?pid=ACCHJUZBTDTSXYBG&lid=LSTACCHJUZBTDTSXYBGV29T3P&marketplace=FLIPKART&q=headphones&store=0pm%2Ffcn%2Fgc3&srno=s_2_48&otracker=search&fm=organic&iid=en_GMXaiJAoZdFiUtkte6KmHoah3dxNJGFkgJ9f7h9v4U-GJqcWyJAu6Yr1JKM6UuyPy-Qqe4nCxvaSByMghb9eXeo15S0a61Wzzbg3qNOknKY%3D&ppt=None&ppn=None&ssid=l24u75df6o0000001780910508138&qH=edd443896ef5dbfc&ov_redirect=true&ov_redirect=true
Flipkart,headphones,2,"ZEBRONICS Thunder Max (ZEB-WHP 7), 120H Playtime, 3 EQ ... 4 (4,417)",₹999,"₹2,499",60% off,No,N/A,Only few left,True,False,"ZEBRONICS Thunder Max (ZEB-WHP 7), 120H Playtime, 3 EQ ... 4 (4,417) ₹999 ₹2,499 60% off Only few left Add to Compare",https://www.flipkart.com/zebronics-thunder-max-zeb-whp-7-120h-playtime-3-eq-modes-enc-bt-v5-4-metallic-finish-bluetooth/p/itm562f69e4c3df8?pid=ACCH5HMW2ZNMZKUK&lid=LSTACCH5HMW2ZNMZKUKTHTKSI&marketplace=FLIPKART&q=headphones&store=0pm%2Ffcn%2Fgc3&srno=s_2_49&otracker=search&fm=organic&iid=83bba3e7-a040-403d-b3a2-cdc15353f3d1.ACCH5HMW2ZNMZKUK.SEARCH&ppt=None&ppn=None&ssid=l24u75df6o0000001780910508138&qH=edd443896ef5dbfc&ov_redirect=true&ov_redirect=true
Flipkart,headphones,2,Techpunch NEW TRENDING BLUETOOTH HEADPHONE WITH MIC FOR,₹295,₹999,70% off,No,3.5,Only few left,True,True,"Techpunch NEW TRENDING BLUETOOTH HEADPHONE WITH MIC FOR... 3.5 (15,878) ₹295 ₹999 70% off Only few left Add to Compare",https://www.flipkart.com/techpunch-new-trending-bluetooth-headphone-mic-music-movie-gaming-wired/p/itmd5cdcb5be89ea?pid=ACCGSYVAW4ZEGBEZ&lid=LSTACCGSYVAW4ZEGBEZADZRMM&marketplace=FLIPKART&q=headphones&store=0pm%2Ffcn%2Fgc3&srno=s_2_50&otracker=search&fm=organic&iid=83bba3e7-a040-403d-b3a2-cdc15353f3d1.ACCGSYVAW4ZEGBEZ.SEARCH&ppt=None&ppn=None&ssid=l24u75df6o0000001780910508138&qH=edd443896ef5dbfc&ov_redirect=true&ov_redirect=true
Flipkart,headphones,2,"boAt Rockerz 413,60H Battery,ENx, BEAST Mode, Dual Pair","₹1,399","₹2,990",53% off,No,4.2,None,False,False,"boAt Rockerz 413,60H Battery,ENx, BEAST Mode, Dual Pair... 4.2 (4,11,367) ₹1,399 ₹2,990 53% off Bank Offer Add to Compare",https://www.flipkart.com/boat-rockerz-413-60h-battery-enx-beast-mode-dual-pair-stream-ad-free-music-via-app-bluetooth/p/itm2fdbde2c0293a?pid=ACCHCY6AZHYU2SXF&lid=LSTACCHCY6AZHYU2SXF4MHJDE&marketplace=FLIPKART&q=headphones&store=0pm%2Ffcn%2Fgc3&srno=s_2_53&otracker=search&fm=organic&iid=83bba3e7-a040-403d-b3a2-cdc15353f3d1.ACCHCY6AZHYU2SXF.SEARCH&ppt=None&ppn=None&ssid=l24u75df6o0000001780910508138&qH=edd443896ef5dbfc&ov_redirect=true&ov_redirect=true
Flipkart,headphones,2,Treadmill SPORTS RUNNING HEADPHPONE Sweatproof for Runn,₹297,"₹1,500",80% off,No,3.9,Only few left,True,True,"Treadmill SPORTS RUNNING HEADPHPONE Sweatproof for Runn... 3.9 (14) ₹297 ₹1,500 80% off Only few left Add to Compare",https://www.flipkart.com/treadmill-sports-running-headphpone-sweatproof-running-gym-workout-bluetooth/p/itm51e1cfd9174c0?pid=ACCG625NMEYKZEPW&lid=LSTACCG625NMEYKZEPWZQCRLB&marketplace=FLIPKART&q=headphones&store=0pm%2Ffcn%2Fgc3&srno=s_2_54&otracker=search&fm=organic&iid=83bba3e7-a040-403d-b3a2-cdc15353f3d1.ACCG625NMEYKZEPW.SEARCH&ppt=None&ppn=None&ssid=l24u75df6o0000001780910508138&qH=edd443896ef5dbfc&ov_redirect=true&ov_redirect=true
Flipkart,headphones,2,GameSir Stylish_junior pink headphone 007 Bluetooth 5 (3),₹840,"₹2,999",71% off,No,N/A,Only few left,True,True,"GameSir Stylish_junior pink headphone 007 Bluetooth 5 (3) ₹840 ₹2,999 71% off Only few left Add to Compare",https://www.flipkart.com/gamesir-stylish-junior-pink-headphone-007-bluetooth/p/itm91db1d25ff716?pid=ACCHKFYUPYRVH2ZH&lid=LSTACCHKFYUPYRVH2ZHJWOMJK&marketplace=FLIPKART&q=headphones&store=0pm%2Ffcn%2Fgc3&srno=s_2_55&otracker=search&fm=organic&iid=83bba3e7-a040-403d-b3a2-cdc15353f3d1.ACCHKFYUPYRVH2ZH.SEARCH&ppt=None&ppn=None&ssid=l24u75df6o0000001780910508138&qH=edd443896ef5dbfc&ov_redirect=true&ov_redirect=true
Flipkart,headphones,2,FRONY D74_SH-12 Wireless Bluetooth Over the Ear Headpho,₹498,"₹1,158",56% off,No,3.4,Only few left,True,False,"FRONY D74_SH-12 Wireless Bluetooth Over the Ear Headpho... 3.4 (38) ₹498 ₹1,158 56% off Only few left Add to Compare",https://www.flipkart.com/frony-d74-sh-12-wireless-bluetooth-over-ear-headphone-mic/p/itma23d33f7e2303?pid=ACCGYR4F9S4HHZEA&lid=LSTACCGYR4F9S4HHZEAY7XVZE&marketplace=FLIPKART&q=headphones&store=0pm%2Ffcn%2Fgc3&srno=s_2_56&otracker=search&fm=organic&iid=83bba3e7-a040-403d-b3a2-cdc15353f3d1.ACCGYR4F9S4HHZEA.SEARCH&ppt=None&ppn=None&ssid=l24u75df6o0000001780910508138&qH=edd443896ef5dbfc&ov_redirect=true&ov_redirect=true
Flipkart,headphones,2,"Treadmill Sport running,Gaming Supper Dynamic Sound All",₹297,"₹1,500",80% off,No,3.3,Only few left,True,True,"Treadmill Sport running,Gaming Supper Dynamic Sound All... 3.3 (9) ₹297 ₹1,500 80% off Only few left Add to Compare",https://www.flipkart.com/treadmill-sport-running-gaming-supper-dynamic-sound-all-mobile-connect-bluetooth/p/itme78f4a18a4205?pid=ACCG76RY7EGU72YP&lid=LSTACCG76RY7EGU72YPL6JDAA&marketplace=FLIPKART&q=headphones&store=0pm%2Ffcn%2Fgc3&srno=s_2_59&otracker=search&fm=organic&iid=83bba3e7-a040-403d-b3a2-cdc15353f3d1.ACCG76RY7EGU72YP.SEARCH&ppt=None&ppn=None&ssid=l24u75df6o0000001780910508138&qH=edd443896ef5dbfc&ov_redirect=true&ov_redirect=true
Flipkart,headphones,2,Treadmill NEW p-47 Stereo sound for Running Workout Gym,₹297,"₹1,500",80% off,No,3.4,Only few left,True,True,"Treadmill NEW p-47 Stereo sound for Running Workout Gym... 3.4 (33) ₹297 ₹1,500 80% off Only few left Add to Compare",https://www.flipkart.com/treadmill-new-p-47-stereo-sound-running-workout-gym-noise-cancelling-bluetooth/p/itm40e9303b81a79?pid=ACCG625XZVUH3HY7&lid=LSTACCG625XZVUH3HY7R86BOK&marketplace=FLIPKART&q=headphones&store=0pm%2Ffcn%2Fgc3&srno=s_2_60&otracker=search&fm=organic&iid=83bba3e7-a040-403d-b3a2-cdc15353f3d1.ACCG625XZVUH3HY7.SEARCH&ppt=None&ppn=None&ssid=l24u75df6o0000001780910508138&qH=edd443896ef5dbfc&ov_redirect=true&ov_redirect=true
Flipkart,headphones,2,PunnkFunnk Super Astro Beast Mode Bluetooth Headset wit,₹828,"₹4,999",83% off,No,4.1,None,False,True,"PunnkFunnk Super Astro Beast Mode Bluetooth Headset wit... 4.1 (63) ₹828 ₹4,999 83% off Bank Offer Add to Compare",https://www.flipkart.com/punnkfunnk-super-astro-beast-mode-bluetooth-headset-70-hours-playback-40ms-low-latency-wired/p/itmeec8e62e7ccc4?pid=ACCHKMZ8GGY598KW&lid=LSTACCHKMZ8GGY598KWCNWXQB&marketplace=FLIPKART&q=headphones&store=0pm%2Ffcn%2Fgc3&srno=s_2_63&otracker=search&fm=organic&iid=83bba3e7-a040-403d-b3a2-cdc15353f3d1.ACCHKMZ8GGY598KW.SEARCH&ppt=None&ppn=None&ssid=l24u75df6o0000001780910508138&qH=edd443896ef5dbfc&ov_redirect=true&ov_redirect=true
Flipkart,headphones,2,YAROH Premium (Bluetooth Headset) with Noise Cancelatio,₹461,"₹1,200",61% off,No,3.7,Only few left,True,False,"YAROH Premium (Bluetooth Headset) with Noise Cancelatio... 3.7 (61) ₹461 ₹1,200 61% off Only few left Add to Compare",https://www.flipkart.com/yaroh-premium-bluetooth-headset-noise-cancelation-technology-oll116-bluetooth/p/itmd6592c7fd95b4?pid=ACCHFJ8BF8B7YTQY&lid=LSTACCHFJ8BF8B7YTQY18CUDL&marketplace=FLIPKART&q=headphones&store=0pm%2Ffcn%2Fgc3&srno=s_2_64&otracker=search&fm=organic&iid=83bba3e7-a040-403d-b3a2-cdc15353f3d1.ACCHFJ8BF8B7YTQY.SEARCH&ppt=None&ppn=None&ssid=l24u75df6o0000001780910508138&qH=edd443896ef5dbfc&ov_redirect=true&ov_redirect=true
Flipkart,headphones,2,Ovista P9 HEADPHONE Bluetooth & Wired,₹473,"₹1,999",76% off,No,N/A,Only few left,True,True,"Ovista P9 HEADPHONE Bluetooth & Wired ₹473 ₹1,999 76% off Only few left Add to Compare",https://www.flipkart.com/ovista-p9-headphone-bluetooth-wired/p/itm0ecd017c020b3?pid=ACCHHJ37G3Y37MCS&lid=LSTACCHHJ37G3Y37MCS4KIEDS&marketplace=FLIPKART&q=headphones&store=0pm%2Ffcn%2Fgc3&srno=s_2_65&otracker=search&fm=organic&iid=83bba3e7-a040-403d-b3a2-cdc15353f3d1.ACCHHJ37G3Y37MCS.SEARCH&ppt=None&ppn=None&ssid=l24u75df6o0000001780910508138&qH=edd443896ef5dbfc&ov_redirect=true&ov_redirect=true
Flipkart,headphones,2,Ovista WIRED HEADPHONE Wired,₹498,₹999,50% off,No,N/A,Only few left,True,False,Ovista WIRED HEADPHONE Wired ₹498 ₹999 50% off Only few left Add to Compare,https://www.flipkart.com/ovista-wired-headphone/p/itm11998faa07c33?pid=ACCHHDKQVHW4HTQZ&lid=LSTACCHHDKQVHW4HTQZ4KKSUW&marketplace=FLIPKART&q=headphones&store=0pm%2Ffcn%2Fgc3&srno=s_2_66&otracker=search&fm=organic&iid=83bba3e7-a040-403d-b3a2-cdc15353f3d1.ACCHHDKQVHW4HTQZ.SEARCH&ppt=None&ppn=None&ssid=l24u75df6o0000001780910508138&qH=edd443896ef5dbfc&ov_redirect=true&ov_redirect=true
Flipkart,headphones,2,"ZEBRONICS Zeb-Thunder Pro, True 60H Backup, BT v6.0, Ga",₹999,"₹1,899",47% off,No,3.9,Only few left,True,False,"ZEBRONICS Zeb-Thunder Pro, True 60H Backup, BT v6.0, Ga... 3.9 (24,749) ₹999 ₹1,899 47% off Only few left Add to Compare",https://www.flipkart.com/zebronics-zeb-thunder-pro-true-60h-backup-bt-v6-0-gaming-mode-enc-aux-msd-dual-pairing-bluetooth/p/itm9b4f186b84df0?pid=ACCGYG959ZVKYU2P&lid=LSTACCGYG959ZVKYU2PZSUOBK&marketplace=FLIPKART&q=headphones&store=0pm%2Ffcn%2Fgc3&srno=s_2_69&otracker=search&fm=organic&iid=83bba3e7-a040-403d-b3a2-cdc15353f3d1.ACCGYG959ZVKYU2P.SEARCH&ppt=None&ppn=None&ssid=l24u75df6o0000001780910508138&qH=edd443896ef5dbfc&ov_redirect=true&ov_redirect=true
Flipkart,headphones,2,"TABARET Good Sound With Mic,SD Card Support 8Hrs Batter",₹297,"₹1,199",75% off,No,3.7,Only few left,True,True,"TABARET Good Sound With Mic,SD Card Support 8Hrs Batter... 3.7 (25) ₹297 ₹1,199 75% off Only few left Add to Compare",https://www.flipkart.com/tabaret-good-sound-mic-sd-card-support-8hrs-battery-backup-bluetooth-headphone/p/itm6e47ebf7ad739?pid=ACCHGGF2NWMHMR8A&lid=LSTACCHGGF2NWMHMR8ARAFEKU&marketplace=FLIPKART&q=headphones&store=0pm%2Ffcn%2Fgc3&srno=s_2_73&otracker=search&fm=organic&iid=83bba3e7-a040-403d-b3a2-cdc15353f3d1.ACCHGGF2NWMHMR8A.SEARCH&ppt=None&ppn=None&ssid=l24u75df6o0000001780910508138&qH=edd443896ef5dbfc&ov_redirect=true&ov_redirect=true
Flipkart,headphones,2,YAROH SH12 Premium (Bluetooth Headset) with Noise Cance,₹464,"₹1,200",61% off,No,3.8,Only few left,True,False,"YAROH SH12 Premium (Bluetooth Headset) with Noise Cance... 3.8 (69) ₹464 ₹1,200 61% off Only few left Add to Compare",https://www.flipkart.com/yaroh-sh12-premium-bluetooth-headset-noise-cancelation-technology-zzz469-bluetooth/p/itm71aa012761612?pid=ACCHFJ8BWHPCHTGD&lid=LSTACCHFJ8BWHPCHTGDBOARPW&marketplace=FLIPKART&q=headphones&store=0pm%2Ffcn%2Fgc3&srno=s_2_74&otracker=search&fm=organic&iid=83bba3e7-a040-403d-b3a2-cdc15353f3d1.ACCHFJ8BWHPCHTGD.SEARCH&ppt=None&ppn=None&ssid=l24u75df6o0000001780910508138&qH=edd443896ef5dbfc&ov_redirect=true&ov_redirect=true
Flipkart,headphones,2,YAROH SH12 Premium (Bluetooth Headset) with Noise Cance,₹466,"₹1,200",61% off,No,3.7,Only few left,True,False,"YAROH SH12 Premium (Bluetooth Headset) with Noise Cance... 3.7 (116) ₹466 ₹1,200 61% off Only few left Add to Compare",https://www.flipkart.com/yaroh-sh12-premium-bluetooth-headset-noise-cancelation-technology-hsh8-bluetooth/p/itmebda62ca3d42a?pid=ACCHFJ8CNYPCANBE&lid=LSTACCHFJ8CNYPCANBECEHZ58&marketplace=FLIPKART&q=headphones&store=0pm%2Ffcn%2Fgc3&srno=s_2_75&otracker=search&fm=organic&iid=83bba3e7-a040-403d-b3a2-cdc15353f3d1.ACCHFJ8CNYPCANBE.SEARCH&ppt=None&ppn=None&ssid=l24u75df6o0000001780910508138&qH=edd443896ef5dbfc&ov_redirect=true&ov_redirect=true
Flipkart,headphones,2,"boAt Rockerz 421,40H Battery,40ms Latency, ENx,BT v5.4","₹1,199","₹2,490",51% off,No,4.1,None,False,False,"boAt Rockerz 421,40H Battery,40ms Latency, ENx,BT v5.4,... 4.1 (2,280) ₹1,199 ₹2,490 51% off Bank Offer Add to Compare",https://www.flipkart.com/boat-rockerz-421-40h-battery-40ms-latency-enx-bt-v5-4-stream-ad-free-music-via-app-bluetooth/p/itm8277de16c4530?pid=ACCHCKPQ5MBWETUB&lid=LSTACCHCKPQ5MBWETUBZKGEGJ&marketplace=FLIPKART&q=headphones&store=0pm%2Ffcn%2Fgc3&srno=s_2_76&otracker=search&fm=organic&iid=83bba3e7-a040-403d-b3a2-cdc15353f3d1.ACCHCKPQ5MBWETUB.SEARCH&ppt=None&ppn=None&ssid=l24u75df6o0000001780910508138&qH=edd443896ef5dbfc&ov_redirect=true&ov_redirect=true
Flipkart,headphones,2,PunnkFunnk Super Astro Beast Mode Bluetooth Headset wit,₹840,"₹4,999",83% off,No,4.1,Only few left,True,True,"PunnkFunnk Super Astro Beast Mode Bluetooth Headset wit... 4.1 (63) ₹840 ₹4,999 83% off Only few left Add to Compare",https://www.flipkart.com/punnkfunnk-super-astro-beast-mode-bluetooth-headset-70-hours-playback-40ms-low-latency-wired/p/itm29137cd54070b?pid=ACCHKNS8NZUF6GNU&lid=LSTACCHKNS8NZUF6GNUFAUM6J&marketplace=FLIPKART&q=headphones&store=0pm%2Ffcn%2Fgc3&srno=s_2_80&otracker=search&fm=organic&iid=83bba3e7-a040-403d-b3a2-cdc15353f3d1.ACCHKNS8NZUF6GNU.SEARCH&ppt=None&ppn=None&ssid=l24u75df6o0000001780910508138&qH=edd443896ef5dbfc&ov_redirect=true&ov_redirect=true
Flipkart,headphones,3,PunnkFunnk Pulse Bass Bluetooth,₹816,"₹1,999",59% off,No,5.3,Only few left,True,False,"PunnkFunnk Pulse Bass Bluetooth 5.3 Wireless Over-Ear H... 3.8 (278) ₹816 ₹1,999 59% off Only few left Add to Compare",https://www.flipkart.com/punnkfunnk-pulse-bass-bluetooth-5-3-wireless-over-ear-headphones-superior-headphone/p/itm2c227eb2277f0?pid=ACCH8MQYSZJBYB9X&lid=LSTACCH8MQYSZJBYB9XLBFXE1&marketplace=FLIPKART&q=headphones&store=0pm%2Ffcn%2Fgc3&srno=s_3_81&otracker=search&fm=organic&iid=7ead10db-b3bb-4d99-a286-76f57b0c5b12.ACCH8MQYSZJBYB9X.SEARCH&ppt=None&ppn=None&ssid=8fxlluiis00000001780910522516&qH=edd443896ef5dbfc&ov_redirect=true&ov_redirect=true
Flipkart,headphones,3,"PunnkFunnk Super Bass with 48Hrs Playtime, Low Latency",₹828,"₹2,999",72% off,No,3.8,Only few left,True,True,"PunnkFunnk Super Bass with 48Hrs Playtime, Low Latency ... 3.8 (278) ₹828 ₹2,999 72% off Only few left Add to Compare",https://www.flipkart.com/punnkfunnk-super-bass-48hrs-playtime-low-latency-up-40ms-dual-pairing-wireless-bluetooth/p/itm212527e8cdef5?pid=ACCHAEFVH2G5HRZN&lid=LSTACCHAEFVH2G5HRZNR4BK8N&marketplace=FLIPKART&q=headphones&store=0pm%2Ffcn%2Fgc3&srno=s_3_82&otracker=search&fm=organic&iid=7ead10db-b3bb-4d99-a286-76f57b0c5b12.ACCHAEFVH2G5HRZN.SEARCH&ppt=None&ppn=None&ssid=8fxlluiis00000001780910522516&qH=edd443896ef5dbfc&ov_redirect=true&ov_redirect=true
Flipkart,headphones,3,YAROH P9(Bluetooth Headphone)Stylish Wireless(Gaming He,₹467,"₹1,299",64% off,No,3.5,Only few left,True,False,"YAROH P9(Bluetooth Headphone)Stylish Wireless(Gaming He... 3.5 (8) ₹467 ₹1,299 64% off Only few left Add to Compare",https://www.flipkart.com/yaroh-p9-bluetooth-headphone-stylish-wireless-gaming-headset-with-bluetooth-5-0bj106/p/itm5085afd336b14?pid=ACCHF4TNDUP74ACT&lid=LSTACCHF4TNDUP74ACTGBUQVS&marketplace=FLIPKART&q=headphones&store=0pm%2Ffcn%2Fgc3&srno=s_3_84&otracker=search&fm=organic&iid=7ead10db-b3bb-4d99-a286-76f57b0c5b12.ACCHF4TNDUP74ACT.SEARCH&ppt=None&ppn=None&ssid=8fxlluiis00000001780910522516&qH=edd443896ef5dbfc&ov_redirect=true&ov_redirect=true
Flipkart,headphones,3,"YAROH y85_SH12 Wireless Headphones with Bluetooth, Buil",₹470,"₹1,158",59% off,No,3.5,Only few left,True,False,"YAROH y85_SH12 Wireless Headphones with Bluetooth, Buil... 3.5 (67) ₹470 ₹1,158 59% off Only few left Add to Compare",https://www.flipkart.com/yaroh-y85-sh12-wireless-headphones-bluetooth-built-in-microphone-sd-card-slot-bluetooth/p/itmd625484b06a35?pid=ACCGZ5H8JQNHRQBF&lid=LSTACCGZ5H8JQNHRQBFDOI3OM&marketplace=FLIPKART&q=headphones&store=0pm%2Ffcn%2Fgc3&srno=s_3_85&otracker=search&fm=organic&iid=7ead10db-b3bb-4d99-a286-76f57b0c5b12.ACCGZ5H8JQNHRQBF.SEARCH&ppt=None&ppn=None&ssid=8fxlluiis00000001780910522516&qH=edd443896ef5dbfc&ov_redirect=true&ov_redirect=true
Flipkart,headphones,3,"ZEBRONICS Zeb-Duke, with 60h Backup, BT v5.3, Gaming Mo... 4 (17,034)","₹1,349","₹2,799",51% off,No,N/A,Only 4 left,True,False,"ZEBRONICS Zeb-Duke, with 60h Backup, BT v5.3, Gaming Mo... 4 (17,034) ₹1,349 ₹2,799 51% off Only 4 left Add to Compare",https://www.flipkart.com/zebronics-zeb-duke-60h-backup-bt-v5-3-gaming-mode-enc-led-lights-dual-pairing-bluetooth/p/itmfe884d6126f14?pid=ACCFRR83SHYTWNAF&lid=LSTACCFRR83SHYTWNAFUS8CE3&marketplace=FLIPKART&q=headphones&store=0pm%2Ffcn%2Fgc3&srno=s_3_87&otracker=search&fm=organic&iid=7ead10db-b3bb-4d99-a286-76f57b0c5b12.ACCFRR83SHYTWNAF.SEARCH&ppt=None&ppn=None&ssid=8fxlluiis00000001780910522516&qH=edd443896ef5dbfc&ov_redirect=true&ov_redirect=true
Flipkart,headphones,3,PunnkFunnk SuperBass with 70Hr Playtime Wireless Headpo,₹799,"₹2,999",73% off,No,3.7,Only few left,True,True,"PunnkFunnk SuperBass with 70Hr Playtime Wireless Headpo... 3.7 (22) ₹799 ₹2,999 73% off Only few left Add to Compare",https://www.flipkart.com/punnkfunnk-superbass-70hr-playtime-wireless-headpone-mic-foldable-design-aux-bluetooth/p/itm1606fa9633e95?pid=ACCHKHJQ9EKRW3UU&lid=LSTACCHKHJQ9EKRW3UUK2YMN8&marketplace=FLIPKART&q=headphones&store=0pm%2Ffcn%2Fgc3&srno=s_3_88&otracker=search&fm=organic&iid=7ead10db-b3bb-4d99-a286-76f57b0c5b12.ACCHKHJQ9EKRW3UU.SEARCH&ppt=None&ppn=None&ssid=8fxlluiis00000001780910522516&qH=edd443896ef5dbfc&ov_redirect=true&ov_redirect=true
Flipkart,headphones,3,YAROH SH12 Premium (Bluetooth Headset) with Noise Cance,₹475,"₹1,200",60% off,No,3.7,Only few left,True,False,"YAROH SH12 Premium (Bluetooth Headset) with Noise Cance... 3.7 (39) ₹475 ₹1,200 60% off Only few left Add to Compare",https://www.flipkart.com/yaroh-sh12-premium-bluetooth-headset-noise-cancelation-technology-iii373-bluetooth/p/itm9c14943547dff?pid=ACCHFJ8BUGNSGWUB&lid=LSTACCHFJ8BUGNSGWUBSOAYB6&marketplace=FLIPKART&q=headphones&store=0pm%2Ffcn%2Fgc3&srno=s_3_89&otracker=search&fm=organic&iid=7ead10db-b3bb-4d99-a286-76f57b0c5b12.ACCHFJ8BUGNSGWUB.SEARCH&ppt=None&ppn=None&ssid=8fxlluiis00000001780910522516&qH=edd443896ef5dbfc&ov_redirect=true&ov_redirect=true
Flipkart,headphones,3,VEKIN Headphone with FM/SD Card Slot with Music and Cal,₹486,"₹1,499",67% off,No,3.7,None,False,False,"VEKIN Headphone with FM/SD Card Slot with Music and Cal... 3.7 (1,094) ₹486 ₹1,499 67% off Super Deals Add to Compare",https://www.flipkart.com/vekin-headphone-fm-sd-card-slot-music-calling-control-bluetooth/p/itm433921e1b6b4f?pid=ACCG59YWFFFPXUT5&lid=LSTACCG59YWFFFPXUT5QFNBJJ&marketplace=FLIPKART&q=headphones&store=0pm%2Ffcn%2Fgc3&srno=s_3_90&otracker=search&fm=organic&iid=7ead10db-b3bb-4d99-a286-76f57b0c5b12.ACCG59YWFFFPXUT5.SEARCH&ppt=None&ppn=None&ssid=8fxlluiis00000001780910522516&qH=edd443896ef5dbfc&ov_redirect=true&ov_redirect=true
Flipkart,headphones,3,ZIGMOX P47 WIRELESS BLUETOOTH HEADPHONE Bluetooth,₹239,"₹1,899",87% off,No,N/A,Only few left,True,True,"ZIGMOX P47 WIRELESS BLUETOOTH HEADPHONE Bluetooth ₹239 ₹1,899 87% off Only few left Add to Compare",https://www.flipkart.com/zigmox-p47-wireless-bluetooth-headphone/p/itm3a709a0b9022a?pid=ACCHJNKYZWA6ZHHT&lid=LSTACCHJNKYZWA6ZHHTGNDL2Q&marketplace=FLIPKART&q=headphones&store=0pm%2Ffcn%2Fgc3&srno=s_3_91&otracker=search&fm=organic&iid=7ead10db-b3bb-4d99-a286-76f57b0c5b12.ACCHJNKYZWA6ZHHT.SEARCH&ppt=None&ppn=None&ssid=8fxlluiis00000001780910522516&qH=edd443896ef5dbfc&ov_redirect=true&ov_redirect=true
Flipkart,headphones,3,Zohlo Perfect High bass Headphone with Deep bass & grea,₹388,"₹1,200",67% off,No,3.5,None,False,False,"Zohlo Perfect High bass Headphone with Deep bass & grea... 3.5 (5,713) ₹388 ₹1,200 67% off Super Deals Add to Compare",https://www.flipkart.com/zohlo-perfect-high-bass-headphone-deep-great-sound-quality-bluetooth-gaming/p/itm1f713a6d9fb89?pid=ACCGE62STHKJHRZS&lid=LSTACCGE62STHKJHRZS5EZTLL&marketplace=FLIPKART&q=headphones&store=0pm%2Ffcn%2Fgc3&srno=s_3_92&otracker=search&fm=organic&iid=7ead10db-b3bb-4d99-a286-76f57b0c5b12.ACCGE62STHKJHRZS.SEARCH&ppt=None&ppn=None&ssid=8fxlluiis00000001780910522516&qH=edd443896ef5dbfc&ov_redirect=true&ov_redirect=true
Flipkart,headphones,3,YAROH SH12 Premium (Bluetooth Bluetooth,₹475,"₹1,200",60% off,No,3.5,Only few left,True,False,"YAROH SH12 Premium (Bluetooth Bluetooth 3.5 (151) ₹475 ₹1,200 60% off Only few left Add to Compare",https://www.flipkart.com/yaroh-sh12-premium-bluetooth-bluetooth/p/itm32ebbd653121d?pid=ACCHFJ8B8KTHT9UH&lid=LSTACCHFJ8B8KTHT9UH2GFGTQ&marketplace=FLIPKART&q=headphones&store=0pm%2Ffcn%2Fgc3&srno=s_3_93&otracker=search&fm=organic&iid=7ead10db-b3bb-4d99-a286-76f57b0c5b12.ACCHFJ8B8KTHT9UH.SEARCH&ppt=None&ppn=None&ssid=8fxlluiis00000001780910522516&qH=edd443896ef5dbfc&ov_redirect=true&ov_redirect=true
Flipkart,headphones,3,DEFY BassX Bluetooth,₹499,"₹2,490",79% off,No,3.9,None,False,True,"DEFY BassX Bluetooth 3.9 (3,217) ₹499 ₹2,490 79% off Hot Deal Add to Compare",https://www.flipkart.com/defy-bassx-bluetooth/p/itmd0ca7172541ce?pid=ACCG53GSXD7RPKAE&lid=LSTACCG53GSXD7RPKAERSQ7OR&marketplace=FLIPKART&q=headphones&store=0pm%2Ffcn%2Fgc3&srno=s_3_94&otracker=search&fm=organic&iid=7ead10db-b3bb-4d99-a286-76f57b0c5b12.ACCG53GSXD7RPKAE.SEARCH&ppt=None&ppn=None&ssid=8fxlluiis00000001780910522516&qH=edd443896ef5dbfc&ov_redirect=true&ov_redirect=true
Flipkart,headphones,3,"boAt Rockerz 411,40H Battery, 40ms Latency, Stream Ad F","₹1,199","₹2,999",60% off,No,4.1,None,False,False,"boAt Rockerz 411,40H Battery, 40ms Latency, Stream Ad F... 4.1 (7,091) ₹1,199 ₹2,999 60% off Bank Offer Add to Compare",https://www.flipkart.com/boat-rockerz-411-40h-battery-40ms-latency-stream-ad-free-music-via-app-bt-v5-4-bluetooth/p/itmf824790d6dde3?pid=ACCHCJW33SSHZY9H&lid=LSTACCHCJW33SSHZY9HXPKHWI&marketplace=FLIPKART&q=headphones&store=0pm%2Ffcn%2Fgc3&srno=s_3_95&otracker=search&fm=organic&iid=7ead10db-b3bb-4d99-a286-76f57b0c5b12.ACCHCJW33SSHZY9H.SEARCH&ppt=None&ppn=None&ssid=8fxlluiis00000001780910522516&qH=edd443896ef5dbfc&ov_redirect=true&ov_redirect=true
Flipkart,headphones,3,"Treadmill BEST Bluetooth Immersive Audio,Lightweight Sp",₹297,"₹1,000",70% off,No,3.8,Only few left,True,True,"Treadmill BEST Bluetooth Immersive Audio,Lightweight Sp... 3.8 (6) ₹297 ₹1,000 70% off Only few left Add to Compare",https://www.flipkart.com/treadmill-best-bluetooth-immersive-audio-lightweight-sport-fit-gym-running/p/itmf106e22ac4014?pid=ACCG89NWZ7HZHYFS&lid=LSTACCG89NWZ7HZHYFSZCYK2O&marketplace=FLIPKART&q=headphones&store=0pm%2Ffcn%2Fgc3&srno=s_3_96&otracker=search&fm=organic&iid=7ead10db-b3bb-4d99-a286-76f57b0c5b12.ACCG89NWZ7HZHYFS.SEARCH&ppt=None&ppn=None&ssid=8fxlluiis00000001780910522516&qH=edd443896ef5dbfc&ov_redirect=true&ov_redirect=true
Flipkart,headphones,3,ADC ENTERPRISES Unicorn Kids Wireless Bluetooth Headpho,₹781,"₹1,299",39% off,No,N/A,Only few left,True,False,"ADC ENTERPRISES Unicorn Kids Wireless Bluetooth Headpho... ₹781 ₹1,299 39% off Only few left Add to Compare",https://www.flipkart.com/adc-enterprises-unicorn-kids-wireless-bluetooth-headphones/p/itm99b857619344b?pid=ACCHH2NHSU6HFACB&lid=LSTACCHH2NHSU6HFACBKAC7SC&marketplace=FLIPKART&q=headphones&store=0pm%2Ffcn%2Fgc3&srno=s_3_97&otracker=search&fm=organic&iid=7ead10db-b3bb-4d99-a286-76f57b0c5b12.ACCHH2NHSU6HFACB.SEARCH&ppt=None&ppn=None&ssid=8fxlluiis00000001780910522516&qH=edd443896ef5dbfc&ov_redirect=true&ov_redirect=true
Flipkart,headphones,3,"boAt Rockerz 411,40H Battery, 40ms Latency, Stream Ad F","₹1,299","₹2,999",56% off,No,4.1,None,False,False,"boAt Rockerz 411,40H Battery, 40ms Latency, Stream Ad F... 4.1 (7,091) ₹1,299 ₹2,999 56% off Bank Offer Add to Compare",https://www.flipkart.com/boat-rockerz-411-40h-battery-40ms-latency-stream-ad-free-music-via-app-bt-v5-4-bluetooth/p/itm07aad4fa6fcee?pid=ACCHCJW3NHPAGHHA&lid=LSTACCHCJW3NHPAGHHAEBT6WM&marketplace=FLIPKART&q=headphones&store=0pm%2Ffcn%2Fgc3&srno=s_3_98&otracker=search&fm=organic&iid=7ead10db-b3bb-4d99-a286-76f57b0c5b12.ACCHCJW3NHPAGHHA.SEARCH&ppt=None&ppn=None&ssid=8fxlluiis00000001780910522516&qH=edd443896ef5dbfc&ov_redirect=true&ov_redirect=true
Flipkart,headphones,3,"Portronics Muffs M2 Bluetooth Headphones Over Ear,40 Hr... 4 (6,014)","₹1,199","₹2,499",52% off,No,N/A,Only few left,True,False,"Portronics Muffs M2 Bluetooth Headphones Over Ear,40 Hr... 4 (6,014) ₹1,199 ₹2,499 52% off Only few left Add to Compare",https://www.flipkart.com/portronics-muffs-m2-bluetooth-headphones-over-ear-40-hrs-playtime-40mm-driver-powerful-bass-wired/p/itmb72bbad3267b5?pid=ACCGPEF57EF73CYY&lid=LSTACCGPEF57EF73CYYT737VQ&marketplace=FLIPKART&q=headphones&store=0pm%2Ffcn%2Fgc3&srno=s_3_100&otracker=search&fm=organic&iid=7ead10db-b3bb-4d99-a286-76f57b0c5b12.ACCGPEF57EF73CYY.SEARCH&ppt=None&ppn=None&ssid=8fxlluiis00000001780910522516&qH=edd443896ef5dbfc&ov_redirect=true&ov_redirect=true
Flipkart,headphones,3,Techpunch MUSIC & GAMING SPORTS PORTABLE LIGHT WEIGHT H,₹297,₹999,70% off,No,3.6,Only few left,True,True,Techpunch MUSIC & GAMING SPORTS PORTABLE LIGHT WEIGHT H... 3.6 (96) ₹297 ₹999 70% off Only few left Add to Compare,https://www.flipkart.com/techpunch-music-gaming-sports-portable-light-weight-headphone-sd-card-support-bluetooth-wired/p/itm843c0ee640e7d?pid=ACCHBPFAZY5ZHNWJ&lid=LSTACCHBPFAZY5ZHNWJ3JCNFS&marketplace=FLIPKART&q=headphones&store=0pm%2Ffcn%2Fgc3&srno=s_3_101&otracker=search&fm=organic&iid=7ead10db-b3bb-4d99-a286-76f57b0c5b12.ACCHBPFAZY5ZHNWJ.SEARCH&ppt=None&ppn=None&ssid=8fxlluiis00000001780910522516&qH=edd443896ef5dbfc&ov_redirect=true&ov_redirect=true
Flipkart,headphones,3,VEKIN SH12_Headphone_01 Bluetooth,₹498,"₹1,999",75% off,No,3.7,Only few left,True,True,"VEKIN SH12_Headphone_01 Bluetooth 3.7 (44) ₹498 ₹1,999 75% off Only few left Add to Compare",https://www.flipkart.com/vekin-sh12-headphone-01-bluetooth/p/itm13ab5722a1024?pid=ACCG3JRT9QXKSQGW&lid=LSTACCG3JRT9QXKSQGW9XD7JA&marketplace=FLIPKART&q=headphones&store=0pm%2Ffcn%2Fgc3&srno=s_3_102&otracker=search&fm=organic&iid=7ead10db-b3bb-4d99-a286-76f57b0c5b12.ACCG3JRT9QXKSQGW.SEARCH&ppt=None&ppn=None&ssid=8fxlluiis00000001780910522516&qH=edd443896ef5dbfc&ov_redirect=true&ov_redirect=true
Flipkart,headphones,3,YAROH SH12 Premium (Bluetooth Headset) with Noise Cance,₹461,"₹1,200",61% off,No,3.4,Only few left,True,False,"YAROH SH12 Premium (Bluetooth Headset) with Noise Cance... 3.4 (38) ₹461 ₹1,200 61% off Only few left Add to Compare",https://www.flipkart.com/yaroh-sh12-premium-bluetooth-headset-noise-cancelation-technology-hss190-bluetooth/p/itm44d2c6094c30e?pid=ACCHFJ8CSGVUTRHH&lid=LSTACCHFJ8CSGVUTRHHTJ4FMR&marketplace=FLIPKART&q=headphones&store=0pm%2Ffcn%2Fgc3&srno=s_3_103&otracker=search&fm=organic&iid=7ead10db-b3bb-4d99-a286-76f57b0c5b12.ACCHFJ8CSGVUTRHH.SEARCH&ppt=None&ppn=None&ssid=8fxlluiis00000001780910522516&qH=edd443896ef5dbfc&ov_redirect=true&ov_redirect=true
Flipkart,headphones,3,YAROH E3_SH-12 Wireless Bluetooth Over the Ear Headphon,₹461,"₹1,158",60% off,No,3.4,Only few left,True,False,"YAROH E3_SH-12 Wireless Bluetooth Over the Ear Headphon... 3.4 (55) ₹461 ₹1,158 60% off Only few left Add to Compare",https://www.flipkart.com/yaroh-e3-sh-12-wireless-bluetooth-over-ear-headphone-mic/p/itmd7d6932422c38?pid=ACCGYR4HGZXZGZPS&lid=LSTACCGYR4HGZXZGZPSRI8O7F&marketplace=FLIPKART&q=headphones&store=0pm%2Ffcn%2Fgc3&srno=s_3_104&otracker=search&fm=organic&iid=7ead10db-b3bb-4d99-a286-76f57b0c5b12.ACCGYR4HGZXZGZPS.SEARCH&ppt=None&ppn=None&ssid=8fxlluiis00000001780910522516&qH=edd443896ef5dbfc&ov_redirect=true&ov_redirect=true
Flipkart,headphones,3,YAROH SH12 Premium (Bluetooth Headset) with Noise Cance... 3 (4),₹461,"₹1,200",61% off,No,N/A,Only few left,True,False,"YAROH SH12 Premium (Bluetooth Headset) with Noise Cance... 3 (4) ₹461 ₹1,200 61% off Only few left Add to Compare",https://www.flipkart.com/yaroh-sh12-premium-bluetooth-headset-noise-cancelation-technology-hhh450-bluetooth/p/itmb66cbe74290f3?pid=ACCHFJ8CWPFDKAKU&lid=LSTACCHFJ8CWPFDKAKU9URZUU&marketplace=FLIPKART&q=headphones&store=0pm%2Ffcn%2Fgc3&srno=s_3_105&otracker=search&fm=organic&iid=7ead10db-b3bb-4d99-a286-76f57b0c5b12.ACCHFJ8CWPFDKAKU.SEARCH&ppt=None&ppn=None&ssid=8fxlluiis00000001780910522516&qH=edd443896ef5dbfc&ov_redirect=true&ov_redirect=true
Flipkart,headphones,3,YAROH P9 (Bluetooth Headphones) Stylish Wireless (Gamin,₹435,"₹1,399",68% off,No,3.4,Only few left,True,False,"YAROH P9 (Bluetooth Headphones) Stylish Wireless (Gamin... 3.4 (14) ₹435 ₹1,399 68% off Only few left Add to Compare",https://www.flipkart.com/yaroh-p9-bluetooth-headphones-stylish-wireless-gaming-headset-bt5-12oo13-bluetooth/p/itm62ff46f7584d9?pid=ACCHF4Q75DGHBURR&lid=LSTACCHF4Q75DGHBURRRCULUP&marketplace=FLIPKART&q=headphones&store=0pm%2Ffcn%2Fgc3&srno=s_3_106&otracker=search&fm=organic&iid=7ead10db-b3bb-4d99-a286-76f57b0c5b12.ACCHF4Q75DGHBURR.SEARCH&ppt=None&ppn=None&ssid=8fxlluiis00000001780910522516&qH=edd443896ef5dbfc&ov_redirect=true&ov_redirect=true
Flipkart,headphones,3,YAROH SH12 Premium (Bluetooth Headset) with Noise Cance,₹453,"₹1,200",62% off,No,3.3,Only few left,True,False,"YAROH SH12 Premium (Bluetooth Headset) with Noise Cance... 3.3 (12) ₹453 ₹1,200 62% off Only few left Add to Compare",https://www.flipkart.com/yaroh-sh12-premium-bluetooth-headset-noise-cancelation-technology-hhh487-bluetooth/p/itm4daf8d24505fb?pid=ACCHFJ8CKY859AEB&lid=LSTACCHFJ8CKY859AEBUQKJJX&marketplace=FLIPKART&q=headphones&store=0pm%2Ffcn%2Fgc3&srno=s_3_107&otracker=search&fm=organic&iid=7ead10db-b3bb-4d99-a286-76f57b0c5b12.ACCHFJ8CKY859AEB.SEARCH&ppt=None&ppn=None&ssid=8fxlluiis00000001780910522516&qH=edd443896ef5dbfc&ov_redirect=true&ov_redirect=true
Flipkart,headphones,3,YAROH 91v_P9 Wireless Over-Ear Bluetooth Headset Set Ne,₹601,"₹1,298",53% off,No,3.2,Only few left,True,False,"YAROH 91v_P9 Wireless Over-Ear Bluetooth Headset Set Ne... 3.2 (6) ₹601 ₹1,298 53% off Only few left Add to Compare",https://www.flipkart.com/yaroh-91v-p9-wireless-over-ear-bluetooth-headset-set-new-standards-audio-brilliance/p/itm092da89fee6fb?pid=ACCGZ6G9F2Q8GWTR&lid=LSTACCGZ6G9F2Q8GWTRSLGKFY&marketplace=FLIPKART&q=headphones&store=0pm%2Ffcn%2Fgc3&srno=s_3_108&otracker=search&fm=organic&iid=7ead10db-b3bb-4d99-a286-76f57b0c5b12.ACCGZ6G9F2Q8GWTR.SEARCH&ppt=None&ppn=None&ssid=8fxlluiis00000001780910522516&qH=edd443896ef5dbfc&ov_redirect=true&ov_redirect=true
Flipkart,headphones,3,Enacfire t60 z2 Bullets bluetooth neckband Bluetooth Ga,₹298,"₹1,999",85% off,No,4.3,Only few left,True,True,"Enacfire t60 z2 Bullets bluetooth neckband Bluetooth Ga... 4.3 (3) ₹298 ₹1,999 85% off Only few left Add to Compare",https://www.flipkart.com/enacfire-t60-z2-bullets-bluetooth-neckband-gaming-headset-48hour/p/itmd30efc03004f1?pid=ACCHH3RZWKZ5UHF4&lid=LSTACCHH3RZWKZ5UHF4CPURNE&marketplace=FLIPKART&q=headphones&store=0pm%2Ffcn%2Fgc3&srno=s_3_109&otracker=search&fm=organic&iid=7ead10db-b3bb-4d99-a286-76f57b0c5b12.ACCHH3RZWKZ5UHF4.SEARCH&ppt=None&ppn=None&ssid=8fxlluiis00000001780910522516&qH=edd443896ef5dbfc&ov_redirect=true&ov_redirect=true
Flipkart,headphones,3,"JBL Tune 770NC Active Noise Cancelling, 70Hr Playtime","₹4,999","₹9,999",50% off,No,4.3,Only 1 left,True,False,"JBL Tune 770NC Active Noise Cancelling, 70Hr Playtime, ... 4.3 (6,238) ₹4,999 ₹9,999 50% off Only 1 left Add to Compare",https://www.flipkart.com/jbl-tune-770nc-active-noise-cancelling-70hr-playtime-fast-pair-multi-connect-bluetooth-gaming/p/itmdf5c83684df50?pid=ACCGQZVZWZFFPGYE&lid=LSTACCGQZVZWZFFPGYEMY9W0I&marketplace=FLIPKART&q=headphones&store=0pm%2Ffcn%2Fgc3&srno=s_3_110&otracker=search&fm=organic&iid=7ead10db-b3bb-4d99-a286-76f57b0c5b12.ACCGQZVZWZFFPGYE.SEARCH&ppt=None&ppn=None&ssid=8fxlluiis00000001780910522516&qH=edd443896ef5dbfc&ov_redirect=true&ov_redirect=true
Flipkart,headphones,3,YAROH D92_SH-12 Wireless Bluetooth Over the Ear Headpho,₹463,"₹1,158",60% off,No,3.5,Only few left,True,False,"YAROH D92_SH-12 Wireless Bluetooth Over the Ear Headpho... 3.5 (22) ₹463 ₹1,158 60% off Only few left Add to Compare",https://www.flipkart.com/yaroh-d92-sh-12-wireless-bluetooth-over-ear-headphone-mic/p/itm59920854635e2?pid=ACCGYR4GKB4XWF8G&lid=LSTACCGYR4GKB4XWF8GEPPJWF&marketplace=FLIPKART&q=headphones&store=0pm%2Ffcn%2Fgc3&srno=s_3_111&otracker=search&fm=organic&iid=7ead10db-b3bb-4d99-a286-76f57b0c5b12.ACCGYR4GKB4XWF8G.SEARCH&ppt=None&ppn=None&ssid=8fxlluiis00000001780910522516&qH=edd443896ef5dbfc&ov_redirect=true&ov_redirect=true
Flipkart,headphones,3,YAROH P9 (Bluetooth Headphones) Stylish Wireless (Gamin,₹419,"₹1,399",70% off,No,3.6,Only few left,True,True,"YAROH P9 (Bluetooth Headphones) Stylish Wireless (Gamin... 3.6 (20) ₹419 ₹1,399 70% off Only few left Add to Compare",https://www.flipkart.com/yaroh-p9-bluetooth-headphones-stylish-wireless-gaming-headset-bt5-90mj91-bluetooth/p/itma0166fcb5aa66?pid=ACCHF4Q88GGEXE8Y&lid=LSTACCHF4Q88GGEXE8YFM4WZB&marketplace=FLIPKART&q=headphones&store=0pm%2Ffcn%2Fgc3&srno=s_3_112&otracker=search&fm=organic&iid=7ead10db-b3bb-4d99-a286-76f57b0c5b12.ACCHF4Q88GGEXE8Y.SEARCH&ppt=None&ppn=None&ssid=8fxlluiis00000001780910522516&qH=edd443896ef5dbfc&ov_redirect=true&ov_redirect=true
Flipkart,headphones,3,GameSir Astro Over-Ear Wireless Bluetooth Headphones |,₹840,"₹2,999",71% off,No,4.4,Only few left,True,True,"GameSir Astro Over-Ear Wireless Bluetooth Headphones | ... 4.4 (24) ₹840 ₹2,999 71% off Only few left Add to Compare",https://www.flipkart.com/gamesir-astro-over-ear-wireless-bluetooth-headphones-noise-cancellation-60h-battery/p/itm06f8de4bb1c93?pid=ACCH3J44HJQRNHSS&lid=LSTACCH3J44HJQRNHSSAGELGU&marketplace=FLIPKART&q=headphones&store=0pm%2Ffcn%2Fgc3&srno=s_3_113&otracker=search&fm=organic&iid=7ead10db-b3bb-4d99-a286-76f57b0c5b12.ACCH3J44HJQRNHSS.SEARCH&ppt=None&ppn=None&ssid=8fxlluiis00000001780910522516&qH=edd443896ef5dbfc&ov_redirect=true&ov_redirect=true
Flipkart,headphones,3,"ZEBRONICS Zeb-Storm, In-Line Mic",₹799,N/A,N/A,N/A,1.5,Only 3 left,True,False,"ZEBRONICS Zeb-Storm, In-Line Mic, 1.5 Meter Cable, 3.5m... 3.7 (2,424) ₹799 Only 3 left Add to Compare",https://www.flipkart.com/zebronics-zeb-storm-in-line-mic-1-5-meter-cable-3-5mm-jack-soft-cushion-40mm-drivers-wired/p/itm027e874b2f3b6?pid=ACCHYBYSTJDSNY9X&lid=LSTACCHYBYSTJDSNY9XFJP5HN&marketplace=FLIPKART&q=headphones&store=0pm%2Ffcn%2Fgc3&srno=s_3_114&otracker=search&fm=organic&iid=7ead10db-b3bb-4d99-a286-76f57b0c5b12.ACCHYBYSTJDSNY9X.SEARCH&ppt=None&ppn=None&ssid=8fxlluiis00000001780910522516&qH=edd443896ef5dbfc&ov_redirect=true&ov_redirect=true
Flipkart,headphones,3,PunnkFunnk Astro Over-Ear Wireless Bluetooth Headphones,₹840,"₹2,999",71% off,No,3.7,Only few left,True,True,"PunnkFunnk Astro Over-Ear Wireless Bluetooth Headphones... 3.7 (49) ₹840 ₹2,999 71% off Only few left Add to Compare",https://www.flipkart.com/punnkfunnk-astro-over-ear-wireless-bluetooth-headphones-noise-cancellation-60h-battery/p/itm6994420ef880e?pid=ACCH92ZFGFTJW8HG&lid=LSTACCH92ZFGFTJW8HGVMSIL7&marketplace=FLIPKART&q=headphones&store=0pm%2Ffcn%2Fgc3&srno=s_3_115&otracker=search&fm=organic&iid=7ead10db-b3bb-4d99-a286-76f57b0c5b12.ACCH92ZFGFTJW8HG.SEARCH&ppt=None&ppn=None&ssid=8fxlluiis00000001780910522516&qH=edd443896ef5dbfc&ov_redirect=true&ov_redirect=true
Flipkart,headphones,3,YAROH SPE67-Over the head Bluetooth Headset Bluetooth H,₹351,₹978,64% off,No,3.3,Only few left,True,False,YAROH SPE67-Over the head Bluetooth Headset Bluetooth H... 3.3 (3) ₹351 ₹978 64% off Only few left Add to Compare,https://www.flipkart.com/yaroh-spe67-over-head-bluetooth-headset/p/itmd5cdcb5be89ea?pid=ACCGW3PVAJPZH6ED&lid=LSTACCGW3PVAJPZH6ED35TXYN&marketplace=FLIPKART&q=headphones&store=0pm%2Ffcn%2Fgc3&srno=s_3_116&otracker=search&fm=organic&iid=7ead10db-b3bb-4d99-a286-76f57b0c5b12.ACCGW3PVAJPZH6ED.SEARCH&ppt=None&ppn=None&ssid=8fxlluiis00000001780910522516&qH=edd443896ef5dbfc&ov_redirect=true&ov_redirect=true
Flipkart,headphones,3,"TRIGGR Trinity 2 with Dual Pairing, ENC, Fast Charge, 5",₹713,"₹2,999",76% off,No,3.9,None,False,True,"Currently unavailable TRIGGR Trinity 2 with Dual Pairing, ENC, Fast Charge, 5... 3.9 (23,315) ₹713 ₹2,999 76% off Bank Offer Add to Compare",https://www.flipkart.com/triggr-trinity-2-dual-pairing-enc-fast-charge-50h-battery-rubber-finish-v5-3-bluetooth/p/itmf187255153195?pid=ACCHE5CSYGVG5H97&lid=LSTACCHE5CSYGVG5H97DK6QQD&marketplace=FLIPKART&q=headphones&store=0pm%2Ffcn%2Fgc3&srno=s_3_117&otracker=search&fm=organic&iid=7ead10db-b3bb-4d99-a286-76f57b0c5b12.ACCHE5CSYGVG5H97.SEARCH&ppt=None&ppn=None&ssid=8fxlluiis00000001780910522516&qH=edd443896ef5dbfc&ov_redirect=true&ov_redirect=true
Flipkart,headphones,3,CLOKIFY Wireless Bluetooth Over-Ear Headphones with Dee,₹295,₹999,70% off,No,N/A,None,False,True,Currently unavailable CLOKIFY Wireless Bluetooth Over-Ear Headphones with Dee... ₹295 ₹999 70% off Bank Offer Add to Compare,https://www.flipkart.com/clokify-wireless-bluetooth-over-ear-headphones-deep-bass-foldable-design-red-wired-without-mic/p/itmb4d098a4f7caf?pid=ACCHKG7NNGZRVHFE&lid=LSTACCHKG7NNGZRVHFEUHS8FU&marketplace=FLIPKART&q=headphones&store=0pm%2Ffcn%2Fgc3&srno=s_3_118&otracker=search&fm=organic&iid=7ead10db-b3bb-4d99-a286-76f57b0c5b12.ACCHKG7NNGZRVHFE.SEARCH&ppt=None&ppn=None&ssid=8fxlluiis00000001780910522516&qH=edd443896ef5dbfc&ov_redirect=true&ov_redirect=true
Flipkart,headphones,3,CLOKIFY P47 Wireless Bluetooth Over-Ear Headphones with,₹338,₹999,66% off,No,N/A,None,False,False,Currently unavailable CLOKIFY P47 Wireless Bluetooth Over-Ear Headphones with... ₹338 ₹999 66% off Bank Offer Add to Compare,https://www.flipkart.com/clokify-p47-wireless-bluetooth-over-ear-headphones-deep-bass-foldable-design-white-wired-without-mic/p/itm4d3cbf3267a1c?pid=ACCHKG8TYGSPUYZP&lid=LSTACCHKG8TYGSPUYZPDPA9K9&marketplace=FLIPKART&q=headphones&store=0pm%2Ffcn%2Fgc3&srno=s_3_119&otracker=search&fm=organic&iid=7ead10db-b3bb-4d99-a286-76f57b0c5b12.ACCHKG8TYGSPUYZP.SEARCH&ppt=None&ppn=None&ssid=8fxlluiis00000001780910522516&qH=edd443896ef5dbfc&ov_redirect=true&ov_redirect=true
Flipkart,headphones,3,ckm Wireless Bluetooth Over-Ear Headphones with Soft Cu,₹599,"₹1,999",70% off,No,3.3,None,False,True,"Currently unavailable ckm Wireless Bluetooth Over-Ear Headphones with Soft Cu... 3.3 (8) ₹599 ₹1,999 70% off Super Deals Add to Compare",https://www.flipkart.com/ckm-wireless-bluetooth-over-ear-headphones-soft-cushioned-ear-cups-deep-bass-wired-gaming/p/itmda408df26c519?pid=ACCHKGF3UNJF3Z3S&lid=LSTACCHKGF3UNJF3Z3SIRFKSY&marketplace=FLIPKART&q=headphones&store=0pm%2Ffcn%2Fgc3&srno=s_3_120&otracker=search&fm=organic&iid=7ead10db-b3bb-4d99-a286-76f57b0c5b12.ACCHKGF3UNJF3Z3S.SEARCH&ppt=None&ppn=None&ssid=8fxlluiis00000001780910522516&qH=edd443896ef5dbfc&ov_redirect=true&ov_redirect=true
Flipkart,shoes,1,kardam&sons luxury fashionable Stylish Light Weight Sneakers white,₹385,"₹1,999",80% off,No,N/A,None,False,True,"kardam&sons luxury fashionable Stylish Light Weight Sneakers white ... ₹385 ₹1,999 80% off Buy ₹2 more, save extra 2%",https://www.flipkart.com/kardam-sons-luxury-fashionable-stylish-light-weight-sneakers-white-canvas-shoes-men/p/itmd59eed430d9f5?pid=SHOHA2ZA9K5HQ3PT&lid=LSTSHOHA2ZA9K5HQ3PT373Q66&marketplace=FLIPKART&q=shoes&store=osp&srno=s_1_1&otracker=search&fm=organic&iid=en_HiUhQEDnJU4ebg38i5S4afzD6SjFC8GxDIs6Ze8K4e7C-cALQxRKcDEYBqiBtujxWlN20lP-RhtIhtiC9hfkYw%3D%3D&ppt=None&ppn=None&ssid=wf43w5z1ds0000001780910535866&qH=b0a8b6f820479900&ov_redirect=true
Flipkart,shoes,1,aadi Sneakers For Men,₹314,"₹1,999",84% off,No,N/A,None,False,True,"aadi Sneakers For Men ₹314 ₹1,999 84% off Hot Deal",https://www.flipkart.com/aadi-sneakers-men/p/itmfbbd674083772?pid=SHOGMKFZUPUEJUAW&lid=LSTSHOGMKFZUPUEJUAW7GLOQQ&marketplace=FLIPKART&q=shoes&store=osp&srno=s_1_2&otracker=search&fm=organic&iid=en_HiUhQEDnJU4ebg38i5S4afzD6SjFC8GxDIs6Ze8K4e6SwvLIjw3xl86Q6DhUXwGQiBgVxTb6gVesKFibZY2KuA%3D%3D&ppt=None&ppn=None&ssid=wf43w5z1ds0000001780910535866&qH=b0a8b6f820479900&ov_redirect=true
Flipkart,shoes,1,Onmac enterprises sneakers for men Sneakers For Men,₹382,"₹1,600",76% off,No,N/A,None,False,True,"Onmac enterprises sneakers for men Sneakers For Men ₹382 ₹1,600 76% off Hot Deal",https://www.flipkart.com/onmac-enterprises-sneakers-men/p/itm9ee602395e1c4?pid=SHOH8SZWKVTGDX6G&lid=LSTSHOH8SZWKVTGDX6GH1NIR7&marketplace=FLIPKART&q=shoes&store=osp&srno=s_1_3&otracker=search&fm=organic&iid=a1b5c58c-aa8b-4306-b42c-da415d6a9051.SHOH8SZWKVTGDX6G.SEARCH&ppt=None&ppn=None&ssid=wf43w5z1ds0000001780910535866&qH=b0a8b6f820479900&ov_redirect=true
Flipkart,shoes,1,Roadster Casual Boat Shoes Boat Shoes For Men,₹899,"₹2,999",70% off,No,N/A,Only 1 left,True,True,"Roadster Casual Boat Shoes Boat Shoes For Men ₹899 ₹2,999 70% off Only 1 left",https://www.flipkart.com/roadster-casual-boat-shoes-men/p/itm36212af378d76?pid=SHOHNWVT2KHX3AZR&lid=LSTSHOHNWVT2KHX3AZRBB6VXR&marketplace=FLIPKART&q=shoes&store=osp&srno=s_1_4&otracker=search&fm=organic&iid=a1b5c58c-aa8b-4306-b42c-da415d6a9051.SHOHNWVT2KHX3AZR.SEARCH&ppt=None&ppn=None&ssid=wf43w5z1ds0000001780910535866&qH=b0a8b6f820479900&ov_redirect=true
Flipkart,shoes,1,HOTSTYLE Trendy & Stylish Running Shoes For Men,₹226,₹999,77% off,No,N/A,None,False,True,HOTSTYLE Trendy & Stylish Running Shoes For Men ₹226 ₹999 77% off Hot Deal,https://www.flipkart.com/hotstyle-trendy-stylish-running-shoes-men/p/itme3f5ce18186c3?pid=SHOG483UHWHEGSE7&lid=LSTSHOG483UHWHEGSE7LOLQHU&marketplace=FLIPKART&q=shoes&store=osp&srno=s_1_5&otracker=search&fm=organic&iid=en_HiUhQEDnJU4ebg38i5S4afzD6SjFC8GxDIs6Ze8K4e5nhzCEwztDTRY1v_qhEqIJW7HEXNBrt85JXgGRKypWJw%3D%3D&ppt=None&ppn=None&ssid=wf43w5z1ds0000001780910535866&qH=b0a8b6f820479900&ov_redirect=true
Flipkart,shoes,1,Birde Premium Memory FoamComfortable Regular Wear Walking Sho,₹470,"₹1,999",76% off,No,N/A,None,False,True,"Birde Premium Memory FoamComfortable Regular Wear Walking Sho... ₹470 ₹1,999 76% off Hot Deal",https://www.flipkart.com/birde-premium-memory-foamcomfortable-regular-wear-walking-shoes-men/p/itm92d249e95ab60?pid=SHOHBXZKYU4RRDWJ&lid=LSTSHOHBXZKYU4RRDWJNJKCPY&marketplace=FLIPKART&q=shoes&store=osp&srno=s_1_6&otracker=search&fm=organic&iid=en_HiUhQEDnJU4ebg38i5S4afzD6SjFC8GxDIs6Ze8K4e6gFG8Mk1c4xDzvYi_A0wZWtZGtRNguJIKTrdSiT8ttHPUFjCTyOHoHZs-Z5_PS_w0%3D&ppt=None&ppn=None&ssid=wf43w5z1ds0000001780910535866&qH=b0a8b6f820479900&ov_redirect=true
Flipkart,shoes,1,Teeny Step Black Boot For Men Boots For Men,₹419,"₹1,599",73% off,No,N/A,Only few left,True,True,"Teeny Step Black Boot For Men Boots For Men ₹419 ₹1,599 73% off Only few left",https://www.flipkart.com/teeny-step-black-boot-men-boots/p/itmb7d60e8f39b6d?pid=SHOHM28SGG2KYX44&lid=LSTSHOHM28SGG2KYX443QBFST&marketplace=FLIPKART&q=shoes&store=osp&srno=s_1_7&otracker=search&fm=organic&iid=a1b5c58c-aa8b-4306-b42c-da415d6a9051.SHOHM28SGG2KYX44.SEARCH&ppt=None&ppn=None&ssid=wf43w5z1ds0000001780910535866&qH=b0a8b6f820479900&ov_redirect=true
Flipkart,shoes,1,Stride Up New Design Lightweight Stylish and Trendy Walking Shoes,₹496,"₹2,499",80% off,No,N/A,Only few left,True,True,"Stride Up New Design Lightweight Stylish and Trendy Walking Shoes... ₹496 ₹2,499 80% off Only few left",https://www.flipkart.com/stride-up-new-design-lightweight-stylish-trendy-walking-shoes-men-sneakers/p/itm7d8d00e3d15e0?pid=SHOHNWFCRSMZUWF7&lid=LSTSHOHNWFCRSMZUWF76NJ9JN&marketplace=FLIPKART&q=shoes&store=osp&srno=s_1_8&otracker=search&fm=organic&iid=a1b5c58c-aa8b-4306-b42c-da415d6a9051.SHOHNWFCRSMZUWF7.SEARCH&ppt=None&ppn=None&ssid=wf43w5z1ds0000001780910535866&qH=b0a8b6f820479900&ov_redirect=true
Flipkart,shoes,1,"JAIPUR DIVINECRAFT Men's Jalsa Jutti,Jutis For Men BROWN Slip On For Men",₹306,₹999,69% off,No,N/A,Only few left,True,False,"JAIPUR DIVINECRAFT Men's Jalsa Jutti,Jutis For Men BROWN Slip On For Men ₹306 ₹999 69% off Only few left",https://www.flipkart.com/jaipur-divinecraft-men-s-jalsa-jutti-jutis-men-brown-slip/p/itm9039281b95659?pid=SHOHMFYFRQGXCCES&lid=LSTSHOHMFYFRQGXCCESH2N3ES&marketplace=FLIPKART&q=shoes&store=osp&srno=s_1_9&otracker=search&fm=organic&iid=a1b5c58c-aa8b-4306-b42c-da415d6a9051.SHOHMFYFRQGXCCES.SEARCH&ppt=None&ppn=None&ssid=wf43w5z1ds0000001780910535866&qH=b0a8b6f820479900&ov_redirect=true
Flipkart,shoes,1,"BERSACHE Premium Sports ,Gym, Trending, Stylish Running Shoes Fo",₹854,"₹4,999",82% off,No,N/A,Lowest price,True,True,"BERSACHE Premium Sports ,Gym, Trending, Stylish Running Shoes Fo... ₹854 ₹4,999 82% off Lowest price in the year",https://www.flipkart.com/bersache-premium-sports-gym-trending-stylish-running-shoes-men/p/itm82a027d495ab0?pid=SHOGWCCAGYQ2WNY7&lid=LSTSHOGWCCAGYQ2WNY7B3VUA0&marketplace=FLIPKART&q=shoes&store=osp&srno=s_1_10&otracker=search&fm=organic&iid=a1b5c58c-aa8b-4306-b42c-da415d6a9051.SHOGWCCAGYQ2WNY7.SEARCH&ppt=None&ppn=None&ssid=wf43w5z1ds0000001780910535866&qH=b0a8b6f820479900&ov_redirect=true
Flipkart,shoes,1,URBANBOX Trending Stylish Casual Outdoor Sneakers Shoes For Men,₹270,₹999,72% off,No,N/A,None,False,True,URBANBOX Trending Stylish Casual Outdoor Sneakers Shoes For Men ... ₹270 ₹999 72% off Hot Deal,https://www.flipkart.com/urbanbox-trending-stylish-casual-outdoor-sneakers-shoes-men/p/itm20f1e7caa80e8?pid=SHOGP8QHAVHFZ6BV&lid=LSTSHOGP8QHAVHFZ6BVZ5TUQV&marketplace=FLIPKART&q=shoes&store=osp&srno=s_1_11&otracker=search&fm=organic&iid=en_HiUhQEDnJU4ebg38i5S4afzD6SjFC8GxDIs6Ze8K4e5VcOMSN9RM1HeMIKhqIiO72pZcUOBDbSV9Ljl8pyCcCPUFjCTyOHoHZs-Z5_PS_w0%3D&ppt=None&ppn=None&ssid=wf43w5z1ds0000001780910535866&qH=b0a8b6f820479900&ov_redirect=true
Flipkart,shoes,1,Echor Casual White Sneakers for Men Sneakers For Men,₹363,"₹1,999",81% off,No,N/A,None,False,True,"Echor Casual White Sneakers for Men Sneakers For Men ₹363 ₹1,999 81% off",https://www.flipkart.com/echor-casual-white-sneakers-men/p/itmda763be74b8e8?pid=SHOHBZJV9KDF3NFY&lid=LSTSHOHBZJV9KDF3NFYMXMRYT&marketplace=FLIPKART&q=shoes&store=osp&srno=s_1_12&otracker=search&fm=organic&iid=en_HiUhQEDnJU4ebg38i5S4afzD6SjFC8GxDIs6Ze8K4e4I_M_h1UmatwydkzFcXFtDomqdVmZYuoFKU1wrNXyg2g%3D%3D&ppt=None&ppn=None&ssid=wf43w5z1ds0000001780910535866&qH=b0a8b6f820479900&ov_redirect=true
Flipkart,shoes,1,RED TAPE Red Tape Athleisure Shoes for Men | Soft Cushioned Inso,"₹1,475","₹8,199",82% off,No,N/A,None,False,True,"RED TAPE Red Tape Athleisure Shoes for Men | Soft Cushioned Inso... ₹1,475 ₹8,199 82% off Hot Deal",https://www.flipkart.com/red-tape-athleisure-shoes-men-soft-cushioned-insole-slip-resistance-walking/p/itm0d9f74c8d4589?pid=SHOHB4GYUWNCJHZG&lid=LSTSHOHB4GYUWNCJHZGRZ7AGA&marketplace=FLIPKART&q=shoes&store=osp&srno=s_1_13&otracker=search&fm=organic&iid=a1b5c58c-aa8b-4306-b42c-da415d6a9051.SHOHB4GYUWNCJHZG.SEARCH&ppt=None&ppn=None&ssid=wf43w5z1ds0000001780910535866&qH=b0a8b6f820479900&ov_redirect=true
Flipkart,shoes,1,URBANBOX Sneakers For Men,₹270,₹999,72% off,No,N/A,Only few left,True,True,URBANBOX Sneakers For Men ₹270 ₹999 72% off Only few left,https://www.flipkart.com/urbanbox-sneakers-men/p/itmb3e2c6aa2ae94?pid=SHOH4V5UYEU8FMFS&lid=LSTSHOH4V5UYEU8FMFSQJUVRK&marketplace=FLIPKART&q=shoes&store=osp&spotlightTagId=default_BestsellerId_osp&srno=s_1_14&otracker=search&fm=organic&iid=a1b5c58c-aa8b-4306-b42c-da415d6a9051.SHOH4V5UYEU8FMFS.SEARCH&ppt=None&ppn=None&ssid=wf43w5z1ds0000001780910535866&qH=b0a8b6f820479900&ov_redirect=true
Flipkart,shoes,1,R RJ TRENDS Men's Brown Mojari Jutti | Stylish Heart-Design Ethnic,₹322,₹999,67% off,No,N/A,Only few left,True,False,R RJ TRENDS Men's Brown Mojari Jutti | Stylish Heart-Design Ethnic ... ₹322 ₹999 67% off Only few left,https://www.flipkart.com/r-rj-trends-men-s-brown-mojari-jutti-stylish-heart-design-ethnic-footwear-bellies-men/p/itmf25df9c2493e6?pid=SHOHNSFGYPKHYCZV&lid=LSTSHOHNSFGYPKHYCZVYGSSON&marketplace=FLIPKART&q=shoes&store=osp&srno=s_1_15&otracker=search&fm=organic&iid=a1b5c58c-aa8b-4306-b42c-da415d6a9051.SHOHNSFGYPKHYCZV.SEARCH&ppt=None&ppn=None&ssid=wf43w5z1ds0000001780910535866&qH=b0a8b6f820479900&ov_redirect=true
Flipkart,shoes,1,aadi Synthetic Leather |Lightweight|Comfort|Summer|Trendy|Wa,₹425,"₹1,999",78% off,No,N/A,None,False,True,"aadi Synthetic Leather |Lightweight|Comfort|Summer|Trendy|Wa... ₹425 ₹1,999 78% off Hot Deal",https://www.flipkart.com/aadi-synthetic-leather-lightweight-comfort-summer-trendy-walking-outdoor-daily-use-boots-men/p/itmf3yy8v8dbz9zg?pid=SHOEGGPNXZMFYNCN&lid=LSTSHOEGGPNXZMFYNCNKPE6TR&marketplace=FLIPKART&q=shoes&store=osp&srno=s_1_16&otracker=search&fm=organic&iid=a1b5c58c-aa8b-4306-b42c-da415d6a9051.SHOEGGPNXZMFYNCN.SEARCH&ppt=None&ppn=None&ssid=wf43w5z1ds0000001780910535866&qH=b0a8b6f820479900&ov_redirect=true
Flipkart,shoes,1,BRUTON Lite Casual Shoes Sneakers For Men,₹374,"₹2,499",85% off,No,N/A,None,False,True,"BRUTON Lite Casual Shoes Sneakers For Men ₹374 ₹2,499 85% off Hot Deal",https://www.flipkart.com/bruton-lite-casual-shoes-sneakers-men/p/itmf4ffe65f7bebc?pid=SHOGYJE3XGGG85HH&lid=LSTSHOGYJE3XGGG85HHVRYIGY&marketplace=FLIPKART&q=shoes&store=osp&srno=s_1_17&otracker=search&fm=organic&iid=en_HiUhQEDnJU4ebg38i5S4afzD6SjFC8GxDIs6Ze8K4e4u6m6c_CZchc4KpJpX-4meXWiW-eha9cJa9Y7S8bQKsvUFjCTyOHoHZs-Z5_PS_w0%3D&ppt=None&ppn=None&ssid=wf43w5z1ds0000001780910535866&qH=b0a8b6f820479900&ov_redirect=true
Flipkart,shoes,1,"KILLER Lightweight,Comfortable,Trendy,Breathable, Sports Runni",₹889,"₹3,999",77% off,No,N/A,None,False,True,"KILLER Lightweight,Comfortable,Trendy,Breathable, Sports Runni... ₹889 ₹3,999 77% off",https://www.flipkart.com/killer-lightweight-comfortable-trendy-breathable-sports-running-shoes-men/p/itm54f361a9c1661?pid=SHOHF7Q95B2CBBCY&lid=LSTSHOHF7Q95B2CBBCYCXDXOF&marketplace=FLIPKART&q=shoes&store=osp&srno=s_1_18&otracker=search&fm=organic&iid=en_HiUhQEDnJU4ebg38i5S4afzD6SjFC8GxDIs6Ze8K4e528qLpkzrJi_o3urHkrl6gngZPV7PAffzR53oBL5vUlg%3D%3D&ppt=None&ppn=None&ssid=wf43w5z1ds0000001780910535866&qH=b0a8b6f820479900&ov_redirect=true
Flipkart,shoes,1,Echor Men's Casual Sneakers- Stylish Trending New Fashion Whi,₹372,"₹1,999",81% off,No,N/A,None,False,True,"Echor Men's Casual Sneakers- Stylish Trending New Fashion Whi... ₹372 ₹1,999 81% off Hot Deal",https://www.flipkart.com/echor-men-s-casual-sneakers-stylish-trending-new-fashion-white-shoes-boys-sneakers-men/p/itm465b23df95f8d?pid=SHOHCC39ACZY5YPV&lid=LSTSHOHCC39ACZY5YPVYGKGXL&marketplace=FLIPKART&q=shoes&store=osp&srno=s_1_19&otracker=search&fm=organic&iid=a1b5c58c-aa8b-4306-b42c-da415d6a9051.SHOHCC39ACZY5YPV.SEARCH&ppt=None&ppn=None&ssid=wf43w5z1ds0000001780910535866&qH=b0a8b6f820479900&ov_redirect=true
Flipkart,shoes,1,SF SFFASHIONSTORE Premium Hand crafted Boot for women Boot,₹629,"₹1,999",68% off,No,N/A,Only few left,True,False,"SF SFFASHIONSTORE Premium Hand crafted Boot for women Boot... ₹629 ₹1,999 68% off Only few left",https://www.flipkart.com/sf-sffashionstore-premium-hand-crafted-boot-women-boots/p/itmfa74ed330539f?pid=SHOHHK2MHSRHHBW4&lid=LSTSHOHHK2MHSRHHBW4OLANED&marketplace=FLIPKART&q=shoes&store=osp&srno=s_1_20&otracker=search&fm=organic&iid=a1b5c58c-aa8b-4306-b42c-da415d6a9051.SHOHHK2MHSRHHBW4.SEARCH&ppt=None&ppn=None&ssid=wf43w5z1ds0000001780910535866&qH=b0a8b6f820479900&ov_redirect=true
Flipkart,shoes,1,URBANBOX Latest Premium Casual Gym Walking Sneaker Sneakers For,₹170,"₹1,498",88% off,No,N/A,None,False,True,"URBANBOX Latest Premium Casual Gym Walking Sneaker Sneakers For ... ₹170 ₹1,498 88% off",https://www.flipkart.com/urbanbox-latest-premium-casual-gym-walking-sneaker-sneakers-men/p/itm0b6f772f236ba?pid=SHOHNYMFRZUGEURY&lid=LSTSHOHNYMFRZUGEURYCTBAKW&marketplace=FLIPKART&q=shoes&store=osp&srno=s_1_21&otracker=search&fm=organic&iid=en_HiUhQEDnJU4ebg38i5S4afzD6SjFC8GxDIs6Ze8K4e6xd_6MDm7KAoF9iSaDo5f18VpIQ0WZXrmJ4ZuhDZcNJg%3D%3D&ppt=None&ppn=None&ssid=wf43w5z1ds0000001780910535866&qH=b0a8b6f820479900&ov_redirect=true
Flipkart,shoes,1,BRUTON Lite Sports Shoes Running Shoes For Men,₹396,"₹2,499",84% off,No,N/A,None,False,True,"BRUTON Lite Sports Shoes Running Shoes For Men ₹396 ₹2,499 84% off Hot Deal",https://www.flipkart.com/bruton-lite-sports-shoes-running-men/p/itm6a11d96a24e7f?pid=SHOGZHWZEHR9HBQB&lid=LSTSHOGZHWZEHR9HBQBKKFJHM&marketplace=FLIPKART&q=shoes&store=osp&srno=s_1_22&otracker=search&fm=organic&iid=en_HiUhQEDnJU4ebg38i5S4afzD6SjFC8GxDIs6Ze8K4e7jxN6skOpOvfeNPp-kRsufLOwfWz8z15tDQFA9le1q1PUFjCTyOHoHZs-Z5_PS_w0%3D&ppt=None&ppn=None&ssid=wf43w5z1ds0000001780910535866&qH=b0a8b6f820479900&ov_redirect=true
Flipkart,shoes,1,Asics GEL-VENTURE 11 Running Shoes For Men,"₹2,849","₹7,499",62% off,No,N/A,None,False,False,"Asics GEL-VENTURE 11 Running Shoes For Men ₹2,849 ₹7,499 62% off Hot Deal",https://www.flipkart.com/asics-gel-venture-11-running-shoes-men/p/itmc08253f68ef7d?pid=SHOHJN75VKADBGRV&lid=LSTSHOHJN75VKADBGRVPXVD6L&marketplace=FLIPKART&q=shoes&store=osp&srno=s_1_23&otracker=search&fm=organic&iid=a1b5c58c-aa8b-4306-b42c-da415d6a9051.SHOHJN75VKADBGRV.SEARCH&ppt=None&ppn=None&ssid=wf43w5z1ds0000001780910535866&qH=b0a8b6f820479900&ov_redirect=true
Flipkart,shoes,1,Abros SUPER ETPU Athleisure Cultured Round-Toe Shape & Hyperb,₹575,"₹2,499",76% off,No,N/A,None,False,True,"Abros SUPER ETPU Athleisure Cultured Round-Toe Shape & Hyperb... ₹575 ₹2,499 76% off Hot Deal",https://www.flipkart.com/abros-super-etpu-athleisure-cultured-round-toe-shape-hyperbeads-technology-walking-shoes-men/p/itm12d9f2138e406?pid=SHOGW3PNYHHYDBES&lid=LSTSHOGW3PNYHHYDBESYV0G32&marketplace=FLIPKART&q=shoes&store=osp&srno=s_1_24&otracker=search&fm=organic&iid=a1b5c58c-aa8b-4306-b42c-da415d6a9051.SHOGW3PNYHHYDBES.SEARCH&ppt=None&ppn=None&ssid=wf43w5z1ds0000001780910535866&qH=b0a8b6f820479900&ov_redirect=true
Flipkart,shoes,1,"asian Cosko Black Sports Shoes,Running Shoes,Walking Shoes,Tr",₹341,₹999,65% off,No,N/A,Lowest price,True,False,"asian Cosko Black Sports Shoes,Running Shoes,Walking Shoes,Tr... ₹341 ₹999 65% off Lowest price since launch",https://www.flipkart.com/asian-cosko-black-sports-shoes-running-shoes-walking-shoes-training-shoes-running-shoes-men/p/itmfew57gfrvrfg8?pid=SHOFA4TKZY5SBDYZ&lid=LSTSHOFA4TKZY5SBDYZSTPRVU&marketplace=FLIPKART&q=shoes&store=osp&srno=s_1_25&otracker=search&fm=organic&iid=a1b5c58c-aa8b-4306-b42c-da415d6a9051.SHOFA4TKZY5SBDYZ.SEARCH&ppt=None&ppn=None&ssid=wf43w5z1ds0000001780910535866&qH=b0a8b6f820479900&ov_redirect=true
Flipkart,shoes,1,"asian Thar-01 Blue Sneakers,Sports,Training,Gym,Walking,Styli",₹460,"₹1,249",63% off,No,N/A,None,False,False,"asian Thar-01 Blue Sneakers,Sports,Training,Gym,Walking,Styli... ₹460 ₹1,249 63% off Hot Deal",https://www.flipkart.com/asian-thar-01-blue-sneakers-sports-training-gym-walking-stylish-running-shoes-men/p/itmaa1055f658fac?pid=SHOGHCHGTWDMSXP4&lid=LSTSHOGHCHGTWDMSXP4X6T3NO&marketplace=FLIPKART&q=shoes&store=osp&srno=s_1_26&otracker=search&fm=organic&iid=a1b5c58c-aa8b-4306-b42c-da415d6a9051.SHOGHCHGTWDMSXP4.SEARCH&ppt=None&ppn=None&ssid=wf43w5z1ds0000001780910535866&qH=b0a8b6f820479900&ov_redirect=true
Flipkart,shoes,1,Echor ESGZWH03 Sneakers For Men,₹391,"₹1,999",80% off,No,N/A,None,False,True,"Echor ESGZWH03 Sneakers For Men ₹391 ₹1,999 80% off Hot Deal",https://www.flipkart.com/echor-esgzwh03-sneakers-men/p/itm4e6c38547d334?pid=SHOHC67SYUAFRZJ8&lid=LSTSHOHC67SYUAFRZJ8EGUYB5&marketplace=FLIPKART&q=shoes&store=osp&srno=s_1_27&otracker=search&fm=organic&iid=en_HiUhQEDnJU4ebg38i5S4afzD6SjFC8GxDIs6Ze8K4e4V2zNb70UD9XEBdUxLXd-eTOpa6jGskHrh7ED5BMICDA%3D%3D&ppt=None&ppn=None&ssid=wf43w5z1ds0000001780910535866&qH=b0a8b6f820479900&ov_redirect=true
Flipkart,shoes,1,BRUTON -740 EVA Men's Sport Shoes Running Shoes For Men,₹374,"₹2,999",87% off,No,N/A,None,False,True,"BRUTON -740 EVA Men's Sport Shoes Running Shoes For Men ₹374 ₹2,999 87% off",https://www.flipkart.com/bruton-740-eva-men-s-sport-shoes-running-men/p/itmc708b7b639208?pid=SHOHBYCAGFX9SD3P&lid=LSTSHOHBYCAGFX9SD3PCD8M7T&marketplace=FLIPKART&q=shoes&store=osp&srno=s_1_28&otracker=search&fm=organic&iid=en_HiUhQEDnJU4ebg38i5S4afzD6SjFC8GxDIs6Ze8K4e7XyNyyfrBjQmIzVftDYJdVqsFJvQgTq7jtAE7d5f934PUFjCTyOHoHZs-Z5_PS_w0%3D&ppt=None&ppn=None&ssid=wf43w5z1ds0000001780910535866&qH=b0a8b6f820479900&ov_redirect=true
Flipkart,shoes,1,VibeStep Men Black Formal Synthetic Leather Office Wear Shoes Co,₹448,"₹2,499",82% off,No,N/A,Only few left,True,True,"VibeStep Men Black Formal Synthetic Leather Office Wear Shoes Co... ₹448 ₹2,499 82% off Only few left",https://www.flipkart.com/vibestep-men-black-formal-synthetic-leather-office-wear-shoes-corporate-casuals/p/itm560a00f0d9c45?pid=SHOHNWMNTMZHYRSR&lid=LSTSHOHNWMNTMZHYRSRH8OLNM&marketplace=FLIPKART&q=shoes&store=osp&srno=s_1_30&otracker=search&fm=organic&iid=a1b5c58c-aa8b-4306-b42c-da415d6a9051.SHOHNWMNTMZHYRSR.SEARCH&ppt=None&ppn=None&ssid=wf43w5z1ds0000001780910535866&qH=b0a8b6f820479900&ov_redirect=true
Flipkart,shoes,1,Echor ESWHTED Sneakers For Men,₹368,"₹1,999",81% off,No,N/A,None,False,True,"Echor ESWHTED Sneakers For Men ₹368 ₹1,999 81% off",https://www.flipkart.com/echor-eswhted-sneakers-men/p/itmbefa822dde5d6?pid=SHOHDUD8V6KNDCWN&lid=LSTSHOHDUD8V6KNDCWNKDPMZR&marketplace=FLIPKART&q=shoes&store=osp&srno=s_1_31&otracker=search&fm=organic&iid=en_HiUhQEDnJU4ebg38i5S4afzD6SjFC8GxDIs6Ze8K4e7bC1727ACbEzJg0nLlEET2JH2DwOfyzkTSK2wL4_6LyQ%3D%3D&ppt=None&ppn=None&ssid=wf43w5z1ds0000001780910535866&qH=b0a8b6f820479900&ov_redirect=true
Flipkart,shoes,1,Birde Premium Comfortable Regular Wear High Tops For Men,₹353,"₹1,499",76% off,No,N/A,None,False,True,"Birde Premium Comfortable Regular Wear High Tops For Men ₹353 ₹1,499 76% off Hot Deal",https://www.flipkart.com/birde-premium-comfortable-regular-wear-high-tops-men/p/itm774f050523a15?pid=SHOGZEQUA3PWFRGZ&lid=LSTSHOGZEQUA3PWFRGZYS1BJD&marketplace=FLIPKART&q=shoes&store=osp&srno=s_1_32&otracker=search&fm=organic&iid=en_HiUhQEDnJU4ebg38i5S4afzD6SjFC8GxDIs6Ze8K4e7_XZn-A0u6Y7oa3ItLe6jKPXEzWj6AO-jYqME9SOYct_UFjCTyOHoHZs-Z5_PS_w0%3D&ppt=None&ppn=None&ssid=wf43w5z1ds0000001780910535866&qH=b0a8b6f820479900&ov_redirect=true
Flipkart,shoes,1,"asian Thar-01 Grey Sneakers,Sports,Training,Gym,Walking,Styli",₹460,"₹1,249",63% off,No,N/A,Only few left,True,False,"asian Thar-01 Grey Sneakers,Sports,Training,Gym,Walking,Styli... ₹460 ₹1,249 63% off Only few left",https://www.flipkart.com/asian-thar-01-grey-sneakers-sports-training-gym-walking-stylish-running-shoes-men/p/itm068b33789b883?pid=SHOGHCHGHHYTNF6X&lid=LSTSHOGHCHGHHYTNF6XDJABBM&marketplace=FLIPKART&q=shoes&store=osp&srno=s_1_33&otracker=search&fm=organic&iid=a1b5c58c-aa8b-4306-b42c-da415d6a9051.SHOGHCHGHHYTNF6X.SEARCH&ppt=None&ppn=None&ssid=wf43w5z1ds0000001780910535866&qH=b0a8b6f820479900&ov_redirect=true
Flipkart,shoes,1,RED TAPE Athleisure Shoes| Cultured Round-Toe Shape & Cushioning,₹845,"₹6,899",87% off,No,N/A,None,False,True,"RED TAPE Athleisure Shoes| Cultured Round-Toe Shape & Cushioning... ₹845 ₹6,899 87% off",https://www.flipkart.com/red-tape-athleisure-shoes-cultured-round-toe-shape-cushioning-technology-walking-shoes-men/p/itm5a51f44db76d2?pid=SHOH3PWJAVGGMY4S&lid=LSTSHOH3PWJAVGGMY4SKHADP5&marketplace=FLIPKART&q=shoes&store=osp&srno=s_1_34&otracker=search&fm=organic&iid=a1b5c58c-aa8b-4306-b42c-da415d6a9051.SHOH3PWJAVGGMY4S.SEARCH&ppt=None&ppn=None&ssid=wf43w5z1ds0000001780910535866&qH=b0a8b6f820479900&ov_redirect=true
Flipkart,shoes,1,KILLER SABER D.GREY T.BLUE Walking Shoes For Men,₹643,"₹2,499",74% off,No,N/A,Only 2 left,True,True,"KILLER SABER D.GREY T.BLUE Walking Shoes For Men ₹643 ₹2,499 74% off Only 2 left",https://www.flipkart.com/killer-saber-d-grey-t-blue-walking-shoes-men/p/itmbe8c8cd04950b?pid=SHOGMKBFMAV9UD2A&lid=LSTSHOGMKBFMAV9UD2AZIFGCN&marketplace=FLIPKART&q=shoes&store=osp&srno=s_1_35&otracker=search&fm=organic&iid=a1b5c58c-aa8b-4306-b42c-da415d6a9051.SHOGMKBFMAV9UD2A.SEARCH&ppt=None&ppn=None&ssid=wf43w5z1ds0000001780910535866&qH=b0a8b6f820479900&ov_redirect=true
Flipkart,shoes,1,KYZEN Casuals For Men,₹448,"₹2,499",82% off,No,N/A,Only few left,True,True,"KYZEN Casuals For Men ₹448 ₹2,499 82% off Only few left",https://www.flipkart.com/kyzen-casuals-men/p/itm77c6f35cac90e?pid=SHOHNWNWHF66SPDB&lid=LSTSHOHNWNWHF66SPDBKSDGVT&marketplace=FLIPKART&q=shoes&store=osp&srno=s_1_36&otracker=search&fm=organic&iid=a1b5c58c-aa8b-4306-b42c-da415d6a9051.SHOHNWNWHF66SPDB.SEARCH&ppt=None&ppn=None&ssid=wf43w5z1ds0000001780910535866&qH=b0a8b6f820479900&ov_redirect=true
Flipkart,shoes,1,CLYMB cosko Lace up walking outdoor waterproof running Runnin,₹378,"₹2,499",84% off,No,N/A,None,False,True,"CLYMB cosko Lace up walking outdoor waterproof running Runnin... ₹378 ₹2,499 84% off Hot Deal",https://www.flipkart.com/clymb-cosko-lace-up-walking-outdoor-waterproof-running-shoes-men/p/itm006a003efffff?pid=SHOFEVVEEHERQS4A&lid=LSTSHOFEVVEEHERQS4AZP1VOS&marketplace=FLIPKART&q=shoes&store=osp&srno=s_1_37&otracker=search&fm=organic&iid=en_HiUhQEDnJU4ebg38i5S4afzD6SjFC8GxDIs6Ze8K4e48nSABmgNO5b8WqxoxyKOmZ8K97_scHzON4txqfkfIBfUFjCTyOHoHZs-Z5_PS_w0%3D&ppt=None&ppn=None&ssid=wf43w5z1ds0000001780910535866&qH=b0a8b6f820479900&ov_redirect=true
Flipkart,shoes,1,RED TAPE Ozark Trail Running Shoes Low-Cut Outdoor Hiking & Trek,"₹1,169","₹7,799",85% off,No,N/A,Lowest price,True,True,"RED TAPE Ozark Trail Running Shoes Low-Cut Outdoor Hiking & Trek... ₹1,169 ₹7,799 85% off Lowest price since launch",https://www.flipkart.com/red-tape-ozark-trail-running-shoes-low-cut-outdoor-hiking-trekking-men/p/itma043e2d46d087?pid=SHOHMCFRB44KGSFZ&lid=LSTSHOHMCFRB44KGSFZU9R9UI&marketplace=FLIPKART&q=shoes&store=osp&srno=s_1_39&otracker=search&fm=organic&iid=a1b5c58c-aa8b-4306-b42c-da415d6a9051.SHOHMCFRB44KGSFZ.SEARCH&ppt=None&ppn=None&ssid=wf43w5z1ds0000001780910535866&qH=b0a8b6f820479900&ov_redirect=true
Flipkart,shoes,1,asian EVEREST-24 Hiking boots outdoor Trekking - Water Resist,"₹1,732","₹3,499",50% off,No,N/A,Only few left,True,False,"asian EVEREST-24 Hiking boots outdoor Trekking - Water Resist... ₹1,732 ₹3,499 50% off Only few left",https://www.flipkart.com/asian-everest-24-hiking-boots-outdoor-trekking-water-resistant-sneakers-men/p/itm039eeb0874408?pid=SHOH8XVZWUGBST2B&lid=LSTSHOH8XVZWUGBST2BZPYJDJ&marketplace=FLIPKART&q=shoes&store=osp&srno=s_1_40&otracker=search&fm=organic&iid=a1b5c58c-aa8b-4306-b42c-da415d6a9051.SHOH8XVZWUGBST2B.SEARCH&ppt=None&ppn=None&ssid=wf43w5z1ds0000001780910535866&qH=b0a8b6f820479900&ov_redirect=true
Flipkart,shoes,2,CAMPUS MIKE (N) Running Shoes For Men,₹872,"₹1,999",56% off,No,N/A,None,False,False,"CAMPUS MIKE (N) Running Shoes For Men ₹872 ₹1,999 56% off Hot Deal",https://www.flipkart.com/campus-mike-n-running-shoes-men/p/itmf8ff8f65cc63f?pid=SHOG2EYZH4KWYP3Y&lid=LSTSHOG2EYZH4KWYP3YQV6YBO&marketplace=FLIPKART&q=shoes&store=osp&srno=s_2_43&otracker=search&fm=organic&iid=3dd2eb6d-1796-4c4f-a202-77685bb52c91.SHOG2EYZH4KWYP3Y.SEARCH&ppt=None&ppn=None&ssid=dli6xskxv40000001780910551102&qH=b0a8b6f820479900&ov_redirect=true
Flipkart,shoes,2,Stride Up Stylish Comfortable Lightweight Sports Running shoes Sn,₹496,"₹2,499",80% off,No,N/A,Only 1 left,True,True,"Stride Up Stylish Comfortable Lightweight Sports Running shoes Sn... ₹496 ₹2,499 80% off Only 1 left",https://www.flipkart.com/stride-up-stylish-comfortable-lightweight-sports-running-shoes-sneakers-men/p/itm856e16f7bd9f1?pid=SHOHNVZYZGGTGJ4H&lid=LSTSHOHNVZYZGGTGJ4HVFHFZK&marketplace=FLIPKART&q=shoes&store=osp&srno=s_2_44&otracker=search&fm=organic&iid=3dd2eb6d-1796-4c4f-a202-77685bb52c91.SHOHNVZYZGGTGJ4H.SEARCH&ppt=None&ppn=None&ssid=dli6xskxv40000001780910551102&qH=b0a8b6f820479900&ov_redirect=true
Flipkart,shoes,2,Abros HAYES Running Shoes For Men,₹458,"₹1,599",71% off,No,N/A,None,False,True,"Abros HAYES Running Shoes For Men ₹458 ₹1,599 71% off",https://www.flipkart.com/abros-hayes-running-shoes-men/p/itm66c8925036021?pid=SHOH42AACW7ZBSAY&lid=LSTSHOH42AACW7ZBSAYTDQTQL&marketplace=FLIPKART&q=shoes&store=osp&srno=s_2_45&otracker=search&fm=organic&iid=3dd2eb6d-1796-4c4f-a202-77685bb52c91.SHOH42AACW7ZBSAY.SEARCH&ppt=None&ppn=None&ssid=dli6xskxv40000001780910551102&qH=b0a8b6f820479900&ov_redirect=true
Flipkart,shoes,2,GOLDSTAR PVC'602 Running Shoes For Men,₹359,₹999,64% off,No,N/A,Lowest price,True,False,GOLDSTAR PVC'602 Running Shoes For Men ₹359 ₹999 64% off Lowest price in the year,https://www.flipkart.com/goldstar-pvc-602-running-shoes-men/p/itm190c0aa6b0a2d?pid=SHOGX8KWYQRJSSYC&lid=LSTSHOGX8KWYQRJSSYCU40RHO&marketplace=FLIPKART&q=shoes&store=osp&srno=s_2_46&otracker=search&fm=organic&iid=3dd2eb6d-1796-4c4f-a202-77685bb52c91.SHOGX8KWYQRJSSYC.SEARCH&ppt=None&ppn=None&ssid=dli6xskxv40000001780910551102&qH=b0a8b6f820479900&ov_redirect=true
Flipkart,shoes,2,Asics GEL-ZARACA 5 B Running Shoes For Men,"₹2,279","₹5,999",62% off,No,N/A,None,False,False,"Asics GEL-ZARACA 5 B Running Shoes For Men ₹2,279 ₹5,999 62% off Hot Deal",https://www.flipkart.com/asics-gel-zaraca-5-b-running-shoes-men/p/itma224e442f1857?pid=SHOHGDNSQZZYTXT2&lid=LSTSHOHGDNSQZZYTXT2EQSW9F&marketplace=FLIPKART&q=shoes&store=osp&srno=s_2_49&otracker=search&fm=organic&iid=3dd2eb6d-1796-4c4f-a202-77685bb52c91.SHOHGDNSQZZYTXT2.SEARCH&ppt=None&ppn=None&ssid=dli6xskxv40000001780910551102&qH=b0a8b6f820479900&ov_redirect=true
Flipkart,shoes,2,CAMPUS OXYFIT (N) Men's Casual Shoes | Memory Foam & PilloFoam,₹668,₹999,33% off,No,N/A,None,False,False,CAMPUS OXYFIT (N) Men's Casual Shoes | Memory Foam & PilloFoam... ₹668 ₹999 33% off,https://www.flipkart.com/campus-oxyfit-n-men-s-casual-shoes-memory-foam-pillofoam-comfort-slip-on-walking-men/p/itmab169b007beb2?pid=SHOGA49HW9AWZV6Y&lid=LSTSHOGA49HW9AWZV6YAAMEND&marketplace=FLIPKART&q=shoes&store=osp&srno=s_2_53&otracker=search&fm=organic&iid=3dd2eb6d-1796-4c4f-a202-77685bb52c91.SHOGA49HW9AWZV6Y.SEARCH&ppt=None&ppn=None&ssid=dli6xskxv40000001780910551102&qH=b0a8b6f820479900&ov_redirect=true
Flipkart,shoes,2,asian Future-01 running shoes For Men,₹634,₹999,36% off,No,N/A,None,False,False,asian Future-01 running shoes For Men ₹634 ₹999 36% off,https://www.flipkart.com/asian-future-01-running-shoes-men/p/itmf3xv7anhcngg8?pid=SHOEEBH7X2RHVMYF&lid=LSTSHOEEBH7X2RHVMYFPUDIPJ&marketplace=FLIPKART&q=shoes&store=osp&srno=s_2_54&otracker=search&fm=organic&iid=3dd2eb6d-1796-4c4f-a202-77685bb52c91.SHOEEBH7X2RHVMYF.SEARCH&ppt=None&ppn=None&ssid=dli6xskxv40000001780910551102&qH=b0a8b6f820479900&ov_redirect=true
Flipkart,shoes,2,"asian Thunder-01 White Color Change Sneakers,Casuals,Loafer S",₹774,"₹1,699",54% off,No,N/A,Only few left,True,False,"asian Thunder-01 White Color Change Sneakers,Casuals,Loafer S... ₹774 ₹1,699 54% off Only few left",https://www.flipkart.com/asian-thunder-01-white-color-change-sneakers-casuals-loafer-sneakers-men/p/itm5a5bd3b7ba955?pid=SHOGN5AFCGHDGZYG&lid=LSTSHOGN5AFCGHDGZYG3AKLZK&marketplace=FLIPKART&q=shoes&store=osp&srno=s_2_55&otracker=search&fm=organic&iid=3dd2eb6d-1796-4c4f-a202-77685bb52c91.SHOGN5AFCGHDGZYG.SEARCH&ppt=None&ppn=None&ssid=dli6xskxv40000001780910551102&qH=b0a8b6f820479900&ov_redirect=true
Flipkart,shoes,2,oktuber sports Casual Slip on Sneakers | Lightweight Men Shoes Casuals,₹443,₹799,44% off,No,N/A,Only few left,True,False,oktuber sports Casual Slip on Sneakers | Lightweight Men Shoes Casuals... ₹443 ₹799 44% off Only few left,https://www.flipkart.com/oktuber-sports-casual-slip-sneakers-lightweight-men-shoes-casuals/p/itm129a8fabb3ee3?pid=SHOHNJFAKZBBYWF6&lid=LSTSHOHNJFAKZBBYWF6CBOQQB&marketplace=FLIPKART&q=shoes&store=osp&srno=s_2_56&otracker=search&fm=organic&iid=3dd2eb6d-1796-4c4f-a202-77685bb52c91.SHOHNJFAKZBBYWF6.SEARCH&ppt=None&ppn=None&ssid=dli6xskxv40000001780910551102&qH=b0a8b6f820479900&ov_redirect=true
Flipkart,shoes,2,RED TAPE Casual Sneaker Shoes for Men | Elegantly Rounded Front,₹890,"₹7,299",87% off,No,N/A,None,False,True,"RED TAPE Casual Sneaker Shoes for Men | Elegantly Rounded Front,... ₹890 ₹7,299 87% off Hot Deal",https://www.flipkart.com/red-tape-casual-sneaker-shoes-men-elegantly-rounded-front-soothing-insole-sneakers/p/itmb19cd296a9fc1?pid=SHOH8YUMMAFFYCGS&lid=LSTSHOH8YUMMAFFYCGSOLFQVZ&marketplace=FLIPKART&q=shoes&store=osp&srno=s_2_59&otracker=search&fm=organic&iid=3dd2eb6d-1796-4c4f-a202-77685bb52c91.SHOH8YUMMAFFYCGS.SEARCH&ppt=None&ppn=None&ssid=dli6xskxv40000001780910551102&qH=b0a8b6f820479900&ov_redirect=true
Flipkart,shoes,2,PUMA Puma Smashic Sneakers For Men,"₹1,665","₹4,499",62% off,No,N/A,None,False,False,"PUMA Puma Smashic Sneakers For Men ₹1,665 ₹4,499 62% off Hot Deal",https://www.flipkart.com/puma-smashic-sneakers-men/p/itm8aee29815a73b?pid=SHOH8UHV4XVPTFUW&lid=LSTSHOH8UHV4XVPTFUWMPPL0T&marketplace=FLIPKART&q=shoes&store=osp&srno=s_2_60&otracker=search&fm=organic&iid=3dd2eb6d-1796-4c4f-a202-77685bb52c91.SHOH8UHV4XVPTFUW.SEARCH&ppt=None&ppn=None&ssid=dli6xskxv40000001780910551102&qH=b0a8b6f820479900&ov_redirect=true
Flipkart,shoes,2,RED TAPE Athleisure Shoes for Men | Cultured Round-Toe Shape & C,₹845,"₹6,899",87% off,No,N/A,None,False,True,"RED TAPE Athleisure Shoes for Men | Cultured Round-Toe Shape & C... ₹845 ₹6,899 87% off",https://www.flipkart.com/red-tape-athleisure-shoes-men-cultured-round-toe-shape-cushioning-technology-walking/p/itm904aea15b4c7b?pid=SHOH3PWJGFFCRMEM&lid=LSTSHOH3PWJGFFCRMEM9SLXQT&marketplace=FLIPKART&q=shoes&store=osp&srno=s_2_63&otracker=search&fm=organic&iid=3dd2eb6d-1796-4c4f-a202-77685bb52c91.SHOH3PWJGFFCRMEM.SEARCH&ppt=None&ppn=None&ssid=dli6xskxv40000001780910551102&qH=b0a8b6f820479900&ov_redirect=true
Flipkart,shoes,2,Ekaaya Mojaris For Men,₹808,"₹1,699",52% off,No,N/A,Only few left,True,False,"Ekaaya Mojaris For Men ₹808 ₹1,699 52% off Only few left",https://www.flipkart.com/ekaaya-mojaris-men/p/itm7c31314f2c75b?pid=SHOHNXGPGY7JSYJS&lid=LSTSHOHNXGPGY7JSYJS1ZPXCL&marketplace=FLIPKART&q=shoes&store=osp&srno=s_2_64&otracker=search&fm=organic&iid=3dd2eb6d-1796-4c4f-a202-77685bb52c91.SHOHNXGPGY7JSYJS.SEARCH&ppt=None&ppn=None&ssid=dli6xskxv40000001780910551102&qH=b0a8b6f820479900&ov_redirect=true
Flipkart,shoes,2,"asian Mexico-01 Chunky Sneakers,Loafers,Walking Shoes Sneaker",₹749,"₹1,499",50% off,No,N/A,None,False,False,"asian Mexico-01 Chunky Sneakers,Loafers,Walking Shoes Sneaker... ₹749 ₹1,499 50% off",https://www.flipkart.com/asian-mexico-01-chunky-sneakers-loafers-walking-shoes-sneakers-men/p/itm437cd51a91ef6?pid=SHOH5Z24DJYWEAXY&lid=LSTSHOH5Z24DJYWEAXY9NDTJG&marketplace=FLIPKART&q=shoes&store=osp&srno=s_2_65&otracker=search&fm=organic&iid=3dd2eb6d-1796-4c4f-a202-77685bb52c91.SHOH5Z24DJYWEAXY.SEARCH&ppt=None&ppn=None&ssid=dli6xskxv40000001780910551102&qH=b0a8b6f820479900&ov_redirect=true
Flipkart,shoes,2,"BERSACHE Sneaker, Loafers ,Casual With Extra Comfort Sneakers Fo",₹735,"₹1,999",63% off,No,N/A,Only few left,True,False,"BERSACHE Sneaker, Loafers ,Casual With Extra Comfort Sneakers Fo... ₹735 ₹1,999 63% off Only few left",https://www.flipkart.com/bersache-sneaker-loafers-casual-extra-comfort-sneakers-men/p/itmde4ffbe97f215?pid=SHOGNFYGXY7S2ZYC&lid=LSTSHOGNFYGXY7S2ZYC1PWX2F&marketplace=FLIPKART&q=shoes&store=osp&srno=s_2_66&otracker=search&fm=organic&iid=3dd2eb6d-1796-4c4f-a202-77685bb52c91.SHOGNFYGXY7S2ZYC.SEARCH&ppt=None&ppn=None&ssid=dli6xskxv40000001780910551102&qH=b0a8b6f820479900&ov_redirect=true
Flipkart,shoes,2,CAMPUS RODEO PRO Men's Sports Shoes | Cushioned Comfort | Brea,₹592,"₹1,299",54% off,No,N/A,Only 1 left,True,False,"CAMPUS RODEO PRO Men's Sports Shoes | Cushioned Comfort | Brea... ₹592 ₹1,299 54% off Only 1 left",https://www.flipkart.com/campus-rodeo-pro-men-s-sports-shoes-cushioned-comfort-breathable-mesh-lace-up-running-men/p/itm444659750789d?pid=SHOGANAAAR6AUUNH&lid=LSTSHOGANAAAR6AUUNHWLWRUM&marketplace=FLIPKART&q=shoes&store=osp&srno=s_2_69&otracker=search&fm=organic&iid=3dd2eb6d-1796-4c4f-a202-77685bb52c91.SHOGANAAAR6AUUNH.SEARCH&ppt=None&ppn=None&ssid=dli6xskxv40000001780910551102&qH=b0a8b6f820479900&ov_redirect=true
Flipkart,shoes,2,Money collection Casuals For Men,₹270,₹999,72% off,No,N/A,Only few left,True,True,Money collection Casuals For Men ₹270 ₹999 72% off Only few left,https://www.flipkart.com/money-collection-casuals-men/p/itm52b74ed36585c?pid=SHOHNYRHQ6MJ9JDG&lid=LSTSHOHNYRHQ6MJ9JDGL2YFIY&marketplace=FLIPKART&q=shoes&store=osp&srno=s_2_70&otracker=search&fm=organic&iid=3dd2eb6d-1796-4c4f-a202-77685bb52c91.SHOHNYRHQ6MJ9JDG.SEARCH&ppt=None&ppn=None&ssid=dli6xskxv40000001780910551102&qH=b0a8b6f820479900&ov_redirect=true
Flipkart,shoes,2,PUMA Galaxis Pro Running Shoes For Men,"₹2,753","₹6,999",60% off,No,N/A,Lowest price,True,False,"PUMA Galaxis Pro Running Shoes For Men ₹2,753 ₹6,999 60% off Lowest price in the year",https://www.flipkart.com/puma-galaxis-pro-running-shoes-men/p/itm394d964f897a9?pid=SHOH95Z3PGKE3HSV&lid=LSTSHOH95Z3PGKE3HSVB7A1F8&marketplace=FLIPKART&q=shoes&store=osp&srno=s_2_73&otracker=search&fm=organic&iid=3dd2eb6d-1796-4c4f-a202-77685bb52c91.SHOH95Z3PGKE3HSV.SEARCH&ppt=None&ppn=None&ssid=dli6xskxv40000001780910551102&qH=b0a8b6f820479900&ov_redirect=true
Flipkart,shoes,2,CAMPUS HURRICANE Running Shoes For Men,₹810,"₹1,699",52% off,No,N/A,None,False,False,"CAMPUS HURRICANE Running Shoes For Men ₹810 ₹1,699 52% off",https://www.flipkart.com/campus-hurricane-running-shoes-men/p/itmde24f617a5ae4?pid=SHOG6DZSPKGZF6C8&lid=LSTSHOG6DZSPKGZF6C8SYJ90S&marketplace=FLIPKART&q=shoes&store=osp&srno=s_2_74&otracker=search&fm=organic&iid=3dd2eb6d-1796-4c4f-a202-77685bb52c91.SHOG6DZSPKGZF6C8.SEARCH&ppt=None&ppn=None&ssid=dli6xskxv40000001780910551102&qH=b0a8b6f820479900&ov_redirect=true
Flipkart,shoes,2,RED TAPE Casuals For Men,₹876,"₹6,499",86% off,No,N/A,None,False,True,"RED TAPE Casuals For Men ₹876 ₹6,499 86% off Hot Deal",https://www.flipkart.com/red-tape-casuals-men/p/itmfe738d2fad6e0?pid=SHOHHFB82JX66CN3&lid=LSTSHOHHFB82JX66CN3MNFEP4&marketplace=FLIPKART&q=shoes&store=osp&spotlightTagId=default_BestsellerId_osp&srno=s_2_75&otracker=search&fm=organic&iid=3dd2eb6d-1796-4c4f-a202-77685bb52c91.SHOHHFB82JX66CN3.SEARCH&ppt=None&ppn=None&ssid=dli6xskxv40000001780910551102&qH=b0a8b6f820479900&ov_redirect=true
Flipkart,shoes,2,"JAIPUR DIVINECRAFT Men's Jalsa Jutti,Jutis For Men WHITE Slip On For Men",₹340,₹999,65% off,No,N/A,Only few left,True,False,"JAIPUR DIVINECRAFT Men's Jalsa Jutti,Jutis For Men WHITE Slip On For Men ₹340 ₹999 65% off Only few left",https://www.flipkart.com/jaipur-divinecraft-men-s-jalsa-jutti-jutis-men-white-slip/p/itmf35ee88202d26?pid=SHOHHQVFT3KRZVXR&lid=LSTSHOHHQVFT3KRZVXRU8KARV&marketplace=FLIPKART&q=shoes&store=osp&srno=s_2_76&otracker=search&fm=organic&iid=3dd2eb6d-1796-4c4f-a202-77685bb52c91.SHOHHQVFT3KRZVXR.SEARCH&ppt=None&ppn=None&ssid=dli6xskxv40000001780910551102&qH=b0a8b6f820479900&ov_redirect=true
Flipkart,shoes,2,asian Oxygen-01 dual capsule technology Latest Stylish Casual,₹737,"₹1,999",63% off,No,N/A,None,False,False,"asian Oxygen-01 dual capsule technology Latest Stylish Casual... ₹737 ₹1,999 63% off Hot Deal",https://www.flipkart.com/asian-oxygen-01-dual-capsule-technology-latest-stylish-casual-lace-up-lightweight-running-shoes-men/p/itm377956c02645a?pid=SHOG9ZZDW7HBNAGJ&lid=LSTSHOG9ZZDW7HBNAGJMT3SPZ&marketplace=FLIPKART&q=shoes&store=osp&srno=s_2_78&otracker=search&fm=organic&iid=en_gyCh3yKn4kqrhriau0MWD-j82hfjV9-ag2QR_dT-WWqHCsOynOXHnfYNpiW62L-2OxO-m_Q7IjVjYUg2sSOIMB7zrT4gkWAkPCdPBnPCejA%3D&ppt=None&ppn=None&ssid=dli6xskxv40000001780910551102&qH=b0a8b6f820479900&ov_redirect=true
Flipkart,shoes,2,REEBOK Stride Runner Running Shoes For Men,₹890,"₹2,499",64% off,No,N/A,Only few left,True,False,"REEBOK Stride Runner Running Shoes For Men ₹890 ₹2,499 64% off Only few left",https://www.flipkart.com/reebok-stride-runner-running-shoes-men/p/itma87745aba34cb?pid=SHOG9XNHNCASXKCK&lid=LSTSHOG9XNHNCASXKCKX7UFT7&marketplace=FLIPKART&q=shoes&store=osp&srno=s_2_79&otracker=search&fm=organic&iid=3dd2eb6d-1796-4c4f-a202-77685bb52c91.SHOG9XNHNCASXKCK.SEARCH&ppt=None&ppn=None&ssid=dli6xskxv40000001780910551102&qH=b0a8b6f820479900&ov_redirect=true
Flipkart,shoes,2,CAMPUS HURRICANE Running Shoes For Men,₹748,"₹1,699",55% off,No,N/A,Only 1 left,True,False,"CAMPUS HURRICANE Running Shoes For Men ₹748 ₹1,699 55% off Only 1 left",https://www.flipkart.com/campus-hurricane-running-shoes-men/p/itme55da032c2427?pid=SHOG6BNZCWQZ5YZZ&lid=LSTSHOG6BNZCWQZ5YZZX5SIOI&marketplace=FLIPKART&q=shoes&store=osp&srno=s_2_80&otracker=search&fm=organic&iid=3dd2eb6d-1796-4c4f-a202-77685bb52c91.SHOG6BNZCWQZ5YZZ.SEARCH&ppt=None&ppn=None&ssid=dli6xskxv40000001780910551102&qH=b0a8b6f820479900&ov_redirect=true
Flipkart,shoes,3,VEXIMO Sports Shoes for Men | Running Shoes | Casual Shoes for,₹399,"₹2,499",84% off,No,N/A,None,False,True,"VEXIMO Sports Shoes for Men | Running Shoes | Casual Shoes for... ₹399 ₹2,499 84% off",https://www.flipkart.com/veximo-sports-shoes-men-running-casual-gym-casuals/p/itma3208d995e373?pid=SHOHJZJEPQ2DRPV5&lid=LSTSHOHJZJEPQ2DRPV5W9PR6W&marketplace=FLIPKART&q=shoes&store=osp&srno=s_3_81&otracker=search&fm=organic&iid=en_G3RIfuTnD0oo7b2NYH37-nTXjiyD6ow2NnMQZDT6patfMTMVVuwcf_IN8a_A5VWQJJKA5PCwjiqJqY5_S3gpSg%3D%3D&ppt=None&ppn=None&ssid=is766ry1e80000001780910564884&qH=b0a8b6f820479900&ov_redirect=true
Flipkart,shoes,3,"asian WNDR-13 Pro Black Sports,Casual,Walking.Gym,Training,St",₹701,"₹1,499",53% off,No,N/A,None,False,False,"asian WNDR-13 Pro Black Sports,Casual,Walking.Gym,Training,St... ₹701 ₹1,499 53% off",https://www.flipkart.com/asian-wndr-13-pro-black-sports-casual-walking-gym-training-stylish-running-shoes-men/p/itm15112ad232f1c?pid=SHOGHJ55ZHAUKGKU&lid=LSTSHOGHJ55ZHAUKGKUJIOPYV&marketplace=FLIPKART&q=shoes&store=osp&srno=s_3_83&otracker=search&fm=organic&iid=370201cb-892f-4ccd-9fc0-d2e77ef7b869.SHOGHJ55ZHAUKGKU.SEARCH&ppt=None&ppn=None&ssid=is766ry1e80000001780910564884&qH=b0a8b6f820479900&ov_redirect=true
Flipkart,shoes,3,RED TAPE Men's Lifestyle Sneakers for Everyday Casual Wear Sneak,₹845,"₹6,899",87% off,No,N/A,None,False,True,"RED TAPE Men's Lifestyle Sneakers for Everyday Casual Wear Sneak... ₹845 ₹6,899 87% off Hot Deal",https://www.flipkart.com/red-tape-men-s-lifestyle-sneakers-everyday-casual-wear-men/p/itm1e892bdc6e472?pid=SHOHF63YHFAZXCC2&lid=LSTSHOHF63YHFAZXCC2J4ZEKT&marketplace=FLIPKART&q=shoes&store=osp&srno=s_3_84&otracker=search&fm=organic&iid=370201cb-892f-4ccd-9fc0-d2e77ef7b869.SHOHF63YHFAZXCC2.SEARCH&ppt=None&ppn=None&ssid=is766ry1e80000001780910564884&qH=b0a8b6f820479900&ov_redirect=true
Flipkart,shoes,3,"asian Sneaker For Men| Soft Cushioned Insole, Slip-Resistance","₹1,352","₹2,499",45% off,No,N/A,None,False,False,"asian Sneaker For Men| Soft Cushioned Insole, Slip-Resistance... ₹1,352 ₹2,499 45% off",https://www.flipkart.com/asian-sneaker-men-soft-cushioned-insole-slip-resistance-training-gym-shoes-running-men/p/itm9c5b253e9f2be?pid=SHOH4MEKVY6UPJDZ&lid=LSTSHOH4MEKVY6UPJDZSVJ1FM&marketplace=FLIPKART&q=shoes&store=osp&srno=s_3_85&otracker=search&fm=organic&iid=370201cb-892f-4ccd-9fc0-d2e77ef7b869.SHOH4MEKVY6UPJDZ.SEARCH&ppt=None&ppn=None&ssid=is766ry1e80000001780910564884&qH=b0a8b6f820479900&ov_redirect=true
Flipkart,shoes,3,SPRENGE Walking Shoes For Men,₹450,"₹1,999",77% off,No,N/A,Only few left,True,True,"SPRENGE Walking Shoes For Men ₹450 ₹1,999 77% off Only few left",https://www.flipkart.com/sprenge-walking-shoes-men/p/itmde5b20ac5892f?pid=SHOGVSAYDZKC3YTZ&lid=LSTSHOGVSAYDZKC3YTZVUSXAN&marketplace=FLIPKART&q=shoes&store=osp&srno=s_3_86&otracker=search&fm=organic&iid=370201cb-892f-4ccd-9fc0-d2e77ef7b869.SHOGVSAYDZKC3YTZ.SEARCH&ppt=None&ppn=None&ssid=is766ry1e80000001780910564884&qH=b0a8b6f820479900&ov_redirect=true
Flipkart,shoes,3,"KILLER Lightweight,Comfortable,Trendy,Breathable, Sports Runni",₹898,"₹3,999",77% off,No,N/A,None,False,True,"KILLER Lightweight,Comfortable,Trendy,Breathable, Sports Runni... ₹898 ₹3,999 77% off",https://www.flipkart.com/killer-lightweight-comfortable-trendy-breathable-sports-running-shoes-men/p/itm4ab62369e240c?pid=SHOHCTH4FT7WVHAU&lid=LSTSHOHCTH4FT7WVHAUGPHPAW&marketplace=FLIPKART&q=shoes&store=osp&srno=s_3_89&otracker=search&fm=organic&iid=370201cb-892f-4ccd-9fc0-d2e77ef7b869.SHOHCTH4FT7WVHAU.SEARCH&ppt=None&ppn=None&ssid=is766ry1e80000001780910564884&qH=b0a8b6f820479900&ov_redirect=true
Flipkart,shoes,3,JQR GLOBAL PLUS Running Shoes For Men,₹676,"₹1,699",60% off,No,N/A,None,False,False,"JQR GLOBAL PLUS Running Shoes For Men ₹676 ₹1,699 60% off Hot Deal",https://www.flipkart.com/jqr-global-plus-running-shoes-men/p/itmc07cdbe340802?pid=SHOGHZNRFRRCENT2&lid=LSTSHOGHZNRFRRCENT2DTFJYG&marketplace=FLIPKART&q=shoes&store=osp&srno=s_3_92&otracker=search&fm=organic&iid=en_G3RIfuTnD0oo7b2NYH37-nTXjiyD6ow2NnMQZDT6pavkgQWEIMFSc6beCjIPGrSwaG18cFQjBuoCv4DuGvg-EfUFjCTyOHoHZs-Z5_PS_w0%3D&ppt=None&ppn=None&ssid=is766ry1e80000001780910564884&qH=b0a8b6f820479900&ov_redirect=true
Flipkart,shoes,3,CAMPUS BRAZIL PRO Training & Gym Shoes For Men,₹851,"₹1,599",46% off,No,N/A,None,False,False,"CAMPUS BRAZIL PRO Training & Gym Shoes For Men ₹851 ₹1,599 46% off Hot Deal",https://www.flipkart.com/campus-brazil-pro-training-gym-shoes-men/p/itm811caca58779d?pid=SHOFZCTYMGM6PGGZ&lid=LSTSHOFZCTYMGM6PGGZPNKAPX&marketplace=FLIPKART&q=shoes&store=osp&srno=s_3_93&otracker=search&fm=organic&iid=370201cb-892f-4ccd-9fc0-d2e77ef7b869.SHOFZCTYMGM6PGGZ.SEARCH&ppt=None&ppn=None&ssid=is766ry1e80000001780910564884&qH=b0a8b6f820479900&ov_redirect=true
Flipkart,shoes,3,U.S. POLO ASSN. VANCER Sneakers For Men,"₹1,549","₹3,699",58% off,No,N/A,Only 5 left,True,False,"U.S. POLO ASSN. VANCER Sneakers For Men ₹1,549 ₹3,699 58% off Only 5 left",https://www.flipkart.com/u-s-polo-assn-vancer-sneakers-men/p/itm232a0bd086a2f?pid=SHOH8BDG8QXPKSWA&lid=LSTSHOH8BDG8QXPKSWAQOJNED&marketplace=FLIPKART&q=shoes&store=osp&srno=s_3_94&otracker=search&fm=organic&iid=370201cb-892f-4ccd-9fc0-d2e77ef7b869.SHOH8BDG8QXPKSWA.SEARCH&ppt=None&ppn=None&ssid=is766ry1e80000001780910564884&qH=b0a8b6f820479900&ov_redirect=true
Flipkart,shoes,3,asian wndr-13 sports shoes for men | Latest Stylish Casual sp,₹670,₹999,32% off,No,N/A,Only few left,True,False,asian wndr-13 sports shoes for men | Latest Stylish Casual sp... ₹670 ₹999 32% off Only few left,https://www.flipkart.com/asian-wndr-13-sports-shoes-men-latest-stylish-casual-sport-running-boys-lace-up-lightweight-gray-running-walking-gym-trekking-hiking-party-running/p/itmfexam9utsputk?pid=SHOF5RFKGJXHFEVD&lid=LSTSHOF5RFKGJXHFEVD8FVN50&marketplace=FLIPKART&q=shoes&store=osp&srno=s_3_95&otracker=search&fm=organic&iid=370201cb-892f-4ccd-9fc0-d2e77ef7b869.SHOF5RFKGJXHFEVD.SEARCH&ppt=None&ppn=None&ssid=is766ry1e80000001780910564884&qH=b0a8b6f820479900&ov_redirect=true
Flipkart,shoes,3,"AJANTA Loafer Shoes, Lightweight Moccasin for Office & Casual",₹296,₹699,57% off,No,N/A,None,False,False,"AJANTA Loafer Shoes, Lightweight Moccasin for Office & Casual,... ₹296 ₹699 57% off",https://www.flipkart.com/ajanta-loafer-shoes-lightweight-moccasin-office-casual-waterproof-loafers-men/p/itm3d4442f7f02e3?pid=SHOGA48UTFHYU8WQ&lid=LSTSHOGA48UTFHYU8WQ13J2RS&marketplace=FLIPKART&q=shoes&store=osp&srno=s_3_96&otracker=search&fm=organic&iid=370201cb-892f-4ccd-9fc0-d2e77ef7b869.SHOGA48UTFHYU8WQ.SEARCH&ppt=None&ppn=None&ssid=is766ry1e80000001780910564884&qH=b0a8b6f820479900&ov_redirect=true
Flipkart,shoes,3,BRUTON Trendy Sports Running Shoes For Men,₹253,"₹1,299",80% off,No,N/A,None,False,True,"BRUTON Trendy Sports Running Shoes For Men ₹253 ₹1,299 80% off Hot Deal",https://www.flipkart.com/bruton-trendy-sports-running-shoes-men/p/itm13f350839779f?pid=SHOHAHHXNKJBYC6B&lid=LSTSHOHAHHXNKJBYC6B2ETBGW&marketplace=FLIPKART&q=shoes&store=osp&srno=s_3_97&otracker=search&fm=organic&iid=en_G3RIfuTnD0oo7b2NYH37-nTXjiyD6ow2NnMQZDT6paut7B68GQSPKn_BsSbisN-DAZsd0Ht8RB3Pl2LWaLLIdA%3D%3D&ppt=None&ppn=None&ssid=is766ry1e80000001780910564884&qH=b0a8b6f820479900&ov_redirect=true
Flipkart,shoes,3,REEBOK COTS ZANE Sneakers For Men,"₹1,143","₹2,599",56% off,No,N/A,None,False,False,"REEBOK COTS ZANE Sneakers For Men ₹1,143 ₹2,599 56% off Hot Deal",https://www.flipkart.com/reebok-cots-zane-sneakers-men/p/itm2709b34fb4935?pid=SHOHFMR7YSA6GHMV&lid=LSTSHOHFMR7YSA6GHMVSCI0GF&marketplace=FLIPKART&q=shoes&store=osp&srno=s_3_99&otracker=search&fm=organic&iid=370201cb-892f-4ccd-9fc0-d2e77ef7b869.SHOHFMR7YSA6GHMV.SEARCH&ppt=None&ppn=None&ssid=is766ry1e80000001780910564884&qH=b0a8b6f820479900&ov_redirect=true
Flipkart,shoes,3,Skechers SUMMITS Sneakers For Men,"₹1,732","₹4,499",61% off,No,N/A,None,False,False,"Skechers SUMMITS Sneakers For Men ₹1,732 ₹4,499 61% off Hot Deal",https://www.flipkart.com/skechers-summits-sneakers-men/p/itm6f44c432ac9c6?pid=SHOGXHNBVVMDHP9H&lid=LSTSHOGXHNBVVMDHP9HFF6FAA&marketplace=FLIPKART&q=shoes&store=osp&srno=s_3_100&otracker=search&fm=organic&iid=370201cb-892f-4ccd-9fc0-d2e77ef7b869.SHOGXHNBVVMDHP9H.SEARCH&ppt=None&ppn=None&ssid=is766ry1e80000001780910564884&qH=b0a8b6f820479900&ov_redirect=true
Flipkart,shoes,3,REEBOK STRIDE RUNNER Running Shoes For Men,"₹1,221","₹2,599",53% off,No,N/A,None,False,False,"REEBOK STRIDE RUNNER Running Shoes For Men ₹1,221 ₹2,599 53% off Hot Deal",https://www.flipkart.com/reebok-stride-runner-running-shoes-men/p/itm91e652d560056?pid=SHOHDSHH8VTZ76CW&lid=LSTSHOHDSHH8VTZ76CWBZUP82&marketplace=FLIPKART&q=shoes&store=osp&srno=s_3_103&otracker=search&fm=organic&iid=370201cb-892f-4ccd-9fc0-d2e77ef7b869.SHOHDSHH8VTZ76CW.SEARCH&ppt=None&ppn=None&ssid=is766ry1e80000001780910564884&qH=b0a8b6f820479900&ov_redirect=true
Flipkart,shoes,3,RED TAPE Men’s Lifestyle Sneakers with Classic Comfort and Casua,₹773,"₹6,299",87% off,No,N/A,None,False,True,"RED TAPE Men’s Lifestyle Sneakers with Classic Comfort and Casua... ₹773 ₹6,299 87% off Hot Deal",https://www.flipkart.com/red-tape-mens-lifestyle-sneakers-classic-comfort-casual-style-men/p/itm5108fd6d4f3f0?pid=SHOHFKMAMCXRYNBX&lid=LSTSHOHFKMAMCXRYNBX8S9RLF&marketplace=FLIPKART&q=shoes&store=osp&srno=s_3_104&otracker=search&fm=organic&iid=370201cb-892f-4ccd-9fc0-d2e77ef7b869.SHOHFKMAMCXRYNBX.SEARCH&ppt=None&ppn=None&ssid=is766ry1e80000001780910564884&qH=b0a8b6f820479900&ov_redirect=true
Flipkart,shoes,3,asian Sneakers For Men,"₹1,059","₹1,999",47% off,No,N/A,Lowest price,True,False,"asian Sneakers For Men ₹1,059 ₹1,999 47% off Lowest price in the year",https://www.flipkart.com/asian-sneakers-men/p/itmbaefe8cb847bd?pid=SHOG5WA9SH4JR6DA&lid=LSTSHOG5WA9SH4JR6DAMOPH6P&marketplace=FLIPKART&q=shoes&store=osp&srno=s_3_105&otracker=search&fm=organic&iid=370201cb-892f-4ccd-9fc0-d2e77ef7b869.SHOG5WA9SH4JR6DA.SEARCH&ppt=None&ppn=None&ssid=is766ry1e80000001780910564884&qH=b0a8b6f820479900&ov_redirect=true
Flipkart,shoes,3,RED TAPE Athleisure Shoes for Men |Cultured Round-Toe Shape & Cu,"₹1,019","₹7,499",86% off,No,N/A,None,False,True,"RED TAPE Athleisure Shoes for Men |Cultured Round-Toe Shape & Cu... ₹1,019 ₹7,499 86% off Hot Deal",https://www.flipkart.com/red-tape-athleisure-shoes-men-cultured-round-toe-shape-cushioning-technology-walking/p/itma0f8c4c8320a0?pid=SHOH8YUHRSKVQGME&lid=LSTSHOH8YUHRSKVQGMEXJR6K5&marketplace=FLIPKART&q=shoes&store=osp&spotlightTagId=default_TrendingId_osp&srno=s_3_106&otracker=search&fm=organic&iid=370201cb-892f-4ccd-9fc0-d2e77ef7b869.SHOH8YUHRSKVQGME.SEARCH&ppt=None&ppn=None&ssid=is766ry1e80000001780910564884&qH=b0a8b6f820479900&ov_redirect=true
Flipkart,shoes,3,CAMPUS HURRICANE Running Shoes For Men,₹789,"₹1,699",53% off,No,N/A,None,False,False,"CAMPUS HURRICANE Running Shoes For Men ₹789 ₹1,699 53% off",https://www.flipkart.com/campus-hurricane-running-shoes-men/p/itm2f045a1c43285?pid=SHOG6BNGGAXMGJZH&lid=LSTSHOG6BNGGAXMGJZHDKH5ZC&marketplace=FLIPKART&q=shoes&store=osp&srno=s_3_109&otracker=search&fm=organic&iid=370201cb-892f-4ccd-9fc0-d2e77ef7b869.SHOG6BNGGAXMGJZH.SEARCH&ppt=None&ppn=None&ssid=is766ry1e80000001780910564884&qH=b0a8b6f820479900&ov_redirect=true
Flipkart,shoes,3,PUMA Pro Fade Running Shoes For Men,"₹3,600","₹7,999",54% off,No,N/A,None,False,False,"PUMA Pro Fade Running Shoes For Men ₹3,600 ₹7,999 54% off Hot Deal",https://www.flipkart.com/puma-pro-fade-running-shoes-men/p/itm77e4b5099817b?pid=SHOH43HGJP3QVK63&lid=LSTSHOH43HGJP3QVK637LNFC9&marketplace=FLIPKART&q=shoes&store=osp&srno=s_3_110&otracker=search&fm=organic&iid=370201cb-892f-4ccd-9fc0-d2e77ef7b869.SHOH43HGJP3QVK63.SEARCH&ppt=None&ppn=None&ssid=is766ry1e80000001780910564884&qH=b0a8b6f820479900&ov_redirect=true
Flipkart,shoes,3,JQR EAST PLUS Running Shoes For Men,₹511,"₹1,249",59% off,No,N/A,None,False,False,"JQR EAST PLUS Running Shoes For Men ₹511 ₹1,249 59% off Hot Deal",https://www.flipkart.com/jqr-east-plus-running-shoes-men/p/itmcd9bd3048eed5?pid=SHOGHZGWYXV8HBD7&lid=LSTSHOGHZGWYXV8HBD74PXVGC&marketplace=FLIPKART&q=shoes&store=osp&srno=s_3_112&otracker=search&fm=organic&iid=en_G3RIfuTnD0oo7b2NYH37-nTXjiyD6ow2NnMQZDT6paux3aE0Xw5NIDu_NY_HTelsRRVsBNCSTlXrl6dwRDeO4OvN4Mn-dv-pi277bRzMbnY%3D&ppt=None&ppn=None&ssid=is766ry1e80000001780910564884&qH=b0a8b6f820479900&ov_redirect=true
Flipkart,shoes,3,asian Carnival-02 Mens High Top Casual Chunky Sneakers High T,₹857,"₹1,799",52% off,No,N/A,Lowest price,True,False,"asian Carnival-02 Mens High Top Casual Chunky Sneakers High T... ₹857 ₹1,799 52% off Lowest price in the year",https://www.flipkart.com/asian-carnival-02-mens-high-top-casual-chunky-sneakers-tops-men/p/itm45df352810915?pid=SHOGMYKSD8VQWGB9&lid=LSTSHOGMYKSD8VQWGB9MTUEXV&marketplace=FLIPKART&q=shoes&store=osp&srno=s_3_113&otracker=search&fm=organic&iid=370201cb-892f-4ccd-9fc0-d2e77ef7b869.SHOGMYKSD8VQWGB9.SEARCH&ppt=None&ppn=None&ssid=is766ry1e80000001780910564884&qH=b0a8b6f820479900&ov_redirect=true
Flipkart,shoes,3,BRUTON Velox-740 EVA Casual Loafers | Stylish Look with All-Da,₹396,"₹2,499",84% off,No,N/A,Only few left,True,True,"BRUTON Velox-740 EVA Casual Loafers | Stylish Look with All-Da... ₹396 ₹2,499 84% off Only few left",https://www.flipkart.com/bruton-velox-740-eva-casual-loafers-stylish-look-all-day-comfort-men/p/itmbff062630eb78?pid=SHOHEQS4TUHU2ZBV&lid=LSTSHOHEQS4TUHU2ZBVJGFFA2&marketplace=FLIPKART&q=shoes&store=osp&srno=s_3_114&otracker=search&fm=organic&iid=370201cb-892f-4ccd-9fc0-d2e77ef7b869.SHOHEQS4TUHU2ZBV.SEARCH&ppt=None&ppn=None&ssid=is766ry1e80000001780910564884&qH=b0a8b6f820479900&ov_redirect=true
Flipkart,shoes,3,Abros ZANE Running Shoes For Men,₹494,"₹1,399",64% off,No,N/A,Only few left,True,False,"Abros ZANE Running Shoes For Men ₹494 ₹1,399 64% off Only few left",https://www.flipkart.com/abros-zane-running-shoes-men/p/itm164d17b1b5663?pid=SHOH42ABWCRY5WGG&lid=LSTSHOH42ABWCRY5WGG421NDM&marketplace=FLIPKART&q=shoes&store=osp&srno=s_3_115&otracker=search&fm=organic&iid=370201cb-892f-4ccd-9fc0-d2e77ef7b869.SHOH42ABWCRY5WGG.SEARCH&ppt=None&ppn=None&ssid=is766ry1e80000001780910564884&qH=b0a8b6f820479900&ov_redirect=true
Flipkart,shoes,3,asian wndr-13 sports shoes for men | Latest Stylish Casual sp,₹611,₹999,38% off,No,N/A,Only few left,True,False,asian wndr-13 sports shoes for men | Latest Stylish Casual sp... ₹611 ₹999 38% off Only few left,https://www.flipkart.com/asian-wndr-13-sports-shoes-men-latest-stylish-casual-sport-running-boys-lace-up-lightweight-grey-running-walking-gym-trekking-hiking-party-running/p/itmff96xgyjjf3fx?pid=SHOF3KF5DHBZPBSH&lid=LSTSHOF3KF5DHBZPBSHBOHITM&marketplace=FLIPKART&q=shoes&store=osp&srno=s_3_116&otracker=search&fm=organic&iid=370201cb-892f-4ccd-9fc0-d2e77ef7b869.SHOF3KF5DHBZPBSH.SEARCH&ppt=None&ppn=None&ssid=is766ry1e80000001780910564884&qH=b0a8b6f820479900&ov_redirect=true
Flipkart,shoes,3,Layasa Sneakers For Men,₹378,"₹1,999",81% off,No,N/A,None,False,True,"Layasa Sneakers For Men ₹378 ₹1,999 81% off Hot Deal",https://www.flipkart.com/layasa-sneakers-men/p/itm17cf35a334a72?pid=SHOHEYJRRKKHG2PY&lid=LSTSHOHEYJRRKKHG2PYKXCUZI&marketplace=FLIPKART&q=shoes&store=osp&srno=s_3_118&otracker=search&fm=organic&iid=en_G3RIfuTnD0oo7b2NYH37-nTXjiyD6ow2NnMQZDT6paviQnWe0f5Keiizll3B0Z74xexdIrASigPhf5pWLVBz-fUFjCTyOHoHZs-Z5_PS_w0%3D&ppt=None&ppn=None&ssid=is766ry1e80000001780910564884&qH=b0a8b6f820479900&ov_redirect=true
Flipkart,shoes,3,RED TAPE Lifestyle Casual Shoes for Men for Everyday Comfort Sne,"₹1,359","₹8,499",84% off,No,N/A,Lowest price,True,True,"RED TAPE Lifestyle Casual Shoes for Men for Everyday Comfort Sne... ₹1,359 ₹8,499 84% off Lowest price since launch",https://www.flipkart.com/red-tape-lifestyle-casual-shoes-men-everyday-comfort-sneakers/p/itma44be8c9d8b35?pid=SHOHH5ASQSWHUWWP&lid=LSTSHOHH5ASQSWHUWWPRLG6WX&marketplace=FLIPKART&q=shoes&store=osp&srno=s_3_120&otracker=search&fm=organic&iid=370201cb-892f-4ccd-9fc0-d2e77ef7b869.SHOHH5ASQSWHUWWP.SEARCH&ppt=None&ppn=None&ssid=is766ry1e80000001780910564884&qH=b0a8b6f820479900&ov_redirect=true
Flipkart,watches,1,LOIS CARON Trending Day & Date Series Stainless Steel Green dial w,₹287,"₹1,799",84% off,No,N/A,None,False,True,"LOIS CARON Trending Day & Date Series Stainless Steel Green dial w... ₹287 ₹1,799 84% off Hot Deal",https://www.flipkart.com/lois-caron-lcs-8326-trending-day-date-series-stainless-steel-green-dial-wrist-watch-chain-boy-analog-men/p/itmf9fc49637c182?pid=WATHFNEYHZFCGUZP&lid=LSTWATHFNEYHZFCGUZPROOYR1&marketplace=FLIPKART&q=watches&store=r18%2Ff13&srno=s_1_1&otracker=search&fm=organic&iid=en_hp68gBelhaZWSq2S5czHAIyviXNt4kTiz1yXokZYePYJpWz08C23k4UTvSdIS_GtcFzo4R7TSAUtW1eJwmKPaA%3D%3D&ppt=None&ppn=None&ssid=skyi59pp8g0000001780910579565&qH=2d6b6aad43dffa91&ov_redirect=true
Flipkart,watches,1,ABREXO GODFATHER Square Chrono Look Gold Dial Date Working Bla,₹367,"₹1,999",81% off,No,N/A,None,False,True,"ABREXO GODFATHER Square Chrono Look Gold Dial Date Working Bla... ₹367 ₹1,999 81% off Bank Offer",https://www.flipkart.com/abrexo-godfather-square-chrono-look-gold-dial-date-working-black-silicone-strap-boys-analog-watch-men/p/itm961611fac8c1f?pid=WATHJ2CQ94EYETUS&lid=LSTWATHJ2CQ94EYETUSUUBHXZ&marketplace=FLIPKART&q=watches&store=r18%2Ff13&srno=s_1_2&otracker=search&fm=organic&iid=en_hp68gBelhaZWSq2S5czHAIyviXNt4kTiz1yXokZYePb8ET8kHXLoTfkivpZivxs_QS_JbzXS0Vop8f4UGHUUcA%3D%3D&ppt=None&ppn=None&ssid=skyi59pp8g0000001780910579565&qH=2d6b6aad43dffa91&ov_redirect=true
Flipkart,watches,1,Spinner Spinning | Roatating | Gyro Analog Watch  - For Men SPM,₹354,"₹2,999",88% off,No,N/A,None,False,True,"Spinner Spinning | Roatating | Gyro Analog Watch  - For Men SPM... ₹354 ₹2,999 88% off Hot Deal",https://www.flipkart.com/spinner-mens-rotating-wheel-dial-analog-watch-spinning-roatating-gyro-men/p/itm45d3e5e37c50c?pid=WATHDZX5WFZEZXZK&lid=LSTWATHDZX5WFZEZXZKICTGTT&marketplace=FLIPKART&q=watches&store=r18%2Ff13&srno=s_1_3&otracker=search&fm=organic&iid=1ae7e23a-42a1-40b0-83c7-820ccdb34107.WATHDZX5WFZEZXZK.SEARCH&ppt=None&ppn=None&ssid=skyi59pp8g0000001780910579565&qH=2d6b6aad43dffa91&ov_redirect=true
Flipkart,watches,1,MISSTREX Unisex Kids Yellow Printed Dial Yellow Glow in Dark Str,₹140,₹699,79% off,No,N/A,Only few left,True,True,MISSTREX Unisex Kids Yellow Printed Dial Yellow Glow in Dark Str... ₹140 ₹699 79% off Only few left,https://www.flipkart.com/misstrex-pikachu-unisex-kids-yellow-printed-dial-glow-dark-strap-analog-watch-boys-girls/p/itmb4cf1f2a51e4e?pid=WATHKGDC36GB8CRH&lid=LSTWATHKGDC36GB8CRHMVEGSD&marketplace=FLIPKART&q=watches&store=r18%2Ff13&srno=s_1_4&otracker=search&fm=organic&iid=1ae7e23a-42a1-40b0-83c7-820ccdb34107.WATHKGDC36GB8CRH.SEARCH&ppt=None&ppn=None&ssid=skyi59pp8g0000001780910579565&qH=2d6b6aad43dffa91&ov_redirect=true
Flipkart,watches,1,Zyronwatch Luxury Grey Strap Men’s Watch Analog Watch  - For Women,₹240,₹999,75% off,No,N/A,Only few left,True,True,Zyronwatch Luxury Grey Strap Men’s Watch Analog Watch  - For Women... ₹240 ₹999 75% off Only few left,https://www.flipkart.com/zyronwatch-029-luxury-grey-strap-mens-watch-analog-women/p/itm955e0e4f027bb?pid=WATHNJCNMHFFFM5F&lid=LSTWATHNJCNMHFFFM5FQ37M02&marketplace=FLIPKART&q=watches&store=r18%2Ff13&srno=s_1_5&otracker=search&fm=organic&iid=1ae7e23a-42a1-40b0-83c7-820ccdb34107.WATHNJCNMHFFFM5F.SEARCH&ppt=None&ppn=None&ssid=skyi59pp8g0000001780910579565&qH=2d6b6aad43dffa91&ov_redirect=true
Flipkart,watches,1,selloria KIDS-G-SPORT LOOK BAND SHOCK CHRONOGRAPH RESISTANCE Dig,₹162,₹799,79% off,No,N/A,None,False,True,selloria KIDS-G-SPORT LOOK BAND SHOCK CHRONOGRAPH RESISTANCE Dig... ₹162 ₹799 79% off Hot Deal,https://www.flipkart.com/selloria-kids-g-sport-look-band-shock-chronograph-resistance-digital-watch-boys/p/itmefbaa2361193f?pid=WATFURH7GWFX32G3&lid=LSTWATFURH7GWFX32G3WO73JV&marketplace=FLIPKART&q=watches&store=r18%2Ff13&srno=s_1_6&otracker=search&fm=organic&iid=en_hp68gBelhaZWSq2S5czHAIyviXNt4kTiz1yXokZYePacjc3_FHw_RtSQozIGGdkmBRIAhJteZ_Mng4m8_qvLIA%3D%3D&ppt=None&ppn=None&ssid=skyi59pp8g0000001780910579565&qH=2d6b6aad43dffa91&ov_redirect=true
Flipkart,watches,1,Roman Star Analog Watch  - For Women RS-1441,₹256,"₹1,099",76% off,No,N/A,None,False,True,"Roman Star Analog Watch  - For Women RS-1441 ₹256 ₹1,099 76% off Bank Offer",https://www.flipkart.com/roman-star-analog-watch-women/p/itm04c168748369f?pid=WATHKEE8ESZZGTUB&lid=LSTWATHKEE8ESZZGTUB9EVYM8&marketplace=FLIPKART&q=watches&store=r18%2Ff13&srno=s_1_7&otracker=search&fm=organic&iid=1ae7e23a-42a1-40b0-83c7-820ccdb34107.WATHKEE8ESZZGTUB.SEARCH&ppt=None&ppn=None&ssid=skyi59pp8g0000001780910579565&qH=2d6b6aad43dffa91&ov_redirect=true
Flipkart,watches,1,blutech Analog Watch  - For Boys & Girls watches,₹154,₹999,84% off,No,N/A,Only few left,True,True,blutech Analog Watch  - For Boys & Girls watches ₹154 ₹999 84% off Only few left,https://www.flipkart.com/blutech-analog-watch-boys-girls/p/itm83f92e09b287d?pid=WATHHF3WRAE9E7HH&lid=LSTWATHHF3WRAE9E7HH2VVSCR&marketplace=FLIPKART&q=watches&store=r18%2Ff13&srno=s_1_8&otracker=search&fm=organic&iid=1ae7e23a-42a1-40b0-83c7-820ccdb34107.WATHHF3WRAE9E7HH.SEARCH&ppt=None&ppn=None&ssid=skyi59pp8g0000001780910579565&qH=2d6b6aad43dffa91&ov_redirect=true
Flipkart,watches,1,Dressberry Minimalist Rose Gold Dial with Glossy Strap Analog Watc,₹406,"₹2,299",82% off,No,N/A,None,False,True,"Dressberry Minimalist Rose Gold Dial with Glossy Strap Analog Watc... ₹406 ₹2,299 82% off Bank Offer",https://www.flipkart.com/dressberry-minimalist-rose-gold-dial-glossy-strap-analog-watch-women/p/itm1c2e497744899?pid=WATHET3KARDZGYGX&lid=LSTWATHET3KARDZGYGXYA7GWF&marketplace=FLIPKART&q=watches&store=r18%2Ff13&srno=s_1_9&otracker=search&fm=organic&iid=1ae7e23a-42a1-40b0-83c7-820ccdb34107.WATHET3KARDZGYGX.SEARCH&ppt=None&ppn=None&ssid=skyi59pp8g0000001780910579565&qH=2d6b6aad43dffa91&ov_redirect=true
Flipkart,watches,1,Blue Pearl Date Functioning Series Square Dial Boys Watch with Qua,₹267,"₹1,999",86% off,No,N/A,None,False,True,"Blue Pearl Date Functioning Series Square Dial Boys Watch with Qua... ₹267 ₹1,999 86% off Hot Deal",https://www.flipkart.com/blue-pearl-date-function-sw-801-functioning-series-square-dial-boys-watch-quartz-mevhanism-analog-men/p/itm809073dde7e32?pid=WATHAX2MXGBAU2QZ&lid=LSTWATHAX2MXGBAU2QZ78Q61M&marketplace=FLIPKART&q=watches&store=r18%2Ff13&srno=s_1_10&otracker=search&fm=organic&iid=1ae7e23a-42a1-40b0-83c7-820ccdb34107.WATHAX2MXGBAU2QZ.SEARCH&ppt=None&ppn=None&ssid=skyi59pp8g0000001780910579565&qH=2d6b6aad43dffa91&ov_redirect=true
Flipkart,watches,1,PRAIZY Analog Watch  - For Men PZ - Roman Figure Dial Silicone,₹150,₹999,84% off,No,N/A,None,False,True,PRAIZY Analog Watch  - For Men PZ - Roman Figure Dial Silicone... ₹150 ₹999 84% off Hot Deal,https://www.flipkart.com/praizy-analog-watch-men/p/itm7f8cff6f091fb?pid=WATHBT4MQXXHH8U4&lid=LSTWATHBT4MQXXHH8U48YLZNE&marketplace=FLIPKART&q=watches&store=r18%2Ff13&srno=s_1_11&otracker=search&fm=organic&iid=en_hp68gBelhaZWSq2S5czHAIyviXNt4kTiz1yXokZYePa0Wr-CjHcPICMqql9e2Vg16TfuggytzCVQxp-4rwHqIfUFjCTyOHoHZs-Z5_PS_w0%3D&ppt=None&ppn=None&ssid=skyi59pp8g0000001780910579565&qH=2d6b6aad43dffa91&ov_redirect=true
Flipkart,watches,1,ARMADO #Unique Analoge watch Series men and boys Analog Watch,₹170,"₹1,599",89% off,No,N/A,None,False,True,"ARMADO #Unique Analoge watch Series men and boys Analog Watch ... ₹170 ₹1,599 89% off Hot Deal",https://www.flipkart.com/armado-1531-black-cross-unique-analoge-watch-series-men-boys-analog/p/itm36a52f7822e86?pid=WATH57GZEVXAEQJD&lid=LSTWATH57GZEVXAEQJD8023OY&marketplace=FLIPKART&q=watches&store=r18%2Ff13&srno=s_1_12&otracker=search&fm=organic&iid=en_hp68gBelhaZWSq2S5czHAIyviXNt4kTiz1yXokZYePbf_FYu__qTGMOIISyJwtygRPTtUV2KFGS54n5KgaP6J_UFjCTyOHoHZs-Z5_PS_w0%3D&ppt=None&ppn=None&ssid=skyi59pp8g0000001780910579565&qH=2d6b6aad43dffa91&ov_redirect=true
Flipkart,watches,1,Shivark Analog Watch  - For Boys New Attractive Designer Blue D,₹170,₹999,82% off,No,N/A,None,False,True,Shivark Analog Watch  - For Boys New Attractive Designer Blue D... ₹170 ₹999 82% off Hot Deal,https://www.flipkart.com/shivark-analog-watch-boys/p/itm2ab544b831fd1?pid=WATHBDS5RCZPXSDK&lid=LSTWATHBDS5RCZPXSDK7BJK2T&marketplace=FLIPKART&q=watches&store=r18%2Ff13&srno=s_1_13&otracker=search&fm=organic&iid=1ae7e23a-42a1-40b0-83c7-820ccdb34107.WATHBDS5RCZPXSDK.SEARCH&ppt=None&ppn=None&ssid=skyi59pp8g0000001780910579565&qH=2d6b6aad43dffa91&ov_redirect=true
Flipkart,watches,1,Krolexe Stylish KGN Dial Grey Silicone Strap Wrist Watch for Mu,₹166,₹799,79% off,No,N/A,Only few left,True,True,Krolexe Stylish KGN Dial Grey Silicone Strap Wrist Watch for Mu... ₹166 ₹799 79% off Only few left,https://www.flipkart.com/krolexe-iw008-3k-sil-cdgry-stylish-kgn-dial-grey-silicone-strap-wrist-watch-muslim-men-boys-analog/p/itmea1c56a2ac04e?pid=WATHHHFFK7VYZZBF&lid=LSTWATHHHFFK7VYZZBFQWGFKB&marketplace=FLIPKART&q=watches&store=r18%2Ff13&srno=s_1_14&otracker=search&fm=organic&iid=1ae7e23a-42a1-40b0-83c7-820ccdb34107.WATHHHFFK7VYZZBF.SEARCH&ppt=None&ppn=None&ssid=skyi59pp8g0000001780910579565&qH=2d6b6aad43dffa91&ov_redirect=true
Flipkart,watches,1,Gyro Car wheel/spinning/Rotating/Gyro/Red Analog Watch  - Fo,₹352,"₹1,499",76% off,No,N/A,Only few left,True,True,"Gyro Car wheel/spinning/Rotating/Gyro/Red Analog Watch  - Fo... ₹352 ₹1,499 76% off Only few left",https://www.flipkart.com/gyro-men-s-rotating-wheel-dial-analog-watch-a01-car-wheel-spinning-rotating-gyro-red-men/p/itmb65836eff3ee1?pid=WATHHR2D6RYHNVJX&lid=LSTWATHHR2D6RYHNVJXALS9GX&marketplace=FLIPKART&q=watches&store=r18%2Ff13&srno=s_1_15&otracker=search&fm=organic&iid=1ae7e23a-42a1-40b0-83c7-820ccdb34107.WATHHR2D6RYHNVJX.SEARCH&ppt=None&ppn=None&ssid=skyi59pp8g0000001780910579565&qH=2d6b6aad43dffa91&ov_redirect=true
Flipkart,watches,1,Shivark Silicone Strap Boys Analog Watch  - For Men SL-01,₹151,₹999,84% off,No,N/A,None,False,True,Shivark Silicone Strap Boys Analog Watch  - For Men SL-01 ₹151 ₹999 84% off Hot Deal,https://www.flipkart.com/shivark-silicone-strap-boys-analog-watch-men/p/itm8f7925ef1f48b?pid=WATHCJZ6DANQF3B6&lid=LSTWATHCJZ6DANQF3B6YUTPMH&marketplace=FLIPKART&q=watches&store=r18%2Ff13&spotlightTagId=default_BestsellerId_r18%2Ff13&srno=s_1_16&otracker=search&fm=organic&iid=1ae7e23a-42a1-40b0-83c7-820ccdb34107.WATHCJZ6DANQF3B6.SEARCH&ppt=None&ppn=None&ssid=skyi59pp8g0000001780910579565&qH=2d6b6aad43dffa91&ov_redirect=true
Flipkart,watches,1,Shivark Silicone Strap Boys Analog Watch Analog Watch  - For Me,₹173,₹999,82% off,No,N/A,None,False,True,Shivark Silicone Strap Boys Analog Watch Analog Watch  - For Me... ₹173 ₹999 82% off Hot Deal,https://www.flipkart.com/shivark-silicone-strap-boys-analog-watch-men/p/itm428ce0d77224b?pid=WATHDU9GNBYVZMEE&lid=LSTWATHDU9GNBYVZMEEMDBM3U&marketplace=FLIPKART&q=watches&store=r18%2Ff13&srno=s_1_17&otracker=search&fm=organic&iid=en_hp68gBelhaZWSq2S5czHAIyviXNt4kTiz1yXokZYePbfkcWtZE8Sv3OpWid9FO1w1gF07q5uB437yLKX0Lt8xvUFjCTyOHoHZs-Z5_PS_w0%3D&ppt=None&ppn=None&ssid=skyi59pp8g0000001780910579565&qH=2d6b6aad43dffa91&ov_redirect=true
Flipkart,watches,1,M7 By Metronaut M7 Adventure Chrono Series Analog-Digital Watch  - For,₹719,"₹1,999",64% off,No,N/A,None,False,False,"M7 By Metronaut M7 Adventure Chrono Series Analog-Digital Watch  - For ... ₹719 ₹1,999 64% off Bank Offer",https://www.flipkart.com/m7-metronaut-8012-adventure-chrono-series-analog-digital-watch-men/p/itme37cbbc78ffa8?pid=WATHKKKZPDBCYZ9X&lid=LSTWATHKKKZPDBCYZ9XCOZNKE&marketplace=FLIPKART&q=watches&store=r18%2Ff13&srno=s_1_18&otracker=search&fm=organic&iid=en_hp68gBelhaZWSq2S5czHAIyviXNt4kTiz1yXokZYePZLgH6LEGxkYPlaEPLAnBDCJF6YkvBLtAFhEdZR97JUKPUFjCTyOHoHZs-Z5_PS_w0%3D&ppt=None&ppn=None&ssid=skyi59pp8g0000001780910579565&qH=2d6b6aad43dffa91&ov_redirect=true
Flipkart,watches,1,Vondex Iced Out Rapper Style Gold Watch Analog Watch  - For Me,₹337,"₹1,599",78% off,No,N/A,None,False,True,"Vondex Iced Out Rapper Style Gold Watch Analog Watch  - For Me... ₹337 ₹1,599 78% off Hot Deal",https://www.flipkart.com/vondex-dimond-watch-iced-out-rapper-style-gold-analog-men-women/p/itma8bc411785b0a?pid=WATHJNMMWKGZETXB&lid=LSTWATHJNMMWKGZETXBE9UUIL&marketplace=FLIPKART&q=watches&store=r18%2Ff13&srno=s_1_19&otracker=search&fm=organic&iid=1ae7e23a-42a1-40b0-83c7-820ccdb34107.WATHJNMMWKGZETXB.SEARCH&ppt=None&ppn=None&ssid=skyi59pp8g0000001780910579565&qH=2d6b6aad43dffa91&ov_redirect=true
Flipkart,watches,1,Shivark Silicone Strap Boys Analog Watch Analog Watch  - For Me,₹153,₹999,84% off,No,N/A,None,False,True,Shivark Silicone Strap Boys Analog Watch Analog Watch  - For Me... ₹153 ₹999 84% off Hot Deal,https://www.flipkart.com/shivark-sl-01-silicone-strap-boys-analog-watch-men/p/itmc289043394c3a?pid=WATHDG4EVXSZXG2M&lid=LSTWATHDG4EVXSZXG2MDWBUVQ&marketplace=FLIPKART&q=watches&store=r18%2Ff13&srno=s_1_20&otracker=search&fm=organic&iid=1ae7e23a-42a1-40b0-83c7-820ccdb34107.WATHDG4EVXSZXG2M.SEARCH&ppt=None&ppn=None&ssid=skyi59pp8g0000001780910579565&qH=2d6b6aad43dffa91&ov_redirect=true
Flipkart,watches,1,WANTON stainless steel chain shiny attractive Black Chrono sty,₹170,"₹1,499",88% off,No,N/A,None,False,True,"WANTON stainless steel chain shiny attractive Black Chrono sty... ₹170 ₹1,499 88% off Hot Deal",https://www.flipkart.com/wanton-stainless-steel-chain-shiny-attractive-black-chrono-stylish-dial-watch-men-analog-boys/p/itm785842a4a2384?pid=WATGYFM3M449BK9A&lid=LSTWATGYFM3M449BK9AXFVJRF&marketplace=FLIPKART&q=watches&store=r18%2Ff13&srno=s_1_21&otracker=search&fm=organic&iid=en_hp68gBelhaZWSq2S5czHAIyviXNt4kTiz1yXokZYePaWkagpEkWFgpe-gtNC9vbi2yNZ4DjrbEbu7Az7CEfsIvUFjCTyOHoHZs-Z5_PS_w0%3D&ppt=None&ppn=None&ssid=skyi59pp8g0000001780910579565&qH=2d6b6aad43dffa91&ov_redirect=true
Flipkart,watches,1,KILLER Hexa Series | Working Date Display | Smart Watch Strap,₹411,"₹1,999",79% off,No,N/A,Only few left,True,True,"KILLER Hexa Series | Working Date Display | Smart Watch Strap ... ₹411 ₹1,999 79% off Only few left",https://www.flipkart.com/killer-hexa-series-working-date-display-smart-watch-strap-3d-glass-soft-silicon-analog-men/p/itm63fc34050a894?pid=WATHHRZVGANDQGR6&lid=LSTWATHHRZVGANDQGR6D3FUUB&marketplace=FLIPKART&q=watches&store=r18%2Ff13&srno=s_1_23&otracker=search&fm=organic&iid=1ae7e23a-42a1-40b0-83c7-820ccdb34107.WATHHRZVGANDQGR6.SEARCH&ppt=None&ppn=None&ssid=skyi59pp8g0000001780910579565&qH=2d6b6aad43dffa91&ov_redirect=true
Flipkart,watches,1,selloria DIGITAL KIDS-BOYS-G-SPORT LOOK BAND SHOCK CHRONOGRAPH R,₹162,₹999,83% off,No,N/A,None,False,True,selloria DIGITAL KIDS-BOYS-G-SPORT LOOK BAND SHOCK CHRONOGRAPH R... ₹162 ₹999 83% off Hot Deal,https://www.flipkart.com/selloria-digital-kids-boys-g-sport-look-band-shock-chronograph-resistance-luminous-watch-boys/p/itm37fa3a3e221d6?pid=WATGY689RGNMF9QU&lid=LSTWATGY689RGNMF9QUYNJNMA&marketplace=FLIPKART&q=watches&store=r18%2Ff13&srno=s_1_25&otracker=search&fm=organic&iid=1ae7e23a-42a1-40b0-83c7-820ccdb34107.WATGY689RGNMF9QU.SEARCH&ppt=None&ppn=None&ssid=skyi59pp8g0000001780910579565&qH=2d6b6aad43dffa91&ov_redirect=true
Flipkart,watches,1,Natrix Stylish YA ALI sword Dial Grey Silicone Strap Watch for,₹148,₹799,81% off,No,N/A,Only few left,True,True,Natrix Stylish YA ALI sword Dial Grey Silicone Strap Watch for... ₹148 ₹799 81% off Only few left,https://www.flipkart.com/natrix-iw009-avo-sil-cdgry-stylish-ya-ali-sword-dial-grey-silicone-strap-watch-muslim-men-boys-analog/p/itmc1ab30cea1332?pid=WATHHHFAZQQJ4SGT&lid=LSTWATHHHFAZQQJ4SGTGO6HZN&marketplace=FLIPKART&q=watches&store=r18%2Ff13&srno=s_1_26&otracker=search&fm=organic&iid=1ae7e23a-42a1-40b0-83c7-820ccdb34107.WATHHHFAZQQJ4SGT.SEARCH&ppt=None&ppn=None&ssid=skyi59pp8g0000001780910579565&qH=2d6b6aad43dffa91&ov_redirect=true
Flipkart,watches,1,MIVAAN Analog Watch  - For Men Ram 5 Dial And New Pvc Black St,₹168,₹999,83% off,No,N/A,None,False,True,MIVAAN Analog Watch  - For Men Ram 5 Dial And New Pvc Black St... ₹168 ₹999 83% off Hot Deal,https://www.flipkart.com/mivaan-analog-watch-men/p/itme0686ca4a7291?pid=WATGYMT8GBH5KFWZ&lid=LSTWATGYMT8GBH5KFWZFK6WVW&marketplace=FLIPKART&q=watches&store=r18%2Ff13&srno=s_1_27&otracker=search&fm=organic&iid=en_hp68gBelhaZWSq2S5czHAIyviXNt4kTiz1yXokZYePZKvTVEQRUx5lnrD6DXBbncortA2hRAwLahkJUGn4uMvA%3D%3D&ppt=None&ppn=None&ssid=skyi59pp8g0000001780910579565&qH=2d6b6aad43dffa91&ov_redirect=true
Flipkart,watches,1,YARA 97858 Analog Watch  - For Men QW01_RAMM Watch Black,₹369,"₹1,599",76% off,No,N/A,Only few left,True,True,"YARA 97858 Analog Watch  - For Men QW01_RAMM Watch Black ₹369 ₹1,599 76% off Only few left",https://www.flipkart.com/yara-97858-analog-watch-men/p/itmb1120dcceb1bd?pid=WATHJH5RYWJCAFHF&lid=LSTWATHJH5RYWJCAFHFCY2FSD&marketplace=FLIPKART&q=watches&store=r18%2Ff13&srno=s_1_29&otracker=search&fm=organic&iid=1ae7e23a-42a1-40b0-83c7-820ccdb34107.WATHJH5RYWJCAFHF.SEARCH&ppt=None&ppn=None&ssid=skyi59pp8g0000001780910579565&qH=2d6b6aad43dffa91&ov_redirect=true
Flipkart,watches,1,Veloura Jewels Analog Watch  - For Women P-11,₹369,₹999,63% off,No,N/A,Only few left,True,False,Veloura Jewels Analog Watch  - For Women P-11 ₹369 ₹999 63% off Only few left,https://www.flipkart.com/veloura-jewels-analog-watch-women/p/itm7cfab09b84546?pid=WATHMHSY6EGH8TBK&lid=LSTWATHMHSY6EGH8TBK0HACAY&marketplace=FLIPKART&q=watches&store=r18%2Ff13&srno=s_1_30&otracker=search&fm=organic&iid=1ae7e23a-42a1-40b0-83c7-820ccdb34107.WATHMHSY6EGH8TBK.SEARCH&ppt=None&ppn=None&ssid=skyi59pp8g0000001780910579565&qH=2d6b6aad43dffa91&ov_redirect=true
Flipkart,watches,1,LOIS CARON Elegant Series Square Quartz For /Boys Wrist Analog Wat,₹287,"₹1,999",85% off,No,N/A,None,False,True,"LOIS CARON Elegant Series Square Quartz For /Boys Wrist Analog Wat... ₹287 ₹1,999 85% off Bank Offer",https://www.flipkart.com/lois-caron-lcs-4312-elegant-series-square-quartz-boys-wrist-analog-watch-men/p/itm3dd5d490dd4f7?pid=WATHCTMBZKGAHVCA&lid=LSTWATHCTMBZKGAHVCA2XBG3Z&marketplace=FLIPKART&q=watches&store=r18%2Ff13&srno=s_1_31&otracker=search&fm=organic&iid=en_hp68gBelhaZWSq2S5czHAIyviXNt4kTiz1yXokZYePbQ6VMjJGEBhvm8xF4vAp46ofxeC2rEcMa8OWy76js8d_UFjCTyOHoHZs-Z5_PS_w0%3D&ppt=None&ppn=None&ssid=skyi59pp8g0000001780910579565&qH=2d6b6aad43dffa91&ov_redirect=true
Flipkart,watches,1,LIMESTONE Day and Date Function Steel Strap Quartz Analog Watch,₹267,"₹1,899",85% off,No,N/A,None,False,True,"LIMESTONE Day and Date Function Steel Strap Quartz Analog Watch  ... ₹267 ₹1,899 85% off Hot Deal",https://www.flipkart.com/limestone-day-date-function-steel-strap-quartz-analog-watch-men/p/itmd2262fd9a34c2?pid=WATFH3QXHTM37QYD&lid=LSTWATFH3QXHTM37QYDLY6IP3&marketplace=FLIPKART&q=watches&store=r18%2Ff13&srno=s_1_32&otracker=search&fm=organic&iid=en_hp68gBelhaZWSq2S5czHAIyviXNt4kTiz1yXokZYePZqYOXerZFmj_QdLa1IHnmgSUzSNy1KqhwxuHFxGn_yL_UFjCTyOHoHZs-Z5_PS_w0%3D&ppt=None&ppn=None&ssid=skyi59pp8g0000001780910579565&qH=2d6b6aad43dffa91&ov_redirect=true
Flipkart,watches,1,SKOAL Fancy Design Stylish ALPHABET A Dial Silver Leather Str,₹157,₹999,84% off,No,N/A,None,False,True,SKOAL Fancy Design Stylish ALPHABET A Dial Silver Leather Str... ₹157 ₹999 84% off Hot Deal,https://www.flipkart.com/skoal-alpha-a-avo-sil-stl-fancy-design-stylish-alphabet-dial-silver-leather-strap-men-wrist-watch-analog-boys/p/itma9c8bf7387640?pid=WATH52492FWGDHUV&lid=LSTWATH52492FWGDHUVQW816O&marketplace=FLIPKART&q=watches&store=r18%2Ff13&srno=s_1_33&otracker=search&fm=organic&iid=1ae7e23a-42a1-40b0-83c7-820ccdb34107.WATH52492FWGDHUV.SEARCH&ppt=None&ppn=None&ssid=skyi59pp8g0000001780910579565&qH=2d6b6aad43dffa91&ov_redirect=true
Flipkart,watches,1,Reboot FT3029 NEW DESIGNER SQUARE DIAL Analog Watch  - For Men,₹229,"₹2,499",90% off,No,N/A,Only few left,True,True,"Reboot FT3029 NEW DESIGNER SQUARE DIAL Analog Watch  - For Men... ₹229 ₹2,499 90% off Only few left",https://www.flipkart.com/reboot-ft3029-new-designer-square-dial-analog-watch-men/p/itm5d0c9c9a1d3c2?pid=WATHHMGGFXSW5ZXG&lid=LSTWATHHMGGFXSW5ZXGQDP7S5&marketplace=FLIPKART&q=watches&store=r18%2Ff13&srno=s_1_34&otracker=search&fm=organic&iid=1ae7e23a-42a1-40b0-83c7-820ccdb34107.WATHHMGGFXSW5ZXG.SEARCH&ppt=None&ppn=None&ssid=skyi59pp8g0000001780910579565&qH=2d6b6aad43dffa91&ov_redirect=true
Flipkart,watches,1,Timofy Trendy Chain Strap Series Digital Watch  - For Men & Wo,₹134,₹899,85% off,No,N/A,Only few left,True,True,Timofy Trendy Chain Strap Series Digital Watch  - For Men & Wo... ₹134 ₹899 85% off Only few left,https://www.flipkart.com/timofy-waterproof-silver-digital-watch-stopwatch-alarm-stainless-strap-trendy-chain-series-men-women/p/itm659a0aeb151b4?pid=WATHE96YNWA7SR5X&lid=LSTWATHE96YNWA7SR5XE8K77N&marketplace=FLIPKART&q=watches&store=r18%2Ff13&srno=s_1_35&otracker=search&fm=organic&iid=1ae7e23a-42a1-40b0-83c7-820ccdb34107.WATHE96YNWA7SR5X.SEARCH&ppt=None&ppn=None&ssid=skyi59pp8g0000001780910579565&qH=2d6b6aad43dffa91&ov_redirect=true
Flipkart,watches,1,luxurit 3ATM Waterproof Sports for Boys with Backlight Alarm Sn,₹314,"₹1,999",84% off,No,N/A,None,False,True,"luxurit 3ATM Waterproof Sports for Boys with Backlight Alarm Sn... ₹314 ₹1,999 84% off Hot Deal",https://www.flipkart.com/luxurit-3atm-waterproof-sports-boys-backlight-alarm-snooze-stop-digital-watch-men/p/itm53cc8de6d63a8?pid=WATGT2RGRDPVJZAA&lid=LSTWATGT2RGRDPVJZAAZQ3CWI&marketplace=FLIPKART&q=watches&store=r18%2Ff13&srno=s_1_36&otracker=search&fm=organic&iid=1ae7e23a-42a1-40b0-83c7-820ccdb34107.WATGT2RGRDPVJZAA.SEARCH&ppt=None&ppn=None&ssid=skyi59pp8g0000001780910579565&qH=2d6b6aad43dffa91&ov_redirect=true
Flipkart,watches,1,MAAN INTERNATIONAL Multicolor Lights 3D Cute Cartoon Multi Function Rubber,₹187,"₹1,499",87% off,No,N/A,None,False,True,"MAAN INTERNATIONAL Multicolor Lights 3D Cute Cartoon Multi Function Rubber... ₹187 ₹1,499 87% off Hot Deal",https://www.flipkart.com/maan-international-spider-man-multicolor-lights-3d-cute-cartoon-multi-function-rubber-strap-kidd-s-boys-analog-watch-girls/p/itm7b97c70eb5445?pid=WATGTCRG6VM6TQFY&lid=LSTWATGTCRG6VM6TQFYSTJJNA&marketplace=FLIPKART&q=watches&store=r18%2Ff13&srno=s_1_37&otracker=search&fm=organic&iid=en_hp68gBelhaZWSq2S5czHAIyviXNt4kTiz1yXokZYePYMQzZ-sNFLw0y-NEuKUmFO9p_fCAsSt_JTgoglCcLmWvUFjCTyOHoHZs-Z5_PS_w0%3D&ppt=None&ppn=None&ssid=skyi59pp8g0000001780910579565&qH=2d6b6aad43dffa91&ov_redirect=true
Flipkart,watches,1,ABREXO Vintage-Law Date Working Square Black Dial Brown Premiu,₹311,"₹1,999",84% off,No,N/A,None,False,True,"ABREXO Vintage-Law Date Working Square Black Dial Brown Premiu... ₹311 ₹1,999 84% off Hot Deal",https://www.flipkart.com/abrexo-abx6600-bk-br-vintage-law-date-working-square-black-dial-brown-premium-silicone-strap-boys-analog-watch-men/p/itm1c7f2c5e8aa88?pid=WATGYQ4GPM5RGFWY&lid=LSTWATGYQ4GPM5RGFWYJUTE8N&marketplace=FLIPKART&q=watches&store=r18%2Ff13&srno=s_1_38&otracker=search&fm=organic&iid=en_hp68gBelhaZWSq2S5czHAIyviXNt4kTiz1yXokZYePZJIFRipEpfE5ZrlG7xk9_YQVtjyVngA-iWisNZzLkFUw%3D%3D&ppt=None&ppn=None&ssid=skyi59pp8g0000001780910579565&qH=2d6b6aad43dffa91&ov_redirect=true
Flipkart,watches,1,Shivam Fashion Car wheel watch | Spinning watch | Rotating watch | Gyr,₹338,"₹2,995",88% off,No,N/A,Only few left,True,True,"Shivam Fashion Car wheel watch | Spinning watch | Rotating watch | Gyr... ₹338 ₹2,995 88% off Only few left",https://www.flipkart.com/shivam-fashion-gyro-rotating-watch-car-wheel-spinning-analog-men/p/itmc1c12c5b32a72?pid=WATHFW7HE664GRKJ&lid=LSTWATHFW7HE664GRKJAOTB8V&marketplace=FLIPKART&q=watches&store=r18%2Ff13&srno=s_1_39&otracker=search&fm=organic&iid=1ae7e23a-42a1-40b0-83c7-820ccdb34107.WATHFW7HE664GRKJ.SEARCH&ppt=None&ppn=None&ssid=skyi59pp8g0000001780910579565&qH=2d6b6aad43dffa91&ov_redirect=true
Flipkart,watches,1,HYDEY Kids Edition Unicorn Digital For Kids Digital Watch Dig,₹121,₹950,87% off,No,N/A,Only few left,True,True,HYDEY Kids Edition Unicorn Digital For Kids Digital Watch Dig... ₹121 ₹950 87% off Only few left,https://www.flipkart.com/hydey-kids-unicorn-kids-unicorn-digital-watch-girls/p/itma71f200927e5c?pid=WATHFPAGVMMFHVXR&lid=LSTWATHFPAGVMMFHVXRT9CUET&marketplace=FLIPKART&q=watches&store=r18%2Ff13&srno=s_1_40&otracker=search&fm=organic&iid=1ae7e23a-42a1-40b0-83c7-820ccdb34107.WATHFPAGVMMFHVXR.SEARCH&ppt=None&ppn=None&ssid=skyi59pp8g0000001780910579565&qH=2d6b6aad43dffa91&ov_redirect=true
Flipkart,watches,2,HINISH Unisex Waterproof Sport Digital Watch Digital Watch,₹167,₹899,81% off,No,N/A,None,False,True,HINISH Unisex Waterproof Sport Digital Watch Digital Watch  - ... ₹167 ₹899 81% off Hot Deal,https://www.flipkart.com/hinish-black-watch-unisex-waterproof-sport-digital-boys-girls/p/itmfe4c3c87d0768?pid=WATG6SNHNEVQ5ZS9&lid=LSTWATG6SNHNEVQ5ZS9CZKSKX&marketplace=FLIPKART&q=watches&store=r18%2Ff13&srno=s_2_41&otracker=search&fm=organic&iid=en_hjzdstHK_XQAB5gDlsIphhpZ6zU944Ly3GQKeFjfOu-XzFyyp1IP4H_ealBzWFlReRbzqqF-1IEPyMGGkxtBi1mRLghqNYwbBCyX1PneZJA0v7EJZqaJS_zSR4AE5BeY&ppt=None&ppn=None&ssid=3c1jqhqe7k0000001780910592559&qH=2d6b6aad43dffa91&ov_redirect=true
Flipkart,watches,2,SKOAL Fancy Design Stylish ALPHABET S Dial Black Leather Stra,₹141,₹999,85% off,No,N/A,None,False,True,SKOAL Fancy Design Stylish ALPHABET S Dial Black Leather Stra... ₹141 ₹999 85% off Hot Deal,https://www.flipkart.com/skoal-alpha-s-avo-blk-cdblk-fancy-design-stylish-alphabet-s-dial-black-leather-strap-men-wrist-watch-analog-boys/p/itmb95a48e428da2?pid=WATH5247AFHVWCVG&lid=LSTWATH5247AFHVWCVG2ZH16M&marketplace=FLIPKART&q=watches&store=r18%2Ff13&srno=s_2_43&otracker=search&fm=organic&iid=e48364df-f10d-49a3-b248-5bdc400f6db4.WATH5247AFHVWCVG.SEARCH&ppt=None&ppn=None&ssid=3c1jqhqe7k0000001780910592559&qH=2d6b6aad43dffa91&ov_redirect=true
Flipkart,watches,2,Shriji Enterprises 5DTY Digital Watch  - For Women DIAMOND WATCH FOR GIRLS,₹223,"₹1,549",85% off,No,N/A,Only few left,True,True,"Shriji Enterprises 5DTY Digital Watch  - For Women DIAMOND WATCH FOR GIRLS ₹223 ₹1,549 85% off Only few left",https://www.flipkart.com/shriji-enterprises-ytj4-5dty-digital-watch-women/p/itm24afdb3f2b9cf?pid=WATHNWWDPGFDEWPB&lid=LSTWATHNWWDPGFDEWPBUTZORW&marketplace=FLIPKART&q=watches&store=r18%2Ff13&srno=s_2_44&otracker=search&fm=organic&iid=e48364df-f10d-49a3-b248-5bdc400f6db4.WATHNWWDPGFDEWPB.SEARCH&ppt=None&ppn=None&ssid=3c1jqhqe7k0000001780910592559&qH=2d6b6aad43dffa91&ov_redirect=true
Flipkart,watches,2,Americanviber Long Battery Life|Metal Bracelet Chain Strap|Double Loc,₹249,₹899,72% off,No,N/A,None,False,True,Americanviber Long Battery Life|Metal Bracelet Chain Strap|Double Loc... ₹249 ₹899 72% off Hot Deal,https://www.flipkart.com/americanviber-drw0038-long-battery-life-metal-bracelet-chain-strap-double-lock-clasp-safety-analog-watch-women/p/itm39f80990a9f4a?pid=WATHHX9ZNRAJYHQ6&lid=LSTWATHHX9ZNRAJYHQ6JZ7NE9&marketplace=FLIPKART&q=watches&store=r18%2Ff13&srno=s_2_45&otracker=search&fm=organic&iid=e48364df-f10d-49a3-b248-5bdc400f6db4.WATHHX9ZNRAJYHQ6.SEARCH&ppt=None&ppn=None&ssid=3c1jqhqe7k0000001780910592559&qH=2d6b6aad43dffa91&ov_redirect=true
Flipkart,watches,2,Sabararabic Black Minimalist Watch with Arabic Numerals Modern Wris,₹212,"₹1,599",86% off,No,N/A,Only few left,True,True,"Sabararabic Black Minimalist Watch with Arabic Numerals Modern Wris... ₹212 ₹1,599 86% off Only few left",https://www.flipkart.com/sabararabic-arabic-aura-wrist-watch-black-minimalist-numerals-modern-analog-men/p/itmb5a44076a989d?pid=WATHGYPE5UHXKW6E&lid=LSTWATHGYPE5UHXKW6EF87IYR&marketplace=FLIPKART&q=watches&store=r18%2Ff13&srno=s_2_46&otracker=search&fm=organic&iid=e48364df-f10d-49a3-b248-5bdc400f6db4.WATHGYPE5UHXKW6E.SEARCH&ppt=None&ppn=None&ssid=3c1jqhqe7k0000001780910592559&qH=2d6b6aad43dffa91&ov_redirect=true
Flipkart,watches,2,Piaoma Day And Date Functioning High Quality Combo Of King Pri,₹295,"₹1,995",85% off,No,N/A,None,False,True,"Piaoma Day And Date Functioning High Quality Combo Of King Pri... ₹295 ₹1,995 85% off Bank Offer",https://www.flipkart.com/piaoma-day-date-functioning-high-quality-combo-king-printed-bracelet-analog-watch-men/p/itm9e9cf4e1bfe08?pid=WATG4CSZMZ5TFBXU&lid=LSTWATG4CSZMZ5TFBXUJ1NGQ6&marketplace=FLIPKART&q=watches&store=r18%2Ff13&srno=s_2_47&otracker=search&fm=organic&iid=en_hjzdstHK_XQAB5gDlsIphhpZ6zU944Ly3GQKeFjfOu9IFY70JfZs8MZxIGGVDi6vJPFbmqUoG3cSHg70rJRWOronsmvmnQ1LUfUJItCDbQQ0v7EJZqaJS_zSR4AE5BeY&ppt=None&ppn=None&ssid=3c1jqhqe7k0000001780910592559&qH=2d6b6aad43dffa91&ov_redirect=true
Flipkart,watches,2,LAKHYA Analog Watch  - For Men ZL_05_BLK,₹261,"₹1,963",86% off,No,N/A,Only few left,True,True,"LAKHYA Analog Watch  - For Men ZL_05_BLK ₹261 ₹1,963 86% off Only few left",https://www.flipkart.com/lakhya-watch-analog-men/p/itm5aa169f27a541?pid=WATHNWTUHPZA8HFY&lid=LSTWATHNWTUHPZA8HFYFIZT9S&marketplace=FLIPKART&q=watches&store=r18%2Ff13&srno=s_2_50&otracker=search&fm=organic&iid=e48364df-f10d-49a3-b248-5bdc400f6db4.WATHNWTUHPZA8HFY.SEARCH&ppt=None&ppn=None&ssid=3c1jqhqe7k0000001780910592559&qH=2d6b6aad43dffa91&ov_redirect=true
Flipkart,watches,2,PRAIZY Analog Watch  - For Men Square Dial Silicone Strap,₹170,"₹1,299",86% off,No,N/A,None,False,True,"PRAIZY Analog Watch  - For Men Square Dial Silicone Strap ₹170 ₹1,299 86% off Hot Deal",https://www.flipkart.com/praizy-analog-watch-men/p/itm48c8a12b7809a?pid=WATHAQKHJZSYGRPX&lid=LSTWATHAQKHJZSYGRPXNLFZK9&marketplace=FLIPKART&q=watches&store=r18%2Ff13&srno=s_2_51&otracker=search&fm=organic&iid=en_hjzdstHK_XQAB5gDlsIphhpZ6zU944Ly3GQKeFjfOu-ELcsphRZ-YeYr01V0Cp4GUBOqAh-45r8_ZzqLZw_mRuy4onkB-zToX8QoT1RRv580v7EJZqaJS_zSR4AE5BeY&ppt=None&ppn=None&ssid=3c1jqhqe7k0000001780910592559&qH=2d6b6aad43dffa91&ov_redirect=true
Flipkart,watches,2,NAYROS Golden Elegance Jewelry Watch Series Analog Watch  - Fo,₹267,"₹1,749",84% off,No,N/A,None,False,True,"NAYROS Golden Elegance Jewelry Watch Series Analog Watch  - Fo... ₹267 ₹1,749 84% off Hot Deal",https://www.flipkart.com/nayros-golden-charm-bracelet-watch-elegance-jewelry-series-analog-women/p/itm1626b5a4291e1?pid=WATHM25MJBRMUHP4&lid=LSTWATHM25MJBRMUHP4U3NOS7&marketplace=FLIPKART&q=watches&store=r18%2Ff13&srno=s_2_53&otracker=search&fm=organic&iid=e48364df-f10d-49a3-b248-5bdc400f6db4.WATHM25MJBRMUHP4.SEARCH&ppt=None&ppn=None&ssid=3c1jqhqe7k0000001780910592559&qH=2d6b6aad43dffa91&ov_redirect=true
Flipkart,watches,2,Daniel Radcliffe Round Rose Gold Analog Watch  - For Women DB Brown DJ W,₹180,"₹1,899",90% off,No,N/A,None,False,True,"Daniel Radcliffe Round Rose Gold Analog Watch  - For Women DB Brown DJ W... ₹180 ₹1,899 90% off Hot Deal",https://www.flipkart.com/daniel-radcliffe-db-round-rose-gold-analog-watch-women/p/itmf39c70637fe9c?pid=WATHAWVEJDVXGXFU&lid=LSTWATHAWVEJDVXGXFUGW8LSR&marketplace=FLIPKART&q=watches&store=r18%2Ff13&srno=s_2_54&otracker=search&fm=organic&iid=e48364df-f10d-49a3-b248-5bdc400f6db4.WATHAWVEJDVXGXFU.SEARCH&ppt=None&ppn=None&ssid=3c1jqhqe7k0000001780910592559&qH=2d6b6aad43dffa91&ov_redirect=true
Flipkart,watches,2,TheWatch Series 8 Digital Watch  - For Boys & Girls UT-O-G-B,₹409,"₹1,299",68% off,No,N/A,Only few left,True,False,"TheWatch Series 8 Digital Watch  - For Boys & Girls UT-O-G-B ₹409 ₹1,299 68% off Only few left",https://www.flipkart.com/thewatch-t-800-ultra-watch-series-8-digital-boys-girls/p/itme17e8952caf63?pid=WATHYZTSMF7EPB29&lid=LSTWATHYZTSMF7EPB29XOTXOC&marketplace=FLIPKART&q=watches&store=r18%2Ff13&srno=s_2_55&otracker=search&fm=organic&iid=e48364df-f10d-49a3-b248-5bdc400f6db4.WATHYZTSMF7EPB29.SEARCH&ppt=None&ppn=None&ssid=3c1jqhqe7k0000001780910592559&qH=2d6b6aad43dffa91&ov_redirect=true
Flipkart,watches,2,povty New Year 2022 Bestseller Expensive Black A Brand Heavy,₹250,"₹1,499",83% off,No,N/A,Only few left,True,True,"povty New Year 2022 Bestseller Expensive Black A Brand Heavy ... ₹250 ₹1,499 83% off Only few left",https://www.flipkart.com/povty-new-year-2022-bestseller-expensive-black-brand-heavy-quality-material-boyz-analog-watch-men/p/itmb13e03108cf66?pid=WATHHH62YNRDTJKT&lid=LSTWATHHH62YNRDTJKTQEHDQQ&marketplace=FLIPKART&q=watches&store=r18%2Ff13&srno=s_2_56&otracker=search&fm=organic&iid=e48364df-f10d-49a3-b248-5bdc400f6db4.WATHHH62YNRDTJKT.SEARCH&ppt=None&ppn=None&ssid=3c1jqhqe7k0000001780910592559&qH=2d6b6aad43dffa91&ov_redirect=true
Flipkart,watches,2,LOIS CARON Elegant Series Day and Date Function Square Quartz For,₹367,"₹1,999",81% off,No,N/A,None,False,True,"LOIS CARON Elegant Series Day and Date Function Square Quartz For ... ₹367 ₹1,999 81% off Bank Offer",https://www.flipkart.com/lois-caron-square-black-lcs-8586-elegant-series-day-date-function-quartz-boys-wrist-analog-watch-men/p/itm6d73cda87d5ca?pid=WATHJ5JYBEWJ9G7Z&lid=LSTWATHJ5JYBEWJ9G7ZVRLVTU&marketplace=FLIPKART&q=watches&store=r18%2Ff13&srno=s_2_57&otracker=search&fm=organic&iid=en_hjzdstHK_XQAB5gDlsIphhpZ6zU944Ly3GQKeFjfOu-vwVIlzU11-hmD9TiwXbW4iwtwPmgivtgtdtehy8U6u3OTWb5vSh6PF36Svtusexc0v7EJZqaJS_zSR4AE5BeY&ppt=None&ppn=None&ssid=3c1jqhqe7k0000001780910592559&qH=2d6b6aad43dffa91&ov_redirect=true
Flipkart,watches,2,TIMEWEAR Green Roman Dial Day Date Functioning Stainless Steel C,₹305,"₹1,799",83% off,No,N/A,None,False,True,"TIMEWEAR Green Roman Dial Day Date Functioning Stainless Steel C... ₹305 ₹1,799 83% off Hot Deal",https://www.flipkart.com/timewear-334gdtg-green-roman-dial-day-date-functioning-stainless-steel-chain-analog-watch-men/p/itm2c28697ea5be4?pid=WATHC4E7CFM25FHZ&lid=LSTWATHC4E7CFM25FHZQQJKZK&marketplace=FLIPKART&q=watches&store=r18%2Ff13&srno=s_2_58&otracker=search&fm=organic&iid=en_hjzdstHK_XQAB5gDlsIphhpZ6zU944Ly3GQKeFjfOu_VadiS81Ct-oC5Mh8NK0WNQw7BPwH2vj3-121PQfTKKTMrZMt-F69MXMi13n0TROC5QWnRASq9XmcdwZMaFFRh&ppt=None&ppn=None&ssid=3c1jqhqe7k0000001780910592559&qH=2d6b6aad43dffa91&ov_redirect=true
Flipkart,watches,2,hmt QUARTZ Analog Watch - For Women Women's watches Golden waterpr,₹204,₹999,79% off,No,N/A,Only few left,True,True,hmt QUARTZ Analog Watch - For Women Women's watches Golden waterpr... ₹204 ₹999 79% off Only few left,https://www.flipkart.com/hmt-quartz-analog-watch-women-women-s-watches-golden-waterproof/p/itm79a32b98e4951?pid=WATHE6PFUZADRWZZ&lid=LSTWATHE6PFUZADRWZZUT6MQ5&marketplace=FLIPKART&q=watches&store=r18%2Ff13&srno=s_2_59&otracker=search&fm=organic&iid=e48364df-f10d-49a3-b248-5bdc400f6db4.WATHE6PFUZADRWZZ.SEARCH&ppt=None&ppn=None&ssid=3c1jqhqe7k0000001780910592559&qH=2d6b6aad43dffa91&ov_redirect=true
Flipkart,watches,2,MSATOZ T800 ULTRA Smart Watch No sim card Opetion Smartwatch (,₹450,"₹1,000",55% off,No,N/A,Only few left,True,False,"MSATOZ T800 ULTRA Smart Watch No sim card Opetion Smartwatch (... ₹450 ₹1,000 55% off Only few left",https://www.flipkart.com/msatoz-t800-ultra-smart-watch-no-sim-card-opetion-smartwatch-orange-digital-men-women/p/itm3da0d62e329ca?pid=WATH7SPYHZFJFFZ9&lid=LSTWATH7SPYHZFJFFZ9VRFXME&marketplace=FLIPKART&q=watches&store=r18%2Ff13&srno=s_2_60&otracker=search&fm=organic&iid=e48364df-f10d-49a3-b248-5bdc400f6db4.WATH7SPYHZFJFFZ9.SEARCH&ppt=None&ppn=None&ssid=3c1jqhqe7k0000001780910592559&qH=2d6b6aad43dffa91&ov_redirect=true
Flipkart,watches,2,Casado Branded Bracelet | Gold Plated | Studded | 3D Cut Glass,₹363,"₹2,999",87% off,No,N/A,None,False,True,"Casado Branded Bracelet | Gold Plated | Studded | 3D Cut Glass... ₹363 ₹2,999 87% off Bank Offer",https://www.flipkart.com/casado-branded-gold-plated-studded-3d-cut-glass-day-date-bracelet-analog-watch-men/p/itm22e0cf8718c3e?pid=WATGZBZFXZCRUGVX&lid=LSTWATGZBZFXZCRUGVXQCAIMX&marketplace=FLIPKART&q=watches&store=r18%2Ff13&srno=s_2_62&otracker=search&fm=organic&iid=en_hjzdstHK_XQAB5gDlsIphhpZ6zU944Ly3GQKeFjfOu8t8f5sKhRNhPPd6EFSufMTWDRk24TLCn1BditmfpezZhVe9dw7uBvCzmk8Xfs6Pj_XQF2A4GPqjgZxfF-kXpt9&ppt=None&ppn=None&ssid=3c1jqhqe7k0000001780910592559&qH=2d6b6aad43dffa91&ov_redirect=true
Flipkart,watches,2,Daniel Radcliffe Luxury Rose Gold Analog Watch Analog Watch  - For Girls,₹180,"₹1,899",90% off,No,N/A,None,False,True,"Daniel Radcliffe Luxury Rose Gold Analog Watch Analog Watch  - For Girls... ₹180 ₹1,899 90% off Hot Deal",https://www.flipkart.com/daniel-radcliffe-db-luxury-rose-gold-analog-watch-girls/p/itm4a52bb1fa0cf3?pid=WATHAXX7TJFSZ82W&lid=LSTWATHAXX7TJFSZ82WHOZMGD&marketplace=FLIPKART&q=watches&store=r18%2Ff13&srno=s_2_63&otracker=search&fm=organic&iid=e48364df-f10d-49a3-b248-5bdc400f6db4.WATHAXX7TJFSZ82W.SEARCH&ppt=None&ppn=None&ssid=3c1jqhqe7k0000001780910592559&qH=2d6b6aad43dffa91&ov_redirect=true
Flipkart,watches,2,Horologe Arabic Numeral Series Men's Watch Analog Watch  - For M,₹209,₹499,58% off,No,N/A,Only few left,True,False,Horologe Arabic Numeral Series Men's Watch Analog Watch  - For M... ₹209 ₹499 58% off Only few left,https://www.flipkart.com/horologe-arabic-aura-wrist-watch-numeral-series-men-s-analog-men/p/itm3e05db90dc841?pid=WATHMFVQH4WHHNG7&lid=LSTWATHMFVQH4WHHNG7YXXG0B&marketplace=FLIPKART&q=watches&store=r18%2Ff13&srno=s_2_64&otracker=search&fm=organic&iid=e48364df-f10d-49a3-b248-5bdc400f6db4.WATHMFVQH4WHHNG7.SEARCH&ppt=None&ppn=None&ssid=3c1jqhqe7k0000001780910592559&qH=2d6b6aad43dffa91&ov_redirect=true
Flipkart,watches,2,FLYNZA New Trendy Mat Finishing Watch For Men Analog Watch,₹226,"₹1,599",85% off,No,N/A,None,False,True,"FLYNZA New Trendy Mat Finishing Watch For Men Analog Watch  - ... ₹226 ₹1,599 85% off Hot Deal",https://www.flipkart.com/flynza-new-trendy-mat-finishing-watch-men-analog-boys/p/itm7392d89054e05?pid=WATHGGTEVRGRE48N&lid=LSTWATHGGTEVRGRE48NSWRAV5&marketplace=FLIPKART&q=watches&store=r18%2Ff13&srno=s_2_65&otracker=search&fm=organic&iid=e48364df-f10d-49a3-b248-5bdc400f6db4.WATHGGTEVRGRE48N.SEARCH&ppt=None&ppn=None&ssid=3c1jqhqe7k0000001780910592559&qH=2d6b6aad43dffa91&ov_redirect=true
Flipkart,watches,2,Treviyaa Luxury Snake Watch for Women Gold Plated Bracelet with,₹620,"₹6,500",90% off,No,N/A,Only few left,True,True,"Treviyaa Luxury Snake Watch for Women Gold Plated Bracelet with ... ₹620 ₹6,500 90% off Only few left",https://www.flipkart.com/treviyaa-vintage-luxury-snake-watch-women-gold-plated-bracelet-green-crystal-dial-analog/p/itm66832275c1f0c?pid=WATHKXYGMFRSHXGM&lid=LSTWATHKXYGMFRSHXGMDX6OHE&marketplace=FLIPKART&q=watches&store=r18%2Ff13&srno=s_2_66&otracker=search&fm=organic&iid=e48364df-f10d-49a3-b248-5bdc400f6db4.WATHKXYGMFRSHXGM.SEARCH&ppt=None&ppn=None&ssid=3c1jqhqe7k0000001780910592559&qH=2d6b6aad43dffa91&ov_redirect=true
Flipkart,watches,2,Imperial Shine Analog Watch  - For Men Sasuke Sharingan Naruto Spinnin,₹354,"₹1,999",82% off,No,N/A,Only few left,True,True,"Imperial Shine Analog Watch  - For Men Sasuke Sharingan Naruto Spinnin... ₹354 ₹1,999 82% off Only few left",https://www.flipkart.com/imperial-shine-analog-watch-men/p/itm08b30562cb7f0?pid=WATHJYA8F7CAHCUZ&lid=LSTWATHJYA8F7CAHCUZ3KWBOI&marketplace=FLIPKART&q=watches&store=r18%2Ff13&srno=s_2_69&otracker=search&fm=organic&iid=e48364df-f10d-49a3-b248-5bdc400f6db4.WATHJYA8F7CAHCUZ.SEARCH&ppt=None&ppn=None&ssid=3c1jqhqe7k0000001780910592559&qH=2d6b6aad43dffa91&ov_redirect=true
Flipkart,watches,2,HMT DLX Premium Addition 400 Blue Movado Blue Chain Analog Watc,₹252,"₹1,999",87% off,No,N/A,Only few left,True,True,"HMT DLX Premium Addition 400 Blue Movado Blue Chain Analog Watc... ₹252 ₹1,999 87% off Only few left",https://www.flipkart.com/hmt-dlx-blue-dial-stainless-steel-chain-de-date-display-men-s-watch-premium-addition-400-movado-analog-men/p/itm9293b24a2f183?pid=WATHNV8MGH5E6ZS4&lid=LSTWATHNV8MGH5E6ZS4UWRKAC&marketplace=FLIPKART&q=watches&store=r18%2Ff13&srno=s_2_70&otracker=search&fm=organic&iid=e48364df-f10d-49a3-b248-5bdc400f6db4.WATHNV8MGH5E6ZS4.SEARCH&ppt=None&ppn=None&ssid=3c1jqhqe7k0000001780910592559&qH=2d6b6aad43dffa91&ov_redirect=true
Flipkart,watches,2,MAAN INTERNATIONAL Kids Cute Rabbit Bunny Cartoon LED Light Pink Silicone,₹188,"₹1,499",87% off,No,N/A,None,False,True,"MAAN INTERNATIONAL Kids Cute Rabbit Bunny Cartoon LED Light Pink Silicone ... ₹188 ₹1,499 87% off Hot Deal",https://www.flipkart.com/maan-international-bunny-rebbit-kids-cute-rabbit-cartoon-led-light-pink-silicone-strap-analog-watch-boys-girls/p/itmb774657ded054?pid=WATHHUXZYGGEBZHW&lid=LSTWATHHUXZYGGEBZHWLTG2B5&marketplace=FLIPKART&q=watches&store=r18%2Ff13&srno=s_2_71&otracker=search&fm=organic&iid=en_hjzdstHK_XQAB5gDlsIphhpZ6zU944Ly3GQKeFjfOu_WkPYL68G_41TLzuR_gmZO49_AGMqDnxIACZt1NTpogK_WsUeAc3PJQuiCOIsf-KzXQF2A4GPqjgZxfF-kXpt9&ppt=None&ppn=None&ssid=3c1jqhqe7k0000001780910592559&qH=2d6b6aad43dffa91&ov_redirect=true
Flipkart,watches,2,DANIEL CLARION HMTR Quartz Day And Date Working with stylish analog wa,₹287,"₹2,999",90% off,No,N/A,None,False,True,"DANIEL CLARION HMTR Quartz Day And Date Working with stylish analog wa... ₹287 ₹2,999 90% off Hot Deal",https://www.flipkart.com/daniel-clarion-dc-1104-blk-hmtr-quartz-day-date-working-stylish-analog-watch-boys-men/p/itmcd63c415a8e5a?pid=WATGWZQEB9KGGU4Z&lid=LSTWATGWZQEB9KGGU4ZKSW95X&marketplace=FLIPKART&q=watches&store=r18%2Ff13&srno=s_2_72&otracker=search&fm=organic&iid=en_hjzdstHK_XQAB5gDlsIphhpZ6zU944Ly3GQKeFjfOu_f72j0PXHOqfl7iZh9U1SCg6Bj9c3rU1n7uV3SIVuxYwCa7WNzPcbfx33Qf-iugmLXQF2A4GPqjgZxfF-kXpt9&ppt=None&ppn=None&ssid=3c1jqhqe7k0000001780910592559&qH=2d6b6aad43dffa91&ov_redirect=true
Flipkart,watches,2,Spinner Spinning | Roatating | Gyro Analog Watch  - For Men SPM,₹360,"₹2,999",87% off,No,N/A,Only few left,True,True,"Spinner Spinning | Roatating | Gyro Analog Watch  - For Men SPM... ₹360 ₹2,999 87% off Only few left",https://www.flipkart.com/spinner-ens-rotating-wheel-dial-analog-watch-spinning-roatating-gyro-men/p/itmbf7a2343a9fd2?pid=WATHDR8EQAJGWGHN&lid=LSTWATHDR8EQAJGWGHN7IAHMV&marketplace=FLIPKART&q=watches&store=r18%2Ff13&srno=s_2_73&otracker=search&fm=organic&iid=e48364df-f10d-49a3-b248-5bdc400f6db4.WATHDR8EQAJGWGHN.SEARCH&ppt=None&ppn=None&ssid=3c1jqhqe7k0000001780910592559&qH=2d6b6aad43dffa91&ov_redirect=true
Flipkart,watches,2,EVRGLOW NO Analog Watch  - For Women drw-2,₹226,"₹1,499",84% off,No,N/A,None,False,True,"EVRGLOW NO Analog Watch  - For Women drw-2 ₹226 ₹1,499 84% off Hot Deal",https://www.flipkart.com/evrglow-no-analog-watch-women/p/itm2c2acd0bec8da?pid=WATGWZPUSHA3KFED&lid=LSTWATGWZPUSHA3KFEDQVAIF7&marketplace=FLIPKART&q=watches&store=r18%2Ff13&srno=s_2_74&otracker=search&fm=organic&iid=e48364df-f10d-49a3-b248-5bdc400f6db4.WATGWZPUSHA3KFED.SEARCH&ppt=None&ppn=None&ssid=3c1jqhqe7k0000001780910592559&qH=2d6b6aad43dffa91&ov_redirect=true
Flipkart,watches,2,Vilante VILANTE | Spinning Wheel | Roatating | Gyro | Red Digit,₹372,"₹2,799",86% off,No,N/A,Only few left,True,True,"Vilante VILANTE | Spinning Wheel | Roatating | Gyro | Red Digit... ₹372 ₹2,799 86% off Only few left",https://www.flipkart.com/vilante-rotating-dial-men-watch-spinning-wheel-roatating-gyro-red-digital/p/itm373c900cfd802?pid=WATHHX6N5SMNXXD4&lid=LSTWATHHX6N5SMNXXD4ZL5ANM&marketplace=FLIPKART&q=watches&store=r18%2Ff13&srno=s_2_75&otracker=search&fm=organic&iid=e48364df-f10d-49a3-b248-5bdc400f6db4.WATHHX6N5SMNXXD4.SEARCH&ppt=None&ppn=None&ssid=3c1jqhqe7k0000001780910592559&qH=2d6b6aad43dffa91&ov_redirect=true
Flipkart,watches,2,"Police Analog Watch  - For Men NEPLPEWJF2203601,NM77061PP02,PL","₹18,486","₹24,649",25% off,No,N/A,None,False,False,"Police Analog Watch  - For Men NEPLPEWJF2203601,NM77061PP02,PL... ₹18,486 ₹24,649 25% off Hot Deal",https://www.flipkart.com/police-plpewjf2203601-analog-watch-men/p/itm44ba7d7c29b98?pid=WATGCPUVPYDDUYV8&lid=LSTWATGCPUVPYDDUYV8BLN39I&marketplace=FLIPKART&q=watches&store=r18%2Ff13&srno=s_2_78&otracker=search&fm=organic&iid=en_hjzdstHK_XQAB5gDlsIphhpZ6zU944Ly3GQKeFjfOu85CcyK_iHa6OX3l1zKNlc1So6D7tuciIE_QHEl4YHlQjt7FiH38U1TFK2MAZCV1n93YL2xc14DfAx_xyQ-_BKi&ppt=None&ppn=None&ssid=3c1jqhqe7k0000001780910592559&qH=2d6b6aad43dffa91&ov_redirect=true
Flipkart,watches,2,Vilante SPINNING BLADE Digital Watch  - For Men SPINNING BLADE,₹372,"₹2,999",87% off,No,N/A,Only few left,True,True,"Vilante SPINNING BLADE Digital Watch  - For Men SPINNING BLADE ... ₹372 ₹2,999 87% off Only few left",https://www.flipkart.com/vilante-spinning-blade-cavrel-digital-watch-men/p/itm2ba315865bb2c?pid=WATHK4KCCJNKBGGG&lid=LSTWATHK4KCCJNKBGGGYQKH9Z&marketplace=FLIPKART&q=watches&store=r18%2Ff13&srno=s_2_79&otracker=search&fm=organic&iid=e48364df-f10d-49a3-b248-5bdc400f6db4.WATHK4KCCJNKBGGG.SEARCH&ppt=None&ppn=None&ssid=3c1jqhqe7k0000001780910592559&qH=2d6b6aad43dffa91&ov_redirect=true
Flipkart,watches,2,Dressberry Big Dial Analog Watch  - For Women 106408499,₹447,"₹1,999",77% off,No,N/A,None,False,True,"Dressberry Big Dial Analog Watch  - For Women 106408499 ₹447 ₹1,999 77% off Hot Deal",https://www.flipkart.com/dressberry-db-022-purple-big-dial-analog-watch-women/p/itm8f11ed076b06a?pid=WATH9KF9CTDQRQSP&lid=LSTWATH9KF9CTDQRQSPMEXWTJ&marketplace=FLIPKART&q=watches&store=r18%2Ff13&srno=s_2_80&otracker=search&fm=organic&iid=e48364df-f10d-49a3-b248-5bdc400f6db4.WATH9KF9CTDQRQSP.SEARCH&ppt=None&ppn=None&ssid=3c1jqhqe7k0000001780910592559&qH=2d6b6aad43dffa91&ov_redirect=true
Flipkart,watches,3,GKY IMPEX Analog watch Analog Watch  - For Women KASHMIRI WATCH,₹370,₹999,62% off,No,N/A,None,False,False,GKY IMPEX Analog watch Analog Watch  - For Women KASHMIRI WATCH ₹370 ₹999 62% off Hot Deal,https://www.flipkart.com/gky-impex-citizen-dial-gold-plated-analog-watch-women/p/itmbb21a3a78bac6?pid=WATHMFP6SFX7NCRC&lid=LSTWATHMFP6SFX7NCRCDVWA2E&marketplace=FLIPKART&q=watches&store=r18%2Ff13&srno=s_3_83&otracker=search&fm=organic&iid=2a7132e3-08e4-47a0-bacf-c23c0e85de97.WATHMFP6SFX7NCRC.SEARCH&ppt=None&ppn=None&ssid=v748z1osow0000001780910607950&qH=2d6b6aad43dffa91&ov_redirect=true
Flipkart,watches,3,SABR Analog Watch  - For Men & Women Premium Look Black Arab,₹225,₹999,77% off,No,N/A,Only few left,True,True,SABR Analog Watch  - For Men & Women Premium Look Black Arab... ₹225 ₹999 77% off Only few left,https://www.flipkart.com/sabr-stc-arabic-blk-analog-watch-men-women/p/itmfcf60ff9ad4eb?pid=WATHFGDVRQ5GAXGU&lid=LSTWATHFGDVRQ5GAXGUN00CHJ&marketplace=FLIPKART&q=watches&store=r18%2Ff13&srno=s_3_84&otracker=search&fm=organic&iid=2a7132e3-08e4-47a0-bacf-c23c0e85de97.WATHFGDVRQ5GAXGU.SEARCH&ppt=None&ppn=None&ssid=v748z1osow0000001780910607950&qH=2d6b6aad43dffa91&ov_redirect=true
Flipkart,watches,3,CASIO Youth ( MW-240-1EVDF ) Analog Watch  - For Men A1665,₹782,"₹1,695",53% off,No,N/A,None,False,False,"CASIO Youth ( MW-240-1EVDF ) Analog Watch  - For Men A1665 ₹782 ₹1,695 53% off Hot Deal",https://www.flipkart.com/casio-youth-analog-mw-240-1evdf-watch-men/p/itmffdsnhq83vunf?pid=WATFFDSNHGD9B9UR&lid=LSTWATFFDSNHGD9B9UR6D8FYM&marketplace=FLIPKART&q=watches&store=r18%2Ff13&srno=s_3_85&otracker=search&fm=organic&iid=2a7132e3-08e4-47a0-bacf-c23c0e85de97.WATFFDSNHGD9B9UR.SEARCH&ppt=None&ppn=None&ssid=v748z1osow0000001780910607950&qH=2d6b6aad43dffa91&ov_redirect=true
Flipkart,watches,3,"Florify Watch Movement Type: Quartz, Watch Display Type: Digita",₹178,₹786,77% off,No,N/A,Lowest price,True,True,"Florify Watch Movement Type: Quartz, Watch Display Type: Digita... ₹178 ₹786 77% off Lowest price since launch",https://www.flipkart.com/florify-dial-color-grey-case-shape-rectangular-watch-movement-type-quartz-display-digital-stainless-men-women/p/itm0747e7183ab97?pid=WATHMF4EYGNCQZ4A&lid=LSTWATHMF4EYGNCQZ4AOGHXQK&marketplace=FLIPKART&q=watches&store=r18%2Ff13&srno=s_3_86&otracker=search&fm=organic&iid=2a7132e3-08e4-47a0-bacf-c23c0e85de97.WATHMF4EYGNCQZ4A.SEARCH&ppt=None&ppn=None&ssid=v748z1osow0000001780910607950&qH=2d6b6aad43dffa91&ov_redirect=true
Flipkart,watches,3,EVRGLOW EVR-001 Analog Watch  - For Women drw-1,₹225,"₹1,499",84% off,No,N/A,None,False,True,"EVRGLOW EVR-001 Analog Watch  - For Women drw-1 ₹225 ₹1,499 84% off Hot Deal",https://www.flipkart.com/evrglow-evr-g-001-evr-001-analog-watch-women/p/itmed4c8b52578c6?pid=WATHBR4GZ7TTWBGR&lid=LSTWATHBR4GZ7TTWBGRPTWUP0&marketplace=FLIPKART&q=watches&store=r18%2Ff13&srno=s_3_89&otracker=search&fm=organic&iid=2a7132e3-08e4-47a0-bacf-c23c0e85de97.WATHBR4GZ7TTWBGR.SEARCH&ppt=None&ppn=None&ssid=v748z1osow0000001780910607950&qH=2d6b6aad43dffa91&ov_redirect=true
Flipkart,watches,3,HALA Multi Function Working Premium Quality LED Luminous Lig,₹377,₹999,62% off,No,N/A,Only 1 left,True,False,HALA Multi Function Working Premium Quality LED Luminous Lig... ₹377 ₹999 62% off Only 1 left,https://www.flipkart.com/hala-hl-1145-multi-function-working-premium-quality-led-luminous-light-mens-boys-digital-watch-men/p/itm0c842ef8a7e05?pid=WATHDQY5RPUHYTGG&lid=LSTWATHDQY5RPUHYTGGZYA3E9&marketplace=FLIPKART&q=watches&store=r18%2Ff13&srno=s_3_90&otracker=search&fm=organic&iid=2a7132e3-08e4-47a0-bacf-c23c0e85de97.WATHDQY5RPUHYTGG.SEARCH&ppt=None&ppn=None&ssid=v748z1osow0000001780910607950&qH=2d6b6aad43dffa91&ov_redirect=true
Flipkart,watches,3,CASIO Enticer ( MTP-V002D-7BUDF ) Analog Watch  - For Men A16,"₹1,229","₹2,395",48% off,No,N/A,None,False,False,"CASIO Enticer ( MTP-V002D-7BUDF ) Analog Watch  - For Men A16... ₹1,229 ₹2,395 48% off Bank Offer",https://www.flipkart.com/casio-enticer-men-s-mtp-v002d-7budf-analog-watch-men/p/itmffdsnetv9jjc3?pid=WATFFDSNTZPDRYNG&lid=LSTWATFFDSNTZPDRYNGXTBZKE&marketplace=FLIPKART&q=watches&store=r18%2Ff13&srno=s_3_93&otracker=search&fm=organic&iid=2a7132e3-08e4-47a0-bacf-c23c0e85de97.WATFFDSNTZPDRYNG.SEARCH&ppt=None&ppn=None&ssid=v748z1osow0000001780910607950&qH=2d6b6aad43dffa91&ov_redirect=true
Flipkart,watches,3,Americanviber Premium Color Smooth Finish Luxury Combo Pack 2 Analog,₹334,"₹1,179",71% off,No,N/A,None,False,True,"Americanviber Premium Color Smooth Finish Luxury Combo Pack 2 Analog ... ₹334 ₹1,179 71% off Hot Deal",https://www.flipkart.com/americanviber-drw004001-premium-color-smooth-finish-luxury-combo-pack-2-analog-watch-women/p/itme0ffb9c9bef37?pid=WATH7YJBPHHGABCU&lid=LSTWATH7YJBPHHGABCUTAEKR7&marketplace=FLIPKART&q=watches&store=r18%2Ff13&srno=s_3_94&otracker=search&fm=organic&iid=2a7132e3-08e4-47a0-bacf-c23c0e85de97.WATH7YJBPHHGABCU.SEARCH&ppt=None&ppn=None&ssid=v748z1osow0000001780910607950&qH=2d6b6aad43dffa91&ov_redirect=true
Flipkart,watches,3,CASIO Youth ( MW-240-7EVDF ) Analog Watch  - For Men A1667,₹764,"₹1,695",54% off,No,N/A,None,False,False,"CASIO Youth ( MW-240-7EVDF ) Analog Watch  - For Men A1667 ₹764 ₹1,695 54% off Bank Offer",https://www.flipkart.com/casio-youth-analog-mw-240-7evdf-watch-men/p/itmffdsnfd9seyhb?pid=WATFFDSNSKRXYMWB&lid=LSTWATFFDSNSKRXYMWBD2WAHQ&marketplace=FLIPKART&q=watches&store=r18%2Ff13&srno=s_3_95&otracker=search&fm=organic&iid=2a7132e3-08e4-47a0-bacf-c23c0e85de97.WATFFDSNSKRXYMWB.SEARCH&ppt=None&ppn=None&ssid=v748z1osow0000001780910607950&qH=2d6b6aad43dffa91&ov_redirect=true
Flipkart,watches,3,SONATA Sonata Northern Lights inspired Poze With Blue Dial Ana,"₹1,294","₹1,850",30% off,No,N/A,None,False,False,"SONATA Sonata Northern Lights inspired Poze With Blue Dial Ana... ₹1,294 ₹1,850 30% off Hot Deal",https://www.flipkart.com/sonata-poze-8-northern-lights-inspired-blue-dial-analog-watch-men-women/p/itm5190a08e3fc4f?pid=WATHK2QUE63ZYF45&lid=LSTWATHK2QUE63ZYF45SJBKCT&marketplace=FLIPKART&q=watches&store=r18%2Ff13&srno=s_3_96&otracker=search&fm=organic&iid=2a7132e3-08e4-47a0-bacf-c23c0e85de97.WATHK2QUE63ZYF45.SEARCH&ppt=None&ppn=None&ssid=v748z1osow0000001780910607950&qH=2d6b6aad43dffa91&ov_redirect=true
Flipkart,watches,3,M7 By Metronaut M7 Adventure Chrono Series Analog-Digital Watch  - For,₹449,"₹2,999",85% off,No,N/A,None,False,True,"M7 By Metronaut M7 Adventure Chrono Series Analog-Digital Watch  - For ... ₹449 ₹2,999 85% off Hot Deal",https://www.flipkart.com/m7-metronaut-m7-1509-adventure-chrono-series-analog-digital-watch-men/p/itm418ec3b4943d1?pid=WATGYTZBHRPURVHY&lid=LSTWATGYTZBHRPURVHYSZJNPE&marketplace=FLIPKART&q=watches&store=r18%2Ff13&srno=s_3_99&otracker=search&fm=organic&iid=2a7132e3-08e4-47a0-bacf-c23c0e85de97.WATGYTZBHRPURVHY.SEARCH&ppt=None&ppn=None&ssid=v748z1osow0000001780910607950&qH=2d6b6aad43dffa91&ov_redirect=true
Flipkart,watches,3,CASIO Youth ( MCW-200H-9AVDF ) Analog Watch  - For Boys & Gir,"₹2,699","₹4,495",39% off,No,N/A,None,False,False,"CASIO Youth ( MCW-200H-9AVDF ) Analog Watch  - For Boys & Gir... ₹2,699 ₹4,495 39% off Hot Deal",https://www.flipkart.com/casio-mcw-200h-9avdf-youth-analog-watch-boys-girls/p/itmf45gcdbcxgytp?pid=WATF45DEDJZYHDZM&lid=LSTWATF45DEDJZYHDZMF9CKBW&marketplace=FLIPKART&q=watches&store=r18%2Ff13&srno=s_3_100&otracker=search&fm=organic&iid=2a7132e3-08e4-47a0-bacf-c23c0e85de97.WATF45DEDJZYHDZM.SEARCH&ppt=None&ppn=None&ssid=v748z1osow0000001780910607950&qH=2d6b6aad43dffa91&ov_redirect=true
Flipkart,watches,3,"Kanvictz Rugged Durable Sports Outdoor & Fitness, Shockproof, Du",₹207,"₹1,500",86% off,No,N/A,Only few left,True,True,"Kanvictz Rugged Durable Sports Outdoor & Fitness, Shockproof, Du... ₹207 ₹1,500 86% off Only few left",https://www.flipkart.com/kanvictz-rugged-durable-sport-style-sports-watch-outdoor-fitness-shockproof-digital-men/p/itme2ac16f0aecaf?pid=WATHJHJZ7Z6RV3VH&lid=LSTWATHJHJZ7Z6RV3VHPYP7HF&marketplace=FLIPKART&q=watches&store=r18%2Ff13&srno=s_3_103&otracker=search&fm=organic&iid=2a7132e3-08e4-47a0-bacf-c23c0e85de97.WATHJHJZ7Z6RV3VH.SEARCH&ppt=None&ppn=None&ssid=v748z1osow0000001780910607950&qH=2d6b6aad43dffa91&ov_redirect=true
Flipkart,watches,3,FOGG Day and Date Display Analog Watch  - For Men 1219-Brown,₹302,"₹1,799",83% off,No,N/A,None,False,True,"FOGG Day and Date Display Analog Watch  - For Men 1219-Brown ₹302 ₹1,799 83% off Hot Deal",https://www.flipkart.com/fogg-1219-brown-day-date-display-analog-watch-men/p/itmbeadce62c2240?pid=WATH44H5QMHU4UPQ&lid=LSTWATH44H5QMHU4UPQR3CXTA&marketplace=FLIPKART&q=watches&store=r18%2Ff13&srno=s_3_104&otracker=search&fm=organic&iid=2a7132e3-08e4-47a0-bacf-c23c0e85de97.WATH44H5QMHU4UPQ.SEARCH&ppt=None&ppn=None&ssid=v748z1osow0000001780910607950&qH=2d6b6aad43dffa91&ov_redirect=true
Flipkart,watches,3,LOIS CARON Elegant Series Square Quartz For /Boys Wrist Analog Wat,₹321,"₹2,999",89% off,No,N/A,None,False,True,"LOIS CARON Elegant Series Square Quartz For /Boys Wrist Analog Wat... ₹321 ₹2,999 89% off Hot Deal",https://www.flipkart.com/lois-caron-lcs-8572-elegant-series-square-quartz-boys-wrist-analog-watch-men/p/itmbc96d16489785?pid=WATH65RVBTHZJBUW&lid=LSTWATH65RVBTHZJBUWQYSNRN&marketplace=FLIPKART&q=watches&store=r18%2Ff13&srno=s_3_105&otracker=search&fm=organic&iid=2a7132e3-08e4-47a0-bacf-c23c0e85de97.WATH65RVBTHZJBUW.SEARCH&ppt=None&ppn=None&ssid=v748z1osow0000001780910607950&qH=2d6b6aad43dffa91&ov_redirect=true
Flipkart,watches,3,Rylo Transparent Analog Watch  - For Men Silver-Skeleton-01,₹387,"₹1,599",75% off,No,N/A,Only few left,True,True,"Rylo Transparent Analog Watch  - For Men Silver-Skeleton-01 ₹387 ₹1,599 75% off Only few left",https://www.flipkart.com/rylo-skeleton-transparent-analog-watch-men/p/itm3725dd408ad7f?pid=WATHFFG63FYZHBWX&lid=LSTWATHFFG63FYZHBWX17XSBT&marketplace=FLIPKART&q=watches&store=r18%2Ff13&srno=s_3_106&otracker=search&fm=organic&iid=2a7132e3-08e4-47a0-bacf-c23c0e85de97.WATHFFG63FYZHBWX.SEARCH&ppt=None&ppn=None&ssid=v748z1osow0000001780910607950&qH=2d6b6aad43dffa91&ov_redirect=true
Flipkart,watches,3,Americanviber Adjustable Free Size Lock Date Function Working Analog,₹412,"₹1,199",65% off,No,N/A,Only few left,True,False,"Americanviber Adjustable Free Size Lock Date Function Working Analog ... ₹412 ₹1,199 65% off Only few left",https://www.flipkart.com/americanviber-tst-black-adjustable-free-size-lock-date-function-working-analog-watch-men/p/itme14e756c9f724?pid=WATHDAEZE6JBMNHX&lid=LSTWATHDAEZE6JBMNHXFR79DS&marketplace=FLIPKART&q=watches&store=r18%2Ff13&srno=s_3_109&otracker=search&fm=organic&iid=2a7132e3-08e4-47a0-bacf-c23c0e85de97.WATHDAEZE6JBMNHX.SEARCH&ppt=None&ppn=None&ssid=v748z1osow0000001780910607950&qH=2d6b6aad43dffa91&ov_redirect=true
Flipkart,watches,3,Daniel Radcliffe Women Atractive Brown Color Luxury Trending Watch Analo,₹180,"₹1,699",89% off,No,N/A,None,False,True,"Daniel Radcliffe Women Atractive Brown Color Luxury Trending Watch Analo... ₹180 ₹1,699 89% off Hot Deal",https://www.flipkart.com/daniel-radcliffe-drr001c-women-atractive-brown-color-luxury-trending-watch-analog/p/itm9eae864a954e5?pid=WATH7ZGYXFZHKQQM&lid=LSTWATH7ZGYXFZHKQQM4EA0OH&marketplace=FLIPKART&q=watches&store=r18%2Ff13&srno=s_3_110&otracker=search&fm=organic&iid=2a7132e3-08e4-47a0-bacf-c23c0e85de97.WATH7ZGYXFZHKQQM.SEARCH&ppt=None&ppn=None&ssid=v748z1osow0000001780910607950&qH=2d6b6aad43dffa91&ov_redirect=true
Flipkart,watches,3,HALA Digital Watch  - For Boys G80 Day & Date Display,₹220,₹499,55% off,No,N/A,None,False,False,HALA Digital Watch  - For Boys G80 Day & Date Display ₹220 ₹499 55% off Hot Deal,https://www.flipkart.com/hala-digital-watch-boys/p/itm925ce2e99f7f5?pid=WATHYH7HBGZB4YTW&lid=LSTWATHYH7HBGZB4YTWQPQVOM&marketplace=FLIPKART&q=watches&store=r18%2Ff13&srno=s_3_111&otracker=search&fm=organic&iid=en_bhnMkgwePZ6ZXxZ32xFWjT7v7lfP4gW7zw0wcOSlsCTeZ_bTBREP4YAZdPZ1Brl06FD6J8tMXRi7W6bZPe3j8w%3D%3D&ppt=None&ppn=None&ssid=v748z1osow0000001780910607950&qH=2d6b6aad43dffa91&ov_redirect=true
Flipkart,watches,3,SONATA Sonata Poze Quartz Green Dial Silver Metal Strap Analog,"₹1,102","₹1,575",30% off,No,N/A,None,False,False,"SONATA Sonata Poze Quartz Green Dial Silver Metal Strap Analog... ₹1,102 ₹1,575 30% off Hot Deal",https://www.flipkart.com/sonata-poze-quartz-green-dial-silver-metal-strap-analog-watch-men/p/itm56312a73c1c81?pid=WATGYTHJZJWMTGXJ&lid=LSTWATGYTHJZJWMTGXJTJ0I9A&marketplace=FLIPKART&q=watches&store=r18%2Ff13&spotlightTagId=default_TrendingId_r18%2Ff13&srno=s_3_113&otracker=search&fm=organic&iid=2a7132e3-08e4-47a0-bacf-c23c0e85de97.WATGYTHJZJWMTGXJ.SEARCH&ppt=None&ppn=None&ssid=v748z1osow0000001780910607950&qH=2d6b6aad43dffa91&ov_redirect=true
Flipkart,watches,3,Louis Philippe Chronograph Blue Dial Analog Watch Analog Watch  - For,"₹2,479","₹5,399",54% off,No,N/A,None,False,False,"Louis Philippe Chronograph Blue Dial Analog Watch Analog Watch  - For ... ₹2,479 ₹5,399 54% off Hot Deal",https://www.flipkart.com/louis-philippe-chronograph-blue-dial-analog-watch-men/p/itmd5232daa61b97?pid=WATHK66QTVBXRYH6&lid=LSTWATHK66QTVBXRYH6OELWQW&marketplace=FLIPKART&q=watches&store=r18%2Ff13&srno=s_3_114&otracker=search&fm=organic&iid=2a7132e3-08e4-47a0-bacf-c23c0e85de97.WATHK66QTVBXRYH6.SEARCH&ppt=None&ppn=None&ssid=v748z1osow0000001780910607950&qH=2d6b6aad43dffa91&ov_redirect=true
Flipkart,watches,3,ROXTO Golden skeleton round partywear watch for men Analog Wa,₹423,"₹4,500",90% off,No,N/A,Only few left,True,True,"ROXTO Golden skeleton round partywear watch for men Analog Wa... ₹423 ₹4,500 90% off Only few left",https://www.flipkart.com/roxto-skeleton-golden-round-partywear-watch-men-analog/p/itm686894b6b19a7?pid=WATHHGVHGZG57HKT&lid=LSTWATHHGVHGZG57HKT8FATBA&marketplace=FLIPKART&q=watches&store=r18%2Ff13&srno=s_3_115&otracker=search&fm=organic&iid=2a7132e3-08e4-47a0-bacf-c23c0e85de97.WATHHGVHGZG57HKT.SEARCH&ppt=None&ppn=None&ssid=v748z1osow0000001780910607950&qH=2d6b6aad43dffa91&ov_redirect=true
Flipkart,watches,3,TIMEX Blue Dial Leather Strap Analog Watch  - For Men TW0TG73,₹719,"₹1,399",48% off,No,N/A,None,False,False,"TIMEX Blue Dial Leather Strap Analog Watch  - For Men TW0TG73... ₹719 ₹1,399 48% off Bank Offer",https://www.flipkart.com/timex-blue-dial-leather-strap-analog-watch-men/p/itm825e5faebd1cf?pid=WATFUQEWJW7CUZYX&lid=LSTWATFUQEWJW7CUZYXJRCMVC&marketplace=FLIPKART&q=watches&store=r18%2Ff13&srno=s_3_116&otracker=search&fm=organic&iid=2a7132e3-08e4-47a0-bacf-c23c0e85de97.WATFUQEWJW7CUZYX.SEARCH&ppt=None&ppn=None&ssid=v748z1osow0000001780910607950&qH=2d6b6aad43dffa91&ov_redirect=true
Flipkart,watches,3,MULTRA Trending Lifestyle Black Dial White Strap Square LED Di,₹128,₹499,74% off,No,N/A,Only few left,True,True,MULTRA Trending Lifestyle Black Dial White Strap Square LED Di... ₹128 ₹499 74% off Only few left,https://www.flipkart.com/multra-digital-watch-trending-lifestyle-black-dial-white-strap-square-led-boys-girls/p/itm09c5f9e49f4f9?pid=WATHJNNQPWC2GFUR&lid=LSTWATHJNNQPWC2GFUR8YGNE0&marketplace=FLIPKART&q=watches&store=r18%2Ff13&srno=s_3_119&otracker=search&fm=organic&iid=2a7132e3-08e4-47a0-bacf-c23c0e85de97.WATHJNNQPWC2GFUR.SEARCH&ppt=None&ppn=None&ssid=v748z1osow0000001780910607950&qH=2d6b6aad43dffa91&ov_redirect=true
Flipkart,watches,3,PETER ENGLAND Analog Watch  - For Men PE000017A,"₹1,489","₹2,745",45% off,No,N/A,None,False,False,"PETER ENGLAND Analog Watch  - For Men PE000017A ₹1,489 ₹2,745 45% off Hot Deal",https://www.flipkart.com/peter-england-analog-watch-men/p/itmdd9c7b574e69a?pid=WATFVFG6ZGSZCTWS&lid=LSTWATFVFG6ZGSZCTWSLC6OSG&marketplace=FLIPKART&q=watches&store=r18%2Ff13&srno=s_3_120&otracker=search&fm=organic&iid=2a7132e3-08e4-47a0-bacf-c23c0e85de97.WATFVFG6ZGSZCTWS.SEARCH&ppt=None&ppn=None&ssid=v748z1osow0000001780910607950&qH=2d6b6aad43dffa91&ov_redirect=true
