platform,query,product_name,current_price,original_price,discount_pct,savings_amount,rating,urgency_text,has_urgency,fake_discount_flag,suspicious_discount,product_url,full_text
Flipkart,smartphones,"Samsung M06 5G (Sage Green, 128 GB)",12649.0,15499.0,18.0,2850.0,4.1,Only Few Left,True,No,False,https://www.flipkart.com/samsung-m06-5g-sage-green-128-gb/p/itmcafa42dadc15c?pid=MOBH9UYFYVNKR3HR&lid=LSTMOBH9UYFYVNKR3HRAJBG4M&marketplace=FLIPKART&q=smartphones&store=tyy%2F4io&srno=s_1_1&otracker=search&fm=organic&iid=7ebcd331-2a2e-468b-9f23-28085641b794.MOBH9UYFYVNKR3HR.SEARCH&ppt=None&ppn=None&ssid=hgqknvvg000000001780910409817&qH=6ea4465d0add4685&ov_redirect=true,"Add to Compare Samsung M06 5G (Sage Green, 128 GB) 4.1 2,301 Ratings & 139 Reviews 4 GB RAM | 128 GB ROM 17.02 cm (6.7 inch) Display 50MP Rear Camera 5000 mAh Battery 1 Year Manufacturer Warranty for Phone and 6 Months Warranty for In the Box Accessories ₹12,649 ₹15,499 18% off Only few left Bank Offer"
Flipkart,smartphones,"Ai+ Pulse 2 (Purple, 64 GB)",10499.0,10999.0,4.0,500.0,4.4,None,False,No,False,https://www.flipkart.com/ai-pulse-2-purple-64-gb/p/itmdc910ae2ff0c1?pid=MOBHKHPYQHGDVRTG&lid=LSTMOBHKHPYQHGDVRTGHKLHJJ&marketplace=FLIPKART&q=smartphones&store=tyy%2F4io&srno=s_1_2&otracker=search&fm=organic&iid=7ebcd331-2a2e-468b-9f23-28085641b794.MOBHKHPYQHGDVRTG.SEARCH&ppt=None&ppn=None&ssid=hgqknvvg000000001780910409817&qH=6ea4465d0add4685&ov_redirect=true,"Add to Compare Ai+ Pulse 2 (Purple, 64 GB) 4.4 3,259 Ratings & 166 Reviews 4 GB RAM | 64 GB ROM | Expandable Upto 1 TB 17.13 cm (6.745 inch) HD+ Display 50MP Rear Camera | 8MP Front Camera 6000 mAh Battery T7250 Processor 1 Year Warranty on Handset and 6 Months Warranty on the Inbox Accessories ₹10,499 ₹10,999 4% off Upto ₹7,050 Off on Exchange Bank Offer"
Flipkart,smartphones,"Samsung M06 5G (Sage Green, 128 GB)",14720.0,18999.0,22.0,4279.0,4.1,Only 2 Left,True,No,False,https://www.flipkart.com/samsung-m06-5g-sage-green-128-gb/p/itmcafa42dadc15c?pid=MOBH9UYF3VCXJ279&lid=LSTMOBH9UYF3VCXJ279CGA2YG&marketplace=FLIPKART&q=smartphones&store=tyy%2F4io&srno=s_1_3&otracker=search&fm=organic&iid=7ebcd331-2a2e-468b-9f23-28085641b794.MOBH9UYF3VCXJ279.SEARCH&ppt=None&ppn=None&ssid=hgqknvvg000000001780910409817&qH=6ea4465d0add4685&ov_redirect=true,"Add to Compare Samsung M06 5G (Sage Green, 128 GB) 4.1 1,617 Ratings & 96 Reviews 6 GB RAM | 128 GB ROM 17.02 cm (6.7 inch) Display 50MP Rear Camera 5000 mAh Battery 1 Year Manufacturer Warranty for Phone and 6 Months Warranty for In the Box Accessories ₹14,720 ₹18,999 22% off Only 2 left Bank Offer"
Flipkart,smartphones,"OPPO K14x 5G (Icy Blue, 64 GB)",14999.0,19999.0,25.0,5000.0,4.3,None,False,No,False,https://www.flipkart.com/oppo-k14x-5g-icy-blue-64-gb/p/itm188c7a4b69292?pid=MOBHKZF3YEJNPZHZ&lid=LSTMOBHKZF3YEJNPZHZKAKWY1&marketplace=FLIPKART&q=smartphones&store=tyy%2F4io&spotlightTagId=default_BestsellerId_tyy%2F4io&srno=s_1_4&otracker=search&fm=organic&iid=7ebcd331-2a2e-468b-9f23-28085641b794.MOBHKZF3YEJNPZHZ.SEARCH&ppt=None&ppn=None&ssid=hgqknvvg000000001780910409817&qH=6ea4465d0add4685&ov_redirect=true,"Add to Compare OPPO K14x 5G (Icy Blue, 64 GB) 4.3 3,549 Ratings & 215 Reviews 4 GB RAM | 64 GB ROM 17.14 cm (6.75 inch) HD+ Display 50MP + 2MP | 5MP; f/2.2; FOV 77°; 3P lens 6500 mAh Battery Dimensity 6300 Processor 1 Year Manufacturer Warranty for Device and 6 Months Manufacturer Warranty for Inbox Accessories ₹14,999 ₹19,999 25% off Upto ₹10,350 Off on Exchange Bank Offer"
Flipkart,smartphones,"realme P4 Lite (Sea Blue, 128 GB)",13999.0,9700.0,,-4299.0,4.1,None,False,Unknown,False,https://www.flipkart.com/realme-p4-lite-sea-blue-128-gb/p/itm534024e2339ef?pid=MOBHK685ZBEG6Y5H&lid=LSTMOBHK685ZBEG6Y5HLV0LRO&marketplace=FLIPKART&q=smartphones&store=tyy%2F4io&srno=s_1_5&otracker=search&fm=organic&iid=7ebcd331-2a2e-468b-9f23-28085641b794.MOBHK685ZBEG6Y5H.SEARCH&ppt=None&ppn=None&ssid=hgqknvvg000000001780910409817&qH=6ea4465d0add4685&ov_redirect=true,"Add to Compare realme P4 Lite (Sea Blue, 128 GB) 4.1 2,746 Ratings & 158 Reviews 4 GB RAM | 128 GB ROM 17.14 cm (6.75 inch) HD+ Display 13MP Rear Camera | 5MP Front Camera 6300 mAh Battery T7250 Processor 1 Year Manufacturer Warranty for Device and 6 Months Manufacturer Warranty for Inbox Accessories ₹13,999 Upto ₹9,700 Off on Exchange Bank Offer"
Flipkart,smartphones,"vivo T5x 5G (Cyber Green, 256 GB)",26999.0,33999.0,20.0,7000.0,4.4,None,False,No,False,https://www.flipkart.com/vivo-t5x-5g-cyber-green-256-gb/p/itm7da8aa253e72b?pid=MOBHH69NQGVVYQSG&lid=LSTMOBHH69NQGVVYQSGAVFZV6&marketplace=FLIPKART&q=smartphones&store=tyy%2F4io&srno=s_1_6&otracker=search&fm=organic&iid=7ebcd331-2a2e-468b-9f23-28085641b794.MOBHH69NQGVVYQSG.SEARCH&ppt=None&ppn=None&ssid=hgqknvvg000000001780910409817&qH=6ea4465d0add4685&ov_redirect=true,"Add to Compare vivo T5x 5G (Cyber Green, 256 GB) 4.4 10,950 Ratings & 878 Reviews 8 GB RAM | 256 GB ROM 17.17 cm (6.76 inch) Display 50MP + 2MP | 32MP Front Camera 7200 mAh Li-ion Battery Dimensity 7400-Turbo Processor 1 Year Manufacturer Warranty for Device and 6 Months Manufacturer Warranty for Inbox Accessories ₹26,999 ₹33,999 20% off Upto ₹18,800 Off on Exchange Bank Offer"
Flipkart,smartphones,"vivo T5x 5G (Star Silver, 128 GB)",22999.0,28999.0,20.0,6000.0,4.4,None,False,No,False,https://www.flipkart.com/vivo-t5x-5g-star-silver-128-gb/p/itm7da8aa253e72b?pid=MOBHH69NRE6PHFBH&lid=LSTMOBHH69NRE6PHFBHJHMXME&marketplace=FLIPKART&q=smartphones&store=tyy%2F4io&srno=s_1_7&otracker=search&fm=organic&iid=7ebcd331-2a2e-468b-9f23-28085641b794.MOBHH69NRE6PHFBH.SEARCH&ppt=None&ppn=None&ssid=hgqknvvg000000001780910409817&qH=6ea4465d0add4685&ov_redirect=true,"Add to Compare vivo T5x 5G (Star Silver, 128 GB) 4.4 9,240 Ratings & 611 Reviews 6 GB RAM | 128 GB ROM 17.17 cm (6.76 inch) Display 50MP + 2MP | 32MP Front Camera 7200 mAh Li-ion Battery Dimensity 7400-Turbo Processor 1 Year Manufacturer Warranty for Device and 6 Months Manufacturer Warranty for Inbox Accessories ₹22,999 ₹28,999 20% off Upto ₹16,350 Off on Exchange Bank Offer"
Flipkart,smartphones,"OnePlus Nord CE6 (Pitch Black, 128 GB)",31854.0,40999.0,22.0,9145.0,4.4,Only Few Left,True,No,False,https://www.flipkart.com/oneplus-nord-ce6-pitch-black-128-gb/p/itmd7b224b18cb05?pid=MOBHN886XZV5BC22&lid=LSTMOBHN886XZV5BC22AQX5WD&marketplace=FLIPKART&q=smartphones&store=tyy%2F4io&srno=s_1_8&otracker=search&fm=organic&iid=7ebcd331-2a2e-468b-9f23-28085641b794.MOBHN886XZV5BC22.SEARCH&ppt=None&ppn=None&ssid=hgqknvvg000000001780910409817&qH=6ea4465d0add4685&ov_redirect=true,"Add to Compare OnePlus Nord CE6 (Pitch Black, 128 GB) 4.4 74 Ratings & 6 Reviews 8 GB RAM | 128 GB ROM | Expandable Upto 128 GB 17.22 cm (6.78 inch) Full HD+ Display 50MP Rear Camera | 2MP Front Camera 8000 mAh Battery Qualcomm® Snapdragon™ 7s Gen 4 Processor one year of handset six month of accessories ₹31,854 ₹40,999 22% off Super Deals Only few left"
Flipkart,smartphones,"Ai+ Pulse 2 (Blue, 128 GB)",11499.0,11999.0,4.0,500.0,3.8,None,False,No,False,https://www.flipkart.com/ai-pulse-2-blue-128-gb/p/itmd59202944d081?pid=MOBHKHPYW49R78RA&lid=LSTMOBHKHPYW49R78RAR9LHZP&marketplace=FLIPKART&q=smartphones&store=tyy%2F4io&srno=s_1_9&otracker=search&fm=organic&iid=7ebcd331-2a2e-468b-9f23-28085641b794.MOBHKHPYW49R78RA.SEARCH&ppt=None&ppn=None&ssid=hgqknvvg000000001780910409817&qH=6ea4465d0add4685&ov_redirect=true,"Add to Compare Ai+ Pulse 2 (Blue, 128 GB) 3.8 3,594 Ratings & 292 Reviews 6 GB RAM | 128 GB ROM | Expandable Upto 1 TB 17.13 cm (6.745 inch) HD+ Display 50MP Rear Camera | 8MP Front Camera 6000 mAh Battery T7250 Processor 1 Year Warranty on Handset and 6 Months Warranty on the Inbox Accessories ₹11,499 ₹11,999 4% off Upto ₹7,800 Off on Exchange Bank Offer"
Flipkart,smartphones,"POCO M7 Plus 5G (Carbon Black, 128 GB)",15999.0,16999.0,5.0,1000.0,4.3,None,False,No,False,https://www.flipkart.com/poco-m7-plus-5g-carbon-black-128-gb/p/itmb4301b9afe80c?pid=MOBHETX6NVUH8VPG&lid=LSTMOBHETX6NVUH8VPGINMDBZ&marketplace=FLIPKART&q=smartphones&store=tyy%2F4io&srno=s_1_10&otracker=search&fm=organic&iid=7ebcd331-2a2e-468b-9f23-28085641b794.MOBHETX6NVUH8VPG.SEARCH&ppt=None&ppn=None&ssid=hgqknvvg000000001780910409817&qH=6ea4465d0add4685&ov_redirect=true,"Add to Compare POCO M7 Plus 5G (Carbon Black, 128 GB) 4.3 9,305 Ratings & 586 Reviews 6 GB RAM | 128 GB ROM | Expandable Upto 2 TB 17.53 cm (6.9 inch) Display 50MP AI Dual Camera 7000 mAh Battery Snapdragon 6s Gen 3 5G Processor 1 Year Manufacturer Warranty for Phone and 6 Months Warranty for In the Box Accessories ₹15,999 ₹16,999 5% off Upto ₹11,000 Off on Exchange Bank Offer"
Flipkart,smartphones,"Add to Compare MOTOROLA Edge 60 Fusion 5G (PANTONE Amazonite, 128 GB)",22999.0,24999.0,8.0,2000.0,4.4,None,False,No,False,https://www.flipkart.com/motorola-edge-60-fusion-5g-pantone-amazonite-128-gb/p/itm0ba5c1f57331a?pid=MOBHHD2KXMH9NCYG&lid=LSTMOBHHD2KXMH9NCYGOY7CC7&marketplace=FLIPKART&q=smartphones&store=tyy%2F4io&srno=s_1_11&otracker=search&fm=organic&iid=7ebcd331-2a2e-468b-9f23-28085641b794.MOBHHD2KXMH9NCYG.SEARCH&ppt=None&ppn=None&ssid=hgqknvvg000000001780910409817&qH=6ea4465d0add4685&ov_redirect=true,"Currently unavailable Add to Compare MOTOROLA Edge 60 Fusion 5G (PANTONE Amazonite, 128 GB) 4.4 1,21,643 Ratings & 7,182 Reviews 8 GB RAM | 128 GB ROM | Expandable Upto 1 TB 16.94 cm (6.67 inch) Display 50MP + 13MP | 32MP Front Camera 5500 mAh Battery Dimensity 7400 Processor 68W Charger 1 Year Warranty on Handset and 6 Months Warranty on Accessories ₹22,999 ₹24,999 8% off Upto ₹16,350 Off on Exch"
Flipkart,smartphones,"Add to Compare Ai+ Pulse 1 (Green, 64 GB)",7999.0,5150.0,,-2849.0,4.2,None,False,Unknown,False,https://www.flipkart.com/ai-pulse-1-green-64-gb/p/itm90e25907f6424?pid=MOBHDDQXFEAF3HZF&lid=LSTMOBHDDQXFEAF3HZFTNQHKW&marketplace=FLIPKART&q=smartphones&store=tyy%2F4io&srno=s_1_12&otracker=search&fm=organic&iid=7ebcd331-2a2e-468b-9f23-28085641b794.MOBHDDQXFEAF3HZF.SEARCH&ppt=None&ppn=None&ssid=hgqknvvg000000001780910409817&qH=6ea4465d0add4685&ov_redirect=true,"Currently unavailable Add to Compare Ai+ Pulse 1 (Green, 64 GB) 4.2 42,841 Ratings & 2,825 Reviews 4 GB RAM | 64 GB ROM | Expandable Upto 1 TB 17.13 cm (6.745 inch) HD+ Display 50MP Rear Camera | 5MP Front Camera 5000 mAh Battery T615 Processor 1 Year Warranty on Handset and 6 Months Warranty on the Inbox Accessories ₹7,999 Upto ₹5,150 Off on Exchange Bank Offer"
Flipkart,smartphones,"POCO C81x (Ice Blue, 64 GB) 4",10999.0,18999.0,42.0,8000.0,,None,False,No,False,https://www.flipkart.com/poco-c81x-ice-blue-64-gb/p/itmf2e3aacd5257e?pid=MOBHMYWRWPE4S8G6&lid=LSTMOBHMYWRWPE4S8G6INAADH&marketplace=FLIPKART&q=smartphones&store=tyy%2F4io&srno=s_1_13&otracker=search&fm=organic&iid=7ebcd331-2a2e-468b-9f23-28085641b794.MOBHMYWRWPE4S8G6.SEARCH&ppt=None&ppn=None&ssid=hgqknvvg000000001780910409817&qH=6ea4465d0add4685&ov_redirect=true,"Add to Compare POCO C81x (Ice Blue, 64 GB) 4 141 Ratings & 9 Reviews 3 GB RAM | 64 GB ROM | Expandable Upto 2 TB 17.48 cm (6.88 inch) Display 13MP Rear Camera | 8MP Front Camera 5200 mAh Lithium-Ion Polymer Battery T7250 Processor 1 Year Manufacturer Warranty for Phone and 6 Months Warranty for In the Box Accessories ₹10,999 ₹18,999 42% off Upto ₹7,400 Off on Exchange Bank Offer"
Flipkart,smartphones,"MOTOROLA g37 power (PANTONE Nautical Blue, 128 GB) 4",15999.0,30499.0,47.0,14500.0,,None,False,No,False,https://www.flipkart.com/motorola-g37-power-pantone-nautical-blue-128-gb/p/itmf752f4981d932?pid=MOBHHVFYGN57RYAH&lid=LSTMOBHHVFYGN57RYAHB2DF12&marketplace=FLIPKART&q=smartphones&store=tyy%2F4io&srno=s_1_14&otracker=search&fm=organic&iid=7ebcd331-2a2e-468b-9f23-28085641b794.MOBHHVFYGN57RYAH.SEARCH&ppt=None&ppn=None&ssid=hgqknvvg000000001780910409817&qH=6ea4465d0add4685&ov_redirect=true,"Add to Compare MOTOROLA g37 power (PANTONE Nautical Blue, 128 GB) 4 160 Ratings & 12 Reviews 4 GB RAM | 128 GB ROM | Expandable Upto 1 TB 16.92 cm (6.66 inch) HD+ Display 50MP Rear Camera | 8MP Front Camera 7000 mAh Battery Dimensity 6400 Processor 1 Year on Handset and 6 Months on Accessories ₹15,999 ₹30,499 47% off Upto ₹11,000 Off on Exchange Bank Offer"
Flipkart,smartphones,"REDMI 15 5G (Sandy Purple, 128 GB)",18500.0,19999.0,7.0,1499.0,4.3,Only Few Left,True,No,False,https://www.flipkart.com/redmi-15-5g-sandy-purple-128-gb/p/itmd7bced8727891?pid=MOBHFH95KX2GA62H&lid=LSTMOBHFH95KX2GA62HVQFFHJ&marketplace=FLIPKART&q=smartphones&store=tyy%2F4io&srno=s_1_15&otracker=search&fm=organic&iid=7ebcd331-2a2e-468b-9f23-28085641b794.MOBHFH95KX2GA62H.SEARCH&ppt=None&ppn=None&ssid=hgqknvvg000000001780910409817&qH=6ea4465d0add4685&ov_redirect=true,"Add to Compare REDMI 15 5G (Sandy Purple, 128 GB) 4.3 2,412 Ratings & 137 Reviews 6 GB RAM | 128 GB ROM 17.53 cm (6.9 inch) Display 50MP Rear Camera 7000 mAh Battery 1 year manufacturer warranty for device and 6 months manufacturer warranty for in-box accessories including batteries from the date of purchase ₹18,500 ₹19,999 7% off Only few left Upto ₹12,850 Off on Exchange"
Flipkart,smartphones,"realme P4 Lite (Beach Gold, 128 GB)",13999.0,9700.0,,-4299.0,4.1,None,False,Unknown,False,https://www.flipkart.com/realme-p4-lite-beach-gold-128-gb/p/itm534024e2339ef?pid=MOBHK685K37ZCSPU&lid=LSTMOBHK685K37ZCSPUTZ3SXB&marketplace=FLIPKART&q=smartphones&store=tyy%2F4io&srno=s_1_16&otracker=search&fm=organic&iid=7ebcd331-2a2e-468b-9f23-28085641b794.MOBHK685K37ZCSPU.SEARCH&ppt=None&ppn=None&ssid=hgqknvvg000000001780910409817&qH=6ea4465d0add4685&ov_redirect=true,"Add to Compare realme P4 Lite (Beach Gold, 128 GB) 4.1 2,746 Ratings & 158 Reviews 4 GB RAM | 128 GB ROM 17.14 cm (6.75 inch) HD+ Display 13MP Rear Camera | 5MP Front Camera 6300 mAh Battery T7250 Processor 1 Year Manufacturer Warranty for Device and 6 Months Manufacturer Warranty for Inbox Accessories ₹13,999 Upto ₹9,700 Off on Exchange Bank Offer"
Flipkart,smartphones,"MOTOROLA g06 power (Pantone tapestry, 64 GB)",12999.0,19999.0,35.0,7000.0,4.2,None,False,No,False,https://www.flipkart.com/motorola-g06-power-pantone-tapestry-64-gb/p/itm29390fa68401d?pid=MOBHN973FFYHGUGG&lid=LSTMOBHN973FFYHGUGG27JKDQ&marketplace=FLIPKART&q=smartphones&store=tyy%2F4io&srno=s_1_17&otracker=search&fm=organic&iid=7ebcd331-2a2e-468b-9f23-28085641b794.MOBHN973FFYHGUGG.SEARCH&ppt=None&ppn=None&ssid=hgqknvvg000000001780910409817&qH=6ea4465d0add4685&ov_redirect=true,"Add to Compare MOTOROLA g06 power (Pantone tapestry, 64 GB) 4.2 17,960 Ratings & 1,058 Reviews 4 GB RAM | 64 GB ROM | Expandable Upto 1 TB 17.48 cm (6.88 inch) HD+ Display 50MP Rear Camera | 8MP Front Camera 7000 mAh Battery Helio G81 Processor 1 Year Warranty on Handset and 6 Months Warranty on Accessories ₹12,999 ₹19,999 35% off Upto ₹8,900 Off on Exchange Bank Offer"
Flipkart,smartphones,"POCO C85 5G (Mystic Purple, 128 GB)",14499.0,20999.0,30.0,6500.0,3.8,None,False,No,False,https://www.flipkart.com/poco-c85-5g-mystic-purple-128-gb/p/itm74e2143a5de24?pid=MOBHMGG5UZHEVJBK&lid=LSTMOBHMGG5UZHEVJBK4YXSTE&marketplace=FLIPKART&q=smartphones&store=tyy%2F4io&srno=s_1_18&otracker=search&fm=organic&iid=7ebcd331-2a2e-468b-9f23-28085641b794.MOBHMGG5UZHEVJBK.SEARCH&ppt=None&ppn=None&ssid=hgqknvvg000000001780910409817&qH=6ea4465d0add4685&ov_redirect=true,"Add to Compare POCO C85 5G (Mystic Purple, 128 GB) 3.8 1,286 Ratings & 132 Reviews 4 GB RAM | 128 GB ROM | Expandable Upto 1 TB 17.53 cm (6.9 inch) HD+ Display 50MP Rear Camera | 8MP Front Camera 6000 mAh Lithium-Ion Polymer Battery Dimensity 6300 Processor 1 Year Manufacturer Warranty for Phone and 6 Months Warranty for In the Box Accessories ₹14,499 ₹20,999 30% off Upto ₹10,000 Off on Exchange B"
Flipkart,smartphones,"vivo T5x 5G (Cyber Green, 128 GB)",24999.0,30999.0,19.0,6000.0,4.4,None,False,No,False,https://www.flipkart.com/vivo-t5x-5g-cyber-green-128-gb/p/itm7da8aa253e72b?pid=MOBHH69NM5ERRNFT&lid=LSTMOBHH69NM5ERRNFTB1RHB5&marketplace=FLIPKART&q=smartphones&store=tyy%2F4io&srno=s_1_19&otracker=search&fm=organic&iid=7ebcd331-2a2e-468b-9f23-28085641b794.MOBHH69NM5ERRNFT.SEARCH&ppt=None&ppn=None&ssid=hgqknvvg000000001780910409817&qH=6ea4465d0add4685&ov_redirect=true,"Add to Compare vivo T5x 5G (Cyber Green, 128 GB) 4.4 10,950 Ratings & 878 Reviews 8 GB RAM | 128 GB ROM 17.17 cm (6.76 inch) Display 50MP + 2MP | 32MP Front Camera 7200 mAh Li-ion Battery Dimensity 7400-Turbo Processor 1 Year Manufacturer Warranty for Device and 6 Months Manufacturer Warranty for Inbox Accessories ₹24,999 ₹30,999 19% off Upto ₹17,550 Off on Exchange Bank Offer"
Flipkart,smartphones,"Add to Compare MOTOROLA g06 power (Pantone Tendril, 64 GB)",9999.0,6650.0,,-3349.0,4.2,None,False,Unknown,False,https://www.flipkart.com/motorola-g06-power-pantone-tendril-64-gb/p/itm042f1f6d04b3a?pid=MOBHFSCEDQXXDXUQ&lid=LSTMOBHFSCEDQXXDXUQ5OORZ3&marketplace=FLIPKART&q=smartphones&store=tyy%2F4io&srno=s_1_20&otracker=search&fm=organic&iid=7ebcd331-2a2e-468b-9f23-28085641b794.MOBHFSCEDQXXDXUQ.SEARCH&ppt=None&ppn=None&ssid=hgqknvvg000000001780910409817&qH=6ea4465d0add4685&ov_redirect=true,"Currently unavailable Add to Compare MOTOROLA g06 power (Pantone Tendril, 64 GB) 4.2 17,960 Ratings & 1,058 Reviews 4 GB RAM | 64 GB ROM | Expandable Upto 1 TB 17.48 cm (6.88 inch) HD+ Display 50MP Rear Camera | 8MP Front Camera 7000 mAh Battery Helio G81 Processor 1 Year Warranty on Handset and 6 Months Warranty on Accessories ₹9,999 Upto ₹6,650 Off on Exchange Bank Offer"
Flipkart,smartphones,"OnePlus Nord CE6 Lite (Hyper Black, 128 GB)",23710.0,31999.0,25.0,8289.0,4.1,Only Few Left,True,No,False,https://www.flipkart.com/oneplus-nord-ce6-lite-hyper-black-128-gb/p/itm894a5599b758b?pid=MOBHN8BDFU3PHHUR&lid=LSTMOBHN8BDFU3PHHURVOUB8L&marketplace=FLIPKART&q=smartphones&store=tyy%2F4io&srno=s_1_21&otracker=search&fm=organic&iid=7ebcd331-2a2e-468b-9f23-28085641b794.MOBHN8BDFU3PHHUR.SEARCH&ppt=None&ppn=None&ssid=hgqknvvg000000001780910409817&qH=6ea4465d0add4685&ov_redirect=true,"Add to Compare OnePlus Nord CE6 Lite (Hyper Black, 128 GB) 4.1 140 Ratings & 12 Reviews 6 GB RAM | 128 GB ROM | Expandable Upto 128 GB 17.07 cm (6.72 inch) Full HD+ Display 50MP Rear Camera | 50MP Front Camera 7000 mAh Battery Qualcomm Snapdragon 7s Gen 4 Processor one year of handset six month of accessories ₹23,710 ₹31,999 25% off Super Deals Only few left"
Flipkart,smartphones,"POCO C81 (Sunset Gold, 64 GB)",11999.0,19999.0,40.0,8000.0,3.6,None,False,No,False,https://www.flipkart.com/poco-c81-sunset-gold-64-gb/p/itmd046653de9427?pid=MOBHMYWRFE7GZVJF&lid=LSTMOBHMYWRFE7GZVJFEI8O3R&marketplace=FLIPKART&q=smartphones&store=tyy%2F4io&srno=s_1_22&otracker=search&fm=organic&iid=7ebcd331-2a2e-468b-9f23-28085641b794.MOBHMYWRFE7GZVJF.SEARCH&ppt=None&ppn=None&ssid=hgqknvvg000000001780910409817&qH=6ea4465d0add4685&ov_redirect=true,"Add to Compare POCO C81 (Sunset Gold, 64 GB) 3.6 106 Ratings & 8 Reviews 4 GB RAM | 64 GB ROM | Expandable Upto 2 TB 17.53 cm (6.9 inch) Display 13MP Rear Camera | 8MP Front Camera 6300 mAh Lithium-Ion Polymer Battery T7250 Processor 1 Year Manufacturer Warranty for Phone and 6 Months Warranty for In the Box Accessories ₹11,999 ₹19,999 40% off Upto ₹8,150 Off on Exchange Bank Offer"
Flipkart,smartphones,"POCO C71  - Locked with Airtel Prepaid (Desert Gold, 64 GB)",8999.0,5900.0,,-3099.0,3.8,None,False,Unknown,False,https://www.flipkart.com/poco-c71-locked-airtel-prepaid-desert-gold-64-gb/p/itmb0bb5af15d090?pid=MOBHAFVJ5QYQMBRV&lid=LSTMOBHAFVJ5QYQMBRVX1X4P4&marketplace=FLIPKART&q=smartphones&store=tyy%2F4io&srno=s_1_23&otracker=search&fm=organic&iid=7ebcd331-2a2e-468b-9f23-28085641b794.MOBHAFVJ5QYQMBRV.SEARCH&ppt=None&ppn=None&ssid=hgqknvvg000000001780910409817&qH=6ea4465d0add4685&ov_redirect=true,"Add to Compare POCO C71  - Locked with Airtel Prepaid (Desert Gold, 64 GB) 3.8 61,502 Ratings & 2,802 Reviews 4 GB RAM | 64 GB ROM | Expandable Upto 2 TB 17.48 cm (6.88 inch) HD+ Display 32MP Rear Camera | 8MP Front Camera 5200 mAh Battery Unisoc T7250
Max clock speed: 
2 x A75@1.8GHz
6 x A55@1.6GHz Processor 1 Year Manufacturer Warranty for Phone and 6 Months Warranty for In the Box Accessories ₹"
Flipkart,smartphones,"POCO M8 (Frost Silver, 128 GB)",20999.0,25999.0,19.0,5000.0,4.3,None,False,No,False,https://www.flipkart.com/poco-m8-frost-silver-128-gb/p/itm42b9da2073832?pid=MOBHMGG5HBC8MRBG&lid=LSTMOBHMGG5HBC8MRBGXF9FVG&marketplace=FLIPKART&q=smartphones&store=tyy%2F4io&srno=s_1_24&otracker=search&fm=organic&iid=7ebcd331-2a2e-468b-9f23-28085641b794.MOBHMGG5HBC8MRBG.SEARCH&ppt=None&ppn=None&ssid=hgqknvvg000000001780910409817&qH=6ea4465d0add4685&ov_redirect=true,"Add to Compare POCO M8 (Frost Silver, 128 GB) 4.3 1,648 Ratings & 166 Reviews 6 GB RAM | 128 GB ROM | Expandable Upto 1 TB 17.2 cm (6.77 inch) Full HD+ Display 50MP Rear Camera | 20MP Front Camera 5520 mAh Battery 1 Year Manufacturer Warranty for Phone and 6 Months Warranty for In the Box Accessories ₹20,999 ₹25,999 19% off Upto ₹14,500 Off on Exchange Bank Offer"
Flipkart,smartphones,"realme P4 Lite 5G (Mosaic Green, 128 GB)",16499.0,32999.0,50.0,16500.0,4.3,None,False,No,False,https://www.flipkart.com/realme-p4-lite-5g-mosaic-green-128-gb/p/itm90c243961f214?pid=MOBHN7A8PBUWNHG5&lid=LSTMOBHN7A8PBUWNHG5BENLLV&marketplace=FLIPKART&q=smartphones&store=tyy%2F4io&srno=s_2_25&otracker=search&fm=organic&iid=cd1af179-f528-4fe0-843a-1f194fa9ea73.MOBHN7A8PBUWNHG5.SEARCH&ppt=None&ppn=None&ssid=u7j32ydys00000001780910424278&qH=6ea4465d0add4685&ov_redirect=true,"Add to Compare realme P4 Lite 5G (Mosaic Green, 128 GB) 4.3 5,774 Ratings & 335 Reviews 4 GB RAM | 128 GB ROM 17.27 cm (6.8 inches) HD+ Display 13MP Rear Camera | 5MP Front Camera 7000 mAh lithium-ion polymer Battery Dimensity 6300 Processor 1 Year Manufacturer Warranty for Device and 6 Months Manufacturer Warranty for Inbox Accessories ₹16,499 ₹32,999 50% off Upto ₹11,500 Off on Exchange Bank Off"
Flipkart,smartphones,"POCO M7 Plus 5G (Carbon Black, 128 GB)",16999.0,17999.0,5.0,1000.0,4.2,None,False,No,False,https://www.flipkart.com/poco-m7-plus-5g-carbon-black-128-gb/p/itm39c366869cc19?pid=MOBHETX6YMAG9NTF&lid=LSTMOBHETX6YMAG9NTF5IHJPA&marketplace=FLIPKART&q=smartphones&store=tyy%2F4io&srno=s_2_28&otracker=search&fm=organic&iid=cd1af179-f528-4fe0-843a-1f194fa9ea73.MOBHETX6YMAG9NTF.SEARCH&ppt=None&ppn=None&ssid=u7j32ydys00000001780910424278&qH=6ea4465d0add4685&ov_redirect=true,"Add to Compare POCO M7 Plus 5G (Carbon Black, 128 GB) 4.2 5,314 Ratings & 351 Reviews 8 GB RAM | 128 GB ROM | Expandable Upto 2 TB 17.53 cm (6.9 inch) Display 50MP AI Dual Camera 7000 mAh Battery Snapdragon 6s Gen 3 5G Processor 1 Year Manufacturer Warranty for Phone and 6 Months Warranty for In the Box Accessories ₹16,999 ₹17,999 5% off Upto ₹11,700 Off on Exchange Bank Offer"
Flipkart,smartphones,"Samsung Galaxy F36 5G (Red, 128 GB)",19499.0,22999.0,15.0,3500.0,4.3,Only 1 Left,True,No,False,https://www.flipkart.com/samsung-galaxy-f36-5g-red-128-gb/p/itmc11d84aa155ce?pid=MOBHDFVTHDKNNW8Z&lid=LSTMOBHDFVTHDKNNW8Z1DPOGI&marketplace=FLIPKART&q=smartphones&store=tyy%2F4io&srno=s_2_29&otracker=search&fm=organic&iid=cd1af179-f528-4fe0-843a-1f194fa9ea73.MOBHDFVTHDKNNW8Z.SEARCH&ppt=None&ppn=None&ssid=u7j32ydys00000001780910424278&qH=6ea4465d0add4685&ov_redirect=true,"Add to Compare Samsung Galaxy F36 5G (Red, 128 GB) 4.3 11,375 Ratings & 778 Reviews 6 GB RAM | 128 GB ROM | Expandable Upto 2 TB 17.02 cm (6.7 inch) Full HD+ Display 50MP + 8MP + 2MP | 13MP Front Camera 5000 mAh Battery Samsung Exynos 1380 Processor 1 Year Manufacturer Warranty for Device and 6 Months for In-Box Accessories ₹19,499 ₹22,999 15% off Only 1 left Upto ₹13,650 Off on Exchange"
Flipkart,smartphones,"vivo T5x 5G (Cyber Green, 128 GB)",22999.0,28999.0,20.0,6000.0,4.4,None,False,No,False,https://www.flipkart.com/vivo-t5x-5g-cyber-green-128-gb/p/itm7da8aa253e72b?pid=MOBHH69NGFZAYK6M&lid=LSTMOBHH69NGFZAYK6MYQKNQD&marketplace=FLIPKART&q=smartphones&store=tyy%2F4io&spotlightTagId=default_BestsellerId_tyy%2F4io&srno=s_2_31&otracker=search&fm=organic&iid=cd1af179-f528-4fe0-843a-1f194fa9ea73.MOBHH69NGFZAYK6M.SEARCH&ppt=None&ppn=None&ssid=u7j32ydys00000001780910424278&qH=6ea4465d0add4685&ov_redirect=true,"Add to Compare vivo T5x 5G (Cyber Green, 128 GB) 4.4 9,240 Ratings & 611 Reviews 6 GB RAM | 128 GB ROM 17.17 cm (6.76 inch) Display 50MP + 2MP | 32MP Front Camera 7200 mAh Li-ion Battery Dimensity 7400-Turbo Processor 1 Year Manufacturer Warranty for Device and 6 Months Manufacturer Warranty for Inbox Accessories ₹22,999 ₹28,999 20% off Upto ₹16,350 Off on Exchange Bank Offer"
Flipkart,smartphones,"realme P4x 5G (Elegant Pink, 128 GB)",19999.0,21999.0,9.0,2000.0,4.3,None,False,No,False,https://www.flipkart.com/realme-p4x-5g-elegant-pink-128-gb/p/itm575b1540859e4?pid=MOBHHWGMD2SAKRCJ&lid=LSTMOBHHWGMD2SAKRCJLOGF4A&marketplace=FLIPKART&q=smartphones&store=tyy%2F4io&srno=s_2_32&otracker=search&fm=organic&iid=cd1af179-f528-4fe0-843a-1f194fa9ea73.MOBHHWGMD2SAKRCJ.SEARCH&ppt=None&ppn=None&ssid=u7j32ydys00000001780910424278&qH=6ea4465d0add4685&ov_redirect=true,"Add to Compare realme P4x 5G (Elegant Pink, 128 GB) 4.3 11,475 Ratings & 859 Reviews 6 GB RAM | 128 GB ROM 17.07 cm (6.72 inch) Full HD+ Display 50MP + 2MP | 8MP Front Camera 7000 mAh Battery Dimensity 7400 Ultra Processor 1 Year Manufacturer Warranty for Phone and 6 Months Warranty for In-Box Accessories ₹19,999 ₹21,999 9% off Upto ₹14,050 Off on Exchange Bank Offer"
Flipkart,smartphones,"OnePlus Nord CE6 Lite (Hyper Black, 128 GB)",26698.0,33999.0,21.0,7301.0,4.3,Only Few Left,True,No,False,https://www.flipkart.com/oneplus-nord-ce6-lite-hyper-black-128-gb/p/itm894a5599b758b?pid=MOBHN8CA4A6Z3KMZ&lid=LSTMOBHN8CA4A6Z3KMZS2V2L5&marketplace=FLIPKART&q=smartphones&store=tyy%2F4io&srno=s_2_33&otracker=search&fm=organic&iid=cd1af179-f528-4fe0-843a-1f194fa9ea73.MOBHN8CA4A6Z3KMZ.SEARCH&ppt=None&ppn=None&ssid=u7j32ydys00000001780910424278&qH=6ea4465d0add4685&ov_redirect=true,"Add to Compare OnePlus Nord CE6 Lite (Hyper Black, 128 GB) 4.3 85 Ratings & 5 Reviews 8 GB RAM | 128 GB ROM | Expandable Upto 128 GB 17.07 cm (6.72 inch) Full HD+ Display 50MP Rear Camera | 50MP Front Camera 7000 mAh Battery Qualcomm Snapdragon 7s Gen 4 Processor one year of handset six month of accessories ₹26,698 ₹33,999 21% off Only few left Bank Offer"
Flipkart,smartphones,"Ai+ Pulse 2 (Blue, 64 GB)",10499.0,10999.0,4.0,500.0,4.4,None,False,No,False,https://www.flipkart.com/ai-pulse-2-blue-64-gb/p/itm9168504534079?pid=MOBHKHPYZFF8KUPC&lid=LSTMOBHKHPYZFF8KUPCXXI7UT&marketplace=FLIPKART&q=smartphones&store=tyy%2F4io&srno=s_2_34&otracker=search&fm=organic&iid=cd1af179-f528-4fe0-843a-1f194fa9ea73.MOBHKHPYZFF8KUPC.SEARCH&ppt=None&ppn=None&ssid=u7j32ydys00000001780910424278&qH=6ea4465d0add4685&ov_redirect=true,"Add to Compare Ai+ Pulse 2 (Blue, 64 GB) 4.4 3,259 Ratings & 166 Reviews 4 GB RAM | 64 GB ROM | Expandable Upto 1 TB 17.13 cm (6.745 inch) HD+ Display 50MP Rear Camera | 8MP Front Camera 6000 mAh Battery T7250 Processor 1 Year Warranty on Handset and 6 Months Warranty on the Inbox Accessories ₹10,499 ₹10,999 4% off Upto ₹7,050 Off on Exchange Bank Offer"
Flipkart,smartphones,"Infinix GT 30 5G+ Pulse Green 128 (Pulse Green, 128 GB)",21999.0,24999.0,12.0,3000.0,4.4,None,False,No,False,https://www.flipkart.com/infinix-gt-30-5g-pulse-green-128-pulse-green-gb/p/itm666aa01d8a89d?pid=MOBHDQFAY7XQDHNK&lid=LSTMOBHDQFAY7XQDHNKJVNAJR&marketplace=FLIPKART&q=smartphones&store=tyy%2F4io&srno=s_2_35&otracker=search&fm=organic&iid=cd1af179-f528-4fe0-843a-1f194fa9ea73.MOBHDQFAY7XQDHNK.SEARCH&ppt=None&ppn=None&ssid=u7j32ydys00000001780910424278&qH=6ea4465d0add4685&ov_redirect=true,"Add to Compare Infinix GT 30 5G+ Pulse Green 128 (Pulse Green, 128 GB) 4.4 835 Ratings & 53 Reviews 8 GB RAM | 128 GB ROM 17.22 cm (6.78 inch) Display 64MP + 8MP | 13MP Front Camera 5500 mAh Battery Dimensity 7400 Processor 1 Year Manufacturer Warranty for Device and 6 Months Manufacturer Warranty for Inbox Accessories ₹21,999 ₹24,999 12% off Upto ₹15,450 Off on Exchange Bank Offer"
Flipkart,smartphones,"POCO C81x (Crystal Black, 64 GB) 4",10999.0,18999.0,42.0,8000.0,,None,False,No,False,https://www.flipkart.com/poco-c81x-crystal-black-64-gb/p/itmcc7b133522987?pid=MOBHMYWRXCQBZ7D2&lid=LSTMOBHMYWRXCQBZ7D2WUWSH4&marketplace=FLIPKART&q=smartphones&store=tyy%2F4io&srno=s_2_36&otracker=search&fm=organic&iid=cd1af179-f528-4fe0-843a-1f194fa9ea73.MOBHMYWRXCQBZ7D2.SEARCH&ppt=None&ppn=None&ssid=u7j32ydys00000001780910424278&qH=6ea4465d0add4685&ov_redirect=true,"Add to Compare POCO C81x (Crystal Black, 64 GB) 4 141 Ratings & 9 Reviews 3 GB RAM | 64 GB ROM | Expandable Upto 2 TB 17.48 cm (6.88 inch) Display 13MP Rear Camera | 8MP Front Camera 5200 mAh Lithium-Ion Polymer Battery T7250 Processor 1 Year Manufacturer Warranty for Phone and 6 Months Warranty for In the Box Accessories ₹10,999 ₹18,999 42% off Upto ₹7,400 Off on Exchange Bank Offer"
Flipkart,smartphones,Add to Compare Vivo T4 Lite 5G (Prism Blue 2026) ( 4GB 64GB),12999.0,27999.0,53.0,15000.0,4.3,None,False,No,False,https://www.flipkart.com/vivo-t4-lite-5g-prism-blue-2026-4gb-64gb/p/itm49fb53d099f3c?pid=MOBHNCRKA4XQFSRM&lid=LSTMOBHNCRKA4XQFSRM3HV9XJ&marketplace=FLIPKART&q=smartphones&store=tyy%2F4io&srno=s_2_37&otracker=search&fm=organic&iid=cd1af179-f528-4fe0-843a-1f194fa9ea73.MOBHNCRKA4XQFSRM.SEARCH&ppt=None&ppn=None&ssid=u7j32ydys00000001780910424278&qH=6ea4465d0add4685&ov_redirect=true,"Currently unavailable Add to Compare Vivo T4 Lite 5G (Prism Blue 2026) ( 4GB 64GB) 4.3 36,159 Ratings & 1,305 Reviews 4 GB RAM | 64 GB ROM | Expandable Upto 2 TB 17.12 cm (6.74 inch) HD+ Display 50MP + 2MP | 5MP Front Camera 6000 mAh Battery Dimensity 6300 5G Processor 1 Year Manufacturer Warranty for Device and 6 Months Manufacturer Warranty for Inbox Accessories ₹12,999 ₹27,999 53% off Bank Offe"
Flipkart,smartphones,"Samsung Galaxy F06 5G (Bahama Blue, 128 GB)",15499.0,10650.0,,-4849.0,4.2,None,False,Unknown,False,https://www.flipkart.com/samsung-galaxy-f06-5g-bahama-blue-128-gb/p/itm9acd4c5748761?pid=MOBH9AS4DSSQECZM&lid=LSTMOBH9AS4DSSQECZMNC3LC0&marketplace=FLIPKART&q=smartphones&store=tyy%2F4io&srno=s_2_38&otracker=search&fm=organic&iid=cd1af179-f528-4fe0-843a-1f194fa9ea73.MOBH9AS4DSSQECZM.SEARCH&ppt=None&ppn=None&ssid=u7j32ydys00000001780910424278&qH=6ea4465d0add4685&ov_redirect=true,"Add to Compare Samsung Galaxy F06 5G (Bahama Blue, 128 GB) 4.2 24,795 Ratings & 1,699 Reviews 6 GB RAM | 128 GB ROM | Expandable Upto 1500 GB 17.02 cm (6.7 inch) HD+ Display 50MP + 2MP | 8MP Front Camera 5000 mAh Battery Dimensity 6300 Processor 1 Year Manufacturer Warranty for Device and 6 Months for In-Box Accessories ₹15,499 Upto ₹10,650 Off on Exchange Bank Offer"
Flipkart,smartphones,"OPPO K14 5G (Prism White, 256 GB)",23999.0,29999.0,20.0,6000.0,4.3,None,False,No,False,https://www.flipkart.com/oppo-k14-5g-prism-white-256-gb/p/itm2a5cc1d23c2af?pid=MOBHKQYYS6KNAPHZ&lid=LSTMOBHKQYYS6KNAPHZ4DCHQR&marketplace=FLIPKART&q=smartphones&store=tyy%2F4io&srno=s_2_39&otracker=search&fm=organic&iid=cd1af179-f528-4fe0-843a-1f194fa9ea73.MOBHKQYYS6KNAPHZ.SEARCH&ppt=None&ppn=None&ssid=u7j32ydys00000001780910424278&qH=6ea4465d0add4685&ov_redirect=true,"Add to Compare OPPO K14 5G (Prism White, 256 GB) 4.3 527 Ratings & 58 Reviews 8 GB RAM | 256 GB ROM 17.14 cm (6.75 inch) HD+ Display 50MP Rear Camera | 8MP Front Camera 7000 mAh Battery Dimensity 6300 Processor 1 Year Manufacturer Warranty for Device and 6 Months Manufacturer Warranty for Inbox Accessories ₹23,999 ₹29,999 20% off Upto ₹17,000 Off on Exchange Bank Offer"
Flipkart,smartphones,"Tecno Pova 7 Pro 5G (Neon Cyan, 256 GB)",19374.0,23999.0,19.0,4625.0,4.4,Only 1 Left,True,No,False,https://www.flipkart.com/tecno-pova-7-pro-5g-neon-cyan-256-gb/p/itm0445d5aa95ced?pid=MOBHD8ZJCUMY42KG&lid=LSTMOBHD8ZJCUMY42KG4J7GGM&marketplace=FLIPKART&q=smartphones&store=tyy%2F4io&srno=s_2_40&otracker=search&fm=organic&iid=cd1af179-f528-4fe0-843a-1f194fa9ea73.MOBHD8ZJCUMY42KG.SEARCH&ppt=None&ppn=None&ssid=u7j32ydys00000001780910424278&qH=6ea4465d0add4685&ov_redirect=true,"Add to Compare Tecno Pova 7 Pro 5G (Neon Cyan, 256 GB) 4.4 5,857 Ratings & 600 Reviews 8 GB RAM | 256 GB ROM 17.22 cm (6.78 inch) Full HD+ AMOLED Display 64MP + 8MP | 13MP Front Camera 6000 mAh Battery Dimensity 7300 Ultimate Processor 1 Year Manufacturer Warranty for Phone ₹19,374 ₹23,999 19% off Only 1 left Upto ₹13,650 Off on Exchange"
Flipkart,smartphones,"POCO C85 5G (Power Black, 128 GB)",14499.0,20999.0,30.0,6500.0,3.8,None,False,No,False,https://www.flipkart.com/poco-c85-5g-power-black-128-gb/p/itm1f62dee4df0ad?pid=MOBHMGG5DNYPWU9Q&lid=LSTMOBHMGG5DNYPWU9QRQJHJO&marketplace=FLIPKART&q=smartphones&store=tyy%2F4io&srno=s_2_41&otracker=search&fm=organic&iid=cd1af179-f528-4fe0-843a-1f194fa9ea73.MOBHMGG5DNYPWU9Q.SEARCH&ppt=None&ppn=None&ssid=u7j32ydys00000001780910424278&qH=6ea4465d0add4685&ov_redirect=true,"Add to Compare POCO C85 5G (Power Black, 128 GB) 3.8 1,286 Ratings & 132 Reviews 4 GB RAM | 128 GB ROM | Expandable Upto 1 TB 17.53 cm (6.9 inch) HD+ Display 50MP Rear Camera | 8MP Front Camera 6000 mAh Lithium-Ion Polymer Battery Dimensity 6300 Processor 1 Year Manufacturer Warranty for Phone and 6 Months Warranty for In the Box Accessories ₹14,499 ₹20,999 30% off Upto ₹10,000 Off on Exchange Ban"
Flipkart,smartphones,"Ai+ Nova 2 Ultra 5G (Green, 128 GB)",18999.0,25999.0,26.0,7000.0,4.3,None,False,No,False,https://www.flipkart.com/ai-nova-2-ultra-5g-green-128-gb/p/itm9db3f3ad8ba85?pid=MOBHHUFDZFG4CKDG&lid=LSTMOBHHUFDZFG4CKDGGCWUDQ&marketplace=FLIPKART&q=smartphones&store=tyy%2F4io&srno=s_2_42&otracker=search&fm=organic&iid=cd1af179-f528-4fe0-843a-1f194fa9ea73.MOBHHUFDZFG4CKDG.SEARCH&ppt=None&ppn=None&ssid=u7j32ydys00000001780910424278&qH=6ea4465d0add4685&ov_redirect=true,"Add to Compare Ai+ Nova 2 Ultra 5G (Green, 128 GB) 4.3 609 Ratings & 147 Reviews 6 GB RAM | 128 GB ROM | Expandable Upto 1 TB 17.22 cm (6.78 inch) Full HD+ AMOLED Display 50MP + 8MP | 13MP Front Camera 6000 mAh Li-polymer Battery Dimensity 7400 Processor 1 Year Warranty on Handset and 6 Months Warranty on the Inbox Accessories ₹18,999 ₹25,999 26% off Upto ₹13,250 Off on Exchange Bank Offer"
Flipkart,smartphones,"MOTOROLA Edge 70 Fusion (Pantone SILHOUETTE, 256 GB)",33999.0,49999.0,32.0,16000.0,4.3,None,False,No,False,https://www.flipkart.com/motorola-edge-70-fusion-pantone-silhouette-256-gb/p/itm4261a778cb993?pid=MOBHJ7TXQGMFR7D9&lid=LSTMOBHJ7TXQGMFR7D9SD24SW&marketplace=FLIPKART&q=smartphones&store=tyy%2F4io&srno=s_2_43&otracker=search&fm=organic&iid=cd1af179-f528-4fe0-843a-1f194fa9ea73.MOBHJ7TXQGMFR7D9.SEARCH&ppt=None&ppn=None&ssid=u7j32ydys00000001780910424278&qH=6ea4465d0add4685&ov_redirect=true,"Add to Compare MOTOROLA Edge 70 Fusion (Pantone SILHOUETTE, 256 GB) 4.3 1,893 Ratings & 198 Reviews 12 GB RAM | 256 GB ROM 17.27 cm (6.8 inch) Super HD Display 50MP + 13MP | 32MP Front Camera 7000 mAh Battery Snapdragon 7s Gen 4 Processor 1 Year on Handset and 6 Months on Accessories ₹33,999 ₹49,999 32% off Upto ₹24,200 Off on Exchange Bank Offer"
Flipkart,smartphones,"vivo T4 Pro 5G (Nitro Blue, 256 GB)",29999.0,34999.0,14.0,5000.0,4.5,Only Few Left,True,No,False,https://www.flipkart.com/vivo-t4-pro-5g-nitro-blue-256-gb/p/itm4da1824b696d9?pid=MOBHF4F9FMPWJTPP&lid=LSTMOBHF4F9FMPWJTPPMUV02U&marketplace=FLIPKART&q=smartphones&store=tyy%2F4io&srno=s_2_44&otracker=search&fm=organic&iid=cd1af179-f528-4fe0-843a-1f194fa9ea73.MOBHF4F9FMPWJTPP.SEARCH&ppt=None&ppn=None&ssid=u7j32ydys00000001780910424278&qH=6ea4465d0add4685&ov_redirect=true,"Add to Compare vivo T4 Pro 5G (Nitro Blue, 256 GB) 4.5 20,565 Ratings & 1,593 Reviews 8 GB RAM | 256 GB ROM 17.2 cm (6.77 inch) Display 50MP + 2MP + 50MP | 32MP Front Camera 6500 mAh Battery 7 Gen 4 Processor 1 Year Manufacturer Warranty for Device and 6 Months Manufacturer Warranty for Inbox Accessories ₹29,999 ₹34,999 14% off Only few left Upto ₹21,150 Off on Exchange"
Flipkart,smartphones,"OnePlus Nord CE6 Lite (Vivid Mint, 128 GB)",23765.0,31999.0,25.0,8234.0,4.1,Only Few Left,True,No,False,https://www.flipkart.com/oneplus-nord-ce6-lite-vivid-mint-128-gb/p/itm21e965b5b799d?pid=MOBHN8CVXZNTVTKZ&lid=LSTMOBHN8CVXZNTVTKZSXQHGN&marketplace=FLIPKART&q=smartphones&store=tyy%2F4io&srno=s_2_45&otracker=search&fm=organic&iid=cd1af179-f528-4fe0-843a-1f194fa9ea73.MOBHN8CVXZNTVTKZ.SEARCH&ppt=None&ppn=None&ssid=u7j32ydys00000001780910424278&qH=6ea4465d0add4685&ov_redirect=true,"Add to Compare OnePlus Nord CE6 Lite (Vivid Mint, 128 GB) 4.1 140 Ratings & 12 Reviews 6 GB RAM | 128 GB ROM | Expandable Upto 128 GB 17.07 cm (6.72 inch) Full HD+ Display 50MP Rear Camera | 50MP Front Camera 7000 mAh Battery Qualcomm Snapdragon 7s Gen 4 Processor one year of handset six month of accessories ₹23,765 ₹31,999 25% off Super Deals Only few left"
Flipkart,smartphones,"realme P4x 5G (Matte Silver, 128 GB)",21499.0,23499.0,8.0,2000.0,4.3,None,False,No,False,https://www.flipkart.com/realme-p4x-5g-matte-silver-128-gb/p/itm575b1540859e4?pid=MOBHHWGMJA4GNTVD&lid=LSTMOBHHWGMJA4GNTVDWMGMJS&marketplace=FLIPKART&q=smartphones&store=tyy%2F4io&srno=s_2_46&otracker=search&fm=organic&iid=cd1af179-f528-4fe0-843a-1f194fa9ea73.MOBHHWGMJA4GNTVD.SEARCH&ppt=None&ppn=None&ssid=u7j32ydys00000001780910424278&qH=6ea4465d0add4685&ov_redirect=true,"Add to Compare realme P4x 5G (Matte Silver, 128 GB) 4.3 5,779 Ratings & 429 Reviews 8 GB RAM | 128 GB ROM 17.07 cm (6.72 inch) Full HD+ Display 50MP + 2MP | 8MP Front Camera 7000 mAh Battery Dimensity 7400 Ultra Processor 1 Year Manufacturer Warranty for Phone and 6 Months Warranty for In-Box Accessories ₹21,499 ₹23,499 8% off Upto ₹15,300 Off on Exchange Bank Offer"
Flipkart,smartphones,"Samsung Galaxy F06 5G (Bahama Blue, 64 GB)",12499.0,14999.0,16.0,2500.0,4.2,Only 1 Left,True,No,False,https://www.flipkart.com/samsung-galaxy-f06-5g-bahama-blue-64-gb/p/itma405b6a267df1?pid=MOBHMGHHPXSTQWHH&lid=LSTMOBHMGHHPXSTQWHHOFQUNF&marketplace=FLIPKART&q=smartphones&store=tyy%2F4io&srno=s_2_47&otracker=search&fm=organic&iid=cd1af179-f528-4fe0-843a-1f194fa9ea73.MOBHMGHHPXSTQWHH.SEARCH&ppt=None&ppn=None&ssid=u7j32ydys00000001780910424278&qH=6ea4465d0add4685&ov_redirect=true,"Add to Compare Samsung Galaxy F06 5G (Bahama Blue, 64 GB) 4.2 46,399 Ratings & 2,975 Reviews 4 GB RAM | 64 GB ROM | Expandable Upto 1500 GB 17.02 cm (6.7 inch) HD+ Display 50MP + 2MP | 8MP Front Camera 5000 mAh Battery Dimensity 6300 Processor 1 Year Manufacturer Warranty for Device and 6 Months for In-Box Accessories ₹12,499 ₹14,999 16% off Only 1 left Upto ₹8,500 Off on Exchange"
Flipkart,smartphones,"OPPO K14x 5G (Icy Blue, 128 GB)",16999.0,17999.0,5.0,1000.0,4.3,None,False,No,False,https://www.flipkart.com/oppo-k14x-5g-icy-blue-128-gb/p/itm188c7a4b69292?pid=MOBHJQQ4JWFJQCGC&lid=LSTMOBHJQQ4JWFJQCGCO9UQAV&marketplace=FLIPKART&q=smartphones&store=tyy%2F4io&spotlightTagId=default_BestsellerId_tyy%2F4io&srno=s_2_48&otracker=search&fm=organic&iid=cd1af179-f528-4fe0-843a-1f194fa9ea73.MOBHJQQ4JWFJQCGC.SEARCH&ppt=None&ppn=None&ssid=u7j32ydys00000001780910424278&qH=6ea4465d0add4685&ov_redirect=true,"Add to Compare OPPO K14x 5G (Icy Blue, 128 GB) 4.3 3,549 Ratings & 215 Reviews 4 GB RAM | 128 GB ROM 17.14 cm (6.75 inch) HD+ Display 50MP + 2MP | 5MP; f/2.2; FOV 77°; 3P lens 6500 mAh Battery Dimensity 6300 Processor 1 Year Manufacturer Warranty for Device and 6 Months Manufacturer Warranty for Inbox Accessories ₹16,999 ₹17,999 5% off Upto ₹11,700 Off on Exchange Bank Offer"
Flipkart,smartphones,"OPPO K14x 5G (Prism Violet, 128 GB)",16999.0,17999.0,5.0,1000.0,4.3,Only Few Left,True,No,False,https://www.flipkart.com/oppo-k14x-5g-prism-violet-128-gb/p/itm188c7a4b69292?pid=MOBHJQQ4XFNJUHGW&lid=LSTMOBHJQQ4XFNJUHGWGZGIGT&marketplace=FLIPKART&q=smartphones&store=tyy%2F4io&srno=s_3_50&otracker=search&fm=organic&iid=d270e22c-d496-4bce-b847-c95c43d8d706.MOBHJQQ4XFNJUHGW.SEARCH&ppt=None&ppn=None&ssid=i0ob76vetc0000001780910439690&qH=6ea4465d0add4685&ov_redirect=true,"Add to Compare OPPO K14x 5G (Prism Violet, 128 GB) 4.3 3,549 Ratings & 215 Reviews 4 GB RAM | 128 GB ROM 17.14 cm (6.75 inch) HD+ Display 50MP + 2MP | 5MP; f/2.2; FOV 77°; 3P lens 6500 mAh Battery Dimensity 6300 Processor 1 Year Manufacturer Warranty for Device and 6 Months Manufacturer Warranty for Inbox Accessories ₹16,999 ₹17,999 5% off Only few left Upto ₹11,900 Off on Exchange"
Flipkart,smartphones,"Add to Compare MOTOROLA Edge 60 Fusion 5G (PANTONE Zephyr, 128 GB)",22999.0,24999.0,8.0,2000.0,4.4,None,False,No,False,https://www.flipkart.com/motorola-edge-60-fusion-5g-pantone-zephyr-128-gb/p/itm4928a0586b718?pid=MOBHHD2K42R3RQTB&lid=LSTMOBHHD2K42R3RQTBU6T5AP&marketplace=FLIPKART&q=smartphones&store=tyy%2F4io&srno=s_3_51&otracker=search&fm=organic&iid=d270e22c-d496-4bce-b847-c95c43d8d706.MOBHHD2K42R3RQTB.SEARCH&ppt=None&ppn=None&ssid=i0ob76vetc0000001780910439690&qH=6ea4465d0add4685&ov_redirect=true,"Currently unavailable Add to Compare MOTOROLA Edge 60 Fusion 5G (PANTONE Zephyr, 128 GB) 4.4 1,21,643 Ratings & 7,182 Reviews 8 GB RAM | 128 GB ROM | Expandable Upto 1 TB 16.94 cm (6.67 inch) Display 50MP + 13MP | 32MP Front Camera 5500 mAh Battery Dimensity 7400 Processor 68W Charger 1 Year Warranty on Handset and 6 Months Warranty on Accessories ₹22,999 ₹24,999 8% off Upto ₹16,350 Off on Exchang"
Flipkart,smartphones,"MOTOROLA g35 5G (Leaf Green, 128 GB)",12499.0,8500.0,,-3999.0,4.2,Only Few Left,True,Unknown,False,https://www.flipkart.com/motorola-g35-5g-leaf-green-128-gb/p/itma3ca32cc93927?pid=MOBH3YGPQHRSNQED&lid=LSTMOBH3YGPQHRSNQEDLDGOMQ&marketplace=FLIPKART&q=smartphones&store=tyy%2F4io&srno=s_3_52&otracker=search&fm=organic&iid=d270e22c-d496-4bce-b847-c95c43d8d706.MOBH3YGPQHRSNQED.SEARCH&ppt=None&ppn=None&ssid=i0ob76vetc0000001780910439690&qH=6ea4465d0add4685&ov_redirect=true,"Add to Compare MOTOROLA g35 5G (Leaf Green, 128 GB) 4.2 1,38,207 Ratings & 8,579 Reviews 4 GB RAM | 128 GB ROM | Expandable Upto 1 TB 17.07 cm (6.72 inch) Full HD+ Display 50MP + 8MP | 16MP Front Camera 5000 mAh Battery T760 Processor 12 5G Bands with VoNR|4K Video Recording|Vision Booster Technology 1 Year on Handset and 6 Months on Accessories ₹12,499 Only few left Upto ₹8,500 Off on Exchange"
Flipkart,smartphones,"OPPO K14 5G (Icy Blue, 128 GB)",19999.0,25999.0,23.0,6000.0,4.4,None,False,No,False,https://www.flipkart.com/oppo-k14-5g-icy-blue-128-gb/p/itm2a5cc1d23c2af?pid=MOBHKQYY9S6MVDHH&lid=LSTMOBHKQYY9S6MVDHHMEMJYK&marketplace=FLIPKART&q=smartphones&store=tyy%2F4io&srno=s_3_53&otracker=search&fm=organic&iid=d270e22c-d496-4bce-b847-c95c43d8d706.MOBHKQYY9S6MVDHH.SEARCH&ppt=None&ppn=None&ssid=i0ob76vetc0000001780910439690&qH=6ea4465d0add4685&ov_redirect=true,"Add to Compare OPPO K14 5G (Icy Blue, 128 GB) 4.4 1,503 Ratings & 86 Reviews 6 GB RAM | 128 GB ROM 17.14 cm (6.75 inch) HD+ Display 50MP Rear Camera | 8MP Front Camera 7000 mAh Battery Dimensity 6300 Processor 1 Year Manufacturer Warranty for Device and 6 Months Manufacturer Warranty for Inbox Accessories ₹19,999 ₹25,999 23% off Upto ₹14,050 Off on Exchange Bank Offer"
Flipkart,smartphones,"MOTOROLA g37 (PANTONE Impenetrable, 64 GB)",14999.0,24999.0,40.0,10000.0,4.3,None,False,No,False,https://www.flipkart.com/motorola-g37-pantone-impenetrable-64-gb/p/itm40c0c7bcb21fc?pid=MOBHHWB6GWE2CKHU&lid=LSTMOBHHWB6GWE2CKHUQEA6X8&marketplace=FLIPKART&q=smartphones&store=tyy%2F4io&srno=s_3_54&otracker=search&fm=organic&iid=d270e22c-d496-4bce-b847-c95c43d8d706.MOBHHWB6GWE2CKHU.SEARCH&ppt=None&ppn=None&ssid=i0ob76vetc0000001780910439690&qH=6ea4465d0add4685&ov_redirect=true,"Add to Compare MOTOROLA g37 (PANTONE Impenetrable, 64 GB) 4.3 148 Ratings & 10 Reviews 4 GB RAM | 64 GB ROM | Expandable Upto 1 TB 16.92 cm (6.66 inch) HD+ Display 50MP Rear Camera | 8MP Front Camera 5200 mAh Battery Dimensity 6400 Processor 1 Year on Handset and 6 Months on Accessories ₹14,999 ₹24,999 40% off Upto ₹10,350 Off on Exchange Bank Offer"
Flipkart,smartphones,"vivo T4R 5G (Arctic White, 128 GB)",22999.0,23499.0,2.0,500.0,4.4,Only 1 Left,True,No,False,https://www.flipkart.com/vivo-t4r-5g-arctic-white-128-gb/p/itm3a5653667cb9c?pid=MOBHE49GDEHE3XZD&lid=LSTMOBHE49GDEHE3XZDXHWSUS&marketplace=FLIPKART&q=smartphones&store=tyy%2F4io&srno=s_3_55&otracker=search&fm=organic&iid=d270e22c-d496-4bce-b847-c95c43d8d706.MOBHE49GDEHE3XZD.SEARCH&ppt=None&ppn=None&ssid=i0ob76vetc0000001780910439690&qH=6ea4465d0add4685&ov_redirect=true,"Add to Compare vivo T4R 5G (Arctic White, 128 GB) 4.4 51,021 Ratings & 2,881 Reviews 8 GB RAM | 128 GB ROM 17.2 cm (6.77 inch) Display 50MP (OIS) + 2MP | 32MP Front Camera 5700 mAh Battery Dimensity 7400 5G Processor 1 Year Manufacturer Warranty for Device and 6 Months Manufacturer Warranty for Inbox Accessories ₹22,999 ₹23,499 2% off Only 1 left Upto ₹16,350 Off on Exchange"
Flipkart,smartphones,"Add to Compare MOTOROLA g06 power (Pantone Laurel Oak, 64 GB)",9999.0,6650.0,,-3349.0,4.2,None,False,Unknown,False,https://www.flipkart.com/motorola-g06-power-pantone-laurel-oak-64-gb/p/itmf9181378967b8?pid=MOBHFSCECY35PFSB&lid=LSTMOBHFSCECY35PFSBLBBKM4&marketplace=FLIPKART&q=smartphones&store=tyy%2F4io&srno=s_3_57&otracker=search&fm=organic&iid=d270e22c-d496-4bce-b847-c95c43d8d706.MOBHFSCECY35PFSB.SEARCH&ppt=None&ppn=None&ssid=i0ob76vetc0000001780910439690&qH=6ea4465d0add4685&ov_redirect=true,"Currently unavailable Add to Compare MOTOROLA g06 power (Pantone Laurel Oak, 64 GB) 4.2 17,960 Ratings & 1,058 Reviews 4 GB RAM | 64 GB ROM | Expandable Upto 1 TB 17.48 cm (6.88 inch) HD+ Display 50MP Rear Camera | 8MP Front Camera 7000 mAh Battery Helio G81 Processor 1 Year Warranty on Handset and 6 Months Warranty on Accessories ₹9,999 Upto ₹6,650 Off on Exchange Bank Offer"
Flipkart,smartphones,OPPO K13 5G with,22999.0,16350.0,,-6649.0,4.4,None,False,Unknown,False,https://www.flipkart.com/oppo-k13-5g-7000mah-80w-supervooc-charger-in-the-box-icy-purple-128-gb/p/itm6f2ebf6d205cf?pid=MOBHB392H7TZ4ZKJ&lid=LSTMOBHB392H7TZ4ZKJT3QIAI&marketplace=FLIPKART&q=smartphones&store=tyy%2F4io&srno=s_3_58&otracker=search&fm=organic&iid=d270e22c-d496-4bce-b847-c95c43d8d706.MOBHB392H7TZ4ZKJ.SEARCH&ppt=None&ppn=None&ssid=i0ob76vetc0000001780910439690&qH=6ea4465d0add4685&ov_redirect=true,"Add to Compare OPPO K13 5G with 7000mAh and 80W SUPERVOOC Charger In-The-Box (Icy Purple, 128 GB) 4.4 74,083 Ratings & 4,984 Reviews 8 GB RAM | 128 GB ROM 16.94 cm (6.67 inch) Display 50MP + 2MP | 16MP Front Camera 7000 mAh Battery Snapdragon 6 Gen 4 Processor 80W SUPERVOOC Charger 1 Year Warranty on the Product and 6 Months Warranty on Inbox Accessories ₹22,999 Upto ₹16,350 Off on Exchange Bank O"
Flipkart,smartphones,"Samsung Galaxy F36 5G (Black, 128 GB)",19450.0,22999.0,15.0,3549.0,4.3,Only Few Left,True,No,False,https://www.flipkart.com/samsung-galaxy-f36-5g-black-128-gb/p/itmd18f56e2be5da?pid=MOBHDFVTWJGWETBG&lid=LSTMOBHDFVTWJGWETBG2P7PIH&marketplace=FLIPKART&q=smartphones&store=tyy%2F4io&srno=s_3_59&otracker=search&fm=organic&iid=d270e22c-d496-4bce-b847-c95c43d8d706.MOBHDFVTWJGWETBG.SEARCH&ppt=None&ppn=None&ssid=i0ob76vetc0000001780910439690&qH=6ea4465d0add4685&ov_redirect=true,"Add to Compare Samsung Galaxy F36 5G (Black, 128 GB) 4.3 11,375 Ratings & 778 Reviews 6 GB RAM | 128 GB ROM | Expandable Upto 2 TB 17.02 cm (6.7 inch) Full HD+ Display 50MP + 8MP + 2MP | 13MP Front Camera 5000 mAh Battery Samsung Exynos 1380 Processor 1 Year Manufacturer Warranty for Device and 6 Months for In-Box Accessories ₹19,450 ₹22,999 15% off Only few left Upto ₹13,650 Off on Exchange"
Flipkart,smartphones,"POCO F7 5G (Phantom Black, 256 GB)",35999.0,25800.0,,-10199.0,4.4,None,False,Unknown,False,https://www.flipkart.com/poco-f7-5g-phantom-black-256-gb/p/itm632bdcafce49a?pid=MOBHCY2UG9GJJGCM&lid=LSTMOBHCY2UG9GJJGCMSAJ7IM&marketplace=FLIPKART&q=smartphones&store=tyy%2F4io&srno=s_3_60&otracker=search&fm=organic&iid=d270e22c-d496-4bce-b847-c95c43d8d706.MOBHCY2UG9GJJGCM.SEARCH&ppt=None&ppn=None&ssid=i0ob76vetc0000001780910439690&qH=6ea4465d0add4685&ov_redirect=true,"Add to Compare POCO F7 5G (Phantom Black, 256 GB) 4.4 22,712 Ratings & 2,244 Reviews 12 GB RAM | 256 GB ROM 17.35 cm (6.83 inch) Display 50MP Rear Camera | 20MP Front Camera 7550 mAh Li-Polymer + Silicon Carbon Battery 8s Gen 4 Processor Rear Camera -50MP Main Camera -8MP Ultra-wide Camera with night mode and ultra-wide video recording Front camera -20MP with Portrait Mode | | Front Video Recordin"
Flipkart,smartphones,"Add to Compare Samsung M05 (Mint Green, 64 GB)",6704.0,9999.0,32.0,3295.0,4.3,None,False,No,False,https://www.flipkart.com/samsung-m05-mint-green-64-gb/p/itm99fc37d43aff8?pid=MOBH4Z9VZNVRFV85&lid=LSTMOBH4Z9VZNVRFV858QDUCB&marketplace=FLIPKART&q=smartphones&store=tyy%2F4io&srno=s_3_61&otracker=search&fm=organic&iid=d270e22c-d496-4bce-b847-c95c43d8d706.MOBH4Z9VZNVRFV85.SEARCH&ppt=None&ppn=None&ssid=i0ob76vetc0000001780910439690&qH=6ea4465d0add4685&ov_redirect=true,"Currently unavailable Add to Compare Samsung M05 (Mint Green, 64 GB) 4.3 4,219 Ratings & 168 Reviews 4 GB RAM | 64 GB ROM 17.02 cm (6.7 inch) Display 50MP Rear Camera 5000 mAh Battery 1 year manufacturer warranty for device and 6 months manufacturer warranty for in-box accessories including batteries from the date of purchase ₹6,704 ₹9,999 32% off Bank Offer"
Flipkart,smartphones,"OPPO K14 5G (Prism Violet, 256 GB)",21999.0,27999.0,21.0,6000.0,4.4,None,False,No,False,https://www.flipkart.com/oppo-k14-5g-prism-violet-256-gb/p/itm2a5cc1d23c2af?pid=MOBHKQYYNFMURAYF&lid=LSTMOBHKQYYNFMURAYFFSX9KQ&marketplace=FLIPKART&q=smartphones&store=tyy%2F4io&srno=s_3_62&otracker=search&fm=organic&iid=d270e22c-d496-4bce-b847-c95c43d8d706.MOBHKQYYNFMURAYF.SEARCH&ppt=None&ppn=None&ssid=i0ob76vetc0000001780910439690&qH=6ea4465d0add4685&ov_redirect=true,"Add to Compare OPPO K14 5G (Prism Violet, 256 GB) 4.4 1,503 Ratings & 86 Reviews 6 GB RAM | 256 GB ROM 17.14 cm (6.75 inch) HD+ Display 50MP Rear Camera | 8MP Front Camera 7000 mAh Battery Dimensity 6300 Processor 1 Year Manufacturer Warranty for Device and 6 Months Manufacturer Warranty for Inbox Accessories ₹21,999 ₹27,999 21% off Super Deals Upto ₹15,450 Off on Exchange"
Flipkart,smartphones,"vivo T4 Pro 5G (Blaze Gold, 256 GB)",29999.0,34999.0,14.0,5000.0,4.5,Only 5 Left,True,No,False,https://www.flipkart.com/vivo-t4-pro-5g-blaze-gold-256-gb/p/itm4da1824b696d9?pid=MOBHF4F9YFEME9AY&lid=LSTMOBHF4F9YFEME9AYJ2JEFW&marketplace=FLIPKART&q=smartphones&store=tyy%2F4io&srno=s_3_63&otracker=search&fm=organic&iid=d270e22c-d496-4bce-b847-c95c43d8d706.MOBHF4F9YFEME9AY.SEARCH&ppt=None&ppn=None&ssid=i0ob76vetc0000001780910439690&qH=6ea4465d0add4685&ov_redirect=true,"Add to Compare vivo T4 Pro 5G (Blaze Gold, 256 GB) 4.5 20,565 Ratings & 1,593 Reviews 8 GB RAM | 256 GB ROM 17.2 cm (6.77 inch) Display 50MP + 2MP + 50MP | 32MP Front Camera 6500 mAh Battery 7 Gen 4 Processor 1 Year Manufacturer Warranty for Device and 6 Months Manufacturer Warranty for Inbox Accessories ₹29,999 ₹34,999 14% off Only 5 left Upto ₹21,150 Off on Exchange"
Flipkart,smartphones,"Add to Compare MOTOROLA Edge 60 Fusion 5G (PANTONE Mykonos Blue, 128 GB)",22999.0,24999.0,8.0,2000.0,4.4,None,False,No,False,https://www.flipkart.com/motorola-edge-60-fusion-5g-pantone-mykonos-blue-128-gb/p/itm921871063b6c7?pid=MOBHHD2KRZ23ZXGS&lid=LSTMOBHHD2KRZ23ZXGS0RBVQE&marketplace=FLIPKART&q=smartphones&store=tyy%2F4io&srno=s_3_64&otracker=search&fm=organic&iid=d270e22c-d496-4bce-b847-c95c43d8d706.MOBHHD2KRZ23ZXGS.SEARCH&ppt=None&ppn=None&ssid=i0ob76vetc0000001780910439690&qH=6ea4465d0add4685&ov_redirect=true,"Currently unavailable Add to Compare MOTOROLA Edge 60 Fusion 5G (PANTONE Mykonos Blue, 128 GB) 4.4 1,21,643 Ratings & 7,182 Reviews 8 GB RAM | 128 GB ROM | Expandable Upto 1 TB 16.94 cm (6.67 inch) Display 50MP + 13MP | 32MP Front Camera 5500 mAh Battery Dimensity 7400 Processor 68W Charger 1 Year Warranty on Handset and 6 Months Warranty on Accessories ₹22,999 ₹24,999 8% off Upto ₹16,350 Off on E"
Flipkart,smartphones,"vivo T4 Pro 5G (Blaze Gold, 256 GB)",31999.0,36999.0,13.0,5000.0,4.5,Only 4 Left,True,No,False,https://www.flipkart.com/vivo-t4-pro-5g-blaze-gold-256-gb/p/itm4da1824b696d9?pid=MOBHF4F9HCBYSGQH&lid=LSTMOBHF4F9HCBYSGQHJ6CUVR&marketplace=FLIPKART&q=smartphones&store=tyy%2F4io&srno=s_3_65&otracker=search&fm=organic&iid=d270e22c-d496-4bce-b847-c95c43d8d706.MOBHF4F9HCBYSGQH.SEARCH&ppt=None&ppn=None&ssid=i0ob76vetc0000001780910439690&qH=6ea4465d0add4685&ov_redirect=true,"Add to Compare vivo T4 Pro 5G (Blaze Gold, 256 GB) 4.5 5,872 Ratings & 456 Reviews 12 GB RAM | 256 GB ROM 17.2 cm (6.77 inch) Display 50MP + 2MP + 50MP | 32MP Front Camera 6500 mAh Battery 7 Gen 4 Processor 1 Year Manufacturer Warranty for Device and 6 Months Manufacturer Warranty for Inbox Accessories ₹31,999 ₹36,999 13% off Only 4 left Upto ₹22,550 Off on Exchange"
Flipkart,smartphones,"vivo T5 Pro 5G (Glacier Blue, 128 GB)",29999.0,55999.0,46.0,26000.0,4.4,Lowest Price,True,No,False,https://www.flipkart.com/vivo-t5-pro-5g-glacier-blue-128-gb/p/itma21e2e09d4493?pid=MOBHM4FZVHBWFRHM&lid=LSTMOBHM4FZVHBWFRHMUM8WSE&marketplace=FLIPKART&q=smartphones&store=tyy%2F4io&srno=s_3_66&otracker=search&fm=organic&iid=d270e22c-d496-4bce-b847-c95c43d8d706.MOBHM4FZVHBWFRHM.SEARCH&ppt=None&ppn=None&ssid=i0ob76vetc0000001780910439690&qH=6ea4465d0add4685&ov_redirect=true,"Add to Compare vivo T5 Pro 5G (Glacier Blue, 128 GB) 4.4 3,863 Ratings & 406 Reviews 8 GB RAM | 128 GB ROM 17.35 cm (6.83 inch) Full HD+ AMOLED Display 50MP + 2MP | 32MP Front Camera 9020 mAh Battery Snapdragon 7s Gen 4 Processor 1 Year Warranty ₹29,999 ₹55,999 46% off Lowest price since launch Upto ₹21,150 Off on Exchange"
Flipkart,smartphones,"MOTOROLA g05 (Forest Green, 64 GB)",7299.0,9999.0,27.0,2700.0,4.2,Only Few Left,True,No,False,https://www.flipkart.com/motorola-g05-forest-green-64-gb/p/itme5ed06a5943b9?pid=MOBH5F3Q2SGMAFHR&lid=LSTMOBH5F3Q2SGMAFHR6YHZS0&marketplace=FLIPKART&q=smartphones&store=tyy%2F4io&srno=s_3_67&otracker=search&fm=organic&iid=d270e22c-d496-4bce-b847-c95c43d8d706.MOBH5F3Q2SGMAFHR.SEARCH&ppt=None&ppn=None&ssid=i0ob76vetc0000001780910439690&qH=6ea4465d0add4685&ov_redirect=true,"Add to Compare MOTOROLA g05 (Forest Green, 64 GB) 4.2 81,921 Ratings & 4,859 Reviews 4 GB RAM | 64 GB ROM | Expandable Upto 1 TB 16.94 cm (6.67 inch) HD+ Display 50MP Rear Camera | 8MP Front Camera 5100 mAh Battery Helio G81 Processor 1 Year Warranty on Handset and 6 Months Warranty on Accessories ₹7,299 ₹9,999 27% off Only few left Upto ₹4,600 Off on Exchange"
Flipkart,smartphones,"OPPO K14x 5G (Prism Violet, 64 GB)",14999.0,19999.0,25.0,5000.0,4.3,None,False,No,False,https://www.flipkart.com/oppo-k14x-5g-prism-violet-64-gb/p/itm188c7a4b69292?pid=MOBHKZF3DGME8JHG&lid=LSTMOBHKZF3DGME8JHGGNMUIW&marketplace=FLIPKART&q=smartphones&store=tyy%2F4io&srno=s_3_68&otracker=search&fm=organic&iid=d270e22c-d496-4bce-b847-c95c43d8d706.MOBHKZF3DGME8JHG.SEARCH&ppt=None&ppn=None&ssid=i0ob76vetc0000001780910439690&qH=6ea4465d0add4685&ov_redirect=true,"Add to Compare OPPO K14x 5G (Prism Violet, 64 GB) 4.3 3,549 Ratings & 215 Reviews 4 GB RAM | 64 GB ROM 17.14 cm (6.75 inch) HD+ Display 50MP + 2MP | 5MP; f/2.2; FOV 77°; 3P lens 6500 mAh Battery Dimensity 6300 Processor 1 Year Manufacturer Warranty for Device and 6 Months Manufacturer Warranty for Inbox Accessories ₹14,999 ₹19,999 25% off Upto ₹10,350 Off on Exchange Bank Offer"
Flipkart,smartphones,"MOTOROLA g37 (PANTONE Nautical Blue, 64 GB)",14999.0,24999.0,40.0,10000.0,4.3,None,False,No,False,https://www.flipkart.com/motorola-g37-pantone-nautical-blue-64-gb/p/itm5d235b295291f?pid=MOBHHWB6YAKNZGPB&lid=LSTMOBHHWB6YAKNZGPBGLLTUW&marketplace=FLIPKART&q=smartphones&store=tyy%2F4io&srno=s_3_69&otracker=search&fm=organic&iid=d270e22c-d496-4bce-b847-c95c43d8d706.MOBHHWB6YAKNZGPB.SEARCH&ppt=None&ppn=None&ssid=i0ob76vetc0000001780910439690&qH=6ea4465d0add4685&ov_redirect=true,"Add to Compare MOTOROLA g37 (PANTONE Nautical Blue, 64 GB) 4.3 148 Ratings & 10 Reviews 4 GB RAM | 64 GB ROM | Expandable Upto 1 TB 16.92 cm (6.66 inch) HD+ Display 50MP Rear Camera | 8MP Front Camera 5200 mAh Battery Dimensity 6400 Processor 1 Year on Handset and 6 Months on Accessories ₹14,999 ₹24,999 40% off Upto ₹10,350 Off on Exchange Bank Offer"
Flipkart,smartphones,"OPPO K14x 5G (Prism Violet, 128 GB)",18999.0,19999.0,5.0,1000.0,4.4,None,False,No,False,https://www.flipkart.com/oppo-k14x-5g-prism-violet-128-gb/p/itm188c7a4b69292?pid=MOBHJQQ4PHAQBYMS&lid=LSTMOBHJQQ4PHAQBYMSYOVIPV&marketplace=FLIPKART&q=smartphones&store=tyy%2F4io&srno=s_3_70&otracker=search&fm=organic&iid=d270e22c-d496-4bce-b847-c95c43d8d706.MOBHJQQ4PHAQBYMS.SEARCH&ppt=None&ppn=None&ssid=i0ob76vetc0000001780910439690&qH=6ea4465d0add4685&ov_redirect=true,"Add to Compare OPPO K14x 5G (Prism Violet, 128 GB) 4.4 1,731 Ratings & 95 Reviews 6 GB RAM | 128 GB ROM 17.14 cm (6.75 inch) HD+ Display 50MP + 2MP | 5MP; f/2.2; FOV 77°; 3P lens 6500 mAh Battery Dimensity 6300 Processor 1 Year Manufacturer Warranty for Device and 6 Months Manufacturer Warranty for Inbox Accessories ₹18,999 ₹19,999 5% off Upto ₹13,250 Off on Exchange Bank Offer"
Flipkart,smartphones,"POCO X8 Pro (Black, 256 GB)",34999.0,50999.0,31.0,16000.0,4.3,None,False,No,False,https://www.flipkart.com/poco-x8-pro-black-256-gb/p/itmfbd9f2b2c7db9?pid=MOBHMGG5WYZAECZY&lid=LSTMOBHMGG5WYZAECZYYOYMMT&marketplace=FLIPKART&q=smartphones&store=tyy%2F4io&srno=s_3_71&otracker=search&fm=organic&iid=d270e22c-d496-4bce-b847-c95c43d8d706.MOBHMGG5WYZAECZY.SEARCH&ppt=None&ppn=None&ssid=i0ob76vetc0000001780910439690&qH=6ea4465d0add4685&ov_redirect=true,"Add to Compare POCO X8 Pro (Black, 256 GB) 4.3 1,814 Ratings & 342 Reviews 8 GB RAM | 256 GB ROM 16.74 cm (6.59 inch) Full HD+ AMOLED Display 50MP + 8MP | 20MP Front Camera 6500 mAh Lithium-Ion Polymer With Silicon Carbon Technology Battery Dimensity 8500-Ultra Processor 1 Year Manufacturer Warranty for Phone and 6 Months Warranty for In the Box Accessories ₹34,999 ₹50,999 31% off Upto ₹24,950 Off"
Flipkart,smartphones,"vivo T4x 5G (Pronto Purple, 256 GB)",20999.0,14500.0,,-6499.0,4.4,Only Few Left,True,Unknown,False,https://www.flipkart.com/vivo-t4x-5g-pronto-purple-256-gb/p/itm017656bdd097b?pid=MOBH9JUS4GGGPJHJ&lid=LSTMOBH9JUS4GGGPJHJMC4C45&marketplace=FLIPKART&q=smartphones&store=tyy%2F4io&srno=s_3_72&otracker=search&fm=organic&iid=d270e22c-d496-4bce-b847-c95c43d8d706.MOBH9JUS4GGGPJHJ.SEARCH&ppt=None&ppn=None&ssid=i0ob76vetc0000001780910439690&qH=6ea4465d0add4685&ov_redirect=true,"Add to Compare vivo T4x 5G (Pronto Purple, 256 GB) 4.4 1,40,218 Ratings & 7,451 Reviews 8 GB RAM | 256 GB ROM 17.07 cm (6.72 inch) Display 50MP + 2MP | 8MP Front Camera 6500 mAh Battery Dimensity 7300 5G Processor 1 Year Warranty for Device and 6 Months Warranty for Accessories ₹20,999 Only few left Upto ₹14,500 Off on Exchange"
Flipkart,laptops,Lenovo 100e Chromebook Gen 4 MediaTek MediaTek Kompanio 528 - (4 GB/64 GB EMMC Storage/Chrome OS) 82W0,17490.0,37690.0,53.0,20200.0,3.9,None,False,No,False,https://www.flipkart.com/lenovo-100e-chromebook-gen-4-mediatek-kompanio-528-4-gb-64-gb-emmc-storage-chrome-os-82w0001dha/p/itm46ba031757583?pid=COMHA9FKZ7KSC3SZ&lid=LSTCOMHA9FKZ7KSC3SZTEADVB&marketplace=FLIPKART&q=laptops&store=6bo%2Fb5g&srno=s_1_1&otracker=search&fm=organic&iid=en_RSdtGRtP5OEbKqW8dZLI-8KY-fzCK_rX11KVqSMvOFKYN9zhMthmPHuc7Risyk-Ou_n0Xfaxf14JCzW3zAcizU0Lqp3nUBlQeeazI_xhu1k%3D&ppt=None&ppn=None&ssid=zcytvfx9ls0000001780910454272&qH=c06ea84a1e3dc3c6&ov_redirect=true,"Add to Compare Lenovo 100e Chromebook Gen 4 MediaTek MediaTek Kompanio 528 - (4 GB/64 GB EMMC Storage/Chrome OS) 82W0... 3.9 1,459 Ratings & 112 Reviews MediaTek MediaTek Kompanio 528 Processor 4 GB LPDDR4X RAM Chrome Operating System 29.46 cm (11.6 Inch) Display 1 Year Carry-in Warranty ₹17,490 ₹37,690 53% off Upto ₹14,000 Off on Exchange Bank Offer"
Flipkart,laptops,ASUS Chromebook CX15 Intel Celeron Dual Core N50 - (4 GB/128 GB EMMC Storage/Chrome OS) CX1505CTA-S702,21990.0,26990.0,18.0,5000.0,4.1,None,False,No,False,https://www.flipkart.com/asus-chromebook-cx15-intel-celeron-dual-core-n50-4-gb-128-gb-emmc-storage-chrome-os-cx1505cta-s70257-laptop/p/itm4119a57f911bf?pid=COMHKQA34NZEYCRY&lid=LSTCOMHKQA34NZEYCRYGZAOYM&marketplace=FLIPKART&q=laptops&store=6bo%2Fb5g&srno=s_1_2&otracker=search&fm=organic&iid=en_RSdtGRtP5OEbKqW8dZLI-8KY-fzCK_rX11KVqSMvOFLgZhXuSBWB9uaofjVUj5r_3WrjMiRrrRMSyfO1fljjcoQEIsITtCzc4bHaOMTqL08%3D&ppt=None&ppn=None&ssid=zcytvfx9ls0000001780910454272&qH=c06ea84a1e3dc3c6&ov_redirect=true,"Add to Compare ASUS Chromebook CX15 Intel Celeron Dual Core N50 - (4 GB/128 GB EMMC Storage/Chrome OS) CX1505CTA-S702... 4.1 74 Ratings & 9 Reviews Intel Celeron Dual Core Processor 4 GB LPDDR5 RAM Chrome Operating System 39.62 cm (15.6 inch) Display MyASUS 1 Year Onsite Warranty ₹21,990 ₹26,990 18% off Super Deals Upto ₹17,000 Off on Exchange"
Flipkart,laptops,"ASUS Vivobook 15 (2025) with Office 2024 + M365 Basic*, Intel Core i3 13th Gen 1315U - (8 GB/512 GB SS",40990.0,50990.0,19.0,10000.0,4.5,Only Few Left,True,No,False,https://www.flipkart.com/asus-vivobook-15-2025-office-2024-m365-basic-intel-core-i3-13th-gen-1315u-8-gb-512-gb-ssd-windows-11-home-x1504va-bq323ws-thin-light-laptop/p/itm424e5fcb88c91?pid=COMHCQ5EYPZNGG7B&lid=LSTCOMHCQ5EYPZNGG7BUDAPF3&marketplace=FLIPKART&q=laptops&store=6bo%2Fb5g&spotlightTagId=default_TrendingId_6bo%2Fb5g&srno=s_1_3&otracker=search&fm=organic&iid=aaa1ed13-7a88-4ee5-9a90-5f5764969093.COMHCQ5EYPZNGG7B.SEARCH&ppt=None&ppn=None&ssid=zcytvfx9ls0000001780910454272&qH=c06ea84a1e3dc3c6&ov_redirect=true,"Add to Compare ASUS Vivobook 15 (2025) with Office 2024 + M365 Basic*, Intel Core i3 13th Gen 1315U - (8 GB/512 GB SS... 4.5 68 Ratings & 4 Reviews Intel Core i3 Processor (13th Gen) 8 GB DDR4 RAM Windows 11 Home Operating System 512 GB SSD 39.62 cm (15.6 Inch) Display Microsoft Office Home 2024 (Lifetime Validity ) + Microsoft 365 Basic*(1-Year Validity), One-Month Membership of Adobe Creative Cl"
Flipkart,laptops,Ultimus Apex Pro Intel Pentium Quad Core - (4 GB/128 GB SSD/128 GB EMMC Storage/Windows 11 Home) NU14U,16990.0,27990.0,39.0,11000.0,2.6,Only 1 Left,True,No,False,https://www.flipkart.com/ultimus-apex-pro-intel-pentium-quad-core-4-gb-128-gb-ssd-128-emmc-storage-windows-11-home-nu14u8inc54ls-sg-laptop/p/itmee44eafbee6b1?pid=COMHMGEHKYSXQHGY&lid=LSTCOMHMGEHKYSXQHGYLE1XQS&marketplace=FLIPKART&q=laptops&store=6bo%2Fb5g&srno=s_1_4&otracker=search&fm=organic&iid=aaa1ed13-7a88-4ee5-9a90-5f5764969093.COMHMGEHKYSXQHGY.SEARCH&ppt=None&ppn=None&ssid=zcytvfx9ls0000001780910454272&qH=c06ea84a1e3dc3c6&ov_redirect=true,"Add to Compare Ultimus Apex Pro Intel Pentium Quad Core - (4 GB/128 GB SSD/128 GB EMMC Storage/Windows 11 Home) NU14U... 2.6 9 Ratings & 3 Reviews Intel Pentium Quad Core Processor 4 GB DDR3 RAM Windows 11 Home Operating System 128 GB SSD 35.81 cm (14.1 inch) Display 1 Year Domestic Warranty ₹16,990 ₹27,990 39% off Only 1 left Upto ₹14,000 Off on Exchange"
Flipkart,laptops,ASUS ExpertBook P1 (i3 14th Gen) with 1 Yr ADP Intel Core 3 100U - (8 GB/512 GB SSD/Windows 11 Home) P,46990.0,69990.0,32.0,23000.0,4.8,Lowest Price,True,No,False,https://www.flipkart.com/asus-expertbook-p1-i3-14th-gen-1-yr-adp-intel-core-3-100u-8-gb-512-gb-ssd-windows-11-home-p1503cva-s72562ws-laptop/p/itm1ed622fed8f3a?pid=COMHGYAFDTDPH4GZ&lid=LSTCOMHGYAFDTDPH4GZTQUSTS&marketplace=FLIPKART&q=laptops&store=6bo%2Fb5g&srno=s_1_5&otracker=search&fm=organic&iid=aaa1ed13-7a88-4ee5-9a90-5f5764969093.COMHGYAFDTDPH4GZ.SEARCH&ppt=None&ppn=None&ssid=zcytvfx9ls0000001780910454272&qH=c06ea84a1e3dc3c6&ov_redirect=true,"Add to Compare ASUS ExpertBook P1 (i3 14th Gen) with 1 Yr ADP Intel Core 3 100U - (8 GB/512 GB SSD/Windows 11 Home) P... 4.8 4 Ratings & 1 Reviews Intel Core 3 Processor 8 GB DDR5 RAM 64 bit Windows 11 Home Operating System 512 GB SSD 39.62 cm (15.6 Inch) Display 1 Year Limited Warranty ₹46,990 ₹69,990 32% off Lowest price since launch Upto ₹32,950 Off on Exchange"
Flipkart,laptops,Lenovo 100e Chromebook Gen 4 MediaTek Kompanio 520 - (4 GB/32 GB EMMC Storage/Chrome OS) 82W00004HA Ch... 4 3,16298.0,11000.0,,-5298.0,,None,False,Unknown,False,https://www.flipkart.com/lenovo-100e-chromebook-gen-4-mediatek-kompanio-520-4-gb-32-gb-emmc-storage-chrome-os-82w00004ha/p/itm018b6ddb188dd?pid=COMHA9FK8YXVUUWA&lid=LSTCOMHA9FK8YXVUUWAAREQMZ&marketplace=FLIPKART&q=laptops&store=6bo%2Fb5g&srno=s_1_6&otracker=search&fm=organic&iid=en_RSdtGRtP5OEbKqW8dZLI-8KY-fzCK_rX11KVqSMvOFKz0WBwqVwJP1p_FioyHYZpB7ilja_cnJ6G1eLhA7o74OGRVT2-WsjYpD_mb1H0fxU%3D&ppt=None&ppn=None&ssid=zcytvfx9ls0000001780910454272&qH=c06ea84a1e3dc3c6&ov_redirect=true,"Add to Compare Lenovo 100e Chromebook Gen 4 MediaTek Kompanio 520 - (4 GB/32 GB EMMC Storage/Chrome OS) 82W00004HA Ch... 4 3,072 Ratings & 228 Reviews MediaTek Kompanio 520 Processor 4 GB LPDDR4X RAM Chrome Operating System 29.46 cm (11.6 Inch) Display 1 Year Carry-in Warranty ₹16,298 Upto ₹11,000 Off on Exchange Bank Offer"
Flipkart,laptops,MSI Modern 14 C13M Intel Core i3 13th Gen 1315U - (8 GB/512 GB SSD/Windows 11 Home) Modern 14 C13M-115,39990.0,58990.0,32.0,19000.0,4.2,Only Few Left,True,No,False,https://www.flipkart.com/msi-modern-14-c13m-intel-core-i3-13th-gen-1315u-8-gb-512-gb-ssd-windows-11-home-c13m-115in-thin-light-laptop/p/itm88e50504913b0?pid=COMHEZCB7BBCGMWD&lid=LSTCOMHEZCB7BBCGMWDUXPRUE&marketplace=FLIPKART&q=laptops&store=6bo%2Fb5g&srno=s_1_7&otracker=search&fm=organic&iid=aaa1ed13-7a88-4ee5-9a90-5f5764969093.COMHEZCB7BBCGMWD.SEARCH&ppt=None&ppn=None&ssid=zcytvfx9ls0000001780910454272&qH=c06ea84a1e3dc3c6&ov_redirect=true,"Add to Compare MSI Modern 14 C13M Intel Core i3 13th Gen 1315U - (8 GB/512 GB SSD/Windows 11 Home) Modern 14 C13M-115... 4.2 111 Ratings & 12 Reviews Intel Core i3 Processor (13th Gen) 8 GB DDR4 RAM 64 bit Windows 11 Operating System 512 GB SSD 35.56 cm (14 Inch) Display Microsoft Office Home & Student�2021 1 Year On-Site Warranty ₹39,990 ₹58,990 32% off Only few left Upto ₹27,550 Off on Exchange"
Flipkart,laptops,HP 15 (i3 14th Gen) Intel Core 3 100U - (8 GB/512 GB SSD/Windows 11 Home) 15-fd1253TU/ 15-fd1225TU Thi,47990.0,50843.0,5.0,2853.0,4.2,Only 3 Left,True,No,False,https://www.flipkart.com/hp-15-i3-14th-gen-intel-core-3-100u-8-gb-512-gb-ssd-windows-11-home-15-fd1253tu-15-fd1225tu-thin-light-laptop/p/itm09491ad4135b2?pid=COMHBFRJDZSGPFKZ&lid=LSTCOMHBFRJDZSGPFKZV8MOEQ&marketplace=FLIPKART&q=laptops&store=6bo%2Fb5g&srno=s_1_8&otracker=search&fm=organic&iid=aaa1ed13-7a88-4ee5-9a90-5f5764969093.COMHBFRJDZSGPFKZ.SEARCH&ppt=None&ppn=None&ssid=zcytvfx9ls0000001780910454272&qH=c06ea84a1e3dc3c6&ov_redirect=true,"Add to Compare HP 15 (i3 14th Gen) Intel Core 3 100U - (8 GB/512 GB SSD/Windows 11 Home) 15-fd1253TU/ 15-fd1225TU Thi... 4.2 1,539 Ratings & 91 Reviews Intel Core 3 Processor 8 GB DDR4 RAM Windows 11 Home Operating System 512 GB SSD 39.62 cm (15.6 Inch) Display MS Office Home 2024 + MISC PC Game Pass DA 3M 1 Year Onsite Warranty ₹47,990 ₹50,843 5% off Only 3 left Upto ₹32,950 Off on Exchange"
Flipkart,laptops,HP 15 (i3 14th Gen) Intel Core 3 100U - (16 GB/512 GB SSD/Windows 11 Home) 15-fd0885TU Thin and Light,50490.0,50843.0,0.7,353.0,4.2,None,False,No,False,https://www.flipkart.com/hp-15-i3-14th-gen-intel-core-3-100u-16-gb-512-gb-ssd-windows-11-home-15-fd0885tu-thin-light-laptop/p/itm661ed697fa9ca?pid=COMHK4F734GZWHFM&lid=LSTCOMHK4F734GZWHFMN7EU3K&marketplace=FLIPKART&q=laptops&store=6bo%2Fb5g&srno=s_1_9&otracker=search&fm=organic&iid=aaa1ed13-7a88-4ee5-9a90-5f5764969093.COMHK4F734GZWHFM.SEARCH&ppt=None&ppn=None&ssid=zcytvfx9ls0000001780910454272&qH=c06ea84a1e3dc3c6&ov_redirect=true,"Add to Compare HP 15 (i3 14th Gen) Intel Core 3 100U - (16 GB/512 GB SSD/Windows 11 Home) 15-fd0885TU Thin and Light ... 4.2 1,539 Ratings & 91 Reviews Intel Core 3 Processor 16 GB DDR4 RAM Windows 11 Home Operating System 512 GB SSD 39.62 cm (15.6 inch) Display MS Office Home 2024 + MISC PC Game Pass DA 3M 1 Year Onsite Warranty ₹50,490 ₹50,843 Upto ₹32,950 Off on Exchange Bank Offer"
Flipkart,laptops,MSI Modern 14 AMD Ryzen 5 Hexa Core 7430U - (16 GB/512 GB SSD/Windows 11 Home) 14 C7M-283IN / 14 C7M-4,45990.0,66990.0,31.0,21000.0,4.4,Only Few Left,True,No,False,https://www.flipkart.com/msi-modern-14-amd-ryzen-5-hexa-core-7430u-16-gb-512-gb-ssd-windows-11-home-c7m-283in-c7m-400in-business-laptop/p/itmef8f5c6fd8e76?pid=COMH3YTFZZZJJCNU&lid=LSTCOMH3YTFZZZJJCNUFS5LIO&marketplace=FLIPKART&q=laptops&store=6bo%2Fb5g&srno=s_1_10&otracker=search&fm=organic&iid=aaa1ed13-7a88-4ee5-9a90-5f5764969093.COMH3YTFZZZJJCNU.SEARCH&ppt=None&ppn=None&ssid=zcytvfx9ls0000001780910454272&qH=c06ea84a1e3dc3c6&ov_redirect=true,"Add to Compare MSI Modern 14 AMD Ryzen 5 Hexa Core 7430U - (16 GB/512 GB SSD/Windows 11 Home) 14 C7M-283IN / 14 C7M-4... 4.4 296 Ratings & 22 Reviews AMD Ryzen 5 Hexa Core Processor 16 GB DDR4 RAM Windows 11 Operating System 512 GB SSD 35.56 cm (14 Inch) Display Microsoft Office Home & Student 2021 included 1 Year Carry-in Warranty ₹45,990 ₹66,990 31% off Super Deals Only few left"
Flipkart,laptops,ASUS Chromebook CX14 Intel Celeron Dual Core N4500 - (4 GB/64 GB EMMC Storage/Chrome OS) CX1405CKA-NK0,17990.0,21990.0,18.0,4000.0,3.9,None,False,No,False,https://www.flipkart.com/asus-chromebook-cx14-intel-celeron-dual-core-n4500-4-gb-64-gb-emmc-storage-chrome-os-cx1405cka-nk0154-cx1405cka-s60342/p/itm076cdd51ac69a?pid=COMHDDZ7PYJZSGUZ&lid=LSTCOMHDDZ7PYJZSGUZKERLBX&marketplace=FLIPKART&q=laptops&store=6bo%2Fb5g&srno=s_1_11&otracker=search&fm=organic&iid=en_RSdtGRtP5OEbKqW8dZLI-8KY-fzCK_rX11KVqSMvOFLzmimOYkrNu6vm2l9R5Zesd-F_cR4LlOkSo0qMkFVEQDRKtQQVWB8eNWYNLe7VuyQ%3D&ppt=None&ppn=None&ssid=zcytvfx9ls0000001780910454272&qH=c06ea84a1e3dc3c6&ov_redirect=true,"Add to Compare ASUS Chromebook CX14 Intel Celeron Dual Core N4500 - (4 GB/64 GB EMMC Storage/Chrome OS) CX1405CKA-NK0... 3.9 533 Ratings & 39 Reviews Intel Celeron Dual Core Processor 4 GB LPDDR4X RAM Chrome Operating System 35.56 cm (14 Inch) Display MyASUS 1 Year Onsite Warranty ₹17,990 ₹21,990 18% off Upto ₹14,000 Off on Exchange Bank Offer"
Flipkart,laptops,Lenovo Chromebook 11IJL9 Intel Celeron Dual Core N4500 - (4 GB/64 GB EMMC Storage/Chrome OS) Chromeboo... 4,17990.0,31423.0,42.0,13433.0,,None,False,No,False,https://www.flipkart.com/lenovo-chromebook-11ijl9-intel-celeron-dual-core-n4500-4-gb-64-gb-emmc-storage-chrome-os/p/itmd2a376187074e?pid=COMHCYMG83BGNQHH&lid=LSTCOMHCYMG83BGNQHHQNGMKF&marketplace=FLIPKART&q=laptops&store=6bo%2Fb5g&srno=s_1_12&otracker=search&fm=organic&iid=en_RSdtGRtP5OEbKqW8dZLI-8KY-fzCK_rX11KVqSMvOFLGfN7psFWw0vl_dZPujQO5nXk0jz-k5kL3Wl7KSMSgvQoALCbycPwh4GANX5MSKZw%3D&ppt=None&ppn=None&ssid=zcytvfx9ls0000001780910454272&qH=c06ea84a1e3dc3c6&ov_redirect=true,"Add to Compare Lenovo Chromebook 11IJL9 Intel Celeron Dual Core N4500 - (4 GB/64 GB EMMC Storage/Chrome OS) Chromeboo... 4 85 Ratings & 9 Reviews Intel Celeron Dual Core Processor 4 GB LPDDR4X RAM Chrome Operating System 29.46 cm (11.6 Inch) Display 1 Year Onsite Warranty ₹17,990 ₹31,423 42% off Hot Deal Upto ₹14,000 Off on Exchange"
Flipkart,laptops,Samsung Galaxy Book5 Pro AI PC Full Metal Chasis Intel Core Ultra 7 256V - (16 GB/512 GB SSD/Windows 1,105990.0,175188.0,39.0,69198.0,4.6,Only 4 Left,True,No,False,https://www.flipkart.com/samsung-galaxy-book5-pro-ai-pc-full-metal-chasis-intel-core-ultra-7-256v-16-gb-512-gb-ssd-windows-11-home-np960xha-thin-light-laptop/p/itmb62602d502fd5?pid=COMH9PHPFYJSJKH7&lid=LSTCOMH9PHPFYJSJKH7SSDAR0&marketplace=FLIPKART&q=laptops&store=6bo%2Fb5g&srno=s_1_13&otracker=search&fm=organic&iid=aaa1ed13-7a88-4ee5-9a90-5f5764969093.COMH9PHPFYJSJKH7.SEARCH&ppt=None&ppn=None&ssid=zcytvfx9ls0000001780910454272&qH=c06ea84a1e3dc3c6&ov_redirect=true,"Add to Compare Samsung Galaxy Book5 Pro AI PC Full Metal Chasis Intel Core Ultra 7 256V - (16 GB/512 GB SSD/Windows 1... 4.6 16 Ratings & 2 Reviews Intel Core Ultra 7 Processor 16 GB LPDDR5X RAM Windows 11 Operating System 512 GB SSD 40.64 cm (16 Inch) Touchscreen Display 1 Year Onsite Warranty ₹1,05,990 ₹1,75,188 39% off Super Deals Only 4 left"
Flipkart,laptops,Lenovo IdeaPad Slim 3 with 1Yr ADP AMD Ryzen 5 Quad Core 7520U - (16 GB/512 GB SSD/Windows 11 Home) 15,55990.0,59090.0,5.0,3100.0,4.1,None,False,No,False,https://www.flipkart.com/lenovo-ideapad-slim-3-1yr-adp-amd-ryzen-5-quad-core-7520u-16-gb-512-gb-ssd-windows-11-home-15amn8-thin-light-laptop/p/itm76f0e5d975817?pid=COMGRU9ZYEHC4H5K&lid=LSTCOMGRU9ZYEHC4H5KBXYPBM&marketplace=FLIPKART&q=laptops&store=6bo%2Fb5g&srno=s_1_14&otracker=search&fm=organic&iid=aaa1ed13-7a88-4ee5-9a90-5f5764969093.COMGRU9ZYEHC4H5K.SEARCH&ppt=None&ppn=None&ssid=zcytvfx9ls0000001780910454272&qH=c06ea84a1e3dc3c6&ov_redirect=true,"Add to Compare Lenovo IdeaPad Slim 3 with 1Yr ADP AMD Ryzen 5 Quad Core 7520U - (16 GB/512 GB SSD/Windows 11 Home) 15... 4.1 344 Ratings & 22 Reviews AMD Ryzen 5 Quad Core Processor 16 GB LPDDR5 RAM Windows 11 Operating System 512 GB SSD 39.62 cm (15.6 Inch) Display Microsoft Office Home & Student 2021 1 Yr. Onsite + 1 Yr. Accidental Damage Protection ₹55,990 ₹59,090 5% off Upto ₹37,050 Off on Exc"
Flipkart,laptops,Primebook 2 Pro (2025) in-Built AI MediaTek Helio G99 (MT8781) - (8 GB/128 GB/Android 15) PBG9914128#4,25990.0,39990.0,35.0,14000.0,4.3,Only Few Left,True,No,False,https://www.flipkart.com/primebook-2-pro-2025-in-built-ai-mediatek-helio-g99-mt8781-8-gb-128-gb-android-15-pbg9914128-4278c-laptop/p/itmdbf8db6a6f79a?pid=COMHDGD5FH6NZPHD&lid=LSTCOMHDGD5FH6NZPHD567UTY&marketplace=FLIPKART&q=laptops&store=6bo%2Fb5g&srno=s_1_15&otracker=search&fm=organic&iid=aaa1ed13-7a88-4ee5-9a90-5f5764969093.COMHDGD5FH6NZPHD.SEARCH&ppt=None&ppn=None&ssid=zcytvfx9ls0000001780910454272&qH=c06ea84a1e3dc3c6&ov_redirect=true,"Add to Compare Primebook 2 Pro (2025) in-Built AI MediaTek Helio G99 (MT8781) - (8 GB/128 GB/Android 15) PBG9914128#4... 4.3 1,264 Ratings & 375 Reviews MediaTek Helio G99 (MT8781) Processor 8 GB LPDDR4X RAM 64 bit Android Operating System 35.81 cm (14.1 Inch) Display 1 Year Onsite Warranty ₹25,990 ₹39,990 35% off Only few left Bank Offer"
Flipkart,laptops,MSI Modern 14 Intel Core i5 13th Gen 1334U - (16 GB/512 GB SSD/Windows 11 Home) Modern 14 C13M-116IN T,48990.0,73990.0,33.0,25000.0,4.2,None,False,No,False,https://www.flipkart.com/msi-modern-14-intel-core-i5-13th-gen-1334u-16-gb-512-gb-ssd-windows-11-home-c13m-116in-thin-light-laptop/p/itmc1e2cec962619?pid=COMHCRGWV8J2FZNH&lid=LSTCOMHCRGWV8J2FZNH9BYBFI&marketplace=FLIPKART&q=laptops&store=6bo%2Fb5g&srno=s_1_16&otracker=search&fm=organic&iid=aaa1ed13-7a88-4ee5-9a90-5f5764969093.COMHCRGWV8J2FZNH.SEARCH&ppt=None&ppn=None&ssid=zcytvfx9ls0000001780910454272&qH=c06ea84a1e3dc3c6&ov_redirect=true,"Add to Compare MSI Modern 14 Intel Core i5 13th Gen 1334U - (16 GB/512 GB SSD/Windows 11 Home) Modern 14 C13M-116IN T... 4.2 204 Ratings & 15 Reviews Intel Core i5 Processor (13th Gen) 16 GB DDR4 RAM 64 bit Windows 11 Operating System 512 GB SSD 35.56 cm (14 Inch) Display Microsoft Office Home & Student�2021 1 Year On-Site Warranty ₹48,990 ₹73,990 33% off Upto ₹32,950 Off on Exchange Bank Offer"
Flipkart,laptops,HP Victus Intel Core i5 13th Gen 13420 H - (16 GB/512 GB SSD/Windows 11 Home/6 GB Graphics/NVIDIA GeFo,86990.0,88474.0,1.0,1484.0,4.3,None,False,No,False,https://www.flipkart.com/hp-victus-intel-core-i5-13th-gen-13420-h-16-gb-512-gb-ssd-windows-11-home-6-graphics-nvidia-geforce-rtx-3050-15-fa2196tx-gaming-laptop/p/itm44c5abe672c87?pid=COMHGWQESQN4BAHV&lid=LSTCOMHGWQESQN4BAHV3LCR1D&marketplace=FLIPKART&q=laptops&store=6bo%2Fb5g&srno=s_1_17&otracker=search&fm=organic&iid=en_RSdtGRtP5OEbKqW8dZLI-8KY-fzCK_rX11KVqSMvOFKu7RctGm6J8FsKzpvOEA9gCeGKtAMDU-0TLcsC0YPEBGaRs4JL222ZRV-dN99QnxU%3D&ppt=None&ppn=None&ssid=zcytvfx9ls0000001780910454272&qH=c06ea84a1e3dc3c6&ov_redirect=true,"Add to Compare HP Victus Intel Core i5 13th Gen 13420 H - (16 GB/512 GB SSD/Windows 11 Home/6 GB Graphics/NVIDIA GeFo... 4.3 1,018 Ratings & 58 Reviews Intel Core i5 Processor (13th Gen) 16 GB DDR4 RAM Windows 11 Home Operating System 512 GB SSD 39.62 cm (15.6 Inch) Display 1 Year Onsite Service ₹86,990 ₹88,474 1% off Upto ₹42,600 Off on Exchange Bank Offer"
Flipkart,laptops,HP Victus Intel Core i5 13th Gen 13420H - (16 GB/512 GB SSD/Windows 11 Home/6 GB Graphics/NVIDIA GeFor,93322.0,42600.0,,-50722.0,4.2,None,False,Unknown,False,https://www.flipkart.com/hp-victus-intel-core-i5-13th-gen-13420h-16-gb-512-gb-ssd-windows-11-home-6-graphics-nvidia-geforce-rtx-4050-144-hz-15-fa2381tx-15-fa2701tx-15-fa1278tx-gaming-laptop/p/itm12155252a3140?pid=COMH8Z22GGEQZBVQ&lid=LSTCOMH8Z22GGEQZBVQDEIB54&marketplace=FLIPKART&q=laptops&store=6bo%2Fb5g&srno=s_1_18&otracker=search&fm=organic&iid=en_RSdtGRtP5OEbKqW8dZLI-8KY-fzCK_rX11KVqSMvOFKULm9JVoiXtpCe_6xGcj1e5PGT_8Af0OKXRpNoaRhB1a8iqbiwhGf4dwbXVx7ZSks%3D&ppt=None&ppn=None&ssid=zcytvfx9ls0000001780910454272&qH=c06ea84a1e3dc3c6&ov_redirect=true,"Add to Compare HP Victus Intel Core i5 13th Gen 13420H - (16 GB/512 GB SSD/Windows 11 Home/6 GB Graphics/NVIDIA GeFor... 4.2 1,015 Ratings & 45 Reviews Intel Core i5 Processor (13th Gen) 16 GB DDR4 RAM Windows 11 Home Operating System 512 GB SSD 39.62 cm (15.6 Inch) Display 1 Year Carry-in Warranty ₹93,322 Upto ₹42,600 Off on Exchange Bank Offer"
Flipkart,laptops,Acer Aspire 3 Intel Pentium Quad Core N6000 - (12 GB/512 GB SSD/Windows 11 Home) A325-45 Thin and Ligh,43990.0,44990.0,2.0,1000.0,3.9,Only Few Left,True,No,False,https://www.flipkart.com/acer-aspire-3-intel-pentium-quad-core-n6000-12-gb-512-gb-ssd-windows-11-home-a325-45-thin-light-laptop/p/itm9ca67a1a3ea22?pid=COMH59ENQYHDYJGX&lid=LSTCOMH59ENQYHDYJGX9DSB95&marketplace=FLIPKART&q=laptops&store=6bo%2Fb5g&srno=s_1_19&otracker=search&fm=organic&iid=aaa1ed13-7a88-4ee5-9a90-5f5764969093.COMH59ENQYHDYJGX.SEARCH&ppt=None&ppn=None&ssid=zcytvfx9ls0000001780910454272&qH=c06ea84a1e3dc3c6&ov_redirect=true,"Add to Compare Acer Aspire 3 Intel Pentium Quad Core N6000 - (12 GB/512 GB SSD/Windows 11 Home) A325-45 Thin and Ligh... 3.9 3,881 Ratings & 292 Reviews Intel Pentium Quad Core Processor 12 GB LPDDR4X RAM Windows 11 Home Operating System 512 GB SSD 39.62 cm (15.6 Inch) Display 1 Year International Travelers Warranty (ITW) ₹43,990 ₹44,990 2% off Only few left Bank Offer"
Flipkart,laptops,HP Intel Core i5 12th Gen 1235U - (16 GB/512 GB SSD/Windows 11 Home) 15s-fq5330TU|15-fd0111TU Thin and,46990.0,62526.0,24.0,15536.0,4.3,None,False,No,False,https://www.flipkart.com/hp-intel-core-i5-12th-gen-1235u-16-gb-512-gb-ssd-windows-11-home-15s-fq5330tu-15-fd0111tu-thin-light-laptop/p/itm5b5f94f7b044c?pid=COMGXNZGJV3MEMWM&lid=LSTCOMGXNZGJV3MEMWMMNYA0K&marketplace=FLIPKART&q=laptops&store=6bo%2Fb5g&srno=s_1_20&otracker=search&fm=organic&iid=aaa1ed13-7a88-4ee5-9a90-5f5764969093.COMGXNZGJV3MEMWM.SEARCH&ppt=None&ppn=None&ssid=zcytvfx9ls0000001780910454272&qH=c06ea84a1e3dc3c6&ov_redirect=true,"Add to Compare HP Intel Core i5 12th Gen 1235U - (16 GB/512 GB SSD/Windows 11 Home) 15s-fq5330TU|15-fd0111TU Thin and... 4.3 8,263 Ratings & 375 Reviews Intel Core i5 Processor (12th Gen) 16 GB DDR4 RAM Windows 11 Operating System 512 GB SSD 39.62 cm (15.6 Inch) Display 1 Year Onsite warranty ₹46,990 ₹62,526 24% off Hot Deal Upto ₹32,950 Off on Exchange"
Flipkart,laptops,HP Victus (i5 14th Gen) Intel Core 5 210 H - (16 GB/512 GB SSD/Windows 11 Home/6 GB Graphics/NVIDIA Ge... Intel Core 5 P,92990.0,95746.0,2.0,2756.0,,None,False,No,False,https://www.flipkart.com/hp-victus-i5-14th-gen-intel-core-5-210-h-16-gb-512-gb-ssd-windows-11-home-6-graphics-nvidia-geforce-rtx-4050-15-fa2203tx-gaming-laptop/p/itm65704ff158138?pid=COMHK77SZSZHTEV7&lid=LSTCOMHK77SZSZHTEV7VVWD14&marketplace=FLIPKART&q=laptops&store=6bo%2Fb5g&srno=s_1_21&otracker=search&fm=organic&iid=en_RSdtGRtP5OEbKqW8dZLI-8KY-fzCK_rX11KVqSMvOFIjJHDogMb-CfoXNzxU_s7-rsxMfvUVf-NdvkcbLk50APKSJvID5C-RdFfAlzwDiqI%3D&ppt=None&ppn=None&ssid=zcytvfx9ls0000001780910454272&qH=c06ea84a1e3dc3c6&ov_redirect=true,"Add to Compare HP Victus (i5 14th Gen) Intel Core 5 210 H - (16 GB/512 GB SSD/Windows 11 Home/6 GB Graphics/NVIDIA Ge... Intel Core 5 Processor 16 GB DDR4 RAM Windows 11 Operating System 512 GB SSD 39.62 cm (15.6 inch) Display MS Office Home 2024 + MISC PC Game Pass DA 3M 1 Year Onsite Service ₹92,990 ₹95,746 2% off Bank Offer"
Flipkart,laptops,HP Victus (i7 14th Gen) Intel Core 7 240H - (24 GB/1 TB SSD/Windows 11 Home/8 GB Graphics/NVIDIA GeFor,145900.0,165900.0,12.0,20000.0,4.2,None,False,No,False,https://www.flipkart.com/hp-victus-i7-14th-gen-intel-core-7-240h-24-gb-1-tb-ssd-windows-11-home-8-gb-graphics-nvidia-geforce-rtx-5060-15-fa2405tx-gaming-laptop/p/itmb9213a2559591?pid=COMHGFYMEZ4HXP3D&lid=LSTCOMHGFYMEZ4HXP3DOTBXH1&marketplace=FLIPKART&q=laptops&store=6bo%2Fb5g&srno=s_1_22&otracker=search&fm=organic&iid=en_RSdtGRtP5OEbKqW8dZLI-8KY-fzCK_rX11KVqSMvOFIqdWW0JEbpGAF_OBtnNLZIZPj_WvKIEUXIxiosqRtH9ssrgPW5YLzJU0_H6_RHKR0%3D&ppt=None&ppn=None&ssid=zcytvfx9ls0000001780910454272&qH=c06ea84a1e3dc3c6&ov_redirect=true,"Add to Compare HP Victus (i7 14th Gen) Intel Core 7 240H - (24 GB/1 TB SSD/Windows 11 Home/8 GB Graphics/NVIDIA GeFor... 4.2 13 Ratings & 1 Reviews Intel Core 7 Processor 24 GB DDR5 RAM Windows 11 Home Operating System 1 TB SSD 39.62 cm (15.6 Inch) Display 1 Year Onsite Warranty ₹1,45,900 ₹1,65,900 12% off Bank Offer"
Flipkart,laptops,Lenovo IdeaPad Slim 3 with 1Yr ADP Intel Core i5 12th Gen 12450H - (16 GB/512 GB SSD/Windows 11 Home),54990.0,70990.0,22.0,16000.0,4.2,Only Few Left,True,No,False,https://www.flipkart.com/lenovo-ideapad-slim-3-1yr-adp-intel-core-i5-12th-gen-12450h-16-gb-512-gb-ssd-windows-11-home-15iah8-thin-light-laptop/p/itma093617319422?pid=COMHCYGTDF5GYHFX&lid=LSTCOMHCYGTDF5GYHFXGCWAY7&marketplace=FLIPKART&q=laptops&store=6bo%2Fb5g&srno=s_1_23&otracker=search&fm=organic&iid=aaa1ed13-7a88-4ee5-9a90-5f5764969093.COMHCYGTDF5GYHFX.SEARCH&ppt=None&ppn=None&ssid=zcytvfx9ls0000001780910454272&qH=c06ea84a1e3dc3c6&ov_redirect=true,"Add to Compare Lenovo IdeaPad Slim 3 with 1Yr ADP Intel Core i5 12th Gen 12450H - (16 GB/512 GB SSD/Windows 11 Home) ... 4.2 910 Ratings & 62 Reviews Intel Core i5 Processor (12th Gen) 16 GB DDR4 RAM Windows 11 Home Operating System 512 GB SSD 39.62 cm (15.6 Inch) Display 1 Year Warranty ₹54,990 ₹70,990 22% off Only few left Upto ₹37,050 Off on Exchange"
Flipkart,laptops,Acer Aspire 3 Backlit AMD Ryzen 7 Octa Core 7730U - (16 GB/512 GB SSD/Windows 11 Home) Aspire AS15 - 4,54210.0,72999.0,25.0,18789.0,4.1,None,False,No,False,https://www.flipkart.com/acer-aspire-3-backlit-amd-ryzen-7-octa-core-7730u-16-gb-512-gb-ssd-windows-11-home-as15-42-thin-light-laptop/p/itmdaf15e01a1d1a?pid=COMH397XPF4Z3BMX&lid=LSTCOMH397XPF4Z3BMXL8O53G&marketplace=FLIPKART&q=laptops&store=6bo%2Fb5g&srno=s_1_24&otracker=search&fm=organic&iid=aaa1ed13-7a88-4ee5-9a90-5f5764969093.COMH397XPF4Z3BMX.SEARCH&ppt=None&ppn=None&ssid=zcytvfx9ls0000001780910454272&qH=c06ea84a1e3dc3c6&ov_redirect=true,"Add to Compare Acer Aspire 3 Backlit AMD Ryzen 7 Octa Core 7730U - (16 GB/512 GB SSD/Windows 11 Home) Aspire AS15 - 4... 4.1 1,957 Ratings & 149 Reviews AMD Ryzen 7 Octa Core Processor 16 GB DDR4 RAM Windows 11 Operating System 512 GB SSD 39.62 cm (15.6 Inch) Display 1 Year Carry-in Warranty ₹54,210 ₹72,999 25% off Upto ₹37,050 Off on Exchange Bank Offer"
Flipkart,laptops,ASUS Vivobook 15 (2025) with Office 2024 + M365 Basic* Intel Core i3 13th Gen - (8 GB/512 GB SSD/Windo,40990.0,50990.0,19.0,10000.0,4.3,Only 3 Left,True,No,False,https://www.flipkart.com/asus-vivobook-15-2025-office-2024-m365-basic-intel-core-i3-13th-gen-8-gb-512-gb-ssd-windows-11-home-x1504va-d5321ws-thin-light-laptop/p/itma044347a6922b?pid=COMHGWQY66YNGVFK&lid=LSTCOMHGWQY66YNGVFKYKVYYT&marketplace=FLIPKART&q=laptops&store=6bo%2Fb5g&srno=s_2_25&otracker=search&fm=organic&iid=f711c094-174d-4357-815e-efe55bdc5914.COMHGWQY66YNGVFK.SEARCH&ppt=None&ppn=None&ssid=gocplwg2yo0000001780910467016&qH=c06ea84a1e3dc3c6&ov_redirect=true,"Add to Compare ASUS Vivobook 15 (2025) with Office 2024 + M365 Basic* Intel Core i3 13th Gen - (8 GB/512 GB SSD/Windo... 4.3 1,264 Ratings & 83 Reviews Intel Core i3 Processor (13th Gen) 8 GB DDR5 RAM Windows 11 Home Operating System 512 GB SSD 39.62 cm (15.6 Inch) Display Microsoft Office Home 2024 + Microsoft 365 Basic 1 Year Onsite Warranty ₹40,990 ₹50,990 19% off Only 3 left Upto ₹28,800 Off o"
Flipkart,laptops,Lenovo IdeaPad Slim 1 AMD Ryzen 5 Hexa Core 5500U - (16 GB/512 GB SSD/Windows 11 Home) 15ALC7 / 15ALC6,52400.0,83238.0,37.0,30838.0,4.2,Only 1 Left,True,No,False,https://www.flipkart.com/lenovo-ideapad-slim-1-amd-ryzen-5-hexa-core-5500u-16-gb-512-gb-ssd-windows-11-home-15alc7-15alc6-thin-light-laptop/p/itm3680fb576eb7b?pid=COMGN2YDSFGGXYG3&lid=LSTCOMGN2YDSFGGXYG3WNMJCY&marketplace=FLIPKART&q=laptops&store=6bo%2Fb5g&srno=s_2_26&otracker=search&fm=organic&iid=f711c094-174d-4357-815e-efe55bdc5914.COMGN2YDSFGGXYG3.SEARCH&ppt=None&ppn=None&ssid=gocplwg2yo0000001780910467016&qH=c06ea84a1e3dc3c6&ov_redirect=true,"Add to Compare Lenovo IdeaPad Slim 1 AMD Ryzen 5 Hexa Core 5500U - (16 GB/512 GB SSD/Windows 11 Home) 15ALC7 / 15ALC6... 4.2 7,230 Ratings & 585 Reviews AMD Ryzen 5 Hexa Core Processor 16 GB DDR4 RAM Windows 11 Operating System 512 GB SSD 39.62 cm (15.6 Inch) Display Microsoft Office Home & Student 2021 1 Year Onsite Warranty ₹52,400 ₹83,238 37% off Only 1 left Bank Offer"
Flipkart,laptops,ASUS Chromebook CX14 Intel Celeron Dual Core N50 - (4 GB/64 GB EMMC Storage/Chrome OS) CX1405CTA-S6062,17990.0,22990.0,21.0,5000.0,3.7,None,False,No,False,https://www.flipkart.com/asus-chromebook-cx14-intel-celeron-dual-core-n50-4-gb-64-gb-emmc-storage-chrome-os-cx1405cta-s60620-laptop/p/itm5a14f3731bf15?pid=COMHKQA3R42GHHJF&lid=LSTCOMHKQA3R42GHHJF7ASEFY&marketplace=FLIPKART&q=laptops&store=6bo%2Fb5g&srno=s_2_27&otracker=search&fm=organic&iid=en_2pP5mU17_xKuSMEBezx9FpmwZ82ix5qQmL15ZrL5ZZ_0FBEApgKkpHGG2nWo48FQCCv633IDIXnuFJt7bNnfCzmhqv_UJHRUzMZEYicR7r3B9dqD3SX4q-mKUcS4etlQ&ppt=None&ppn=None&ssid=gocplwg2yo0000001780910467016&qH=c06ea84a1e3dc3c6&ov_redirect=true,"Add to Compare ASUS Chromebook CX14 Intel Celeron Dual Core N50 - (4 GB/64 GB EMMC Storage/Chrome OS) CX1405CTA-S6062... 3.7 167 Ratings & 22 Reviews Intel Celeron Dual Core Processor 4 GB LPDDR5 RAM Chrome Operating System 35.56 cm (14 inch) Display MyASUS 1 Year Onsite Warranty ₹17,990 ₹22,990 21% off Upto ₹14,000 Off on Exchange Bank Offer"
Flipkart,laptops,Samsung Galaxy Book4 Metal Intel Core i7 13th Gen 1355U - (16 GB/512 GB SSD/Windows 11 Home) NP750XGJ,74990.0,89689.0,16.0,14699.0,4.4,None,False,No,False,https://www.flipkart.com/samsung-galaxy-book4-metal-intel-core-i7-13th-gen-1355u-16-gb-512-gb-ssd-windows-11-home-np750xgj-kg3in-np750xgj-lg3in-np750xgj-lg8in-thin-light-laptop/p/itm1df5212efb9fc?pid=COMGZUYDYPUZAAXD&lid=LSTCOMGZUYDYPUZAAXDBMAOEF&marketplace=FLIPKART&q=laptops&store=6bo%2Fb5g&srno=s_2_29&otracker=search&fm=organic&iid=f711c094-174d-4357-815e-efe55bdc5914.COMGZUYDYPUZAAXD.SEARCH&ppt=None&ppn=None&ssid=gocplwg2yo0000001780910467016&qH=c06ea84a1e3dc3c6&ov_redirect=true,"Add to Compare Samsung Galaxy Book4 Metal Intel Core i7 13th Gen 1355U - (16 GB/512 GB SSD/Windows 11 Home) NP750XGJ-... 4.4 5,588 Ratings & 447 Reviews Intel Core i7 Processor (13th Gen) 16 GB LPDDR4X RAM Windows 11 Operating System 512 GB SSD 39.62 cm (15.6 Inch) Display 1 Year Manufacturer Warranty for Laptop and 6 Months for In-Box Accessories ₹74,990 ₹89,689 16% off Upto ₹42,600 Off on Exchan"
Flipkart,laptops,ASUS Expertbook P1 with 1 Yr ADP Intel Core i5 13th Gen 13420H - (32 GB/512 GB SSD/Windows 11 Home) P1,61990.0,114990.0,46.0,53000.0,4.3,Only Few Left,True,No,False,https://www.flipkart.com/asus-expertbook-p1-1-yr-adp-intel-core-i5-13th-gen-13420h-32-gb-512-gb-ssd-windows-11-home-p1503cva-s71075ws-thin-light-laptop/p/itm097644e9eaec3?pid=COMHCQ3VGJB8NGRH&lid=LSTCOMHCQ3VGJB8NGRHEJWAFU&marketplace=FLIPKART&q=laptops&store=6bo%2Fb5g&srno=s_2_30&otracker=search&fm=organic&iid=f711c094-174d-4357-815e-efe55bdc5914.COMHCQ3VGJB8NGRH.SEARCH&ppt=None&ppn=None&ssid=gocplwg2yo0000001780910467016&qH=c06ea84a1e3dc3c6&ov_redirect=true,"Add to Compare ASUS Expertbook P1 with 1 Yr ADP Intel Core i5 13th Gen 13420H - (32 GB/512 GB SSD/Windows 11 Home) P1... 4.3 297 Ratings & 17 Reviews Intel Core i5 Processor (13th Gen) 32 GB DDR5 RAM Windows 11 Home Operating System 512 GB SSD 39.62 cm (15.6 Inch) Display Microsoft Office Home 2024, Microsoft 365 Basic 1 Year Onsite Warranty ₹61,990 ₹1,14,990 46% off Only few left Upto ₹42,600 Off"
Flipkart,laptops,Samsung Galaxy Book4 Metal Intel Core i5 13th Gen 1335U - (16 GB/512 GB SSD/Windows 11 Home) NP750XGJ,67990.0,82789.0,17.0,14799.0,4.4,None,False,No,False,https://www.flipkart.com/samsung-galaxy-book4-metal-intel-core-i5-13th-gen-1335u-16-gb-512-gb-ssd-windows-11-home-np750xgj-thin-light-laptop/p/itm1df5212efb9fc?pid=COMGZUYDGFJGHZR4&lid=LSTCOMGZUYDGFJGHZR4JPVIN2&marketplace=FLIPKART&q=laptops&store=6bo%2Fb5g&spotlightTagId=default_BestsellerId_6bo%2Fb5g&srno=s_2_33&otracker=search&fm=organic&iid=f711c094-174d-4357-815e-efe55bdc5914.COMGZUYDGFJGHZR4.SEARCH&ppt=None&ppn=None&ssid=gocplwg2yo0000001780910467016&qH=c06ea84a1e3dc3c6&ov_redirect=true,"Add to Compare Samsung Galaxy Book4 Metal Intel Core i5 13th Gen 1335U - (16 GB/512 GB SSD/Windows 11 Home) NP750XGJ ... 4.4 19,072 Ratings & 1,794 Reviews Intel Core i5 Processor (13th Gen) 16 GB LPDDR4X RAM Windows 11 Operating System 512 GB SSD 39.62 cm (15.6 Inch) Display 1 Year Manufacturer Warranty for Laptop and 6 Months for In-Box Accessories ₹67,990 ₹82,789 17% off Upto ₹42,600 Off on Exc"
Flipkart,laptops,Acer Aspire 3 Intel Celeron Dual Core - (8 GB/128 GB SSD/Windows 11 Home) A311-45 Thin and Light Lapto,34990.0,42990.0,18.0,8000.0,3.8,Only 2 Left,True,No,False,https://www.flipkart.com/acer-aspire-3-intel-celeron-dual-core-8-gb-128-gb-ssd-windows-11-home-a311-45-thin-light-laptop/p/itmad38595c5a902?pid=COMH7NCZGGGWQC4W&lid=LSTCOMH7NCZGGGWQC4WJEDQIL&marketplace=FLIPKART&q=laptops&store=6bo%2Fb5g&srno=s_2_34&otracker=search&fm=organic&iid=f711c094-174d-4357-815e-efe55bdc5914.COMH7NCZGGGWQC4W.SEARCH&ppt=None&ppn=None&ssid=gocplwg2yo0000001780910467016&qH=c06ea84a1e3dc3c6&ov_redirect=true,"Add to Compare Acer Aspire 3 Intel Celeron Dual Core - (8 GB/128 GB SSD/Windows 11 Home) A311-45 Thin and Light Lapto... 3.8 9,573 Ratings & 810 Reviews Intel Celeron Dual Core Processor 8 GB DDR4 RAM 64 bit Windows 11 Home Operating System 128 GB SSD 29.46 cm (11.6 Inch) Display 1 Year Warranty ₹34,990 ₹42,990 18% off Only 2 left Bank Offer"
Flipkart,laptops,Lenovo IdeaPad Slim 3 AMD Ryzen 7 Octa Core 8840H Office 2024 and Backlit Keyboard AMD Ryzen 7 Octa Co,81990.0,94890.0,13.0,12900.0,4.4,None,False,No,False,https://www.flipkart.com/lenovo-ideapad-slim-3-amd-ryzen-7-octa-core-8840h-office-2024-backlit-keyboard-8840hs-24-gb-1-tb-ssd-windows-11-home-15ahp10-thin-light-laptop/p/itm39c8550e0d65e?pid=COMHDYG7DMGRZETR&lid=LSTCOMHDYG7DMGRZETRPBL0T3&marketplace=FLIPKART&q=laptops&store=6bo%2Fb5g&srno=s_2_35&otracker=search&fm=organic&iid=f711c094-174d-4357-815e-efe55bdc5914.COMHDYG7DMGRZETR.SEARCH&ppt=None&ppn=None&ssid=gocplwg2yo0000001780910467016&qH=c06ea84a1e3dc3c6&ov_redirect=true,"Add to Compare Lenovo IdeaPad Slim 3 AMD Ryzen 7 Octa Core 8840H Office 2024 and Backlit Keyboard AMD Ryzen 7 Octa Co... 4.4 121 Ratings & 12 Reviews AMD Ryzen 7 Octa Core Processor 24 GB DDR5 RAM Windows 11 Home Operating System 1 TB SSD 38.86 cm (15.3 Inch) Display Office Home 2024 1 Year Onsite Warranty ₹81,990 ₹94,890 13% off Upto ₹42,600 Off on Exchange Bank Offer"
Flipkart,laptops,"ASUS Vivobook 14 (2025) with Office 2024 + M365 Basic*, Backlit Keyboard, Intel Core i3 13th Gen 1315U",48990.0,50990.0,3.0,2000.0,4.3,Only Few Left,True,No,False,https://www.flipkart.com/asus-vivobook-14-2025-office-2024-m365-basic-backlit-keyboard-intel-core-i3-13th-gen-1315u-8-gb-512-gb-ssd-windows-11-home-x1404va-eb321ws-thin-light-laptop/p/itm86b2575a66c73?pid=COMHEZZTACFZCGWF&lid=LSTCOMHEZZTACFZCGWFFCUHCO&marketplace=FLIPKART&q=laptops&store=6bo%2Fb5g&srno=s_2_36&otracker=search&fm=organic&iid=f711c094-174d-4357-815e-efe55bdc5914.COMHEZZTACFZCGWF.SEARCH&ppt=None&ppn=None&ssid=gocplwg2yo0000001780910467016&qH=c06ea84a1e3dc3c6&ov_redirect=true,"Add to Compare ASUS Vivobook 14 (2025) with Office 2024 + M365 Basic*, Backlit Keyboard, Intel Core i3 13th Gen 1315U... 4.3 3,067 Ratings & 190 Reviews Intel Core i3 Processor (13th Gen) 8 GB DDR4 RAM Windows 11 Home Operating System 512 GB SSD 35.56 cm (14 Inch) Display Microsoft Office Home 2024 (Lifetime Validity ) + Microsoft 365 Basic*(1-Year Validity), One-Month Membership of Adobe Creative"
Flipkart,laptops,Primebook 2 Max (2025) in-Built AI MediaTek Helio G99 (MT8781) - (8 GB/256 GB/Android 15) PBG9915256#4,27990.0,34990.0,20.0,7000.0,4.3,Only Few Left,True,No,False,https://www.flipkart.com/primebook-2-max-2025-in-built-ai-mediatek-helio-g99-mt8781-8-gb-256-gb-android-15-pbg9915256-4278c-laptop/p/itmf01b454e9ac40?pid=COMHDGD5CQJVZUH7&lid=LSTCOMHDGD5CQJVZUH73W3DYP&marketplace=FLIPKART&q=laptops&store=6bo%2Fb5g&srno=s_2_39&otracker=search&fm=organic&iid=f711c094-174d-4357-815e-efe55bdc5914.COMHDGD5CQJVZUH7.SEARCH&ppt=None&ppn=None&ssid=gocplwg2yo0000001780910467016&qH=c06ea84a1e3dc3c6&ov_redirect=true,"Add to Compare Primebook 2 Max (2025) in-Built AI MediaTek Helio G99 (MT8781) - (8 GB/256 GB/Android 15) PBG9915256#4... 4.3 1,264 Ratings & 375 Reviews MediaTek Helio G99 (MT8781) Processor 8 GB LPDDR4X RAM 64 bit Android Operating System 39.62 cm (15.6 Inch) Display 1 Year Onsite Warranty ₹27,990 ₹34,990 20% off Only few left Upto ₹22,000 Off on Exchange"
Flipkart,laptops,"ASUS Vivobook S16 OLED (2025) with Backlit Keyboard, Metal Body*, Snapdragon X - (16 GB/512 GB SSD/Win",69990.0,98990.0,29.0,29000.0,4.5,None,False,No,False,https://www.flipkart.com/asus-vivobook-s16-oled-2025-backlit-keyboard-metal-body-snapdragon-x-16-gb-512-gb-ssd-windows-11-home-s3607qa-sh079ws-thin-light-laptop/p/itma802a754ee9ca?pid=COMHCQ5EYFADM4PZ&lid=LSTCOMHCQ5EYFADM4PZEX9VZJ&marketplace=FLIPKART&q=laptops&store=6bo%2Fb5g&srno=s_2_40&otracker=search&fm=organic&iid=f711c094-174d-4357-815e-efe55bdc5914.COMHCQ5EYFADM4PZ.SEARCH&ppt=None&ppn=None&ssid=gocplwg2yo0000001780910467016&qH=c06ea84a1e3dc3c6&ov_redirect=true,"Add to Compare ASUS Vivobook S16 OLED (2025) with Backlit Keyboard, Metal Body*, Snapdragon X - (16 GB/512 GB SSD/Win... 4.5 1,211 Ratings & 100 Reviews Snapdragon X Processor 16 GB LPDDR5X RAM Windows 11 Home Operating System 512 GB SSD 40.64 cm (16 Inch) Display Microsoft Office Home 2024 (Lifetime Validity ) + Microsoft 365 Basic*(1-Year Validity), One-Month Membership of Adobe Creative Cloud A"
Flipkart,laptops,Lenovo Chromebook MediaTek Kompanio 520 - (8 GB/128 GB EMMC Storage/Chrome OS) 14M868 Thin and Light L,29100.0,30790.0,5.0,1690.0,3.9,Only 1 Left,True,No,False,https://www.flipkart.com/lenovo-chromebook-mediatek-kompanio-520-8-gb-128-gb-emmc-storage-chrome-os-14m868-thin-light-laptop/p/itm4dc67999fe3de?pid=COMGTR89FPA5ZWVC&lid=LSTCOMGTR89FPA5ZWVCQYXZ35&marketplace=FLIPKART&q=laptops&store=6bo%2Fb5g&srno=s_2_43&otracker=search&fm=organic&iid=f711c094-174d-4357-815e-efe55bdc5914.COMGTR89FPA5ZWVC.SEARCH&ppt=None&ppn=None&ssid=gocplwg2yo0000001780910467016&qH=c06ea84a1e3dc3c6&ov_redirect=true,"Add to Compare Lenovo Chromebook MediaTek Kompanio 520 - (8 GB/128 GB EMMC Storage/Chrome OS) 14M868 Thin and Light L... 3.9 3,972 Ratings & 341 Reviews MediaTek Kompanio 520 Processor 8 GB LPDDR4X RAM Chrome Operating System 35.56 cm (14 Inch) Display 1 Year Carry-in Warranty ₹29,100 ₹30,790 5% off Only 1 left Upto ₹22,000 Off on Exchange"
Flipkart,laptops,Lenovo Yoga Slim 7 Ultra 9 185H WUXGA OLED with 1Yr ADP Intel Core Ultra 9 185H - (32 GB/1 TB SSD/Wind,109990.0,158090.0,30.0,48100.0,4.5,None,False,No,False,https://www.flipkart.com/lenovo-yoga-slim-7-ultra-9-185h-wuxga-oled-1yr-adp-intel-core-32-gb-1-tb-ssd-windows-11-home-14imh9-thin-light-laptop/p/itm25bb8d43c952a?pid=COMHK53MRNF5T8PK&lid=LSTCOMHK53MRNF5T8PKIVKSSS&marketplace=FLIPKART&q=laptops&store=6bo%2Fb5g&srno=s_2_44&otracker=search&fm=organic&iid=f711c094-174d-4357-815e-efe55bdc5914.COMHK53MRNF5T8PK.SEARCH&ppt=None&ppn=None&ssid=gocplwg2yo0000001780910467016&qH=c06ea84a1e3dc3c6&ov_redirect=true,"Add to Compare Lenovo Yoga Slim 7 Ultra 9 185H WUXGA OLED with 1Yr ADP Intel Core Ultra 9 185H - (32 GB/1 TB SSD/Wind... 4.5 61 Ratings & 7 Reviews Intel Core Ultra 9 Processor 32 GB LPDDR5 RAM Windows 11 Operating System 1 TB SSD 35.56 cm (14 inch) Display 1 Year Courier/ Carry-in Warranty ₹1,09,990 ₹1,58,090 30% off Upto ₹42,600 Off on Exchange Bank Offer"
Flipkart,laptops,"ASUS Vivobook 15 (2026) with Office 2024 + M365 Basic*, AMD Ryzen 5 Hexa Core 150 - (16 GB/512 GB SSD/",58990.0,64990.0,9.0,6000.0,4.5,None,False,No,False,https://www.flipkart.com/asus-vivobook-15-2026-office-2024-m365-basic-amd-ryzen-5-hexa-core-150-16-gb-512-gb-ssd-windows-11-home-m1502naq-bq118ws-thin-light-laptop/p/itm194545ff7b206?pid=COMHKDXB5DD3ARYM&lid=LSTCOMHKDXB5DD3ARYMIU2AJX&marketplace=FLIPKART&q=laptops&store=6bo%2Fb5g&srno=s_2_45&otracker=search&fm=organic&iid=f711c094-174d-4357-815e-efe55bdc5914.COMHKDXB5DD3ARYM.SEARCH&ppt=None&ppn=None&ssid=gocplwg2yo0000001780910467016&qH=c06ea84a1e3dc3c6&ov_redirect=true,"Add to Compare ASUS Vivobook 15 (2026) with Office 2024 + M365 Basic*, AMD Ryzen 5 Hexa Core 150 - (16 GB/512 GB SSD/... 4.5 22 Ratings & 1 Reviews AMD Ryzen 5 Hexa Core Processor 16 GB DDR5 RAM Windows 11 Home Operating System 512 GB SSD 39.62 cm (15.6 inch) Display MSO 2024 for lifetime + Microsoft 365 Basic with 100GB Cloud Storage for 1 Year, One-Month Membership of Adobe Creative Cloud All Ap"
Flipkart,laptops,"ASUS Vivobook 14 (2025) with Office 2024 + M365 Basic*, Backlit Keyboard, Intel Core Ultra 5 225H - (1",66990.0,81990.0,18.0,15000.0,4.3,None,False,No,False,https://www.flipkart.com/asus-vivobook-14-2025-office-2024-m365-basic-backlit-keyboard-intel-core-ultra-5-225h-16-gb-512-gb-ssd-windows-11-home-x1407ca-ly159ws-thin-light-laptop/p/itm88707104a2719?pid=COMHCQ5EYSZXV4AN&lid=LSTCOMHCQ5EYSZXV4ANXQSULY&marketplace=FLIPKART&q=laptops&store=6bo%2Fb5g&srno=s_2_46&otracker=search&fm=organic&iid=f711c094-174d-4357-815e-efe55bdc5914.COMHCQ5EYSZXV4AN.SEARCH&ppt=None&ppn=None&ssid=gocplwg2yo0000001780910467016&qH=c06ea84a1e3dc3c6&ov_redirect=true,"Add to Compare ASUS Vivobook 14 (2025) with Office 2024 + M365 Basic*, Backlit Keyboard, Intel Core Ultra 5 225H - (1... 4.3 22 Ratings & 2 Reviews Intel Core Ultra 5 Processor 16 GB DDR5 RAM Windows 11 Home Operating System 512 GB SSD 35.56 cm (14 Inch) Display Microsoft Office Home 2024 (Lifetime Validity ) + Microsoft 365 Basic*(1-Year Validity), One-Month Membership of Adobe Creative Cloud All"
Flipkart,laptops,Acer Aspire Lite AMD Ryzen 3 Quad Core 5300U - (8 GB/512 GB SSD/Windows 11 Home) AL15-41 Thin and Ligh,44990.0,31950.0,,-13040.0,4.1,None,False,Unknown,False,https://www.flipkart.com/acer-aspire-lite-amd-ryzen-3-quad-core-5300u-8-gb-512-gb-ssd-windows-11-home-al15-41-thin-light-laptop/p/itm1bc0bcb4598e7?pid=COMH2TPSM9V7V38F&lid=LSTCOMH2TPSM9V7V38F5SNKCO&marketplace=FLIPKART&q=laptops&store=6bo%2Fb5g&srno=s_3_49&otracker=search&fm=organic&iid=375552aa-7bad-4711-bc0c-317c05e73ae9.COMH2TPSM9V7V38F.SEARCH&ppt=None&ppn=None&ssid=7ju49pcsxc0000001780910479531&qH=c06ea84a1e3dc3c6&ov_redirect=true,"Add to Compare Acer Aspire Lite AMD Ryzen 3 Quad Core 5300U - (8 GB/512 GB SSD/Windows 11 Home) AL15-41 Thin and Ligh... 4.1 1,584 Ratings & 112 Reviews AMD Ryzen 3 Quad Core Processor 8 GB DDR4 RAM Windows 11 Operating System 512 GB SSD 39.62 cm (15.6 Inch) Display 1 Year Carry-in Warranty ₹44,990 Upto ₹31,950 Off on Exchange Bank Offer"
Flipkart,laptops,MSI Modern 15 Intel Core i5 12th Gen 1235U - (16 GB/512 GB SSD/Windows 11 Home) Modern 15 B12MO Thin a,46990.0,60990.0,22.0,14000.0,4.3,Only 1 Left,True,No,False,https://www.flipkart.com/msi-modern-15-intel-core-i5-12th-gen-1235u-16-gb-512-gb-ssd-windows-11-home-b12mo-thin-light-laptop/p/itm60c14709fdf3b?pid=COMHYWTJCHNVFNPF&lid=LSTCOMHYWTJCHNVFNPF6W07N8&marketplace=FLIPKART&q=laptops&store=6bo%2Fb5g&srno=s_3_50&otracker=search&fm=organic&iid=375552aa-7bad-4711-bc0c-317c05e73ae9.COMHYWTJCHNVFNPF.SEARCH&ppt=None&ppn=None&ssid=7ju49pcsxc0000001780910479531&qH=c06ea84a1e3dc3c6&ov_redirect=true,"Add to Compare MSI Modern 15 Intel Core i5 12th Gen 1235U - (16 GB/512 GB SSD/Windows 11 Home) Modern 15 B12MO Thin a... 4.3 296 Ratings & 18 Reviews Intel Core i5 Processor (12th Gen) 16 GB DDR4 RAM Windows 11 Operating System 512 GB SSD 39.62 cm (15.6 Inch) Display 1 Year Onsite Warranty ₹46,990 ₹60,990 22% off Hot Deal Only 1 left"
Flipkart,laptops,HP MSO 2024 Intel Core i3 13th Gen 1315U - (16 GB/512 GB SSD/Windows 11 Home) 15-fd0574TU / 15 - fd066,49990.0,50903.0,1.0,913.0,4.2,None,False,No,False,https://www.flipkart.com/hp-mso-2024-intel-core-i3-13th-gen-1315u-16-gb-512-gb-ssd-windows-11-home-15-fd0574tu-15-fd0668tu-thin-light-laptop/p/itmcb9e5b7b2d3fb?pid=COMHBFRJEWGN4FMY&lid=LSTCOMHBFRJEWGN4FMYK9ZQ2H&marketplace=FLIPKART&q=laptops&store=6bo%2Fb5g&srno=s_3_53&otracker=search&fm=organic&iid=375552aa-7bad-4711-bc0c-317c05e73ae9.COMHBFRJEWGN4FMY.SEARCH&ppt=None&ppn=None&ssid=7ju49pcsxc0000001780910479531&qH=c06ea84a1e3dc3c6&ov_redirect=true,"Add to Compare HP MSO 2024 Intel Core i3 13th Gen 1315U - (16 GB/512 GB SSD/Windows 11 Home) 15-fd0574TU / 15 - fd066... 4.2 3,201 Ratings & 185 Reviews Intel Core i3 Processor (13th Gen) 16 GB DDR4 RAM Windows 11 Home Operating System 512 GB SSD 39.62 cm (15.6 Inch) Display MS Office Home 2024 + MISC PC Game Pass DA 3M 1 Year Onsite Warranty ₹49,990 ₹50,903 1% off Upto ₹32,950 Off on Exchange Ban"
Flipkart,laptops,ASUS Expertbook P1 High-performance processor with 1 Yr ADP Intel Core i7 13th Gen 13620H - (32 GB/512,85986.0,129990.0,33.0,44004.0,4.2,Only 1 Left,True,No,False,https://www.flipkart.com/asus-expertbook-p1-high-performance-processor-1-yr-adp-intel-core-i7-13th-gen-13620h-32-gb-512-gb-ssd-windows-11-home-p1503cva-s71076ws-thin-light-laptop/p/itmc4c88e702be9c?pid=COMHCQ3VMGWGHS8Z&lid=LSTCOMHCQ3VMGWGHS8ZKBE6PY&marketplace=FLIPKART&q=laptops&store=6bo%2Fb5g&srno=s_3_54&otracker=search&fm=organic&iid=375552aa-7bad-4711-bc0c-317c05e73ae9.COMHCQ3VMGWGHS8Z.SEARCH&ppt=None&ppn=None&ssid=7ju49pcsxc0000001780910479531&qH=c06ea84a1e3dc3c6&ov_redirect=true,"Add to Compare ASUS Expertbook P1 High-performance processor with 1 Yr ADP Intel Core i7 13th Gen 13620H - (32 GB/512... 4.2 187 Ratings & 24 Reviews Intel Core i7 Processor (13th Gen) 32 GB DDR5 RAM Windows 11 Home Operating System 512 GB SSD 39.62 cm (15.6 Inch) Display Microsoft Office Home 2024, Microsoft 365 Basic 1 Year Onsite Warranty ₹85,986 ₹1,29,990 33% off Only 1 left Bank Offer"
Flipkart,laptops,Acer Aspire 3 Intel Core i5 13th Gen 1334U - (16 GB/512 GB SSD/Windows 11 Home) A324-53 Thin and Light,50990.0,66999.0,23.0,16009.0,4.3,Only 3 Left,True,No,False,https://www.flipkart.com/acer-aspire-3-intel-core-i5-13th-gen-1334u-16-gb-512-gb-ssd-windows-11-home-a324-53-thin-light-laptop/p/itm707770fddc7e9?pid=COMH4B6CGZKHKUV3&lid=LSTCOMH4B6CGZKHKUV37HVWQK&marketplace=FLIPKART&q=laptops&store=6bo%2Fb5g&srno=s_3_55&otracker=search&fm=organic&iid=375552aa-7bad-4711-bc0c-317c05e73ae9.COMH4B6CGZKHKUV3.SEARCH&ppt=None&ppn=None&ssid=7ju49pcsxc0000001780910479531&qH=c06ea84a1e3dc3c6&ov_redirect=true,"Add to Compare Acer Aspire 3 Intel Core i5 13th Gen 1334U - (16 GB/512 GB SSD/Windows 11 Home) A324-53 Thin and Light... 4.3 1,716 Ratings & 110 Reviews Intel Core i5 Processor (13th Gen) 16 GB DDR4 RAM Windows 11 Operating System 512 GB SSD 35.56 cm (14 Inch) Display 1 Year Carry-in Warranty ₹50,990 ₹66,999 23% off Only 3 left Upto ₹32,950 Off on Exchange"
Flipkart,laptops,ASUS ExpertBook P1 (i5 14th Gen) with 1 Yr ADP Intel Core 5 210H - (32 GB/512 GB SSD/Windows 11 Home),69990.0,114990.0,39.0,45000.0,4.4,None,False,No,False,https://www.flipkart.com/asus-expertbook-p1-i5-14th-gen-1-yr-adp-intel-core-5-210h-32-gb-512-gb-ssd-windows-11-home-p1503cva-s72288ws-laptop/p/itm30538466342b3?pid=COMHGYAFZHQVGG9C&lid=LSTCOMHGYAFZHQVGG9CXLLRQM&marketplace=FLIPKART&q=laptops&store=6bo%2Fb5g&srno=s_3_56&otracker=search&fm=organic&iid=375552aa-7bad-4711-bc0c-317c05e73ae9.COMHGYAFZHQVGG9C.SEARCH&ppt=None&ppn=None&ssid=7ju49pcsxc0000001780910479531&qH=c06ea84a1e3dc3c6&ov_redirect=true,"Add to Compare ASUS ExpertBook P1 (i5 14th Gen) with 1 Yr ADP Intel Core 5 210H - (32 GB/512 GB SSD/Windows 11 Home) ... 4.4 786 Ratings & 78 Reviews Intel Core 5 Processor 32 GB DDR5 RAM 64 bit Windows 11 Home Operating System 512 GB SSD 39.62 cm (15.6 Inch) Display 1 Year Limited Warranty ₹69,990 ₹1,14,990 39% off Upto ₹42,600 Off on Exchange Bank Offer"
Flipkart,laptops,ASUS Expertbook P3 Metal High-performance processor with 1 Yr ADP Intel Core i7 13th Gen 13620H - (32,79990.0,119990.0,33.0,40000.0,4.3,None,False,No,False,https://www.flipkart.com/asus-expertbook-p3-metal-high-performance-processor-1-yr-adp-intel-core-i7-13th-gen-13620h-32-gb-1-tb-ssd-windows-11-home-p3405cva-ly0308ws-thin-light-laptop/p/itm97eeb89e48af8?pid=COMHB7VN6ZDDZ946&lid=LSTCOMHB7VN6ZDDZ946RHQCBL&marketplace=FLIPKART&q=laptops&store=6bo%2Fb5g&srno=s_3_59&otracker=search&fm=organic&iid=375552aa-7bad-4711-bc0c-317c05e73ae9.COMHB7VN6ZDDZ946.SEARCH&ppt=None&ppn=None&ssid=7ju49pcsxc0000001780910479531&qH=c06ea84a1e3dc3c6&ov_redirect=true,"Add to Compare ASUS Expertbook P3 Metal High-performance processor with 1 Yr ADP Intel Core i7 13th Gen 13620H - (32 ... 4.3 241 Ratings & 31 Reviews Intel Core i7 Processor (13th Gen) 32 GB DDR5 RAM Windows 11 Home Operating System 1 TB SSD 35.56 cm (14 Inch) Display Included Software- Microsoft Office Home 2024(includes Word, Excel, PowerPoint, and OneNote) (Lifetime Validity ) + Microsoft 365 B"
Flipkart,laptops,"ASUS Vivobook 16 (2025) with Office 2024 + M365 Basic, AI PC Intel Core Ultra 5 (Series 2) 225H - (16",67990.0,92990.0,26.0,25000.0,4.2,None,False,No,False,https://www.flipkart.com/asus-vivobook-16-2025-office-2024-m365-basic-ai-pc-intel-core-ultra-5-series-2-225h-16-gb-512-gb-ssd-windows-11-home-x1607ca-mb139ws-thin-light-laptop/p/itm2c73093a3141d?pid=COMH89EBZSTVX3EU&lid=LSTCOMH89EBZSTVX3EUSRKX1D&marketplace=FLIPKART&q=laptops&store=6bo%2Fb5g&srno=s_3_60&otracker=search&fm=organic&iid=375552aa-7bad-4711-bc0c-317c05e73ae9.COMH89EBZSTVX3EU.SEARCH&ppt=None&ppn=None&ssid=7ju49pcsxc0000001780910479531&qH=c06ea84a1e3dc3c6&ov_redirect=true,"Add to Compare ASUS Vivobook 16 (2025) with Office 2024 + M365 Basic, AI PC Intel Core Ultra 5 (Series 2) 225H - (16 ... 4.2 83 Ratings & 4 Reviews Intel Core Ultra 5 (Series 2) Processor 16 GB DDR5 RAM Windows 11 Home Operating System 512 GB SSD 40.64 cm (16 Inch) Display Microsoft Office Home 2024 + Microsoft 365 Basic 1 Year Onsite warranty ₹67,990 ₹92,990 26% off Upto ₹42,600 Off on Exchange B"
Flipkart,laptops,Lenovo IdeaPad Slim 3 Next Gen AI PC WUXGA IPS Copilot + PC with 1Yr ADP Snapdragon X - (16 GB/512 GB,64990.0,88390.0,26.0,23400.0,4.3,None,False,No,False,https://www.flipkart.com/lenovo-ideapad-slim-3-next-gen-ai-pc-wuxga-ips-copilot-1yr-adp-snapdragon-x-16-gb-512-gb-ssd-windows-11-home-15q8x10-thin-light-laptop/p/itmd6d920cf123c3?pid=COMHDMJYDGBTMJXG&lid=LSTCOMHDMJYDGBTMJXG112MJM&marketplace=FLIPKART&q=laptops&store=6bo%2Fb5g&spotlightTagId=default_BestsellerId_6bo%2Fb5g&srno=s_3_63&otracker=search&fm=organic&iid=375552aa-7bad-4711-bc0c-317c05e73ae9.COMHDMJYDGBTMJXG.SEARCH&ppt=None&ppn=None&ssid=7ju49pcsxc0000001780910479531&qH=c06ea84a1e3dc3c6&ov_redirect=true,"Add to Compare Lenovo IdeaPad Slim 3 Next Gen AI PC WUXGA IPS Copilot + PC with 1Yr ADP Snapdragon X - (16 GB/512 GB ... 4.3 1,034 Ratings & 97 Reviews Snapdragon X Processor 16 GB LPDDR5X RAM Windows 11 Home Operating System 512 GB SSD 38.86 cm (15.3 Inch) Display Office Home 2024 1 Year Onsite Warranty ₹64,990 ₹88,390 26% off Upto ₹42,600 Off on Exchange Bank Offer"
Flipkart,laptops,"MICROSOFT Surface Pro 12"" with Type Cover Core 8 with Microsoft 365 for 6 Months* Snapdragon X Plus",104999.0,42600.0,,-62399.0,4.8,None,False,Unknown,False,https://www.flipkart.com/microsoft-surface-pro-12-type-cover-core-8-365-6-months-snapdragon-x-plus-16-gb-512-gb-ssd-windows-11-home-ep2-27670-ep2-32019-laptop/p/itm4b1a63a47e7e9?pid=COMHJZJYSZ7PAGGA&lid=LSTCOMHJZJYSZ7PAGGAM3VZ2F&marketplace=FLIPKART&q=laptops&store=6bo%2Fb5g&srno=s_3_64&otracker=search&fm=organic&iid=375552aa-7bad-4711-bc0c-317c05e73ae9.COMHJZJYSZ7PAGGA.SEARCH&ppt=None&ppn=None&ssid=7ju49pcsxc0000001780910479531&qH=c06ea84a1e3dc3c6&ov_redirect=true,"Add to Compare MICROSOFT Surface Pro 12"" with Type Cover Core 8 with Microsoft 365 for 6 Months* Snapdragon X Plus - ... 4.8 5 Ratings & 1 Reviews Snapdragon X Plus Processor 16 GB LPDDR5X RAM 64 bit Windows 11 Operating System 512 GB SSD 30.48 cm (12 inch) Touchscreen Display NA 1 Year Limited Warranty ₹1,04,999 Upto ₹42,600 Off on Exchange Bank Offer"
Flipkart,laptops,Acer Swift Neo Office 2024 + M365 Basic Intel Core Ultra 5 115U - (16 GB/1 TB SSD/Windows 11 Home) UN,62990.0,104999.0,40.0,42009.0,4.1,Only 5 Left,True,No,False,https://www.flipkart.com/acer-swift-neo-office-2024-m365-basic-intel-core-ultra-5-115u-16-gb-1-tb-ssd-windows-11-home-un-35gsi-007-thin-light-laptop/p/itm9e55de1a60bc0?pid=COMHDF2C8MV4EURQ&lid=LSTCOMHDF2C8MV4EURQIF3X07&marketplace=FLIPKART&q=laptops&store=6bo%2Fb5g&srno=s_3_65&otracker=search&fm=organic&iid=375552aa-7bad-4711-bc0c-317c05e73ae9.COMHDF2C8MV4EURQ.SEARCH&ppt=None&ppn=None&ssid=7ju49pcsxc0000001780910479531&qH=c06ea84a1e3dc3c6&ov_redirect=true,"Add to Compare Acer Swift Neo Office 2024 + M365 Basic Intel Core Ultra 5 115U - (16 GB/1 TB SSD/Windows 11 Home) UN.... 4.1 698 Ratings & 56 Reviews Intel Core Ultra 5 Processor 16 GB LPDDR5 RAM 64 bit Windows 11 Home Operating System 1 TB SSD 35.56 cm (14 Inch) Display 1 Year Warranty ₹62,990 ₹1,04,999 40% off Only 5 left Upto ₹42,600 Off on Exchange"
Flipkart,laptops,HP OmniBook 5(Previously Pavilion) Intel Core i5 13th Gen 1334U - (16 GB/512 GB SSD/Windows 11 Home) 1,69990.0,78778.0,11.0,8788.0,4.5,None,False,No,False,https://www.flipkart.com/hp-omnibook-5-previously-pavilion-intel-core-i5-13th-gen-1334u-16-gb-512-gb-ssd-windows-11-home-16-ba1123tu-thin-light-laptop/p/itm17c7ddcf83e55?pid=COMHA9GUP3FPVRJ2&lid=LSTCOMHA9GUP3FPVRJ2SKNIPP&marketplace=FLIPKART&q=laptops&store=6bo%2Fb5g&srno=s_3_66&otracker=search&fm=organic&iid=375552aa-7bad-4711-bc0c-317c05e73ae9.COMHA9GUP3FPVRJ2.SEARCH&ppt=None&ppn=None&ssid=7ju49pcsxc0000001780910479531&qH=c06ea84a1e3dc3c6&ov_redirect=true,"Add to Compare HP OmniBook 5(Previously Pavilion) Intel Core i5 13th Gen 1334U - (16 GB/512 GB SSD/Windows 11 Home) 1... 4.5 192 Ratings & 17 Reviews Intel Core i5 Processor (13th Gen) 16 GB LPDDR5X RAM Windows 11 Operating System 512 GB SSD 40.64 cm (16 Inch) Display 1 Year Onsite Service ₹69,990 ₹78,778 11% off Upto ₹42,600 Off on Exchange Bank Offer"
Flipkart,laptops,ASUS Vivobook Go 15 (2025) with Office 2024 + M365 Basic AMD Ryzen 3 Quad Core 30 - (8 GB/512 GB SSD/W,48990.0,,,,4.5,None,False,Unknown,False,https://www.flipkart.com/asus-vivobook-go-15-2025-office-2024-m365-basic-amd-ryzen-3-quad-core-30-8-gb-512-gb-ssd-windows-11-home-e1504fa-bq2114ws-thin-light-laptop/p/itm1dbfd91b9e36d?pid=COMHKDXBRJJG5JH7&lid=LSTCOMHKDXBRJJG5JH71RFLWK&marketplace=FLIPKART&q=laptops&store=6bo%2Fb5g&srno=s_3_69&otracker=search&fm=organic&iid=375552aa-7bad-4711-bc0c-317c05e73ae9.COMHKDXBRJJG5JH7.SEARCH&ppt=None&ppn=None&ssid=7ju49pcsxc0000001780910479531&qH=c06ea84a1e3dc3c6&ov_redirect=true,"Add to Compare ASUS Vivobook Go 15 (2025) with Office 2024 + M365 Basic AMD Ryzen 3 Quad Core 30 - (8 GB/512 GB SSD/W... 4.5 15 Ratings & 1 Reviews AMD Ryzen 3 Quad Core Processor 8 GB DDR5 RAM Windows 11 Home Operating System 512 GB SSD 39.62 cm (15.6 inch) Display MSO 2024 for lifetime + Microsoft 365 Basic with 100GB Cloud Storage for 1 Year, One-Month Membership of Adobe Creative Cloud All App"
Flipkart,laptops,MSI Modern 15 Intel Core i5 12th Gen 1235U - (8 GB/512 GB SSD/Windows 11 Home) Modern 15 B12MO-1051IN,47990.0,57990.0,17.0,10000.0,4.3,Only 2 Left,True,No,False,https://www.flipkart.com/msi-modern-15-intel-core-i5-12th-gen-1235u-8-gb-512-gb-ssd-windows-11-home-b12mo-1051in-business-laptop/p/itm21f8007ef0cd1?pid=COMH3YTFERG7TRET&lid=LSTCOMH3YTFERG7TRET0EWIZW&marketplace=FLIPKART&q=laptops&store=6bo%2Fb5g&srno=s_3_70&otracker=search&fm=organic&iid=375552aa-7bad-4711-bc0c-317c05e73ae9.COMH3YTFERG7TRET.SEARCH&ppt=None&ppn=None&ssid=7ju49pcsxc0000001780910479531&qH=c06ea84a1e3dc3c6&ov_redirect=true,"Add to Compare MSI Modern 15 Intel Core i5 12th Gen 1235U - (8 GB/512 GB SSD/Windows 11 Home) Modern 15 B12MO-1051IN ... 4.3 13 Ratings & 1 Reviews Intel Core i5 Processor (12th Gen) 8 GB DDR4 RAM Windows 11 Operating System 512 GB SSD 38.1 cm (15 Inch) Display 1 Year Carry-in Warranty ₹47,990 ₹57,990 17% off Hot Deal Only 2 left"
Flipkart,laptops,DELL Inspiron 15 (Core i3 14th Gen) Intel Core 3 100U - (8 GB/512 GB SSD/Windows 11 Home) DC15250 Thin,48990.0,58500.0,16.0,9510.0,4.3,None,False,No,False,https://www.flipkart.com/dell-inspiron-15-core-i3-14th-gen-intel-core-3-100u-8-gb-512-gb-ssd-windows-11-home-dc15250-thin-light-laptop/p/itma84a498e740e1?pid=COMHFSGXNDCHA5QN&lid=LSTCOMHFSGXNDCHA5QN05JRZZ&marketplace=FLIPKART&q=laptops&store=6bo%2Fb5g&srno=s_3_72&otracker=search&fm=organic&iid=375552aa-7bad-4711-bc0c-317c05e73ae9.COMHFSGXNDCHA5QN.SEARCH&ppt=None&ppn=None&ssid=7ju49pcsxc0000001780910479531&qH=c06ea84a1e3dc3c6&ov_redirect=true,"Add to Compare DELL Inspiron 15 (Core i3 14th Gen) Intel Core 3 100U - (8 GB/512 GB SSD/Windows 11 Home) DC15250 Thin... 4.3 133 Ratings & 10 Reviews Intel Core 3 Processor 8 GB DDR4 RAM Windows 11 Home Operating System 512 GB SSD 38.1 cm (15 Inch) Display 1 Year Onsite Hardware Service ₹48,990 ₹58,500 16% off Upto ₹32,950 Off on Exchange Bank Offer"
Flipkart,headphones,"PTron Studio Evo w/ Dual-Device Pairing, 70Hrs Playtime",799.0,3199.0,75.0,2400.0,4.1,None,False,No,True,https://www.flipkart.com/ptron-studio-evo-w-dual-device-pairing-70hrs-playtime-pristine-audio-clear-calls-bluetooth/p/itm528fd260133c3?pid=ACCH8J5VFJQFSFSJ&lid=LSTACCH8J5VFJQFSFSJBDJMZJ&marketplace=FLIPKART&q=headphones&store=0pm%2Ffcn%2Fgc3&srno=s_1_1&otracker=search&fm=organic&iid=en_akwh4FiQTX2MOOqheZitKpAE-gOO9IKMw4D-ygWNWd61MbUmW5Gd5BaQkqmUVU4fprdM1x-DFxGW2PkGXq9BrZFdfOkCz4c4NoYVFVsRRkL_jTiqfaTZnNjDZuOlFotG&ppt=None&ppn=None&ssid=xk74u4gfjk0000001780910494800&qH=edd443896ef5dbfc&ov_redirect=true&ov_redirect=true,"PTron Studio Evo w/ Dual-Device Pairing, 70Hrs Playtime... 4.1 (11,764) ₹799 ₹3,199 75% off Bank Offer Add to Compare"
Flipkart,headphones,"boAt Rockerz 430, 40ms Latency, 40H Battery, Stream Ad",1399.0,2490.0,43.0,1091.0,4.1,None,False,No,False,https://www.flipkart.com/boat-rockerz-430-40ms-latency-40h-battery-stream-ad-free-music-via-app-bluetooth/p/itmffa34bfe88f9b?pid=ACCH44E5CRHKC462&lid=LSTACCH44E5CRHKC462FRC6JH&marketplace=FLIPKART&q=headphones&store=0pm%2Ffcn%2Fgc3&srno=s_1_2&otracker=search&fm=organic&iid=en_akwh4FiQTX2MOOqheZitKpAE-gOO9IKMw4D-ygWNWd7O9Xn-hsSTtxQFZ92-Zeug_JNSzbKCaWBA33wE86jw_nEvqwBnNZhQcQEu277onUs-vC05NcfI9KAr25GuWzla&ppt=None&ppn=None&ssid=xk74u4gfjk0000001780910494800&qH=edd443896ef5dbfc&ov_redirect=true&ov_redirect=true,"boAt Rockerz 430, 40ms Latency, 40H Battery, Stream Ad ... 4.1 (67,351) ₹1,399 ₹2,490 43% off Bank Offer Add to Compare"
Flipkart,headphones,Techpunch COMFORTABLE EAR PADS WIRELESS HEADPHONE WITH,298.0,999.0,70.0,701.0,3.5,Only Few Left,True,No,True,https://www.flipkart.com/techpunch-comfortable-ear-pads-wireless-headphone-aux-support-compatible-device-bluetooth-wired/p/itm60af9bf9d60a5?pid=ACCGSYYWVYZVXJNV&lid=LSTACCGSYYWVYZVXJNVQRD93A&marketplace=FLIPKART&q=headphones&store=0pm%2Ffcn%2Fgc3&srno=s_1_3&otracker=search&fm=organic&iid=af014922-718b-4c7e-ac6c-ede113136499.ACCGSYYWVYZVXJNV.SEARCH&ppt=None&ppn=None&ssid=xk74u4gfjk0000001780910494800&qH=edd443896ef5dbfc&ov_redirect=true&ov_redirect=true,"Techpunch COMFORTABLE EAR PADS WIRELESS HEADPHONE WITH ... 3.5 (15,878) ₹298 ₹999 70% off Only few left Add to Compare"
Flipkart,headphones,Techobucks Extra Bass Wireless P-47 Bluetooth Over-ear,286.0,1200.0,76.0,914.0,3.4,None,False,No,True,https://www.flipkart.com/techobucks-extra-bass-wireless-p-47-bluetooth-over-ear-headphone-foldable-stereo-headset/p/itm81f70f810da50?pid=ACCGD7G26H8ZXTVH&lid=LSTACCGD7G26H8ZXTVHLV0NSV&marketplace=FLIPKART&q=headphones&store=0pm%2Ffcn%2Fgc3&srno=s_1_4&otracker=search&fm=organic&iid=af014922-718b-4c7e-ac6c-ede113136499.ACCGD7G26H8ZXTVH.SEARCH&ppt=None&ppn=None&ssid=xk74u4gfjk0000001780910494800&qH=edd443896ef5dbfc&ov_redirect=true&ov_redirect=true,"Techobucks Extra Bass Wireless P-47 Bluetooth Over-ear ... 3.4 (1,784) ₹286 ₹1,200 76% off Hot Deal Add to Compare"
Flipkart,headphones,F FERONS Wireless Headphone BT,295.0,2599.0,88.0,2304.0,5.0,Only Few Left,True,No,True,https://www.flipkart.com/f-ferons-wireless-headphone-bt-5-0-over-ear-foldable-built-in-mic-sd-card-supported-bluetooth/p/itmca679dbd7a473?pid=ACCHEA3KFVTMRQNU&lid=LSTACCHEA3KFVTMRQNUGB83EB&marketplace=FLIPKART&q=headphones&store=0pm%2Ffcn%2Fgc3&srno=s_1_5&otracker=search&fm=organic&iid=af014922-718b-4c7e-ac6c-ede113136499.ACCHEA3KFVTMRQNU.SEARCH&ppt=None&ppn=None&ssid=xk74u4gfjk0000001780910494800&qH=edd443896ef5dbfc&ov_redirect=true&ov_redirect=true,"F FERONS Wireless Headphone BT 5.0 Over Ear Foldable wi... 3.8 (25,769) ₹295 ₹2,599 88% off Only few left Add to Compare"
Flipkart,headphones,Unix Wireless Headphones I 12 Hrs PlaytimeI 40MM Driver,797.0,2499.0,68.0,1702.0,3.9,None,False,No,False,https://www.flipkart.com/unix-wireless-headphones-12-hrs-playtimei-40mm-drivers-foldable-built-mic-bluetooth/p/itm02182d8f90d77?pid=ACCG7J4DYJZZHHUZ&lid=LSTACCG7J4DYJZZHHUZDLSDTV&marketplace=FLIPKART&q=headphones&store=0pm%2Ffcn%2Fgc3&srno=s_1_6&otracker=search&fm=organic&iid=en_akwh4FiQTX2MOOqheZitKpAE-gOO9IKMw4D-ygWNWd5ld6bZ8F-6KU-n3tXGOND-4pKx1mGUoZ7cEYPUguvoyNgzzfhqZiZ5pD_lvmjqfHv_jTiqfaTZnNjDZuOlFotG&ppt=None&ppn=None&ssid=xk74u4gfjk0000001780910494800&qH=edd443896ef5dbfc&ov_redirect=true&ov_redirect=true,"Unix Wireless Headphones I 12 Hrs PlaytimeI 40MM Driver... 3.9 (8,556) ₹797 ₹2,499 68% off Bank Offer Add to Compare"
Flipkart,headphones,FRONY SH12 Premium (Bluetooth Headset) with Noise Cance,461.0,1200.0,61.0,739.0,3.5,Only Few Left,True,No,False,https://www.flipkart.com/frony-sh12-premium-bluetooth-headset-noise-cancelation-technology-srr425-bluetooth/p/itm3c6e57acc7468?pid=ACCHFJ8XQGKTCRHG&lid=LSTACCHFJ8XQGKTCRHG84UJPL&marketplace=FLIPKART&q=headphones&store=0pm%2Ffcn%2Fgc3&srno=s_1_7&otracker=search&fm=organic&iid=af014922-718b-4c7e-ac6c-ede113136499.ACCHFJ8XQGKTCRHG.SEARCH&ppt=None&ppn=None&ssid=xk74u4gfjk0000001780910494800&qH=edd443896ef5dbfc&ov_redirect=true&ov_redirect=true,"FRONY SH12 Premium (Bluetooth Headset) with Noise Cance... 3.5 (481) ₹461 ₹1,200 61% off Only few left Add to Compare"
Flipkart,headphones,Techpunch 100% BEST SOUND QUALITY BLUETOOTH HEADPHONE F,297.0,999.0,70.0,702.0,3.5,Only Few Left,True,No,True,https://www.flipkart.com/techpunch-100-best-sound-quality-bluetooth-headphone-gaming-music-all-device-wired/p/itmb83816cf3cb8f?pid=ACCGSYU3UFFTNZRR&lid=LSTACCGSYU3UFFTNZRR2NE6F2&marketplace=FLIPKART&q=headphones&store=0pm%2Ffcn%2Fgc3&srno=s_1_8&otracker=search&fm=organic&iid=af014922-718b-4c7e-ac6c-ede113136499.ACCGSYU3UFFTNZRR.SEARCH&ppt=None&ppn=None&ssid=xk74u4gfjk0000001780910494800&qH=edd443896ef5dbfc&ov_redirect=true&ov_redirect=true,"Techpunch 100% BEST SOUND QUALITY BLUETOOTH HEADPHONE F... 3.5 (1,107) ₹297 ₹999 70% off Only few left Add to Compare"
Flipkart,headphones,F FERONS Wireless Lightweight Foldable Adjustable Suppo,297.0,2599.0,88.0,2302.0,3.8,Only Few Left,True,No,True,https://www.flipkart.com/f-ferons-wireless-lightweight-foldable-adjustable-supported-sd-card-aux-cable-sports-bluetooth/p/itmf431e196757a7?pid=ACCHEA3SWH8JDV9J&lid=LSTACCHEA3SWH8JDV9JFP0CHB&marketplace=FLIPKART&q=headphones&store=0pm%2Ffcn%2Fgc3&srno=s_1_9&otracker=search&fm=organic&iid=af014922-718b-4c7e-ac6c-ede113136499.ACCHEA3SWH8JDV9J.SEARCH&ppt=None&ppn=None&ssid=xk74u4gfjk0000001780910494800&qH=edd443896ef5dbfc&ov_redirect=true&ov_redirect=true,"F FERONS Wireless Lightweight Foldable Adjustable Suppo... 3.8 (25,769) ₹297 ₹2,599 88% off Only few left Add to Compare"
Flipkart,headphones,EARBUDDY SnapX 20 Pro+ with ANC Bluetooth 11 Bluetooth,276.0,1999.0,86.0,1723.0,3.8,Lowest Price,True,No,True,https://www.flipkart.com/earbuddy-snapx-20-pro-anc-bluetooth-11/p/itmac7b109ff2d7f?pid=ACCHGH2MHFCF3NBP&lid=LSTACCHGH2MHFCF3NBPKFEOXI&marketplace=FLIPKART&q=headphones&store=0pm%2Ffcn%2Fgc3&srno=s_1_10&otracker=search&fm=organic&iid=af014922-718b-4c7e-ac6c-ede113136499.ACCHGH2MHFCF3NBP.SEARCH&ppt=None&ppn=None&ssid=xk74u4gfjk0000001780910494800&qH=edd443896ef5dbfc&ov_redirect=true&ov_redirect=true,"EARBUDDY SnapX 20 Pro+ with ANC Bluetooth 11 Bluetooth 3.8 (124) ₹276 ₹1,999 86% off Lowest price since launch Add to Compare"
Flipkart,headphones,"DRUMSTONE Vintage Coco Phone Receiver 3.5mm Wired,Radia",1205.0,2999.0,59.0,1794.0,4.8,None,False,No,False,https://www.flipkart.com/drumstone-vintage-coco-phone-receiver-3-5mm-wired-radiation-free-enhanced-call-quality-wired/p/itm51fce9c18f3d6?pid=ACCH4UVWZWZZ3CDZ&lid=LSTACCH4UVWZWZZ3CDZD0WEBF&marketplace=FLIPKART&q=headphones&store=0pm%2Ffcn%2Fgc3&srno=s_1_11&otracker=search&fm=organic&iid=en_akwh4FiQTX2MOOqheZitKpAE-gOO9IKMw4D-ygWNWd4clP3gyFF15_70UWpM4i8C1NoKBqH1SA48tmUy5SwtYIZK9AEZPBBqOhEDCpSIA5KZwodIEy1r4QBV4ZVtpOjK&ppt=None&ppn=None&ssid=xk74u4gfjk0000001780910494800&qH=edd443896ef5dbfc&ov_redirect=true&ov_redirect=true,"DRUMSTONE Vintage Coco Phone Receiver 3.5mm Wired,Radia... 4.8 (6) ₹1,205 ₹2,999 59% off Bank Offer Add to Compare"
Flipkart,headphones,Bose ‎QuietComfort Headphones Bluetooth,22900.0,27900.0,17.0,5000.0,4.5,None,False,No,False,https://www.flipkart.com/bose-quietcomfort-headphones-bluetooth/p/itm5c251dde5dd13?pid=ACCHFJB84QDFVZFF&lid=LSTACCHFJB84QDFVZFFPLNFKX&marketplace=FLIPKART&q=headphones&store=0pm%2Ffcn%2Fgc3&srno=s_1_12&otracker=search&fm=organic&iid=en_akwh4FiQTX2MOOqheZitKpAE-gOO9IKMw4D-ygWNWd6gNGqM5DGuXssdjulJWtT5NcNB1dzfoNpXVH_lXqItm42Dgk-BPL7PKCpOGhXag6TlMtPYLXUNWiVed_Dbp6sn&ppt=None&ppn=None&ssid=xk74u4gfjk0000001780910494800&qH=edd443896ef5dbfc&ov_redirect=true&ov_redirect=true,"Bose ‎QuietComfort Headphones Bluetooth 4.5 (135) ₹22,900 ₹27,900 17% off Bank Offer Add to Compare"
Flipkart,headphones,F FERONS Compact Foldable Headphone Crystal Crisp Clear,295.0,2599.0,88.0,2304.0,3.8,Only Few Left,True,No,True,https://www.flipkart.com/f-ferons-compact-foldable-headphone-crystal-crisp-clear-audio-soft-cushion-design-bluetooth/p/itmac7ec18b0fc94?pid=ACCHF8ZCYRYMAGQS&lid=LSTACCHF8ZCYRYMAGQSRLJCBS&marketplace=FLIPKART&q=headphones&store=0pm%2Ffcn%2Fgc3&srno=s_1_13&otracker=search&fm=organic&iid=af014922-718b-4c7e-ac6c-ede113136499.ACCHF8ZCYRYMAGQS.SEARCH&ppt=None&ppn=None&ssid=xk74u4gfjk0000001780910494800&qH=edd443896ef5dbfc&ov_redirect=true&ov_redirect=true,"F FERONS Compact Foldable Headphone Crystal Crisp Clear... 3.8 (25,769) ₹295 ₹2,599 88% off Only few left Add to Compare"
Flipkart,headphones,F FERONS Foldable Over-Ear Design Bluetooth,297.0,2599.0,88.0,2302.0,5.0,Only Few Left,True,No,True,https://www.flipkart.com/f-ferons-foldable-over-ear-design-bluetooth-5-0-hi-fi-sound-for-music-work-calls/p/itmbd755728ef62a?pid=ACCHDNSG2YYMMENV&lid=LSTACCHDNSG2YYMMENVC0Q8UT&marketplace=FLIPKART&q=headphones&store=0pm%2Ffcn%2Fgc3&srno=s_1_14&otracker=search&fm=organic&iid=af014922-718b-4c7e-ac6c-ede113136499.ACCHDNSG2YYMMENV.SEARCH&ppt=None&ppn=None&ssid=xk74u4gfjk0000001780910494800&qH=edd443896ef5dbfc&ov_redirect=true&ov_redirect=true,"F FERONS Foldable Over-Ear Design Bluetooth 5.0 – Hi-Fi... 3.8 (25,769) ₹297 ₹2,599 88% off Only few left Add to Compare"
Flipkart,headphones,F FERONS Foldable Headphone Stylish & Durable High Qual,297.0,2599.0,88.0,2302.0,3.8,Only Few Left,True,No,True,https://www.flipkart.com/f-ferons-foldable-headphone-stylish-durable-high-quality-stereo-sound-aux-support-bluetooth/p/itm49271e3366ee1?pid=ACCHF8ZDZCH3GHHE&lid=LSTACCHF8ZDZCH3GHHEU8MLSI&marketplace=FLIPKART&q=headphones&store=0pm%2Ffcn%2Fgc3&srno=s_1_15&otracker=search&fm=organic&iid=af014922-718b-4c7e-ac6c-ede113136499.ACCHF8ZDZCH3GHHE.SEARCH&ppt=None&ppn=None&ssid=xk74u4gfjk0000001780910494800&qH=edd443896ef5dbfc&ov_redirect=true&ov_redirect=true,"F FERONS Foldable Headphone Stylish & Durable High Qual... 3.8 (25,769) ₹297 ₹2,599 88% off Only few left Add to Compare"
Flipkart,headphones,"ZEBRONICS Zeb-Thunder, True 60Hr Backup, BT v6.0, Gamin... 4 (1,39,480)",699.0,1699.0,58.0,1000.0,,None,False,No,False,https://www.flipkart.com/zebronics-zeb-thunder-true-60hr-backup-bt-v6-0-gaming-mode-enc-aux-msd-dual-pairing-bluetooth/p/itme5f99ca80ada8?pid=ACCFBB8BYKCCRBZH&lid=LSTACCFBB8BYKCCRBZHSWHBNF&marketplace=FLIPKART&q=headphones&store=0pm%2Ffcn%2Fgc3&srno=s_1_16&otracker=search&fm=organic&iid=af014922-718b-4c7e-ac6c-ede113136499.ACCFBB8BYKCCRBZH.SEARCH&ppt=None&ppn=None&ssid=xk74u4gfjk0000001780910494800&qH=edd443896ef5dbfc&ov_redirect=true&ov_redirect=true,"ZEBRONICS Zeb-Thunder, True 60Hr Backup, BT v6.0, Gamin... 4 (1,39,480) ₹699 ₹1,699 58% off Bank Offer Add to Compare"
Flipkart,headphones,FRONY SH12 Premium (Bluetooth Headset) with Noise Cance,473.0,1200.0,60.0,727.0,3.5,None,False,No,False,https://www.flipkart.com/frony-sh12-premium-bluetooth-headset-noise-cancelation-technology-poo480-bluetooth/p/itma0c0a97a8d9b6?pid=ACCHFJ8XGXZMZ7GJ&lid=LSTACCHFJ8XGXZMZ7GJJRVBKZ&marketplace=FLIPKART&q=headphones&store=0pm%2Ffcn%2Fgc3&srno=s_1_17&otracker=search&fm=organic&iid=en_akwh4FiQTX2MOOqheZitKpAE-gOO9IKMw4D-ygWNWd6bpWYN4MFt2X6s-xXzygWhbCzwbY1aa3NWDJMAlCRyt7KZxbrqH_JZue0KALDQpxv_jTiqfaTZnNjDZuOlFotG&ppt=None&ppn=None&ssid=xk74u4gfjk0000001780910494800&qH=edd443896ef5dbfc&ov_redirect=true&ov_redirect=true,"FRONY SH12 Premium (Bluetooth Headset) with Noise Cance... 3.5 (26) ₹473 ₹1,200 60% off Bank Offer Add to Compare"
Flipkart,headphones,Bose QuietComfort Ultra Bluetooth Headphones (2nd Gen),49900.0,,,,,None,False,Unknown,False,https://www.flipkart.com/bose-quietcomfort-ultra-bluetooth-headphones-2nd-gen-wired/p/itm7d698b54cc27a?pid=ACCHMGJ8RXQ8BN6M&lid=LSTACCHMGJ8RXQ8BN6MBNRDKK&marketplace=FLIPKART&q=headphones&store=0pm%2Ffcn%2Fgc3&srno=s_1_18&otracker=search&fm=organic&iid=en_akwh4FiQTX2MOOqheZitKpAE-gOO9IKMw4D-ygWNWd723us8RXlOeOZMeWn0rfpEzZYxGO-OS-Gh-ko6Bt0WshVExNIwfSKaWyyOVDEhmUzlMtPYLXUNWiVed_Dbp6sn&ppt=None&ppn=None&ssid=xk74u4gfjk0000001780910494800&qH=edd443896ef5dbfc&ov_redirect=true&ov_redirect=true,"Bose QuietComfort Ultra Bluetooth Headphones (2nd Gen) ... ₹49,900 Bank Offer Add to Compare"
Flipkart,headphones,"PTron Studio Pro w/ Dual-device Pairing, 65hrs Playtime",729.0,2599.0,71.0,1870.0,3.9,None,False,No,True,https://www.flipkart.com/ptron-studio-pro-w-dual-device-pairing-65hrs-playtime-ai-enc-calls-pristine-sound-bluetooth/p/itmecc0e012b8381?pid=ACCHGBHAD28ZGGPH&lid=LSTACCHGBHAD28ZGGPHB8FOCI&marketplace=FLIPKART&q=headphones&store=0pm%2Ffcn%2Fgc3&srno=s_1_19&otracker=search&fm=organic&iid=af014922-718b-4c7e-ac6c-ede113136499.ACCHGBHAD28ZGGPH.SEARCH&ppt=None&ppn=None&ssid=xk74u4gfjk0000001780910494800&qH=edd443896ef5dbfc&ov_redirect=true&ov_redirect=true,"PTron Studio Pro w/ Dual-device Pairing, 65hrs Playtime... 3.9 (2,940) ₹729 ₹2,599 71% off Super Deals Add to Compare"
Flipkart,headphones,RUHIZEN SH-12 Wireless Headphones Over Ear Headphone wi,450.0,1999.0,77.0,1549.0,3.1,Only Few Left,True,No,True,https://www.flipkart.com/ruhizen-sh-12-wireless-headphones-over-ear-headphone-mic-bluetooth-wired/p/itmf79b7eb72ab7a?pid=ACCHJVFQRXU4PS5G&lid=LSTACCHJVFQRXU4PS5GOFXIOO&marketplace=FLIPKART&q=headphones&store=0pm%2Ffcn%2Fgc3&srno=s_1_20&otracker=search&fm=organic&iid=af014922-718b-4c7e-ac6c-ede113136499.ACCHJVFQRXU4PS5G.SEARCH&ppt=None&ppn=None&ssid=xk74u4gfjk0000001780910494800&qH=edd443896ef5dbfc&ov_redirect=true&ov_redirect=true,"RUHIZEN SH-12 Wireless Headphones Over Ear Headphone wi... 3.1 (7) ₹450 ₹1,999 77% off Only few left Add to Compare"
Flipkart,headphones,"PunnkFunnk K20 Headset, Over Ear Headphones with Mic Wi",922.0,4999.0,81.0,4077.0,3.8,None,False,No,True,https://www.flipkart.com/punnkfunnk-k20-headset-over-ear-headphones-mic-wired-gaming/p/itm6d442af6cc436?pid=ACCG5SVEGV99HFHR&lid=LSTACCG5SVEGV99HFHRNZHTLX&marketplace=FLIPKART&q=headphones&store=0pm%2Ffcn%2Fgc3&srno=s_1_22&otracker=search&fm=organic&iid=en_akwh4FiQTX2MOOqheZitKpAE-gOO9IKMw4D-ygWNWd51_XHzQ3f9LwKZEhP-gil_CDPnMwFxVpbO7wMhdqdWVP1v6fxdnuCU2FTsFTZXSrb_jTiqfaTZnNjDZuOlFotG&ppt=None&ppn=None&ssid=xk74u4gfjk0000001780910494800&qH=edd443896ef5dbfc&ov_redirect=true&ov_redirect=true,"PunnkFunnk K20 Headset, Over Ear Headphones with Mic Wi... 3.8 (3,304) ₹922 ₹4,999 81% off Bank Offer Add to Compare"
Flipkart,headphones,Enacfire T60 Bullets Wireless Z2 Bass Edition Neckband,268.0,1999.0,86.0,1731.0,3.9,Only Few Left,True,No,True,https://www.flipkart.com/enacfire-t60-bullets-wireless-z2-bass-neckband-headphone-48-hr-playtime-bluetooth/p/itm025e6b4e6ae19?pid=ACCHH3RMM8ZHGMRF&lid=LSTACCHH3RMM8ZHGMRFMZDSX0&marketplace=FLIPKART&q=headphones&store=0pm%2Ffcn%2Fgc3&srno=s_1_23&otracker=search&fm=organic&iid=af014922-718b-4c7e-ac6c-ede113136499.ACCHH3RMM8ZHGMRF.SEARCH&ppt=None&ppn=None&ssid=xk74u4gfjk0000001780910494800&qH=edd443896ef5dbfc&ov_redirect=true&ov_redirect=true,"Enacfire T60 Bullets Wireless Z2 Bass Edition Neckband ... 3.9 (55) ₹268 ₹1,999 86% off Only few left Add to Compare"
Flipkart,headphones,TP TROOPS TP-7040 Headphone With Extra Bass High Defini,348.0,1299.0,73.0,951.0,3.6,Only Few Left,True,No,True,https://www.flipkart.com/tp-troops-tp-7040-headphone-extra-bass-high-definition-sound-wired/p/itm6f2b0ed0f84ec?pid=ACCFXWEWGZJMK9FR&lid=LSTACCFXWEWGZJMK9FR270MGO&marketplace=FLIPKART&q=headphones&store=0pm%2Ffcn%2Fgc3&srno=s_1_24&otracker=search&fm=organic&iid=af014922-718b-4c7e-ac6c-ede113136499.ACCFXWEWGZJMK9FR.SEARCH&ppt=None&ppn=None&ssid=xk74u4gfjk0000001780910494800&qH=edd443896ef5dbfc&ov_redirect=true&ov_redirect=true,"TP TROOPS TP-7040 Headphone With Extra Bass High Defini... 3.6 (1,063) ₹348 ₹1,299 73% off Only few left Add to Compare"
Flipkart,headphones,RUHIZEN P9 Plus Wireless On Headphones Deep Bass with M,444.0,1299.0,65.0,855.0,3.5,Only Few Left,True,No,False,https://www.flipkart.com/ruhizen-p9-plus-wireless-headphones-deep-bass-microphone1-bluetooth/p/itmdcbffb5235121?pid=ACCHHR8FNHFEH5VA&lid=LSTACCHHR8FNHFEH5VA29QKGB&marketplace=FLIPKART&q=headphones&store=0pm%2Ffcn%2Fgc3&srno=s_1_25&otracker=search&fm=organic&iid=af014922-718b-4c7e-ac6c-ede113136499.ACCHHR8FNHFEH5VA.SEARCH&ppt=None&ppn=None&ssid=xk74u4gfjk0000001780910494800&qH=edd443896ef5dbfc&ov_redirect=true&ov_redirect=true,"RUHIZEN P9 Plus Wireless On Headphones Deep Bass with M... 3.5 (4) ₹444 ₹1,299 65% off Only few left Add to Compare"
Flipkart,headphones,house of common Bluetooth On-Ear Headphones with HD Sou,433.0,4199.0,89.0,3766.0,3.7,Only Few Left,True,No,True,https://www.flipkart.com/house-common-bluetooth-on-ear-headphones-hd-sound-foldable-frame-built-in-mic-yz-wired/p/itm94daed2b6930c?pid=ACCHBFTGBABAMPSR&lid=LSTACCHBFTGBABAMPSRHUWMDX&marketplace=FLIPKART&q=headphones&store=0pm%2Ffcn%2Fgc3&srno=s_1_26&otracker=search&fm=organic&iid=af014922-718b-4c7e-ac6c-ede113136499.ACCHBFTGBABAMPSR.SEARCH&ppt=None&ppn=None&ssid=xk74u4gfjk0000001780910494800&qH=edd443896ef5dbfc&ov_redirect=true&ov_redirect=true,"house of common Bluetooth On-Ear Headphones with HD Sou... 3.7 (176) ₹433 ₹4,199 89% off Only few left Add to Compare"
Flipkart,headphones,Unix Cool Look Music Lover Studio Podcast-Gaming-Online... 4 (346),797.0,2499.0,68.0,1702.0,,None,False,No,False,https://www.flipkart.com/unix-cool-look-music-lover-studio-podcast-gaming-online-classes-overhead-non-problem-bluetooth/p/itm469ae96bb4f1f?pid=ACCH9M7HHMZ77AK7&lid=LSTACCH9M7HHMZ77AK7R5XNNC&marketplace=FLIPKART&q=headphones&store=0pm%2Ffcn%2Fgc3&srno=s_1_27&otracker=search&fm=organic&iid=en_akwh4FiQTX2MOOqheZitKpAE-gOO9IKMw4D-ygWNWd4hs2WOzXPMcJz_POoDx808ru8Ws1zUyJuz0tgcQcS_7tgzzfhqZiZ5pD_lvmjqfHv_jTiqfaTZnNjDZuOlFotG&ppt=None&ppn=None&ssid=xk74u4gfjk0000001780910494800&qH=edd443896ef5dbfc&ov_redirect=true&ov_redirect=true,"Unix Cool Look Music Lover Studio Podcast-Gaming-Online... 4 (346) ₹797 ₹2,499 68% off Bank Offer Add to Compare"
Flipkart,headphones,Audio Technica M50X BT2 Bluetooth & Wired Gaming,17731.0,32299.0,45.0,14568.0,,Lowest Price,True,No,False,https://www.flipkart.com/audio-technica-m50x-bt2-bluetooth-wired-gaming/p/itmc58521c36cb9a?pid=ACCH4FZRPHJQS4YD&lid=LSTACCH4FZRPHJQS4YDMJNKI4&marketplace=FLIPKART&q=headphones&store=0pm%2Ffcn%2Fgc3&srno=s_1_28&otracker=search&fm=organic&iid=en_akwh4FiQTX2MOOqheZitKpAE-gOO9IKMw4D-ygWNWd57TVxkravfG0qnE3qj3BokY9TUTla_CGQSkmWLXFAEqzWB9rxCqg_DxzAD_CM_0z3lMtPYLXUNWiVed_Dbp6sn&ppt=None&ppn=None&ssid=xk74u4gfjk0000001780910494800&qH=edd443896ef5dbfc&ov_redirect=true&ov_redirect=true,"Audio Technica M50X BT2 Bluetooth & Wired Gaming ₹17,731 ₹32,299 45% off Lowest price in the year Add to Compare"
Flipkart,headphones,Flipkart SmartBuy FKBT02 Bluetooth,1138.0,2349.0,51.0,1211.0,4.1,Only 1 Left,True,No,False,https://www.flipkart.com/flipkart-smartbuy-fkbt02-bluetooth/p/itmc10e08493235e?pid=ACCF9FAQ2CGTERZF&lid=LSTACCF9FAQ2CGTERZF00QLK2&marketplace=FLIPKART&q=headphones&store=0pm%2Ffcn%2Fgc3&srno=s_1_29&otracker=search&fm=organic&iid=af014922-718b-4c7e-ac6c-ede113136499.ACCF9FAQ2CGTERZF.SEARCH&ppt=None&ppn=None&ssid=xk74u4gfjk0000001780910494800&qH=edd443896ef5dbfc&ov_redirect=true&ov_redirect=true,"Flipkart SmartBuy FKBT02 Bluetooth 4.1 (1,627) ₹1,138 ₹2,349 51% off Only 1 left Add to Compare"
Flipkart,headphones,Techobucks NEW PRICE P47 WIRELESS LIGHTWEIGHT ULTRA DAY,295.0,999.0,70.0,704.0,3.5,None,False,No,True,https://www.flipkart.com/techobucks-new-price-p47-wireless-lightweight-ultra-daynmic-bass-sound-gaming-headphone-bluetooth/p/itmbe9b4ec14d696?pid=ACCGH4C6CGMMPC9R&lid=LSTACCGH4C6CGMMPC9RZKQMCU&marketplace=FLIPKART&q=headphones&store=0pm%2Ffcn%2Fgc3&srno=s_1_30&otracker=search&fm=organic&iid=af014922-718b-4c7e-ac6c-ede113136499.ACCGH4C6CGMMPC9R.SEARCH&ppt=None&ppn=None&ssid=xk74u4gfjk0000001780910494800&qH=edd443896ef5dbfc&ov_redirect=true&ov_redirect=true,Techobucks NEW PRICE P47 WIRELESS LIGHTWEIGHT ULTRA DAY... 3.5 (6) ₹295 ₹999 70% off Hot Deal Add to Compare
Flipkart,headphones,JABRA Evolve2 65 Link390a MS Wireless Headset with Mic,36899.0,42892.0,13.0,5993.0,,None,False,No,False,https://www.flipkart.com/jabra-evolve2-65-link390a-ms-wireless-headset-mic-office-bluetooth/p/itm3b1baf42ae558?pid=ACCHGYEU6UR8JTC5&lid=LSTACCHGYEU6UR8JTC5H1GWNH&marketplace=FLIPKART&q=headphones&store=0pm%2Ffcn%2Fgc3&srno=s_1_31&otracker=search&fm=organic&iid=en_akwh4FiQTX2MOOqheZitKpAE-gOO9IKMw4D-ygWNWd6RC8MMqakTe-26xlbVTQrp6dw8fypDTcCs1cqrl58Wq1MVV6mF_NyZbwDdTZs8vDXlMtPYLXUNWiVed_Dbp6sn&ppt=None&ppn=None&ssid=xk74u4gfjk0000001780910494800&qH=edd443896ef5dbfc&ov_redirect=true&ov_redirect=true,"JABRA Evolve2 65 Link390a MS Wireless Headset with Mic ... ₹36,899 ₹42,892 13% off Bank Offer Add to Compare"
Flipkart,headphones,YAROH SH12 Premium (Bluetooth Headset) with Cancelation,476.0,1200.0,60.0,724.0,3.5,None,False,No,False,https://www.flipkart.com/yaroh-sh12-premium-bluetooth-headset-cancelation-technology-bluetooth/p/itma11eec57462d0?pid=ACCHFJ8AEZ4G5WUX&lid=LSTACCHFJ8AEZ4G5WUX9VAMZI&marketplace=FLIPKART&q=headphones&store=0pm%2Ffcn%2Fgc3&srno=s_1_32&otracker=search&fm=organic&iid=en_akwh4FiQTX2MOOqheZitKpAE-gOO9IKMw4D-ygWNWd6_APBuesgWEuLPHE2jd_Yw-VozQE32At6zUku3FlqALneppeePgsir_gtBjD166Hf_jTiqfaTZnNjDZuOlFotG&ppt=None&ppn=None&ssid=xk74u4gfjk0000001780910494800&qH=edd443896ef5dbfc&ov_redirect=true&ov_redirect=true,"YAROH SH12 Premium (Bluetooth Headset) with Cancelation... 3.5 (262) ₹476 ₹1,200 60% off Bank Offer Add to Compare"
Flipkart,headphones,"F FERONS Wireless Lightweight, Soft Pads Built-In Mic F",297.0,2599.0,88.0,2302.0,3.8,Only Few Left,True,No,True,https://www.flipkart.com/f-ferons-wireless-lightweight-soft-pads-built-in-mic-travel-gym-running-bluetooth/p/itmfe62610d6b640?pid=ACCHDNSRYSTXS5WV&lid=LSTACCHDNSRYSTXS5WVEVLTCQ&marketplace=FLIPKART&q=headphones&store=0pm%2Ffcn%2Fgc3&srno=s_1_33&otracker=search&fm=organic&iid=af014922-718b-4c7e-ac6c-ede113136499.ACCHDNSRYSTXS5WV.SEARCH&ppt=None&ppn=None&ssid=xk74u4gfjk0000001780910494800&qH=edd443896ef5dbfc&ov_redirect=true&ov_redirect=true,"F FERONS Wireless Lightweight, Soft Pads Built-In Mic F... 3.8 (25,769) ₹297 ₹2,599 88% off Only few left Add to Compare"
Flipkart,headphones,RUHIZEN P9 Plus Wireless On Headphones Deep Bass with M,405.0,1299.0,68.0,894.0,3.4,Only Few Left,True,No,False,https://www.flipkart.com/ruhizen-p9-plus-wireless-headphones-deep-bass-microphone-bluetooth/p/itmb5b25a8266908?pid=ACCHKJDF5ZHQAGCX&lid=LSTACCHKJDF5ZHQAGCXF9NSUE&marketplace=FLIPKART&q=headphones&store=0pm%2Ffcn%2Fgc3&srno=s_1_34&otracker=search&fm=organic&iid=af014922-718b-4c7e-ac6c-ede113136499.ACCHKJDF5ZHQAGCX.SEARCH&ppt=None&ppn=None&ssid=xk74u4gfjk0000001780910494800&qH=edd443896ef5dbfc&ov_redirect=true&ov_redirect=true,"RUHIZEN P9 Plus Wireless On Headphones Deep Bass with M... 3.4 (10) ₹405 ₹1,299 68% off Only few left Add to Compare"
Flipkart,headphones,F FERONS Wireless Running Premium Deep Bass Noise Cance,295.0,2599.0,88.0,2304.0,3.8,Only Few Left,True,No,True,https://www.flipkart.com/f-ferons-wireless-running-premium-deep-bass-noise-cancelling-stereo-headphone-bluetooth/p/itm60b44158bc1d4?pid=ACCHD94MKCNWRHVQ&lid=LSTACCHD94MKCNWRHVQQDZPSC&marketplace=FLIPKART&q=headphones&store=0pm%2Ffcn%2Fgc3&srno=s_1_35&otracker=search&fm=organic&iid=af014922-718b-4c7e-ac6c-ede113136499.ACCHD94MKCNWRHVQ.SEARCH&ppt=None&ppn=None&ssid=xk74u4gfjk0000001780910494800&qH=edd443896ef5dbfc&ov_redirect=true&ov_redirect=true,"F FERONS Wireless Running Premium Deep Bass Noise Cance... 3.8 (25,769) ₹295 ₹2,599 88% off Only few left Add to Compare"
Flipkart,headphones,Ovista P9 HDP Bluetooth & Wired,761.0,999.0,23.0,238.0,3.5,Only Few Left,True,No,False,https://www.flipkart.com/ovista-p9-hdp-bluetooth-wired/p/itmb9a15ec4ceb9b?pid=ACCHKH4PQ57T3PFD&lid=LSTACCHKH4PQ57T3PFD4NK89N&marketplace=FLIPKART&q=headphones&store=0pm%2Ffcn%2Fgc3&srno=s_1_36&otracker=search&fm=organic&iid=af014922-718b-4c7e-ac6c-ede113136499.ACCHKH4PQ57T3PFD.SEARCH&ppt=None&ppn=None&ssid=xk74u4gfjk0000001780910494800&qH=edd443896ef5dbfc&ov_redirect=true&ov_redirect=true,Ovista P9 HDP Bluetooth & Wired 3.5 (40) ₹761 ₹999 23% off Only few left Add to Compare
Flipkart,headphones,FRONY SH12 Premium (Bluetooth Headset) with Noise Cance,472.0,1200.0,60.0,728.0,,None,False,No,False,https://www.flipkart.com/frony-sh12-premium-bluetooth-headset-noise-cancelation-technology-yxc55-bluetooth/p/itm06b7de305689a?pid=ACCHFJ8W7GTVFUD8&lid=LSTACCHFJ8W7GTVFUD8R6XZBU&marketplace=FLIPKART&q=headphones&store=0pm%2Ffcn%2Fgc3&srno=s_1_37&otracker=search&fm=organic&iid=en_akwh4FiQTX2MOOqheZitKpAE-gOO9IKMw4D-ygWNWd6dC-vR58uMpJzjBEinP-ltdhAsyALVtJX90fzOvkNmLrKZxbrqH_JZue0KALDQpxv_jTiqfaTZnNjDZuOlFotG&ppt=None&ppn=None&ssid=xk74u4gfjk0000001780910494800&qH=edd443896ef5dbfc&ov_redirect=true&ov_redirect=true,"FRONY SH12 Premium (Bluetooth Headset) with Noise Cance... ₹472 ₹1,200 60% off Bank Offer Add to Compare"
Flipkart,headphones,PunnkFunnk Music Studio Gaming & Online Classes with Ot,817.0,4999.0,83.0,4182.0,3.8,None,False,No,True,https://www.flipkart.com/punnkfunnk-music-studio-gaming-online-classes-other-voice-cancellation-boom-sound-wired/p/itm046bcfcbb2c7c?pid=ACCGQ2SRKK88TNKZ&lid=LSTACCGQ2SRKK88TNKZPBZKBR&marketplace=FLIPKART&q=headphones&store=0pm%2Ffcn%2Fgc3&srno=s_1_38&otracker=search&fm=organic&iid=en_akwh4FiQTX2MOOqheZitKpAE-gOO9IKMw4D-ygWNWd4Ix7dY5lL16WCX4mDHMj5x6l-qbrrCN2qKJoBpG9J1Ef1v6fxdnuCU2FTsFTZXSrb_jTiqfaTZnNjDZuOlFotG&ppt=None&ppn=None&ssid=xk74u4gfjk0000001780910494800&qH=edd443896ef5dbfc&ov_redirect=true&ov_redirect=true,"PunnkFunnk Music Studio Gaming & Online Classes with Ot... 3.8 (3,396) ₹817 ₹4,999 83% off Bank Offer Add to Compare"
Flipkart,headphones,F FERONS Portable Foldable Headphon Clear Sound Comfort,297.0,2599.0,88.0,2302.0,3.8,Only Few Left,True,No,True,https://www.flipkart.com/f-ferons-portable-foldable-headphon-clear-sound-comfort-fit-adjustable-travel-friendly-bluetooth/p/itmc6f60028d540d?pid=ACCHF8ZCFRFGXKJB&lid=LSTACCHF8ZCFRFGXKJBE0HOKY&marketplace=FLIPKART&q=headphones&store=0pm%2Ffcn%2Fgc3&srno=s_1_39&otracker=search&fm=organic&iid=af014922-718b-4c7e-ac6c-ede113136499.ACCHF8ZCFRFGXKJB.SEARCH&ppt=None&ppn=None&ssid=xk74u4gfjk0000001780910494800&qH=edd443896ef5dbfc&ov_redirect=true&ov_redirect=true,"F FERONS Portable Foldable Headphon Clear Sound Comfort... 3.8 (25,769) ₹297 ₹2,599 88% off Only few left Add to Compare"
Flipkart,headphones,EARBUDDY SnapX 20 Pro+ with ANC Bluetooth 47 Bluetooth,292.0,1999.0,85.0,1707.0,3.6,Only Few Left,True,No,True,https://www.flipkart.com/earbuddy-snapx-20-pro-anc-bluetooth-47/p/itm16d1c5519639c?pid=ACCHGGFHYEVRR8R2&lid=LSTACCHGGFHYEVRR8R2V9AOVR&marketplace=FLIPKART&q=headphones&store=0pm%2Ffcn%2Fgc3&srno=s_1_40&otracker=search&fm=organic&iid=af014922-718b-4c7e-ac6c-ede113136499.ACCHGGFHYEVRR8R2.SEARCH&ppt=None&ppn=None&ssid=xk74u4gfjk0000001780910494800&qH=edd443896ef5dbfc&ov_redirect=true&ov_redirect=true,"EARBUDDY SnapX 20 Pro+ with ANC Bluetooth 47 Bluetooth 3.6 (29) ₹292 ₹1,999 85% off Only few left Add to Compare"
Flipkart,headphones,"TRIGGR Trinity 2 with Dual Pairing, ENC, Fast Charge, 5",799.0,2999.0,73.0,2200.0,3.9,None,False,No,True,https://www.flipkart.com/triggr-trinity-2-dual-pairing-enc-fast-charge-50h-battery-rubber-finish-v5-3-bluetooth/p/itmf187255153195?pid=ACCHE5CSYGVG5H97&lid=LSTACCHE5CSYGVG5H973JEXVM&marketplace=FLIPKART&q=headphones&store=0pm%2Ffcn%2Fgc3&srno=s_2_41&otracker=search&fm=organic&iid=en_GMXaiJAoZdFiUtkte6KmHoah3dxNJGFkgJ9f7h9v4U-ZPVohIVoHprHatsdBL5iiR0ZbeHw8PHq5C9XRKNdMck4IsYyWu-Pj9cxFjFAoaLk%3D&ppt=None&ppn=None&ssid=l24u75df6o0000001780910508138&qH=edd443896ef5dbfc&ov_redirect=true&ov_redirect=true,"TRIGGR Trinity 2 with Dual Pairing, ENC, Fast Charge, 5... 3.9 (23,315) ₹799 ₹2,999 73% off Super Deals Add to Compare"
Flipkart,headphones,VEDRID P47 WIRELESS Bluetooth,273.0,999.0,72.0,726.0,3.5,Only Few Left,True,No,True,https://www.flipkart.com/vedrid-p47-wireless-bluetooth/p/itm4bd2af1fa8e86?pid=ACCHHY4BP2FBQFRU&lid=LSTACCHHY4BP2FBQFRUFK73LH&marketplace=FLIPKART&q=headphones&store=0pm%2Ffcn%2Fgc3&srno=s_2_43&otracker=search&fm=organic&iid=83bba3e7-a040-403d-b3a2-cdc15353f3d1.ACCHHY4BP2FBQFRU.SEARCH&ppt=None&ppn=None&ssid=l24u75df6o0000001780910508138&qH=edd443896ef5dbfc&ov_redirect=true&ov_redirect=true,VEDRID P47 WIRELESS Bluetooth 3.5 (57) ₹273 ₹999 72% off Only few left Add to Compare
Flipkart,headphones,VEDRID BEST SALE PORTABLE LEIGHTWEIGHT THUNDER SOUND GA,292.0,899.0,67.0,607.0,3.5,Only Few Left,True,No,False,https://www.flipkart.com/vedrid-best-sale-portable-leightweight-thunder-sound-gaming-sports-wirless-headphone-bluetooth/p/itm36759c8bf3014?pid=ACCHKVJSA9ZQDRUK&lid=LSTACCHKVJSA9ZQDRUK8A5VHM&marketplace=FLIPKART&q=headphones&store=0pm%2Ffcn%2Fgc3&srno=s_2_44&otracker=search&fm=organic&iid=83bba3e7-a040-403d-b3a2-cdc15353f3d1.ACCHKVJSA9ZQDRUK.SEARCH&ppt=None&ppn=None&ssid=l24u75df6o0000001780910508138&qH=edd443896ef5dbfc&ov_redirect=true&ov_redirect=true,VEDRID BEST SALE PORTABLE LEIGHTWEIGHT THUNDER SOUND GA... 3.5 (16) ₹292 ₹899 67% off Only few left Add to Compare
Flipkart,headphones,BUFONA High Bass Wireless Earphone BT Sports Headphones,336.0,1000.0,66.0,664.0,3.5,Only Few Left,True,No,False,https://www.flipkart.com/bufona-high-bass-wireless-earphone-bt-sports-headphones-fm-memory-card-support-bluetooth/p/itmd590809adf84c?pid=ACCHBVDXSGRWZJF9&lid=LSTACCHBVDXSGRWZJF910GTC4&marketplace=FLIPKART&q=headphones&store=0pm%2Ffcn%2Fgc3&srno=s_2_45&otracker=search&fm=organic&iid=83bba3e7-a040-403d-b3a2-cdc15353f3d1.ACCHBVDXSGRWZJF9.SEARCH&ppt=None&ppn=None&ssid=l24u75df6o0000001780910508138&qH=edd443896ef5dbfc&ov_redirect=true&ov_redirect=true,"BUFONA High Bass Wireless Earphone BT Sports Headphones... 3.5 (1,186) ₹336 ₹1,000 66% off Only few left Add to Compare"
Flipkart,headphones,Clairbell 447O_sunglass Over the head Bluetooth Headset,713.0,1799.0,60.0,1086.0,,Only Few Left,True,No,False,https://www.flipkart.com/clairbell-447o-sunglass-over-head-bluetooth-headset/p/itmde3fdaed65946?pid=ACCGHBVVCH4MT7D2&lid=LSTACCGHBVVCH4MT7D2XB7LLM&marketplace=FLIPKART&q=headphones&store=0pm%2Ffcn%2Fgc3&srno=s_2_46&otracker=search&fm=organic&iid=83bba3e7-a040-403d-b3a2-cdc15353f3d1.ACCGHBVVCH4MT7D2.SEARCH&ppt=None&ppn=None&ssid=l24u75df6o0000001780910508138&qH=edd443896ef5dbfc&ov_redirect=true&ov_redirect=true,"Clairbell 447O_sunglass Over the head Bluetooth Headset... ₹713 ₹1,799 60% off Only few left Add to Compare"
Flipkart,headphones,"TRIGGR Punkheadz Z1 with 50H Battery, 3EQ Modes, Dual P",1299.0,5999.0,78.0,4700.0,4.3,None,False,No,True,https://www.flipkart.com/triggr-punkheadz-z1-50h-battery-3eq-modes-dual-pairing-matte-finish-enc-v5-4-bluetooth/p/itm9ee5f05d520b7?pid=ACCHJUZBTDTSXYBG&lid=LSTACCHJUZBTDTSXYBGV29T3P&marketplace=FLIPKART&q=headphones&store=0pm%2Ffcn%2Fgc3&srno=s_2_48&otracker=search&fm=organic&iid=en_GMXaiJAoZdFiUtkte6KmHoah3dxNJGFkgJ9f7h9v4U-GJqcWyJAu6Yr1JKM6UuyPy-Qqe4nCxvaSByMghb9eXeo15S0a61Wzzbg3qNOknKY%3D&ppt=None&ppn=None&ssid=l24u75df6o0000001780910508138&qH=edd443896ef5dbfc&ov_redirect=true&ov_redirect=true,"TRIGGR Punkheadz Z1 with 50H Battery, 3EQ Modes, Dual P... 4.3 (2,041) ₹1,299 ₹5,999 78% off Bank Offer Add to Compare"
Flipkart,headphones,"ZEBRONICS Thunder Max (ZEB-WHP 7), 120H Playtime, 3 EQ ... 4 (4,417)",999.0,2499.0,60.0,1500.0,,Only Few Left,True,No,False,https://www.flipkart.com/zebronics-thunder-max-zeb-whp-7-120h-playtime-3-eq-modes-enc-bt-v5-4-metallic-finish-bluetooth/p/itm562f69e4c3df8?pid=ACCH5HMW2ZNMZKUK&lid=LSTACCH5HMW2ZNMZKUKTHTKSI&marketplace=FLIPKART&q=headphones&store=0pm%2Ffcn%2Fgc3&srno=s_2_49&otracker=search&fm=organic&iid=83bba3e7-a040-403d-b3a2-cdc15353f3d1.ACCH5HMW2ZNMZKUK.SEARCH&ppt=None&ppn=None&ssid=l24u75df6o0000001780910508138&qH=edd443896ef5dbfc&ov_redirect=true&ov_redirect=true,"ZEBRONICS Thunder Max (ZEB-WHP 7), 120H Playtime, 3 EQ ... 4 (4,417) ₹999 ₹2,499 60% off Only few left Add to Compare"
Flipkart,headphones,Techpunch NEW TRENDING BLUETOOTH HEADPHONE WITH MIC FOR,295.0,999.0,70.0,704.0,3.5,Only Few Left,True,No,True,https://www.flipkart.com/techpunch-new-trending-bluetooth-headphone-mic-music-movie-gaming-wired/p/itmd5cdcb5be89ea?pid=ACCGSYVAW4ZEGBEZ&lid=LSTACCGSYVAW4ZEGBEZADZRMM&marketplace=FLIPKART&q=headphones&store=0pm%2Ffcn%2Fgc3&srno=s_2_50&otracker=search&fm=organic&iid=83bba3e7-a040-403d-b3a2-cdc15353f3d1.ACCGSYVAW4ZEGBEZ.SEARCH&ppt=None&ppn=None&ssid=l24u75df6o0000001780910508138&qH=edd443896ef5dbfc&ov_redirect=true&ov_redirect=true,"Techpunch NEW TRENDING BLUETOOTH HEADPHONE WITH MIC FOR... 3.5 (15,878) ₹295 ₹999 70% off Only few left Add to Compare"
Flipkart,headphones,"boAt Rockerz 413,60H Battery,ENx, BEAST Mode, Dual Pair",1399.0,2990.0,53.0,1591.0,4.2,None,False,No,False,https://www.flipkart.com/boat-rockerz-413-60h-battery-enx-beast-mode-dual-pair-stream-ad-free-music-via-app-bluetooth/p/itm2fdbde2c0293a?pid=ACCHCY6AZHYU2SXF&lid=LSTACCHCY6AZHYU2SXF4MHJDE&marketplace=FLIPKART&q=headphones&store=0pm%2Ffcn%2Fgc3&srno=s_2_53&otracker=search&fm=organic&iid=83bba3e7-a040-403d-b3a2-cdc15353f3d1.ACCHCY6AZHYU2SXF.SEARCH&ppt=None&ppn=None&ssid=l24u75df6o0000001780910508138&qH=edd443896ef5dbfc&ov_redirect=true&ov_redirect=true,"boAt Rockerz 413,60H Battery,ENx, BEAST Mode, Dual Pair... 4.2 (4,11,367) ₹1,399 ₹2,990 53% off Bank Offer Add to Compare"
Flipkart,headphones,Treadmill SPORTS RUNNING HEADPHPONE Sweatproof for Runn,297.0,1500.0,80.0,1203.0,3.9,Only Few Left,True,No,True,https://www.flipkart.com/treadmill-sports-running-headphpone-sweatproof-running-gym-workout-bluetooth/p/itm51e1cfd9174c0?pid=ACCG625NMEYKZEPW&lid=LSTACCG625NMEYKZEPWZQCRLB&marketplace=FLIPKART&q=headphones&store=0pm%2Ffcn%2Fgc3&srno=s_2_54&otracker=search&fm=organic&iid=83bba3e7-a040-403d-b3a2-cdc15353f3d1.ACCG625NMEYKZEPW.SEARCH&ppt=None&ppn=None&ssid=l24u75df6o0000001780910508138&qH=edd443896ef5dbfc&ov_redirect=true&ov_redirect=true,"Treadmill SPORTS RUNNING HEADPHPONE Sweatproof for Runn... 3.9 (14) ₹297 ₹1,500 80% off Only few left Add to Compare"
Flipkart,headphones,GameSir Stylish_junior pink headphone 007 Bluetooth 5 (3),840.0,2999.0,71.0,2159.0,,Only Few Left,True,No,True,https://www.flipkart.com/gamesir-stylish-junior-pink-headphone-007-bluetooth/p/itm91db1d25ff716?pid=ACCHKFYUPYRVH2ZH&lid=LSTACCHKFYUPYRVH2ZHJWOMJK&marketplace=FLIPKART&q=headphones&store=0pm%2Ffcn%2Fgc3&srno=s_2_55&otracker=search&fm=organic&iid=83bba3e7-a040-403d-b3a2-cdc15353f3d1.ACCHKFYUPYRVH2ZH.SEARCH&ppt=None&ppn=None&ssid=l24u75df6o0000001780910508138&qH=edd443896ef5dbfc&ov_redirect=true&ov_redirect=true,"GameSir Stylish_junior pink headphone 007 Bluetooth 5 (3) ₹840 ₹2,999 71% off Only few left Add to Compare"
Flipkart,headphones,FRONY D74_SH-12 Wireless Bluetooth Over the Ear Headpho,498.0,1158.0,56.0,660.0,3.4,Only Few Left,True,No,False,https://www.flipkart.com/frony-d74-sh-12-wireless-bluetooth-over-ear-headphone-mic/p/itma23d33f7e2303?pid=ACCGYR4F9S4HHZEA&lid=LSTACCGYR4F9S4HHZEAY7XVZE&marketplace=FLIPKART&q=headphones&store=0pm%2Ffcn%2Fgc3&srno=s_2_56&otracker=search&fm=organic&iid=83bba3e7-a040-403d-b3a2-cdc15353f3d1.ACCGYR4F9S4HHZEA.SEARCH&ppt=None&ppn=None&ssid=l24u75df6o0000001780910508138&qH=edd443896ef5dbfc&ov_redirect=true&ov_redirect=true,"FRONY D74_SH-12 Wireless Bluetooth Over the Ear Headpho... 3.4 (38) ₹498 ₹1,158 56% off Only few left Add to Compare"
Flipkart,headphones,"Treadmill Sport running,Gaming Supper Dynamic Sound All",297.0,1500.0,80.0,1203.0,3.3,Only Few Left,True,No,True,https://www.flipkart.com/treadmill-sport-running-gaming-supper-dynamic-sound-all-mobile-connect-bluetooth/p/itme78f4a18a4205?pid=ACCG76RY7EGU72YP&lid=LSTACCG76RY7EGU72YPL6JDAA&marketplace=FLIPKART&q=headphones&store=0pm%2Ffcn%2Fgc3&srno=s_2_59&otracker=search&fm=organic&iid=83bba3e7-a040-403d-b3a2-cdc15353f3d1.ACCG76RY7EGU72YP.SEARCH&ppt=None&ppn=None&ssid=l24u75df6o0000001780910508138&qH=edd443896ef5dbfc&ov_redirect=true&ov_redirect=true,"Treadmill Sport running,Gaming Supper Dynamic Sound All... 3.3 (9) ₹297 ₹1,500 80% off Only few left Add to Compare"
Flipkart,headphones,Treadmill NEW p-47 Stereo sound for Running Workout Gym,297.0,1500.0,80.0,1203.0,3.4,Only Few Left,True,No,True,https://www.flipkart.com/treadmill-new-p-47-stereo-sound-running-workout-gym-noise-cancelling-bluetooth/p/itm40e9303b81a79?pid=ACCG625XZVUH3HY7&lid=LSTACCG625XZVUH3HY7R86BOK&marketplace=FLIPKART&q=headphones&store=0pm%2Ffcn%2Fgc3&srno=s_2_60&otracker=search&fm=organic&iid=83bba3e7-a040-403d-b3a2-cdc15353f3d1.ACCG625XZVUH3HY7.SEARCH&ppt=None&ppn=None&ssid=l24u75df6o0000001780910508138&qH=edd443896ef5dbfc&ov_redirect=true&ov_redirect=true,"Treadmill NEW p-47 Stereo sound for Running Workout Gym... 3.4 (33) ₹297 ₹1,500 80% off Only few left Add to Compare"
Flipkart,headphones,PunnkFunnk Super Astro Beast Mode Bluetooth Headset wit,828.0,4999.0,83.0,4171.0,4.1,None,False,No,True,https://www.flipkart.com/punnkfunnk-super-astro-beast-mode-bluetooth-headset-70-hours-playback-40ms-low-latency-wired/p/itmeec8e62e7ccc4?pid=ACCHKMZ8GGY598KW&lid=LSTACCHKMZ8GGY598KWCNWXQB&marketplace=FLIPKART&q=headphones&store=0pm%2Ffcn%2Fgc3&srno=s_2_63&otracker=search&fm=organic&iid=83bba3e7-a040-403d-b3a2-cdc15353f3d1.ACCHKMZ8GGY598KW.SEARCH&ppt=None&ppn=None&ssid=l24u75df6o0000001780910508138&qH=edd443896ef5dbfc&ov_redirect=true&ov_redirect=true,"PunnkFunnk Super Astro Beast Mode Bluetooth Headset wit... 4.1 (63) ₹828 ₹4,999 83% off Bank Offer Add to Compare"
Flipkart,headphones,YAROH Premium (Bluetooth Headset) with Noise Cancelatio,461.0,1200.0,61.0,739.0,3.7,Only Few Left,True,No,False,https://www.flipkart.com/yaroh-premium-bluetooth-headset-noise-cancelation-technology-oll116-bluetooth/p/itmd6592c7fd95b4?pid=ACCHFJ8BF8B7YTQY&lid=LSTACCHFJ8BF8B7YTQY18CUDL&marketplace=FLIPKART&q=headphones&store=0pm%2Ffcn%2Fgc3&srno=s_2_64&otracker=search&fm=organic&iid=83bba3e7-a040-403d-b3a2-cdc15353f3d1.ACCHFJ8BF8B7YTQY.SEARCH&ppt=None&ppn=None&ssid=l24u75df6o0000001780910508138&qH=edd443896ef5dbfc&ov_redirect=true&ov_redirect=true,"YAROH Premium (Bluetooth Headset) with Noise Cancelatio... 3.7 (61) ₹461 ₹1,200 61% off Only few left Add to Compare"
Flipkart,headphones,Ovista P9 HEADPHONE Bluetooth & Wired,473.0,1999.0,76.0,1526.0,,Only Few Left,True,No,True,https://www.flipkart.com/ovista-p9-headphone-bluetooth-wired/p/itm0ecd017c020b3?pid=ACCHHJ37G3Y37MCS&lid=LSTACCHHJ37G3Y37MCS4KIEDS&marketplace=FLIPKART&q=headphones&store=0pm%2Ffcn%2Fgc3&srno=s_2_65&otracker=search&fm=organic&iid=83bba3e7-a040-403d-b3a2-cdc15353f3d1.ACCHHJ37G3Y37MCS.SEARCH&ppt=None&ppn=None&ssid=l24u75df6o0000001780910508138&qH=edd443896ef5dbfc&ov_redirect=true&ov_redirect=true,"Ovista P9 HEADPHONE Bluetooth & Wired ₹473 ₹1,999 76% off Only few left Add to Compare"
Flipkart,headphones,Ovista WIRED HEADPHONE Wired,498.0,999.0,50.0,501.0,,Only Few Left,True,No,False,https://www.flipkart.com/ovista-wired-headphone/p/itm11998faa07c33?pid=ACCHHDKQVHW4HTQZ&lid=LSTACCHHDKQVHW4HTQZ4KKSUW&marketplace=FLIPKART&q=headphones&store=0pm%2Ffcn%2Fgc3&srno=s_2_66&otracker=search&fm=organic&iid=83bba3e7-a040-403d-b3a2-cdc15353f3d1.ACCHHDKQVHW4HTQZ.SEARCH&ppt=None&ppn=None&ssid=l24u75df6o0000001780910508138&qH=edd443896ef5dbfc&ov_redirect=true&ov_redirect=true,Ovista WIRED HEADPHONE Wired ₹498 ₹999 50% off Only few left Add to Compare
Flipkart,headphones,"ZEBRONICS Zeb-Thunder Pro, True 60H Backup, BT v6.0, Ga",999.0,1899.0,47.0,900.0,3.9,Only Few Left,True,No,False,https://www.flipkart.com/zebronics-zeb-thunder-pro-true-60h-backup-bt-v6-0-gaming-mode-enc-aux-msd-dual-pairing-bluetooth/p/itm9b4f186b84df0?pid=ACCGYG959ZVKYU2P&lid=LSTACCGYG959ZVKYU2PZSUOBK&marketplace=FLIPKART&q=headphones&store=0pm%2Ffcn%2Fgc3&srno=s_2_69&otracker=search&fm=organic&iid=83bba3e7-a040-403d-b3a2-cdc15353f3d1.ACCGYG959ZVKYU2P.SEARCH&ppt=None&ppn=None&ssid=l24u75df6o0000001780910508138&qH=edd443896ef5dbfc&ov_redirect=true&ov_redirect=true,"ZEBRONICS Zeb-Thunder Pro, True 60H Backup, BT v6.0, Ga... 3.9 (24,749) ₹999 ₹1,899 47% off Only few left Add to Compare"
Flipkart,headphones,"TABARET Good Sound With Mic,SD Card Support 8Hrs Batter",297.0,1199.0,75.0,902.0,3.7,Only Few Left,True,No,True,https://www.flipkart.com/tabaret-good-sound-mic-sd-card-support-8hrs-battery-backup-bluetooth-headphone/p/itm6e47ebf7ad739?pid=ACCHGGF2NWMHMR8A&lid=LSTACCHGGF2NWMHMR8ARAFEKU&marketplace=FLIPKART&q=headphones&store=0pm%2Ffcn%2Fgc3&srno=s_2_73&otracker=search&fm=organic&iid=83bba3e7-a040-403d-b3a2-cdc15353f3d1.ACCHGGF2NWMHMR8A.SEARCH&ppt=None&ppn=None&ssid=l24u75df6o0000001780910508138&qH=edd443896ef5dbfc&ov_redirect=true&ov_redirect=true,"TABARET Good Sound With Mic,SD Card Support 8Hrs Batter... 3.7 (25) ₹297 ₹1,199 75% off Only few left Add to Compare"
Flipkart,headphones,YAROH SH12 Premium (Bluetooth Headset) with Noise Cance,464.0,1200.0,61.0,736.0,3.8,Only Few Left,True,No,False,https://www.flipkart.com/yaroh-sh12-premium-bluetooth-headset-noise-cancelation-technology-zzz469-bluetooth/p/itm71aa012761612?pid=ACCHFJ8BWHPCHTGD&lid=LSTACCHFJ8BWHPCHTGDBOARPW&marketplace=FLIPKART&q=headphones&store=0pm%2Ffcn%2Fgc3&srno=s_2_74&otracker=search&fm=organic&iid=83bba3e7-a040-403d-b3a2-cdc15353f3d1.ACCHFJ8BWHPCHTGD.SEARCH&ppt=None&ppn=None&ssid=l24u75df6o0000001780910508138&qH=edd443896ef5dbfc&ov_redirect=true&ov_redirect=true,"YAROH SH12 Premium (Bluetooth Headset) with Noise Cance... 3.8 (69) ₹464 ₹1,200 61% off Only few left Add to Compare"
Flipkart,headphones,YAROH SH12 Premium (Bluetooth Headset) with Noise Cance,466.0,1200.0,61.0,734.0,3.7,Only Few Left,True,No,False,https://www.flipkart.com/yaroh-sh12-premium-bluetooth-headset-noise-cancelation-technology-hsh8-bluetooth/p/itmebda62ca3d42a?pid=ACCHFJ8CNYPCANBE&lid=LSTACCHFJ8CNYPCANBECEHZ58&marketplace=FLIPKART&q=headphones&store=0pm%2Ffcn%2Fgc3&srno=s_2_75&otracker=search&fm=organic&iid=83bba3e7-a040-403d-b3a2-cdc15353f3d1.ACCHFJ8CNYPCANBE.SEARCH&ppt=None&ppn=None&ssid=l24u75df6o0000001780910508138&qH=edd443896ef5dbfc&ov_redirect=true&ov_redirect=true,"YAROH SH12 Premium (Bluetooth Headset) with Noise Cance... 3.7 (116) ₹466 ₹1,200 61% off Only few left Add to Compare"
Flipkart,headphones,"boAt Rockerz 421,40H Battery,40ms Latency, ENx,BT v5.4",1199.0,2490.0,51.0,1291.0,4.1,None,False,No,False,https://www.flipkart.com/boat-rockerz-421-40h-battery-40ms-latency-enx-bt-v5-4-stream-ad-free-music-via-app-bluetooth/p/itm8277de16c4530?pid=ACCHCKPQ5MBWETUB&lid=LSTACCHCKPQ5MBWETUBZKGEGJ&marketplace=FLIPKART&q=headphones&store=0pm%2Ffcn%2Fgc3&srno=s_2_76&otracker=search&fm=organic&iid=83bba3e7-a040-403d-b3a2-cdc15353f3d1.ACCHCKPQ5MBWETUB.SEARCH&ppt=None&ppn=None&ssid=l24u75df6o0000001780910508138&qH=edd443896ef5dbfc&ov_redirect=true&ov_redirect=true,"boAt Rockerz 421,40H Battery,40ms Latency, ENx,BT v5.4,... 4.1 (2,280) ₹1,199 ₹2,490 51% off Bank Offer Add to Compare"
Flipkart,headphones,PunnkFunnk Super Astro Beast Mode Bluetooth Headset wit,840.0,4999.0,83.0,4159.0,4.1,Only Few Left,True,No,True,https://www.flipkart.com/punnkfunnk-super-astro-beast-mode-bluetooth-headset-70-hours-playback-40ms-low-latency-wired/p/itm29137cd54070b?pid=ACCHKNS8NZUF6GNU&lid=LSTACCHKNS8NZUF6GNUFAUM6J&marketplace=FLIPKART&q=headphones&store=0pm%2Ffcn%2Fgc3&srno=s_2_80&otracker=search&fm=organic&iid=83bba3e7-a040-403d-b3a2-cdc15353f3d1.ACCHKNS8NZUF6GNU.SEARCH&ppt=None&ppn=None&ssid=l24u75df6o0000001780910508138&qH=edd443896ef5dbfc&ov_redirect=true&ov_redirect=true,"PunnkFunnk Super Astro Beast Mode Bluetooth Headset wit... 4.1 (63) ₹840 ₹4,999 83% off Only few left Add to Compare"
Flipkart,headphones,PunnkFunnk Pulse Bass Bluetooth,816.0,1999.0,59.0,1183.0,,Only Few Left,True,No,False,https://www.flipkart.com/punnkfunnk-pulse-bass-bluetooth-5-3-wireless-over-ear-headphones-superior-headphone/p/itm2c227eb2277f0?pid=ACCH8MQYSZJBYB9X&lid=LSTACCH8MQYSZJBYB9XLBFXE1&marketplace=FLIPKART&q=headphones&store=0pm%2Ffcn%2Fgc3&srno=s_3_81&otracker=search&fm=organic&iid=7ead10db-b3bb-4d99-a286-76f57b0c5b12.ACCH8MQYSZJBYB9X.SEARCH&ppt=None&ppn=None&ssid=8fxlluiis00000001780910522516&qH=edd443896ef5dbfc&ov_redirect=true&ov_redirect=true,"PunnkFunnk Pulse Bass Bluetooth 5.3 Wireless Over-Ear H... 3.8 (278) ₹816 ₹1,999 59% off Only few left Add to Compare"
Flipkart,headphones,"PunnkFunnk Super Bass with 48Hrs Playtime, Low Latency",828.0,2999.0,72.0,2171.0,3.8,Only Few Left,True,No,True,https://www.flipkart.com/punnkfunnk-super-bass-48hrs-playtime-low-latency-up-40ms-dual-pairing-wireless-bluetooth/p/itm212527e8cdef5?pid=ACCHAEFVH2G5HRZN&lid=LSTACCHAEFVH2G5HRZNR4BK8N&marketplace=FLIPKART&q=headphones&store=0pm%2Ffcn%2Fgc3&srno=s_3_82&otracker=search&fm=organic&iid=7ead10db-b3bb-4d99-a286-76f57b0c5b12.ACCHAEFVH2G5HRZN.SEARCH&ppt=None&ppn=None&ssid=8fxlluiis00000001780910522516&qH=edd443896ef5dbfc&ov_redirect=true&ov_redirect=true,"PunnkFunnk Super Bass with 48Hrs Playtime, Low Latency ... 3.8 (278) ₹828 ₹2,999 72% off Only few left Add to Compare"
Flipkart,headphones,YAROH P9(Bluetooth Headphone)Stylish Wireless(Gaming He,467.0,1299.0,64.0,832.0,3.5,Only Few Left,True,No,False,https://www.flipkart.com/yaroh-p9-bluetooth-headphone-stylish-wireless-gaming-headset-with-bluetooth-5-0bj106/p/itm5085afd336b14?pid=ACCHF4TNDUP74ACT&lid=LSTACCHF4TNDUP74ACTGBUQVS&marketplace=FLIPKART&q=headphones&store=0pm%2Ffcn%2Fgc3&srno=s_3_84&otracker=search&fm=organic&iid=7ead10db-b3bb-4d99-a286-76f57b0c5b12.ACCHF4TNDUP74ACT.SEARCH&ppt=None&ppn=None&ssid=8fxlluiis00000001780910522516&qH=edd443896ef5dbfc&ov_redirect=true&ov_redirect=true,"YAROH P9(Bluetooth Headphone)Stylish Wireless(Gaming He... 3.5 (8) ₹467 ₹1,299 64% off Only few left Add to Compare"
Flipkart,headphones,"YAROH y85_SH12 Wireless Headphones with Bluetooth, Buil",470.0,1158.0,59.0,688.0,3.5,Only Few Left,True,No,False,https://www.flipkart.com/yaroh-y85-sh12-wireless-headphones-bluetooth-built-in-microphone-sd-card-slot-bluetooth/p/itmd625484b06a35?pid=ACCGZ5H8JQNHRQBF&lid=LSTACCGZ5H8JQNHRQBFDOI3OM&marketplace=FLIPKART&q=headphones&store=0pm%2Ffcn%2Fgc3&srno=s_3_85&otracker=search&fm=organic&iid=7ead10db-b3bb-4d99-a286-76f57b0c5b12.ACCGZ5H8JQNHRQBF.SEARCH&ppt=None&ppn=None&ssid=8fxlluiis00000001780910522516&qH=edd443896ef5dbfc&ov_redirect=true&ov_redirect=true,"YAROH y85_SH12 Wireless Headphones with Bluetooth, Buil... 3.5 (67) ₹470 ₹1,158 59% off Only few left Add to Compare"
Flipkart,headphones,"ZEBRONICS Zeb-Duke, with 60h Backup, BT v5.3, Gaming Mo... 4 (17,034)",1349.0,2799.0,51.0,1450.0,,Only 4 Left,True,No,False,https://www.flipkart.com/zebronics-zeb-duke-60h-backup-bt-v5-3-gaming-mode-enc-led-lights-dual-pairing-bluetooth/p/itmfe884d6126f14?pid=ACCFRR83SHYTWNAF&lid=LSTACCFRR83SHYTWNAFUS8CE3&marketplace=FLIPKART&q=headphones&store=0pm%2Ffcn%2Fgc3&srno=s_3_87&otracker=search&fm=organic&iid=7ead10db-b3bb-4d99-a286-76f57b0c5b12.ACCFRR83SHYTWNAF.SEARCH&ppt=None&ppn=None&ssid=8fxlluiis00000001780910522516&qH=edd443896ef5dbfc&ov_redirect=true&ov_redirect=true,"ZEBRONICS Zeb-Duke, with 60h Backup, BT v5.3, Gaming Mo... 4 (17,034) ₹1,349 ₹2,799 51% off Only 4 left Add to Compare"
Flipkart,headphones,PunnkFunnk SuperBass with 70Hr Playtime Wireless Headpo,799.0,2999.0,73.0,2200.0,3.7,Only Few Left,True,No,True,https://www.flipkart.com/punnkfunnk-superbass-70hr-playtime-wireless-headpone-mic-foldable-design-aux-bluetooth/p/itm1606fa9633e95?pid=ACCHKHJQ9EKRW3UU&lid=LSTACCHKHJQ9EKRW3UUK2YMN8&marketplace=FLIPKART&q=headphones&store=0pm%2Ffcn%2Fgc3&srno=s_3_88&otracker=search&fm=organic&iid=7ead10db-b3bb-4d99-a286-76f57b0c5b12.ACCHKHJQ9EKRW3UU.SEARCH&ppt=None&ppn=None&ssid=8fxlluiis00000001780910522516&qH=edd443896ef5dbfc&ov_redirect=true&ov_redirect=true,"PunnkFunnk SuperBass with 70Hr Playtime Wireless Headpo... 3.7 (22) ₹799 ₹2,999 73% off Only few left Add to Compare"
Flipkart,headphones,YAROH SH12 Premium (Bluetooth Headset) with Noise Cance,475.0,1200.0,60.0,725.0,3.7,Only Few Left,True,No,False,https://www.flipkart.com/yaroh-sh12-premium-bluetooth-headset-noise-cancelation-technology-iii373-bluetooth/p/itm9c14943547dff?pid=ACCHFJ8BUGNSGWUB&lid=LSTACCHFJ8BUGNSGWUBSOAYB6&marketplace=FLIPKART&q=headphones&store=0pm%2Ffcn%2Fgc3&srno=s_3_89&otracker=search&fm=organic&iid=7ead10db-b3bb-4d99-a286-76f57b0c5b12.ACCHFJ8BUGNSGWUB.SEARCH&ppt=None&ppn=None&ssid=8fxlluiis00000001780910522516&qH=edd443896ef5dbfc&ov_redirect=true&ov_redirect=true,"YAROH SH12 Premium (Bluetooth Headset) with Noise Cance... 3.7 (39) ₹475 ₹1,200 60% off Only few left Add to Compare"
Flipkart,headphones,VEKIN Headphone with FM/SD Card Slot with Music and Cal,486.0,1499.0,67.0,1013.0,3.7,None,False,No,False,https://www.flipkart.com/vekin-headphone-fm-sd-card-slot-music-calling-control-bluetooth/p/itm433921e1b6b4f?pid=ACCG59YWFFFPXUT5&lid=LSTACCG59YWFFFPXUT5QFNBJJ&marketplace=FLIPKART&q=headphones&store=0pm%2Ffcn%2Fgc3&srno=s_3_90&otracker=search&fm=organic&iid=7ead10db-b3bb-4d99-a286-76f57b0c5b12.ACCG59YWFFFPXUT5.SEARCH&ppt=None&ppn=None&ssid=8fxlluiis00000001780910522516&qH=edd443896ef5dbfc&ov_redirect=true&ov_redirect=true,"VEKIN Headphone with FM/SD Card Slot with Music and Cal... 3.7 (1,094) ₹486 ₹1,499 67% off Super Deals Add to Compare"
Flipkart,headphones,ZIGMOX P47 WIRELESS BLUETOOTH HEADPHONE Bluetooth,239.0,1899.0,87.0,1660.0,,Only Few Left,True,No,True,https://www.flipkart.com/zigmox-p47-wireless-bluetooth-headphone/p/itm3a709a0b9022a?pid=ACCHJNKYZWA6ZHHT&lid=LSTACCHJNKYZWA6ZHHTGNDL2Q&marketplace=FLIPKART&q=headphones&store=0pm%2Ffcn%2Fgc3&srno=s_3_91&otracker=search&fm=organic&iid=7ead10db-b3bb-4d99-a286-76f57b0c5b12.ACCHJNKYZWA6ZHHT.SEARCH&ppt=None&ppn=None&ssid=8fxlluiis00000001780910522516&qH=edd443896ef5dbfc&ov_redirect=true&ov_redirect=true,"ZIGMOX P47 WIRELESS BLUETOOTH HEADPHONE Bluetooth ₹239 ₹1,899 87% off Only few left Add to Compare"
Flipkart,headphones,Zohlo Perfect High bass Headphone with Deep bass & grea,388.0,1200.0,67.0,812.0,3.5,None,False,No,False,https://www.flipkart.com/zohlo-perfect-high-bass-headphone-deep-great-sound-quality-bluetooth-gaming/p/itm1f713a6d9fb89?pid=ACCGE62STHKJHRZS&lid=LSTACCGE62STHKJHRZS5EZTLL&marketplace=FLIPKART&q=headphones&store=0pm%2Ffcn%2Fgc3&srno=s_3_92&otracker=search&fm=organic&iid=7ead10db-b3bb-4d99-a286-76f57b0c5b12.ACCGE62STHKJHRZS.SEARCH&ppt=None&ppn=None&ssid=8fxlluiis00000001780910522516&qH=edd443896ef5dbfc&ov_redirect=true&ov_redirect=true,"Zohlo Perfect High bass Headphone with Deep bass & grea... 3.5 (5,713) ₹388 ₹1,200 67% off Super Deals Add to Compare"
Flipkart,headphones,YAROH SH12 Premium (Bluetooth Bluetooth,475.0,1200.0,60.0,725.0,3.5,Only Few Left,True,No,False,https://www.flipkart.com/yaroh-sh12-premium-bluetooth-bluetooth/p/itm32ebbd653121d?pid=ACCHFJ8B8KTHT9UH&lid=LSTACCHFJ8B8KTHT9UH2GFGTQ&marketplace=FLIPKART&q=headphones&store=0pm%2Ffcn%2Fgc3&srno=s_3_93&otracker=search&fm=organic&iid=7ead10db-b3bb-4d99-a286-76f57b0c5b12.ACCHFJ8B8KTHT9UH.SEARCH&ppt=None&ppn=None&ssid=8fxlluiis00000001780910522516&qH=edd443896ef5dbfc&ov_redirect=true&ov_redirect=true,"YAROH SH12 Premium (Bluetooth Bluetooth 3.5 (151) ₹475 ₹1,200 60% off Only few left Add to Compare"
Flipkart,headphones,DEFY BassX Bluetooth,499.0,2490.0,79.0,1991.0,3.9,None,False,No,True,https://www.flipkart.com/defy-bassx-bluetooth/p/itmd0ca7172541ce?pid=ACCG53GSXD7RPKAE&lid=LSTACCG53GSXD7RPKAERSQ7OR&marketplace=FLIPKART&q=headphones&store=0pm%2Ffcn%2Fgc3&srno=s_3_94&otracker=search&fm=organic&iid=7ead10db-b3bb-4d99-a286-76f57b0c5b12.ACCG53GSXD7RPKAE.SEARCH&ppt=None&ppn=None&ssid=8fxlluiis00000001780910522516&qH=edd443896ef5dbfc&ov_redirect=true&ov_redirect=true,"DEFY BassX Bluetooth 3.9 (3,217) ₹499 ₹2,490 79% off Hot Deal Add to Compare"
Flipkart,headphones,"boAt Rockerz 411,40H Battery, 40ms Latency, Stream Ad F",1199.0,2999.0,60.0,1800.0,4.1,None,False,No,False,https://www.flipkart.com/boat-rockerz-411-40h-battery-40ms-latency-stream-ad-free-music-via-app-bt-v5-4-bluetooth/p/itmf824790d6dde3?pid=ACCHCJW33SSHZY9H&lid=LSTACCHCJW33SSHZY9HXPKHWI&marketplace=FLIPKART&q=headphones&store=0pm%2Ffcn%2Fgc3&srno=s_3_95&otracker=search&fm=organic&iid=7ead10db-b3bb-4d99-a286-76f57b0c5b12.ACCHCJW33SSHZY9H.SEARCH&ppt=None&ppn=None&ssid=8fxlluiis00000001780910522516&qH=edd443896ef5dbfc&ov_redirect=true&ov_redirect=true,"boAt Rockerz 411,40H Battery, 40ms Latency, Stream Ad F... 4.1 (7,091) ₹1,199 ₹2,999 60% off Bank Offer Add to Compare"
Flipkart,headphones,"Treadmill BEST Bluetooth Immersive Audio,Lightweight Sp",297.0,1000.0,70.0,703.0,3.8,Only Few Left,True,No,True,https://www.flipkart.com/treadmill-best-bluetooth-immersive-audio-lightweight-sport-fit-gym-running/p/itmf106e22ac4014?pid=ACCG89NWZ7HZHYFS&lid=LSTACCG89NWZ7HZHYFSZCYK2O&marketplace=FLIPKART&q=headphones&store=0pm%2Ffcn%2Fgc3&srno=s_3_96&otracker=search&fm=organic&iid=7ead10db-b3bb-4d99-a286-76f57b0c5b12.ACCG89NWZ7HZHYFS.SEARCH&ppt=None&ppn=None&ssid=8fxlluiis00000001780910522516&qH=edd443896ef5dbfc&ov_redirect=true&ov_redirect=true,"Treadmill BEST Bluetooth Immersive Audio,Lightweight Sp... 3.8 (6) ₹297 ₹1,000 70% off Only few left Add to Compare"
Flipkart,headphones,ADC ENTERPRISES Unicorn Kids Wireless Bluetooth Headpho,781.0,1299.0,39.0,518.0,,Only Few Left,True,No,False,https://www.flipkart.com/adc-enterprises-unicorn-kids-wireless-bluetooth-headphones/p/itm99b857619344b?pid=ACCHH2NHSU6HFACB&lid=LSTACCHH2NHSU6HFACBKAC7SC&marketplace=FLIPKART&q=headphones&store=0pm%2Ffcn%2Fgc3&srno=s_3_97&otracker=search&fm=organic&iid=7ead10db-b3bb-4d99-a286-76f57b0c5b12.ACCHH2NHSU6HFACB.SEARCH&ppt=None&ppn=None&ssid=8fxlluiis00000001780910522516&qH=edd443896ef5dbfc&ov_redirect=true&ov_redirect=true,"ADC ENTERPRISES Unicorn Kids Wireless Bluetooth Headpho... ₹781 ₹1,299 39% off Only few left Add to Compare"
Flipkart,headphones,"boAt Rockerz 411,40H Battery, 40ms Latency, Stream Ad F",1299.0,2999.0,56.0,1700.0,4.1,None,False,No,False,https://www.flipkart.com/boat-rockerz-411-40h-battery-40ms-latency-stream-ad-free-music-via-app-bt-v5-4-bluetooth/p/itm07aad4fa6fcee?pid=ACCHCJW3NHPAGHHA&lid=LSTACCHCJW3NHPAGHHAEBT6WM&marketplace=FLIPKART&q=headphones&store=0pm%2Ffcn%2Fgc3&srno=s_3_98&otracker=search&fm=organic&iid=7ead10db-b3bb-4d99-a286-76f57b0c5b12.ACCHCJW3NHPAGHHA.SEARCH&ppt=None&ppn=None&ssid=8fxlluiis00000001780910522516&qH=edd443896ef5dbfc&ov_redirect=true&ov_redirect=true,"boAt Rockerz 411,40H Battery, 40ms Latency, Stream Ad F... 4.1 (7,091) ₹1,299 ₹2,999 56% off Bank Offer Add to Compare"
Flipkart,headphones,"Portronics Muffs M2 Bluetooth Headphones Over Ear,40 Hr... 4 (6,014)",1199.0,2499.0,52.0,1300.0,,Only Few Left,True,No,False,https://www.flipkart.com/portronics-muffs-m2-bluetooth-headphones-over-ear-40-hrs-playtime-40mm-driver-powerful-bass-wired/p/itmb72bbad3267b5?pid=ACCGPEF57EF73CYY&lid=LSTACCGPEF57EF73CYYT737VQ&marketplace=FLIPKART&q=headphones&store=0pm%2Ffcn%2Fgc3&srno=s_3_100&otracker=search&fm=organic&iid=7ead10db-b3bb-4d99-a286-76f57b0c5b12.ACCGPEF57EF73CYY.SEARCH&ppt=None&ppn=None&ssid=8fxlluiis00000001780910522516&qH=edd443896ef5dbfc&ov_redirect=true&ov_redirect=true,"Portronics Muffs M2 Bluetooth Headphones Over Ear,40 Hr... 4 (6,014) ₹1,199 ₹2,499 52% off Only few left Add to Compare"
Flipkart,headphones,Techpunch MUSIC & GAMING SPORTS PORTABLE LIGHT WEIGHT H,297.0,999.0,70.0,702.0,3.6,Only Few Left,True,No,True,https://www.flipkart.com/techpunch-music-gaming-sports-portable-light-weight-headphone-sd-card-support-bluetooth-wired/p/itm843c0ee640e7d?pid=ACCHBPFAZY5ZHNWJ&lid=LSTACCHBPFAZY5ZHNWJ3JCNFS&marketplace=FLIPKART&q=headphones&store=0pm%2Ffcn%2Fgc3&srno=s_3_101&otracker=search&fm=organic&iid=7ead10db-b3bb-4d99-a286-76f57b0c5b12.ACCHBPFAZY5ZHNWJ.SEARCH&ppt=None&ppn=None&ssid=8fxlluiis00000001780910522516&qH=edd443896ef5dbfc&ov_redirect=true&ov_redirect=true,Techpunch MUSIC & GAMING SPORTS PORTABLE LIGHT WEIGHT H... 3.6 (96) ₹297 ₹999 70% off Only few left Add to Compare
Flipkart,headphones,VEKIN SH12_Headphone_01 Bluetooth,498.0,1999.0,75.0,1501.0,3.7,Only Few Left,True,No,True,https://www.flipkart.com/vekin-sh12-headphone-01-bluetooth/p/itm13ab5722a1024?pid=ACCG3JRT9QXKSQGW&lid=LSTACCG3JRT9QXKSQGW9XD7JA&marketplace=FLIPKART&q=headphones&store=0pm%2Ffcn%2Fgc3&srno=s_3_102&otracker=search&fm=organic&iid=7ead10db-b3bb-4d99-a286-76f57b0c5b12.ACCG3JRT9QXKSQGW.SEARCH&ppt=None&ppn=None&ssid=8fxlluiis00000001780910522516&qH=edd443896ef5dbfc&ov_redirect=true&ov_redirect=true,"VEKIN SH12_Headphone_01 Bluetooth 3.7 (44) ₹498 ₹1,999 75% off Only few left Add to Compare"
Flipkart,headphones,YAROH SH12 Premium (Bluetooth Headset) with Noise Cance,461.0,1200.0,61.0,739.0,3.4,Only Few Left,True,No,False,https://www.flipkart.com/yaroh-sh12-premium-bluetooth-headset-noise-cancelation-technology-hss190-bluetooth/p/itm44d2c6094c30e?pid=ACCHFJ8CSGVUTRHH&lid=LSTACCHFJ8CSGVUTRHHTJ4FMR&marketplace=FLIPKART&q=headphones&store=0pm%2Ffcn%2Fgc3&srno=s_3_103&otracker=search&fm=organic&iid=7ead10db-b3bb-4d99-a286-76f57b0c5b12.ACCHFJ8CSGVUTRHH.SEARCH&ppt=None&ppn=None&ssid=8fxlluiis00000001780910522516&qH=edd443896ef5dbfc&ov_redirect=true&ov_redirect=true,"YAROH SH12 Premium (Bluetooth Headset) with Noise Cance... 3.4 (38) ₹461 ₹1,200 61% off Only few left Add to Compare"
Flipkart,headphones,YAROH E3_SH-12 Wireless Bluetooth Over the Ear Headphon,461.0,1158.0,60.0,697.0,3.4,Only Few Left,True,No,False,https://www.flipkart.com/yaroh-e3-sh-12-wireless-bluetooth-over-ear-headphone-mic/p/itmd7d6932422c38?pid=ACCGYR4HGZXZGZPS&lid=LSTACCGYR4HGZXZGZPSRI8O7F&marketplace=FLIPKART&q=headphones&store=0pm%2Ffcn%2Fgc3&srno=s_3_104&otracker=search&fm=organic&iid=7ead10db-b3bb-4d99-a286-76f57b0c5b12.ACCGYR4HGZXZGZPS.SEARCH&ppt=None&ppn=None&ssid=8fxlluiis00000001780910522516&qH=edd443896ef5dbfc&ov_redirect=true&ov_redirect=true,"YAROH E3_SH-12 Wireless Bluetooth Over the Ear Headphon... 3.4 (55) ₹461 ₹1,158 60% off Only few left Add to Compare"
Flipkart,headphones,YAROH SH12 Premium (Bluetooth Headset) with Noise Cance... 3 (4),461.0,1200.0,61.0,739.0,,Only Few Left,True,No,False,https://www.flipkart.com/yaroh-sh12-premium-bluetooth-headset-noise-cancelation-technology-hhh450-bluetooth/p/itmb66cbe74290f3?pid=ACCHFJ8CWPFDKAKU&lid=LSTACCHFJ8CWPFDKAKU9URZUU&marketplace=FLIPKART&q=headphones&store=0pm%2Ffcn%2Fgc3&srno=s_3_105&otracker=search&fm=organic&iid=7ead10db-b3bb-4d99-a286-76f57b0c5b12.ACCHFJ8CWPFDKAKU.SEARCH&ppt=None&ppn=None&ssid=8fxlluiis00000001780910522516&qH=edd443896ef5dbfc&ov_redirect=true&ov_redirect=true,"YAROH SH12 Premium (Bluetooth Headset) with Noise Cance... 3 (4) ₹461 ₹1,200 61% off Only few left Add to Compare"
Flipkart,headphones,YAROH P9 (Bluetooth Headphones) Stylish Wireless (Gamin,435.0,1399.0,68.0,964.0,3.4,Only Few Left,True,No,False,https://www.flipkart.com/yaroh-p9-bluetooth-headphones-stylish-wireless-gaming-headset-bt5-12oo13-bluetooth/p/itm62ff46f7584d9?pid=ACCHF4Q75DGHBURR&lid=LSTACCHF4Q75DGHBURRRCULUP&marketplace=FLIPKART&q=headphones&store=0pm%2Ffcn%2Fgc3&srno=s_3_106&otracker=search&fm=organic&iid=7ead10db-b3bb-4d99-a286-76f57b0c5b12.ACCHF4Q75DGHBURR.SEARCH&ppt=None&ppn=None&ssid=8fxlluiis00000001780910522516&qH=edd443896ef5dbfc&ov_redirect=true&ov_redirect=true,"YAROH P9 (Bluetooth Headphones) Stylish Wireless (Gamin... 3.4 (14) ₹435 ₹1,399 68% off Only few left Add to Compare"
Flipkart,headphones,YAROH SH12 Premium (Bluetooth Headset) with Noise Cance,453.0,1200.0,62.0,747.0,3.3,Only Few Left,True,No,False,https://www.flipkart.com/yaroh-sh12-premium-bluetooth-headset-noise-cancelation-technology-hhh487-bluetooth/p/itm4daf8d24505fb?pid=ACCHFJ8CKY859AEB&lid=LSTACCHFJ8CKY859AEBUQKJJX&marketplace=FLIPKART&q=headphones&store=0pm%2Ffcn%2Fgc3&srno=s_3_107&otracker=search&fm=organic&iid=7ead10db-b3bb-4d99-a286-76f57b0c5b12.ACCHFJ8CKY859AEB.SEARCH&ppt=None&ppn=None&ssid=8fxlluiis00000001780910522516&qH=edd443896ef5dbfc&ov_redirect=true&ov_redirect=true,"YAROH SH12 Premium (Bluetooth Headset) with Noise Cance... 3.3 (12) ₹453 ₹1,200 62% off Only few left Add to Compare"
Flipkart,headphones,YAROH 91v_P9 Wireless Over-Ear Bluetooth Headset Set Ne,601.0,1298.0,53.0,697.0,3.2,Only Few Left,True,No,False,https://www.flipkart.com/yaroh-91v-p9-wireless-over-ear-bluetooth-headset-set-new-standards-audio-brilliance/p/itm092da89fee6fb?pid=ACCGZ6G9F2Q8GWTR&lid=LSTACCGZ6G9F2Q8GWTRSLGKFY&marketplace=FLIPKART&q=headphones&store=0pm%2Ffcn%2Fgc3&srno=s_3_108&otracker=search&fm=organic&iid=7ead10db-b3bb-4d99-a286-76f57b0c5b12.ACCGZ6G9F2Q8GWTR.SEARCH&ppt=None&ppn=None&ssid=8fxlluiis00000001780910522516&qH=edd443896ef5dbfc&ov_redirect=true&ov_redirect=true,"YAROH 91v_P9 Wireless Over-Ear Bluetooth Headset Set Ne... 3.2 (6) ₹601 ₹1,298 53% off Only few left Add to Compare"
Flipkart,headphones,Enacfire t60 z2 Bullets bluetooth neckband Bluetooth Ga,298.0,1999.0,85.0,1701.0,4.3,Only Few Left,True,No,True,https://www.flipkart.com/enacfire-t60-z2-bullets-bluetooth-neckband-gaming-headset-48hour/p/itmd30efc03004f1?pid=ACCHH3RZWKZ5UHF4&lid=LSTACCHH3RZWKZ5UHF4CPURNE&marketplace=FLIPKART&q=headphones&store=0pm%2Ffcn%2Fgc3&srno=s_3_109&otracker=search&fm=organic&iid=7ead10db-b3bb-4d99-a286-76f57b0c5b12.ACCHH3RZWKZ5UHF4.SEARCH&ppt=None&ppn=None&ssid=8fxlluiis00000001780910522516&qH=edd443896ef5dbfc&ov_redirect=true&ov_redirect=true,"Enacfire t60 z2 Bullets bluetooth neckband Bluetooth Ga... 4.3 (3) ₹298 ₹1,999 85% off Only few left Add to Compare"
Flipkart,headphones,"JBL Tune 770NC Active Noise Cancelling, 70Hr Playtime",4999.0,9999.0,50.0,5000.0,4.3,Only 1 Left,True,No,False,https://www.flipkart.com/jbl-tune-770nc-active-noise-cancelling-70hr-playtime-fast-pair-multi-connect-bluetooth-gaming/p/itmdf5c83684df50?pid=ACCGQZVZWZFFPGYE&lid=LSTACCGQZVZWZFFPGYEMY9W0I&marketplace=FLIPKART&q=headphones&store=0pm%2Ffcn%2Fgc3&srno=s_3_110&otracker=search&fm=organic&iid=7ead10db-b3bb-4d99-a286-76f57b0c5b12.ACCGQZVZWZFFPGYE.SEARCH&ppt=None&ppn=None&ssid=8fxlluiis00000001780910522516&qH=edd443896ef5dbfc&ov_redirect=true&ov_redirect=true,"JBL Tune 770NC Active Noise Cancelling, 70Hr Playtime, ... 4.3 (6,238) ₹4,999 ₹9,999 50% off Only 1 left Add to Compare"
Flipkart,headphones,YAROH D92_SH-12 Wireless Bluetooth Over the Ear Headpho,463.0,1158.0,60.0,695.0,3.5,Only Few Left,True,No,False,https://www.flipkart.com/yaroh-d92-sh-12-wireless-bluetooth-over-ear-headphone-mic/p/itm59920854635e2?pid=ACCGYR4GKB4XWF8G&lid=LSTACCGYR4GKB4XWF8GEPPJWF&marketplace=FLIPKART&q=headphones&store=0pm%2Ffcn%2Fgc3&srno=s_3_111&otracker=search&fm=organic&iid=7ead10db-b3bb-4d99-a286-76f57b0c5b12.ACCGYR4GKB4XWF8G.SEARCH&ppt=None&ppn=None&ssid=8fxlluiis00000001780910522516&qH=edd443896ef5dbfc&ov_redirect=true&ov_redirect=true,"YAROH D92_SH-12 Wireless Bluetooth Over the Ear Headpho... 3.5 (22) ₹463 ₹1,158 60% off Only few left Add to Compare"
Flipkart,headphones,YAROH P9 (Bluetooth Headphones) Stylish Wireless (Gamin,419.0,1399.0,70.0,980.0,3.6,Only Few Left,True,No,True,https://www.flipkart.com/yaroh-p9-bluetooth-headphones-stylish-wireless-gaming-headset-bt5-90mj91-bluetooth/p/itma0166fcb5aa66?pid=ACCHF4Q88GGEXE8Y&lid=LSTACCHF4Q88GGEXE8YFM4WZB&marketplace=FLIPKART&q=headphones&store=0pm%2Ffcn%2Fgc3&srno=s_3_112&otracker=search&fm=organic&iid=7ead10db-b3bb-4d99-a286-76f57b0c5b12.ACCHF4Q88GGEXE8Y.SEARCH&ppt=None&ppn=None&ssid=8fxlluiis00000001780910522516&qH=edd443896ef5dbfc&ov_redirect=true&ov_redirect=true,"YAROH P9 (Bluetooth Headphones) Stylish Wireless (Gamin... 3.6 (20) ₹419 ₹1,399 70% off Only few left Add to Compare"
Flipkart,headphones,GameSir Astro Over-Ear Wireless Bluetooth Headphones |,840.0,2999.0,71.0,2159.0,4.4,Only Few Left,True,No,True,https://www.flipkart.com/gamesir-astro-over-ear-wireless-bluetooth-headphones-noise-cancellation-60h-battery/p/itm06f8de4bb1c93?pid=ACCH3J44HJQRNHSS&lid=LSTACCH3J44HJQRNHSSAGELGU&marketplace=FLIPKART&q=headphones&store=0pm%2Ffcn%2Fgc3&srno=s_3_113&otracker=search&fm=organic&iid=7ead10db-b3bb-4d99-a286-76f57b0c5b12.ACCH3J44HJQRNHSS.SEARCH&ppt=None&ppn=None&ssid=8fxlluiis00000001780910522516&qH=edd443896ef5dbfc&ov_redirect=true&ov_redirect=true,"GameSir Astro Over-Ear Wireless Bluetooth Headphones | ... 4.4 (24) ₹840 ₹2,999 71% off Only few left Add to Compare"
Flipkart,headphones,"ZEBRONICS Zeb-Storm, In-Line Mic",799.0,,,,1.5,Only 3 Left,True,Unknown,False,https://www.flipkart.com/zebronics-zeb-storm-in-line-mic-1-5-meter-cable-3-5mm-jack-soft-cushion-40mm-drivers-wired/p/itm027e874b2f3b6?pid=ACCHYBYSTJDSNY9X&lid=LSTACCHYBYSTJDSNY9XFJP5HN&marketplace=FLIPKART&q=headphones&store=0pm%2Ffcn%2Fgc3&srno=s_3_114&otracker=search&fm=organic&iid=7ead10db-b3bb-4d99-a286-76f57b0c5b12.ACCHYBYSTJDSNY9X.SEARCH&ppt=None&ppn=None&ssid=8fxlluiis00000001780910522516&qH=edd443896ef5dbfc&ov_redirect=true&ov_redirect=true,"ZEBRONICS Zeb-Storm, In-Line Mic, 1.5 Meter Cable, 3.5m... 3.7 (2,424) ₹799 Only 3 left Add to Compare"
Flipkart,headphones,PunnkFunnk Astro Over-Ear Wireless Bluetooth Headphones,840.0,2999.0,71.0,2159.0,3.7,Only Few Left,True,No,True,https://www.flipkart.com/punnkfunnk-astro-over-ear-wireless-bluetooth-headphones-noise-cancellation-60h-battery/p/itm6994420ef880e?pid=ACCH92ZFGFTJW8HG&lid=LSTACCH92ZFGFTJW8HGVMSIL7&marketplace=FLIPKART&q=headphones&store=0pm%2Ffcn%2Fgc3&srno=s_3_115&otracker=search&fm=organic&iid=7ead10db-b3bb-4d99-a286-76f57b0c5b12.ACCH92ZFGFTJW8HG.SEARCH&ppt=None&ppn=None&ssid=8fxlluiis00000001780910522516&qH=edd443896ef5dbfc&ov_redirect=true&ov_redirect=true,"PunnkFunnk Astro Over-Ear Wireless Bluetooth Headphones... 3.7 (49) ₹840 ₹2,999 71% off Only few left Add to Compare"
Flipkart,headphones,YAROH SPE67-Over the head Bluetooth Headset Bluetooth H,351.0,978.0,64.0,627.0,3.3,Only Few Left,True,No,False,https://www.flipkart.com/yaroh-spe67-over-head-bluetooth-headset/p/itmd5cdcb5be89ea?pid=ACCGW3PVAJPZH6ED&lid=LSTACCGW3PVAJPZH6ED35TXYN&marketplace=FLIPKART&q=headphones&store=0pm%2Ffcn%2Fgc3&srno=s_3_116&otracker=search&fm=organic&iid=7ead10db-b3bb-4d99-a286-76f57b0c5b12.ACCGW3PVAJPZH6ED.SEARCH&ppt=None&ppn=None&ssid=8fxlluiis00000001780910522516&qH=edd443896ef5dbfc&ov_redirect=true&ov_redirect=true,YAROH SPE67-Over the head Bluetooth Headset Bluetooth H... 3.3 (3) ₹351 ₹978 64% off Only few left Add to Compare
Flipkart,headphones,"TRIGGR Trinity 2 with Dual Pairing, ENC, Fast Charge, 5",713.0,2999.0,76.0,2286.0,3.9,None,False,No,True,https://www.flipkart.com/triggr-trinity-2-dual-pairing-enc-fast-charge-50h-battery-rubber-finish-v5-3-bluetooth/p/itmf187255153195?pid=ACCHE5CSYGVG5H97&lid=LSTACCHE5CSYGVG5H97DK6QQD&marketplace=FLIPKART&q=headphones&store=0pm%2Ffcn%2Fgc3&srno=s_3_117&otracker=search&fm=organic&iid=7ead10db-b3bb-4d99-a286-76f57b0c5b12.ACCHE5CSYGVG5H97.SEARCH&ppt=None&ppn=None&ssid=8fxlluiis00000001780910522516&qH=edd443896ef5dbfc&ov_redirect=true&ov_redirect=true,"Currently unavailable TRIGGR Trinity 2 with Dual Pairing, ENC, Fast Charge, 5... 3.9 (23,315) ₹713 ₹2,999 76% off Bank Offer Add to Compare"
Flipkart,headphones,CLOKIFY Wireless Bluetooth Over-Ear Headphones with Dee,295.0,999.0,70.0,704.0,,None,False,No,True,https://www.flipkart.com/clokify-wireless-bluetooth-over-ear-headphones-deep-bass-foldable-design-red-wired-without-mic/p/itmb4d098a4f7caf?pid=ACCHKG7NNGZRVHFE&lid=LSTACCHKG7NNGZRVHFEUHS8FU&marketplace=FLIPKART&q=headphones&store=0pm%2Ffcn%2Fgc3&srno=s_3_118&otracker=search&fm=organic&iid=7ead10db-b3bb-4d99-a286-76f57b0c5b12.ACCHKG7NNGZRVHFE.SEARCH&ppt=None&ppn=None&ssid=8fxlluiis00000001780910522516&qH=edd443896ef5dbfc&ov_redirect=true&ov_redirect=true,Currently unavailable CLOKIFY Wireless Bluetooth Over-Ear Headphones with Dee... ₹295 ₹999 70% off Bank Offer Add to Compare
Flipkart,headphones,CLOKIFY P47 Wireless Bluetooth Over-Ear Headphones with,338.0,999.0,66.0,661.0,,None,False,No,False,https://www.flipkart.com/clokify-p47-wireless-bluetooth-over-ear-headphones-deep-bass-foldable-design-white-wired-without-mic/p/itm4d3cbf3267a1c?pid=ACCHKG8TYGSPUYZP&lid=LSTACCHKG8TYGSPUYZPDPA9K9&marketplace=FLIPKART&q=headphones&store=0pm%2Ffcn%2Fgc3&srno=s_3_119&otracker=search&fm=organic&iid=7ead10db-b3bb-4d99-a286-76f57b0c5b12.ACCHKG8TYGSPUYZP.SEARCH&ppt=None&ppn=None&ssid=8fxlluiis00000001780910522516&qH=edd443896ef5dbfc&ov_redirect=true&ov_redirect=true,Currently unavailable CLOKIFY P47 Wireless Bluetooth Over-Ear Headphones with... ₹338 ₹999 66% off Bank Offer Add to Compare
Flipkart,headphones,ckm Wireless Bluetooth Over-Ear Headphones with Soft Cu,599.0,1999.0,70.0,1400.0,3.3,None,False,No,True,https://www.flipkart.com/ckm-wireless-bluetooth-over-ear-headphones-soft-cushioned-ear-cups-deep-bass-wired-gaming/p/itmda408df26c519?pid=ACCHKGF3UNJF3Z3S&lid=LSTACCHKGF3UNJF3Z3SIRFKSY&marketplace=FLIPKART&q=headphones&store=0pm%2Ffcn%2Fgc3&srno=s_3_120&otracker=search&fm=organic&iid=7ead10db-b3bb-4d99-a286-76f57b0c5b12.ACCHKGF3UNJF3Z3S.SEARCH&ppt=None&ppn=None&ssid=8fxlluiis00000001780910522516&qH=edd443896ef5dbfc&ov_redirect=true&ov_redirect=true,"Currently unavailable ckm Wireless Bluetooth Over-Ear Headphones with Soft Cu... 3.3 (8) ₹599 ₹1,999 70% off Super Deals Add to Compare"
Flipkart,shoes,kardam&sons luxury fashionable Stylish Light Weight Sneakers white,385.0,1999.0,80.0,1614.0,,None,False,No,True,https://www.flipkart.com/kardam-sons-luxury-fashionable-stylish-light-weight-sneakers-white-canvas-shoes-men/p/itmd59eed430d9f5?pid=SHOHA2ZA9K5HQ3PT&lid=LSTSHOHA2ZA9K5HQ3PT373Q66&marketplace=FLIPKART&q=shoes&store=osp&srno=s_1_1&otracker=search&fm=organic&iid=en_HiUhQEDnJU4ebg38i5S4afzD6SjFC8GxDIs6Ze8K4e7C-cALQxRKcDEYBqiBtujxWlN20lP-RhtIhtiC9hfkYw%3D%3D&ppt=None&ppn=None&ssid=wf43w5z1ds0000001780910535866&qH=b0a8b6f820479900&ov_redirect=true,"kardam&sons luxury fashionable Stylish Light Weight Sneakers white ... ₹385 ₹1,999 80% off Buy ₹2 more, save extra 2%"
Flipkart,shoes,aadi Sneakers For Men,314.0,1999.0,84.0,1685.0,,None,False,No,True,https://www.flipkart.com/aadi-sneakers-men/p/itmfbbd674083772?pid=SHOGMKFZUPUEJUAW&lid=LSTSHOGMKFZUPUEJUAW7GLOQQ&marketplace=FLIPKART&q=shoes&store=osp&srno=s_1_2&otracker=search&fm=organic&iid=en_HiUhQEDnJU4ebg38i5S4afzD6SjFC8GxDIs6Ze8K4e6SwvLIjw3xl86Q6DhUXwGQiBgVxTb6gVesKFibZY2KuA%3D%3D&ppt=None&ppn=None&ssid=wf43w5z1ds0000001780910535866&qH=b0a8b6f820479900&ov_redirect=true,"aadi Sneakers For Men ₹314 ₹1,999 84% off Hot Deal"
Flipkart,shoes,Onmac enterprises sneakers for men Sneakers For Men,382.0,1600.0,76.0,1218.0,,None,False,No,True,https://www.flipkart.com/onmac-enterprises-sneakers-men/p/itm9ee602395e1c4?pid=SHOH8SZWKVTGDX6G&lid=LSTSHOH8SZWKVTGDX6GH1NIR7&marketplace=FLIPKART&q=shoes&store=osp&srno=s_1_3&otracker=search&fm=organic&iid=a1b5c58c-aa8b-4306-b42c-da415d6a9051.SHOH8SZWKVTGDX6G.SEARCH&ppt=None&ppn=None&ssid=wf43w5z1ds0000001780910535866&qH=b0a8b6f820479900&ov_redirect=true,"Onmac enterprises sneakers for men Sneakers For Men ₹382 ₹1,600 76% off Hot Deal"
Flipkart,shoes,Roadster Casual Boat Shoes Boat Shoes For Men,899.0,2999.0,70.0,2100.0,,Only 1 Left,True,No,True,https://www.flipkart.com/roadster-casual-boat-shoes-men/p/itm36212af378d76?pid=SHOHNWVT2KHX3AZR&lid=LSTSHOHNWVT2KHX3AZRBB6VXR&marketplace=FLIPKART&q=shoes&store=osp&srno=s_1_4&otracker=search&fm=organic&iid=a1b5c58c-aa8b-4306-b42c-da415d6a9051.SHOHNWVT2KHX3AZR.SEARCH&ppt=None&ppn=None&ssid=wf43w5z1ds0000001780910535866&qH=b0a8b6f820479900&ov_redirect=true,"Roadster Casual Boat Shoes Boat Shoes For Men ₹899 ₹2,999 70% off Only 1 left"
Flipkart,shoes,HOTSTYLE Trendy & Stylish Running Shoes For Men,226.0,999.0,77.0,773.0,,None,False,No,True,https://www.flipkart.com/hotstyle-trendy-stylish-running-shoes-men/p/itme3f5ce18186c3?pid=SHOG483UHWHEGSE7&lid=LSTSHOG483UHWHEGSE7LOLQHU&marketplace=FLIPKART&q=shoes&store=osp&srno=s_1_5&otracker=search&fm=organic&iid=en_HiUhQEDnJU4ebg38i5S4afzD6SjFC8GxDIs6Ze8K4e5nhzCEwztDTRY1v_qhEqIJW7HEXNBrt85JXgGRKypWJw%3D%3D&ppt=None&ppn=None&ssid=wf43w5z1ds0000001780910535866&qH=b0a8b6f820479900&ov_redirect=true,HOTSTYLE Trendy & Stylish Running Shoes For Men ₹226 ₹999 77% off Hot Deal
Flipkart,shoes,Birde Premium Memory FoamComfortable Regular Wear Walking Sho,470.0,1999.0,76.0,1529.0,,None,False,No,True,https://www.flipkart.com/birde-premium-memory-foamcomfortable-regular-wear-walking-shoes-men/p/itm92d249e95ab60?pid=SHOHBXZKYU4RRDWJ&lid=LSTSHOHBXZKYU4RRDWJNJKCPY&marketplace=FLIPKART&q=shoes&store=osp&srno=s_1_6&otracker=search&fm=organic&iid=en_HiUhQEDnJU4ebg38i5S4afzD6SjFC8GxDIs6Ze8K4e6gFG8Mk1c4xDzvYi_A0wZWtZGtRNguJIKTrdSiT8ttHPUFjCTyOHoHZs-Z5_PS_w0%3D&ppt=None&ppn=None&ssid=wf43w5z1ds0000001780910535866&qH=b0a8b6f820479900&ov_redirect=true,"Birde Premium Memory FoamComfortable Regular Wear Walking Sho... ₹470 ₹1,999 76% off Hot Deal"
Flipkart,shoes,Teeny Step Black Boot For Men Boots For Men,419.0,1599.0,73.0,1180.0,,Only Few Left,True,No,True,https://www.flipkart.com/teeny-step-black-boot-men-boots/p/itmb7d60e8f39b6d?pid=SHOHM28SGG2KYX44&lid=LSTSHOHM28SGG2KYX443QBFST&marketplace=FLIPKART&q=shoes&store=osp&srno=s_1_7&otracker=search&fm=organic&iid=a1b5c58c-aa8b-4306-b42c-da415d6a9051.SHOHM28SGG2KYX44.SEARCH&ppt=None&ppn=None&ssid=wf43w5z1ds0000001780910535866&qH=b0a8b6f820479900&ov_redirect=true,"Teeny Step Black Boot For Men Boots For Men ₹419 ₹1,599 73% off Only few left"
Flipkart,shoes,Stride Up New Design Lightweight Stylish and Trendy Walking Shoes,496.0,2499.0,80.0,2003.0,,Only Few Left,True,No,True,https://www.flipkart.com/stride-up-new-design-lightweight-stylish-trendy-walking-shoes-men-sneakers/p/itm7d8d00e3d15e0?pid=SHOHNWFCRSMZUWF7&lid=LSTSHOHNWFCRSMZUWF76NJ9JN&marketplace=FLIPKART&q=shoes&store=osp&srno=s_1_8&otracker=search&fm=organic&iid=a1b5c58c-aa8b-4306-b42c-da415d6a9051.SHOHNWFCRSMZUWF7.SEARCH&ppt=None&ppn=None&ssid=wf43w5z1ds0000001780910535866&qH=b0a8b6f820479900&ov_redirect=true,"Stride Up New Design Lightweight Stylish and Trendy Walking Shoes... ₹496 ₹2,499 80% off Only few left"
Flipkart,shoes,"JAIPUR DIVINECRAFT Men's Jalsa Jutti,Jutis For Men BROWN Slip On For Men",306.0,999.0,69.0,693.0,,Only Few Left,True,No,False,https://www.flipkart.com/jaipur-divinecraft-men-s-jalsa-jutti-jutis-men-brown-slip/p/itm9039281b95659?pid=SHOHMFYFRQGXCCES&lid=LSTSHOHMFYFRQGXCCESH2N3ES&marketplace=FLIPKART&q=shoes&store=osp&srno=s_1_9&otracker=search&fm=organic&iid=a1b5c58c-aa8b-4306-b42c-da415d6a9051.SHOHMFYFRQGXCCES.SEARCH&ppt=None&ppn=None&ssid=wf43w5z1ds0000001780910535866&qH=b0a8b6f820479900&ov_redirect=true,"JAIPUR DIVINECRAFT Men's Jalsa Jutti,Jutis For Men BROWN Slip On For Men ₹306 ₹999 69% off Only few left"
Flipkart,shoes,"BERSACHE Premium Sports ,Gym, Trending, Stylish Running Shoes Fo",854.0,4999.0,82.0,4145.0,,Lowest Price,True,No,True,https://www.flipkart.com/bersache-premium-sports-gym-trending-stylish-running-shoes-men/p/itm82a027d495ab0?pid=SHOGWCCAGYQ2WNY7&lid=LSTSHOGWCCAGYQ2WNY7B3VUA0&marketplace=FLIPKART&q=shoes&store=osp&srno=s_1_10&otracker=search&fm=organic&iid=a1b5c58c-aa8b-4306-b42c-da415d6a9051.SHOGWCCAGYQ2WNY7.SEARCH&ppt=None&ppn=None&ssid=wf43w5z1ds0000001780910535866&qH=b0a8b6f820479900&ov_redirect=true,"BERSACHE Premium Sports ,Gym, Trending, Stylish Running Shoes Fo... ₹854 ₹4,999 82% off Lowest price in the year"
Flipkart,shoes,URBANBOX Trending Stylish Casual Outdoor Sneakers Shoes For Men,270.0,999.0,72.0,729.0,,None,False,No,True,https://www.flipkart.com/urbanbox-trending-stylish-casual-outdoor-sneakers-shoes-men/p/itm20f1e7caa80e8?pid=SHOGP8QHAVHFZ6BV&lid=LSTSHOGP8QHAVHFZ6BVZ5TUQV&marketplace=FLIPKART&q=shoes&store=osp&srno=s_1_11&otracker=search&fm=organic&iid=en_HiUhQEDnJU4ebg38i5S4afzD6SjFC8GxDIs6Ze8K4e5VcOMSN9RM1HeMIKhqIiO72pZcUOBDbSV9Ljl8pyCcCPUFjCTyOHoHZs-Z5_PS_w0%3D&ppt=None&ppn=None&ssid=wf43w5z1ds0000001780910535866&qH=b0a8b6f820479900&ov_redirect=true,URBANBOX Trending Stylish Casual Outdoor Sneakers Shoes For Men ... ₹270 ₹999 72% off Hot Deal
Flipkart,shoes,Echor Casual White Sneakers for Men Sneakers For Men,363.0,1999.0,81.0,1636.0,,None,False,No,True,https://www.flipkart.com/echor-casual-white-sneakers-men/p/itmda763be74b8e8?pid=SHOHBZJV9KDF3NFY&lid=LSTSHOHBZJV9KDF3NFYMXMRYT&marketplace=FLIPKART&q=shoes&store=osp&srno=s_1_12&otracker=search&fm=organic&iid=en_HiUhQEDnJU4ebg38i5S4afzD6SjFC8GxDIs6Ze8K4e4I_M_h1UmatwydkzFcXFtDomqdVmZYuoFKU1wrNXyg2g%3D%3D&ppt=None&ppn=None&ssid=wf43w5z1ds0000001780910535866&qH=b0a8b6f820479900&ov_redirect=true,"Echor Casual White Sneakers for Men Sneakers For Men ₹363 ₹1,999 81% off"
Flipkart,shoes,RED TAPE Red Tape Athleisure Shoes for Men | Soft Cushioned Inso,1475.0,8199.0,82.0,6724.0,,None,False,No,True,https://www.flipkart.com/red-tape-athleisure-shoes-men-soft-cushioned-insole-slip-resistance-walking/p/itm0d9f74c8d4589?pid=SHOHB4GYUWNCJHZG&lid=LSTSHOHB4GYUWNCJHZGRZ7AGA&marketplace=FLIPKART&q=shoes&store=osp&srno=s_1_13&otracker=search&fm=organic&iid=a1b5c58c-aa8b-4306-b42c-da415d6a9051.SHOHB4GYUWNCJHZG.SEARCH&ppt=None&ppn=None&ssid=wf43w5z1ds0000001780910535866&qH=b0a8b6f820479900&ov_redirect=true,"RED TAPE Red Tape Athleisure Shoes for Men | Soft Cushioned Inso... ₹1,475 ₹8,199 82% off Hot Deal"
Flipkart,shoes,URBANBOX Sneakers For Men,270.0,999.0,72.0,729.0,,Only Few Left,True,No,True,https://www.flipkart.com/urbanbox-sneakers-men/p/itmb3e2c6aa2ae94?pid=SHOH4V5UYEU8FMFS&lid=LSTSHOH4V5UYEU8FMFSQJUVRK&marketplace=FLIPKART&q=shoes&store=osp&spotlightTagId=default_BestsellerId_osp&srno=s_1_14&otracker=search&fm=organic&iid=a1b5c58c-aa8b-4306-b42c-da415d6a9051.SHOH4V5UYEU8FMFS.SEARCH&ppt=None&ppn=None&ssid=wf43w5z1ds0000001780910535866&qH=b0a8b6f820479900&ov_redirect=true,URBANBOX Sneakers For Men ₹270 ₹999 72% off Only few left
Flipkart,shoes,R RJ TRENDS Men's Brown Mojari Jutti | Stylish Heart-Design Ethnic,322.0,999.0,67.0,677.0,,Only Few Left,True,No,False,https://www.flipkart.com/r-rj-trends-men-s-brown-mojari-jutti-stylish-heart-design-ethnic-footwear-bellies-men/p/itmf25df9c2493e6?pid=SHOHNSFGYPKHYCZV&lid=LSTSHOHNSFGYPKHYCZVYGSSON&marketplace=FLIPKART&q=shoes&store=osp&srno=s_1_15&otracker=search&fm=organic&iid=a1b5c58c-aa8b-4306-b42c-da415d6a9051.SHOHNSFGYPKHYCZV.SEARCH&ppt=None&ppn=None&ssid=wf43w5z1ds0000001780910535866&qH=b0a8b6f820479900&ov_redirect=true,R RJ TRENDS Men's Brown Mojari Jutti | Stylish Heart-Design Ethnic ... ₹322 ₹999 67% off Only few left
Flipkart,shoes,aadi Synthetic Leather |Lightweight|Comfort|Summer|Trendy|Wa,425.0,1999.0,78.0,1574.0,,None,False,No,True,https://www.flipkart.com/aadi-synthetic-leather-lightweight-comfort-summer-trendy-walking-outdoor-daily-use-boots-men/p/itmf3yy8v8dbz9zg?pid=SHOEGGPNXZMFYNCN&lid=LSTSHOEGGPNXZMFYNCNKPE6TR&marketplace=FLIPKART&q=shoes&store=osp&srno=s_1_16&otracker=search&fm=organic&iid=a1b5c58c-aa8b-4306-b42c-da415d6a9051.SHOEGGPNXZMFYNCN.SEARCH&ppt=None&ppn=None&ssid=wf43w5z1ds0000001780910535866&qH=b0a8b6f820479900&ov_redirect=true,"aadi Synthetic Leather |Lightweight|Comfort|Summer|Trendy|Wa... ₹425 ₹1,999 78% off Hot Deal"
Flipkart,shoes,BRUTON Lite Casual Shoes Sneakers For Men,374.0,2499.0,85.0,2125.0,,None,False,No,True,https://www.flipkart.com/bruton-lite-casual-shoes-sneakers-men/p/itmf4ffe65f7bebc?pid=SHOGYJE3XGGG85HH&lid=LSTSHOGYJE3XGGG85HHVRYIGY&marketplace=FLIPKART&q=shoes&store=osp&srno=s_1_17&otracker=search&fm=organic&iid=en_HiUhQEDnJU4ebg38i5S4afzD6SjFC8GxDIs6Ze8K4e4u6m6c_CZchc4KpJpX-4meXWiW-eha9cJa9Y7S8bQKsvUFjCTyOHoHZs-Z5_PS_w0%3D&ppt=None&ppn=None&ssid=wf43w5z1ds0000001780910535866&qH=b0a8b6f820479900&ov_redirect=true,"BRUTON Lite Casual Shoes Sneakers For Men ₹374 ₹2,499 85% off Hot Deal"
Flipkart,shoes,"KILLER Lightweight,Comfortable,Trendy,Breathable, Sports Runni",889.0,3999.0,77.0,3110.0,,None,False,No,True,https://www.flipkart.com/killer-lightweight-comfortable-trendy-breathable-sports-running-shoes-men/p/itm54f361a9c1661?pid=SHOHF7Q95B2CBBCY&lid=LSTSHOHF7Q95B2CBBCYCXDXOF&marketplace=FLIPKART&q=shoes&store=osp&srno=s_1_18&otracker=search&fm=organic&iid=en_HiUhQEDnJU4ebg38i5S4afzD6SjFC8GxDIs6Ze8K4e528qLpkzrJi_o3urHkrl6gngZPV7PAffzR53oBL5vUlg%3D%3D&ppt=None&ppn=None&ssid=wf43w5z1ds0000001780910535866&qH=b0a8b6f820479900&ov_redirect=true,"KILLER Lightweight,Comfortable,Trendy,Breathable, Sports Runni... ₹889 ₹3,999 77% off"
Flipkart,shoes,Echor Men's Casual Sneakers- Stylish Trending New Fashion Whi,372.0,1999.0,81.0,1627.0,,None,False,No,True,https://www.flipkart.com/echor-men-s-casual-sneakers-stylish-trending-new-fashion-white-shoes-boys-sneakers-men/p/itm465b23df95f8d?pid=SHOHCC39ACZY5YPV&lid=LSTSHOHCC39ACZY5YPVYGKGXL&marketplace=FLIPKART&q=shoes&store=osp&srno=s_1_19&otracker=search&fm=organic&iid=a1b5c58c-aa8b-4306-b42c-da415d6a9051.SHOHCC39ACZY5YPV.SEARCH&ppt=None&ppn=None&ssid=wf43w5z1ds0000001780910535866&qH=b0a8b6f820479900&ov_redirect=true,"Echor Men's Casual Sneakers- Stylish Trending New Fashion Whi... ₹372 ₹1,999 81% off Hot Deal"
Flipkart,shoes,SF SFFASHIONSTORE Premium Hand crafted Boot for women Boot,629.0,1999.0,68.0,1370.0,,Only Few Left,True,No,False,https://www.flipkart.com/sf-sffashionstore-premium-hand-crafted-boot-women-boots/p/itmfa74ed330539f?pid=SHOHHK2MHSRHHBW4&lid=LSTSHOHHK2MHSRHHBW4OLANED&marketplace=FLIPKART&q=shoes&store=osp&srno=s_1_20&otracker=search&fm=organic&iid=a1b5c58c-aa8b-4306-b42c-da415d6a9051.SHOHHK2MHSRHHBW4.SEARCH&ppt=None&ppn=None&ssid=wf43w5z1ds0000001780910535866&qH=b0a8b6f820479900&ov_redirect=true,"SF SFFASHIONSTORE Premium Hand crafted Boot for women Boot... ₹629 ₹1,999 68% off Only few left"
Flipkart,shoes,URBANBOX Latest Premium Casual Gym Walking Sneaker Sneakers For,170.0,1498.0,88.0,1328.0,,None,False,No,True,https://www.flipkart.com/urbanbox-latest-premium-casual-gym-walking-sneaker-sneakers-men/p/itm0b6f772f236ba?pid=SHOHNYMFRZUGEURY&lid=LSTSHOHNYMFRZUGEURYCTBAKW&marketplace=FLIPKART&q=shoes&store=osp&srno=s_1_21&otracker=search&fm=organic&iid=en_HiUhQEDnJU4ebg38i5S4afzD6SjFC8GxDIs6Ze8K4e6xd_6MDm7KAoF9iSaDo5f18VpIQ0WZXrmJ4ZuhDZcNJg%3D%3D&ppt=None&ppn=None&ssid=wf43w5z1ds0000001780910535866&qH=b0a8b6f820479900&ov_redirect=true,"URBANBOX Latest Premium Casual Gym Walking Sneaker Sneakers For ... ₹170 ₹1,498 88% off"
Flipkart,shoes,BRUTON Lite Sports Shoes Running Shoes For Men,396.0,2499.0,84.0,2103.0,,None,False,No,True,https://www.flipkart.com/bruton-lite-sports-shoes-running-men/p/itm6a11d96a24e7f?pid=SHOGZHWZEHR9HBQB&lid=LSTSHOGZHWZEHR9HBQBKKFJHM&marketplace=FLIPKART&q=shoes&store=osp&srno=s_1_22&otracker=search&fm=organic&iid=en_HiUhQEDnJU4ebg38i5S4afzD6SjFC8GxDIs6Ze8K4e7jxN6skOpOvfeNPp-kRsufLOwfWz8z15tDQFA9le1q1PUFjCTyOHoHZs-Z5_PS_w0%3D&ppt=None&ppn=None&ssid=wf43w5z1ds0000001780910535866&qH=b0a8b6f820479900&ov_redirect=true,"BRUTON Lite Sports Shoes Running Shoes For Men ₹396 ₹2,499 84% off Hot Deal"
Flipkart,shoes,Asics GEL-VENTURE 11 Running Shoes For Men,2849.0,7499.0,62.0,4650.0,,None,False,No,False,https://www.flipkart.com/asics-gel-venture-11-running-shoes-men/p/itmc08253f68ef7d?pid=SHOHJN75VKADBGRV&lid=LSTSHOHJN75VKADBGRVPXVD6L&marketplace=FLIPKART&q=shoes&store=osp&srno=s_1_23&otracker=search&fm=organic&iid=a1b5c58c-aa8b-4306-b42c-da415d6a9051.SHOHJN75VKADBGRV.SEARCH&ppt=None&ppn=None&ssid=wf43w5z1ds0000001780910535866&qH=b0a8b6f820479900&ov_redirect=true,"Asics GEL-VENTURE 11 Running Shoes For Men ₹2,849 ₹7,499 62% off Hot Deal"
Flipkart,shoes,Abros SUPER ETPU Athleisure Cultured Round-Toe Shape & Hyperb,575.0,2499.0,76.0,1924.0,,None,False,No,True,https://www.flipkart.com/abros-super-etpu-athleisure-cultured-round-toe-shape-hyperbeads-technology-walking-shoes-men/p/itm12d9f2138e406?pid=SHOGW3PNYHHYDBES&lid=LSTSHOGW3PNYHHYDBESYV0G32&marketplace=FLIPKART&q=shoes&store=osp&srno=s_1_24&otracker=search&fm=organic&iid=a1b5c58c-aa8b-4306-b42c-da415d6a9051.SHOGW3PNYHHYDBES.SEARCH&ppt=None&ppn=None&ssid=wf43w5z1ds0000001780910535866&qH=b0a8b6f820479900&ov_redirect=true,"Abros SUPER ETPU Athleisure Cultured Round-Toe Shape & Hyperb... ₹575 ₹2,499 76% off Hot Deal"
Flipkart,shoes,"asian Cosko Black Sports Shoes,Running Shoes,Walking Shoes,Tr",341.0,999.0,65.0,658.0,,Lowest Price,True,No,False,https://www.flipkart.com/asian-cosko-black-sports-shoes-running-shoes-walking-shoes-training-shoes-running-shoes-men/p/itmfew57gfrvrfg8?pid=SHOFA4TKZY5SBDYZ&lid=LSTSHOFA4TKZY5SBDYZSTPRVU&marketplace=FLIPKART&q=shoes&store=osp&srno=s_1_25&otracker=search&fm=organic&iid=a1b5c58c-aa8b-4306-b42c-da415d6a9051.SHOFA4TKZY5SBDYZ.SEARCH&ppt=None&ppn=None&ssid=wf43w5z1ds0000001780910535866&qH=b0a8b6f820479900&ov_redirect=true,"asian Cosko Black Sports Shoes,Running Shoes,Walking Shoes,Tr... ₹341 ₹999 65% off Lowest price since launch"
Flipkart,shoes,"asian Thar-01 Blue Sneakers,Sports,Training,Gym,Walking,Styli",460.0,1249.0,63.0,789.0,,None,False,No,False,https://www.flipkart.com/asian-thar-01-blue-sneakers-sports-training-gym-walking-stylish-running-shoes-men/p/itmaa1055f658fac?pid=SHOGHCHGTWDMSXP4&lid=LSTSHOGHCHGTWDMSXP4X6T3NO&marketplace=FLIPKART&q=shoes&store=osp&srno=s_1_26&otracker=search&fm=organic&iid=a1b5c58c-aa8b-4306-b42c-da415d6a9051.SHOGHCHGTWDMSXP4.SEARCH&ppt=None&ppn=None&ssid=wf43w5z1ds0000001780910535866&qH=b0a8b6f820479900&ov_redirect=true,"asian Thar-01 Blue Sneakers,Sports,Training,Gym,Walking,Styli... ₹460 ₹1,249 63% off Hot Deal"
Flipkart,shoes,Echor ESGZWH03 Sneakers For Men,391.0,1999.0,80.0,1608.0,,None,False,No,True,https://www.flipkart.com/echor-esgzwh03-sneakers-men/p/itm4e6c38547d334?pid=SHOHC67SYUAFRZJ8&lid=LSTSHOHC67SYUAFRZJ8EGUYB5&marketplace=FLIPKART&q=shoes&store=osp&srno=s_1_27&otracker=search&fm=organic&iid=en_HiUhQEDnJU4ebg38i5S4afzD6SjFC8GxDIs6Ze8K4e4V2zNb70UD9XEBdUxLXd-eTOpa6jGskHrh7ED5BMICDA%3D%3D&ppt=None&ppn=None&ssid=wf43w5z1ds0000001780910535866&qH=b0a8b6f820479900&ov_redirect=true,"Echor ESGZWH03 Sneakers For Men ₹391 ₹1,999 80% off Hot Deal"
Flipkart,shoes,BRUTON -740 EVA Men's Sport Shoes Running Shoes For Men,374.0,2999.0,87.0,2625.0,,None,False,No,True,https://www.flipkart.com/bruton-740-eva-men-s-sport-shoes-running-men/p/itmc708b7b639208?pid=SHOHBYCAGFX9SD3P&lid=LSTSHOHBYCAGFX9SD3PCD8M7T&marketplace=FLIPKART&q=shoes&store=osp&srno=s_1_28&otracker=search&fm=organic&iid=en_HiUhQEDnJU4ebg38i5S4afzD6SjFC8GxDIs6Ze8K4e7XyNyyfrBjQmIzVftDYJdVqsFJvQgTq7jtAE7d5f934PUFjCTyOHoHZs-Z5_PS_w0%3D&ppt=None&ppn=None&ssid=wf43w5z1ds0000001780910535866&qH=b0a8b6f820479900&ov_redirect=true,"BRUTON -740 EVA Men's Sport Shoes Running Shoes For Men ₹374 ₹2,999 87% off"
Flipkart,shoes,VibeStep Men Black Formal Synthetic Leather Office Wear Shoes Co,448.0,2499.0,82.0,2051.0,,Only Few Left,True,No,True,https://www.flipkart.com/vibestep-men-black-formal-synthetic-leather-office-wear-shoes-corporate-casuals/p/itm560a00f0d9c45?pid=SHOHNWMNTMZHYRSR&lid=LSTSHOHNWMNTMZHYRSRH8OLNM&marketplace=FLIPKART&q=shoes&store=osp&srno=s_1_30&otracker=search&fm=organic&iid=a1b5c58c-aa8b-4306-b42c-da415d6a9051.SHOHNWMNTMZHYRSR.SEARCH&ppt=None&ppn=None&ssid=wf43w5z1ds0000001780910535866&qH=b0a8b6f820479900&ov_redirect=true,"VibeStep Men Black Formal Synthetic Leather Office Wear Shoes Co... ₹448 ₹2,499 82% off Only few left"
Flipkart,shoes,Echor ESWHTED Sneakers For Men,368.0,1999.0,81.0,1631.0,,None,False,No,True,https://www.flipkart.com/echor-eswhted-sneakers-men/p/itmbefa822dde5d6?pid=SHOHDUD8V6KNDCWN&lid=LSTSHOHDUD8V6KNDCWNKDPMZR&marketplace=FLIPKART&q=shoes&store=osp&srno=s_1_31&otracker=search&fm=organic&iid=en_HiUhQEDnJU4ebg38i5S4afzD6SjFC8GxDIs6Ze8K4e7bC1727ACbEzJg0nLlEET2JH2DwOfyzkTSK2wL4_6LyQ%3D%3D&ppt=None&ppn=None&ssid=wf43w5z1ds0000001780910535866&qH=b0a8b6f820479900&ov_redirect=true,"Echor ESWHTED Sneakers For Men ₹368 ₹1,999 81% off"
Flipkart,shoes,Birde Premium Comfortable Regular Wear High Tops For Men,353.0,1499.0,76.0,1146.0,,None,False,No,True,https://www.flipkart.com/birde-premium-comfortable-regular-wear-high-tops-men/p/itm774f050523a15?pid=SHOGZEQUA3PWFRGZ&lid=LSTSHOGZEQUA3PWFRGZYS1BJD&marketplace=FLIPKART&q=shoes&store=osp&srno=s_1_32&otracker=search&fm=organic&iid=en_HiUhQEDnJU4ebg38i5S4afzD6SjFC8GxDIs6Ze8K4e7_XZn-A0u6Y7oa3ItLe6jKPXEzWj6AO-jYqME9SOYct_UFjCTyOHoHZs-Z5_PS_w0%3D&ppt=None&ppn=None&ssid=wf43w5z1ds0000001780910535866&qH=b0a8b6f820479900&ov_redirect=true,"Birde Premium Comfortable Regular Wear High Tops For Men ₹353 ₹1,499 76% off Hot Deal"
Flipkart,shoes,"asian Thar-01 Grey Sneakers,Sports,Training,Gym,Walking,Styli",460.0,1249.0,63.0,789.0,,Only Few Left,True,No,False,https://www.flipkart.com/asian-thar-01-grey-sneakers-sports-training-gym-walking-stylish-running-shoes-men/p/itm068b33789b883?pid=SHOGHCHGHHYTNF6X&lid=LSTSHOGHCHGHHYTNF6XDJABBM&marketplace=FLIPKART&q=shoes&store=osp&srno=s_1_33&otracker=search&fm=organic&iid=a1b5c58c-aa8b-4306-b42c-da415d6a9051.SHOGHCHGHHYTNF6X.SEARCH&ppt=None&ppn=None&ssid=wf43w5z1ds0000001780910535866&qH=b0a8b6f820479900&ov_redirect=true,"asian Thar-01 Grey Sneakers,Sports,Training,Gym,Walking,Styli... ₹460 ₹1,249 63% off Only few left"
Flipkart,shoes,RED TAPE Athleisure Shoes| Cultured Round-Toe Shape & Cushioning,845.0,6899.0,87.0,6054.0,,None,False,No,True,https://www.flipkart.com/red-tape-athleisure-shoes-cultured-round-toe-shape-cushioning-technology-walking-shoes-men/p/itm5a51f44db76d2?pid=SHOH3PWJAVGGMY4S&lid=LSTSHOH3PWJAVGGMY4SKHADP5&marketplace=FLIPKART&q=shoes&store=osp&srno=s_1_34&otracker=search&fm=organic&iid=a1b5c58c-aa8b-4306-b42c-da415d6a9051.SHOH3PWJAVGGMY4S.SEARCH&ppt=None&ppn=None&ssid=wf43w5z1ds0000001780910535866&qH=b0a8b6f820479900&ov_redirect=true,"RED TAPE Athleisure Shoes| Cultured Round-Toe Shape & Cushioning... ₹845 ₹6,899 87% off"
Flipkart,shoes,KILLER SABER D.GREY T.BLUE Walking Shoes For Men,643.0,2499.0,74.0,1856.0,,Only 2 Left,True,No,True,https://www.flipkart.com/killer-saber-d-grey-t-blue-walking-shoes-men/p/itmbe8c8cd04950b?pid=SHOGMKBFMAV9UD2A&lid=LSTSHOGMKBFMAV9UD2AZIFGCN&marketplace=FLIPKART&q=shoes&store=osp&srno=s_1_35&otracker=search&fm=organic&iid=a1b5c58c-aa8b-4306-b42c-da415d6a9051.SHOGMKBFMAV9UD2A.SEARCH&ppt=None&ppn=None&ssid=wf43w5z1ds0000001780910535866&qH=b0a8b6f820479900&ov_redirect=true,"KILLER SABER D.GREY T.BLUE Walking Shoes For Men ₹643 ₹2,499 74% off Only 2 left"
Flipkart,shoes,KYZEN Casuals For Men,448.0,2499.0,82.0,2051.0,,Only Few Left,True,No,True,https://www.flipkart.com/kyzen-casuals-men/p/itm77c6f35cac90e?pid=SHOHNWNWHF66SPDB&lid=LSTSHOHNWNWHF66SPDBKSDGVT&marketplace=FLIPKART&q=shoes&store=osp&srno=s_1_36&otracker=search&fm=organic&iid=a1b5c58c-aa8b-4306-b42c-da415d6a9051.SHOHNWNWHF66SPDB.SEARCH&ppt=None&ppn=None&ssid=wf43w5z1ds0000001780910535866&qH=b0a8b6f820479900&ov_redirect=true,"KYZEN Casuals For Men ₹448 ₹2,499 82% off Only few left"
Flipkart,shoes,CLYMB cosko Lace up walking outdoor waterproof running Runnin,378.0,2499.0,84.0,2121.0,,None,False,No,True,https://www.flipkart.com/clymb-cosko-lace-up-walking-outdoor-waterproof-running-shoes-men/p/itm006a003efffff?pid=SHOFEVVEEHERQS4A&lid=LSTSHOFEVVEEHERQS4AZP1VOS&marketplace=FLIPKART&q=shoes&store=osp&srno=s_1_37&otracker=search&fm=organic&iid=en_HiUhQEDnJU4ebg38i5S4afzD6SjFC8GxDIs6Ze8K4e48nSABmgNO5b8WqxoxyKOmZ8K97_scHzON4txqfkfIBfUFjCTyOHoHZs-Z5_PS_w0%3D&ppt=None&ppn=None&ssid=wf43w5z1ds0000001780910535866&qH=b0a8b6f820479900&ov_redirect=true,"CLYMB cosko Lace up walking outdoor waterproof running Runnin... ₹378 ₹2,499 84% off Hot Deal"
Flipkart,shoes,RED TAPE Ozark Trail Running Shoes Low-Cut Outdoor Hiking & Trek,1169.0,7799.0,85.0,6630.0,,Lowest Price,True,No,True,https://www.flipkart.com/red-tape-ozark-trail-running-shoes-low-cut-outdoor-hiking-trekking-men/p/itma043e2d46d087?pid=SHOHMCFRB44KGSFZ&lid=LSTSHOHMCFRB44KGSFZU9R9UI&marketplace=FLIPKART&q=shoes&store=osp&srno=s_1_39&otracker=search&fm=organic&iid=a1b5c58c-aa8b-4306-b42c-da415d6a9051.SHOHMCFRB44KGSFZ.SEARCH&ppt=None&ppn=None&ssid=wf43w5z1ds0000001780910535866&qH=b0a8b6f820479900&ov_redirect=true,"RED TAPE Ozark Trail Running Shoes Low-Cut Outdoor Hiking & Trek... ₹1,169 ₹7,799 85% off Lowest price since launch"
Flipkart,shoes,asian EVEREST-24 Hiking boots outdoor Trekking - Water Resist,1732.0,3499.0,50.0,1767.0,,Only Few Left,True,No,False,https://www.flipkart.com/asian-everest-24-hiking-boots-outdoor-trekking-water-resistant-sneakers-men/p/itm039eeb0874408?pid=SHOH8XVZWUGBST2B&lid=LSTSHOH8XVZWUGBST2BZPYJDJ&marketplace=FLIPKART&q=shoes&store=osp&srno=s_1_40&otracker=search&fm=organic&iid=a1b5c58c-aa8b-4306-b42c-da415d6a9051.SHOH8XVZWUGBST2B.SEARCH&ppt=None&ppn=None&ssid=wf43w5z1ds0000001780910535866&qH=b0a8b6f820479900&ov_redirect=true,"asian EVEREST-24 Hiking boots outdoor Trekking - Water Resist... ₹1,732 ₹3,499 50% off Only few left"
Flipkart,shoes,CAMPUS MIKE (N) Running Shoes For Men,872.0,1999.0,56.0,1127.0,,None,False,No,False,https://www.flipkart.com/campus-mike-n-running-shoes-men/p/itmf8ff8f65cc63f?pid=SHOG2EYZH4KWYP3Y&lid=LSTSHOG2EYZH4KWYP3YQV6YBO&marketplace=FLIPKART&q=shoes&store=osp&srno=s_2_43&otracker=search&fm=organic&iid=3dd2eb6d-1796-4c4f-a202-77685bb52c91.SHOG2EYZH4KWYP3Y.SEARCH&ppt=None&ppn=None&ssid=dli6xskxv40000001780910551102&qH=b0a8b6f820479900&ov_redirect=true,"CAMPUS MIKE (N) Running Shoes For Men ₹872 ₹1,999 56% off Hot Deal"
Flipkart,shoes,Stride Up Stylish Comfortable Lightweight Sports Running shoes Sn,496.0,2499.0,80.0,2003.0,,Only 1 Left,True,No,True,https://www.flipkart.com/stride-up-stylish-comfortable-lightweight-sports-running-shoes-sneakers-men/p/itm856e16f7bd9f1?pid=SHOHNVZYZGGTGJ4H&lid=LSTSHOHNVZYZGGTGJ4HVFHFZK&marketplace=FLIPKART&q=shoes&store=osp&srno=s_2_44&otracker=search&fm=organic&iid=3dd2eb6d-1796-4c4f-a202-77685bb52c91.SHOHNVZYZGGTGJ4H.SEARCH&ppt=None&ppn=None&ssid=dli6xskxv40000001780910551102&qH=b0a8b6f820479900&ov_redirect=true,"Stride Up Stylish Comfortable Lightweight Sports Running shoes Sn... ₹496 ₹2,499 80% off Only 1 left"
Flipkart,shoes,Abros HAYES Running Shoes For Men,458.0,1599.0,71.0,1141.0,,None,False,No,True,https://www.flipkart.com/abros-hayes-running-shoes-men/p/itm66c8925036021?pid=SHOH42AACW7ZBSAY&lid=LSTSHOH42AACW7ZBSAYTDQTQL&marketplace=FLIPKART&q=shoes&store=osp&srno=s_2_45&otracker=search&fm=organic&iid=3dd2eb6d-1796-4c4f-a202-77685bb52c91.SHOH42AACW7ZBSAY.SEARCH&ppt=None&ppn=None&ssid=dli6xskxv40000001780910551102&qH=b0a8b6f820479900&ov_redirect=true,"Abros HAYES Running Shoes For Men ₹458 ₹1,599 71% off"
Flipkart,shoes,GOLDSTAR PVC'602 Running Shoes For Men,359.0,999.0,64.0,640.0,,Lowest Price,True,No,False,https://www.flipkart.com/goldstar-pvc-602-running-shoes-men/p/itm190c0aa6b0a2d?pid=SHOGX8KWYQRJSSYC&lid=LSTSHOGX8KWYQRJSSYCU40RHO&marketplace=FLIPKART&q=shoes&store=osp&srno=s_2_46&otracker=search&fm=organic&iid=3dd2eb6d-1796-4c4f-a202-77685bb52c91.SHOGX8KWYQRJSSYC.SEARCH&ppt=None&ppn=None&ssid=dli6xskxv40000001780910551102&qH=b0a8b6f820479900&ov_redirect=true,GOLDSTAR PVC'602 Running Shoes For Men ₹359 ₹999 64% off Lowest price in the year
Flipkart,shoes,Asics GEL-ZARACA 5 B Running Shoes For Men,2279.0,5999.0,62.0,3720.0,,None,False,No,False,https://www.flipkart.com/asics-gel-zaraca-5-b-running-shoes-men/p/itma224e442f1857?pid=SHOHGDNSQZZYTXT2&lid=LSTSHOHGDNSQZZYTXT2EQSW9F&marketplace=FLIPKART&q=shoes&store=osp&srno=s_2_49&otracker=search&fm=organic&iid=3dd2eb6d-1796-4c4f-a202-77685bb52c91.SHOHGDNSQZZYTXT2.SEARCH&ppt=None&ppn=None&ssid=dli6xskxv40000001780910551102&qH=b0a8b6f820479900&ov_redirect=true,"Asics GEL-ZARACA 5 B Running Shoes For Men ₹2,279 ₹5,999 62% off Hot Deal"
Flipkart,shoes,CAMPUS OXYFIT (N) Men's Casual Shoes | Memory Foam & PilloFoam,668.0,999.0,33.0,331.0,,None,False,No,False,https://www.flipkart.com/campus-oxyfit-n-men-s-casual-shoes-memory-foam-pillofoam-comfort-slip-on-walking-men/p/itmab169b007beb2?pid=SHOGA49HW9AWZV6Y&lid=LSTSHOGA49HW9AWZV6YAAMEND&marketplace=FLIPKART&q=shoes&store=osp&srno=s_2_53&otracker=search&fm=organic&iid=3dd2eb6d-1796-4c4f-a202-77685bb52c91.SHOGA49HW9AWZV6Y.SEARCH&ppt=None&ppn=None&ssid=dli6xskxv40000001780910551102&qH=b0a8b6f820479900&ov_redirect=true,CAMPUS OXYFIT (N) Men's Casual Shoes | Memory Foam & PilloFoam... ₹668 ₹999 33% off
Flipkart,shoes,asian Future-01 running shoes For Men,634.0,999.0,36.0,365.0,,None,False,No,False,https://www.flipkart.com/asian-future-01-running-shoes-men/p/itmf3xv7anhcngg8?pid=SHOEEBH7X2RHVMYF&lid=LSTSHOEEBH7X2RHVMYFPUDIPJ&marketplace=FLIPKART&q=shoes&store=osp&srno=s_2_54&otracker=search&fm=organic&iid=3dd2eb6d-1796-4c4f-a202-77685bb52c91.SHOEEBH7X2RHVMYF.SEARCH&ppt=None&ppn=None&ssid=dli6xskxv40000001780910551102&qH=b0a8b6f820479900&ov_redirect=true,asian Future-01 running shoes For Men ₹634 ₹999 36% off
Flipkart,shoes,"asian Thunder-01 White Color Change Sneakers,Casuals,Loafer S",774.0,1699.0,54.0,925.0,,Only Few Left,True,No,False,https://www.flipkart.com/asian-thunder-01-white-color-change-sneakers-casuals-loafer-sneakers-men/p/itm5a5bd3b7ba955?pid=SHOGN5AFCGHDGZYG&lid=LSTSHOGN5AFCGHDGZYG3AKLZK&marketplace=FLIPKART&q=shoes&store=osp&srno=s_2_55&otracker=search&fm=organic&iid=3dd2eb6d-1796-4c4f-a202-77685bb52c91.SHOGN5AFCGHDGZYG.SEARCH&ppt=None&ppn=None&ssid=dli6xskxv40000001780910551102&qH=b0a8b6f820479900&ov_redirect=true,"asian Thunder-01 White Color Change Sneakers,Casuals,Loafer S... ₹774 ₹1,699 54% off Only few left"
Flipkart,shoes,oktuber sports Casual Slip on Sneakers | Lightweight Men Shoes Casuals,443.0,799.0,44.0,356.0,,Only Few Left,True,No,False,https://www.flipkart.com/oktuber-sports-casual-slip-sneakers-lightweight-men-shoes-casuals/p/itm129a8fabb3ee3?pid=SHOHNJFAKZBBYWF6&lid=LSTSHOHNJFAKZBBYWF6CBOQQB&marketplace=FLIPKART&q=shoes&store=osp&srno=s_2_56&otracker=search&fm=organic&iid=3dd2eb6d-1796-4c4f-a202-77685bb52c91.SHOHNJFAKZBBYWF6.SEARCH&ppt=None&ppn=None&ssid=dli6xskxv40000001780910551102&qH=b0a8b6f820479900&ov_redirect=true,oktuber sports Casual Slip on Sneakers | Lightweight Men Shoes Casuals... ₹443 ₹799 44% off Only few left
Flipkart,shoes,RED TAPE Casual Sneaker Shoes for Men | Elegantly Rounded Front,890.0,7299.0,87.0,6409.0,,None,False,No,True,https://www.flipkart.com/red-tape-casual-sneaker-shoes-men-elegantly-rounded-front-soothing-insole-sneakers/p/itmb19cd296a9fc1?pid=SHOH8YUMMAFFYCGS&lid=LSTSHOH8YUMMAFFYCGSOLFQVZ&marketplace=FLIPKART&q=shoes&store=osp&srno=s_2_59&otracker=search&fm=organic&iid=3dd2eb6d-1796-4c4f-a202-77685bb52c91.SHOH8YUMMAFFYCGS.SEARCH&ppt=None&ppn=None&ssid=dli6xskxv40000001780910551102&qH=b0a8b6f820479900&ov_redirect=true,"RED TAPE Casual Sneaker Shoes for Men | Elegantly Rounded Front,... ₹890 ₹7,299 87% off Hot Deal"
Flipkart,shoes,PUMA Puma Smashic Sneakers For Men,1665.0,4499.0,62.0,2834.0,,None,False,No,False,https://www.flipkart.com/puma-smashic-sneakers-men/p/itm8aee29815a73b?pid=SHOH8UHV4XVPTFUW&lid=LSTSHOH8UHV4XVPTFUWMPPL0T&marketplace=FLIPKART&q=shoes&store=osp&srno=s_2_60&otracker=search&fm=organic&iid=3dd2eb6d-1796-4c4f-a202-77685bb52c91.SHOH8UHV4XVPTFUW.SEARCH&ppt=None&ppn=None&ssid=dli6xskxv40000001780910551102&qH=b0a8b6f820479900&ov_redirect=true,"PUMA Puma Smashic Sneakers For Men ₹1,665 ₹4,499 62% off Hot Deal"
Flipkart,shoes,RED TAPE Athleisure Shoes for Men | Cultured Round-Toe Shape & C,845.0,6899.0,87.0,6054.0,,None,False,No,True,https://www.flipkart.com/red-tape-athleisure-shoes-men-cultured-round-toe-shape-cushioning-technology-walking/p/itm904aea15b4c7b?pid=SHOH3PWJGFFCRMEM&lid=LSTSHOH3PWJGFFCRMEM9SLXQT&marketplace=FLIPKART&q=shoes&store=osp&srno=s_2_63&otracker=search&fm=organic&iid=3dd2eb6d-1796-4c4f-a202-77685bb52c91.SHOH3PWJGFFCRMEM.SEARCH&ppt=None&ppn=None&ssid=dli6xskxv40000001780910551102&qH=b0a8b6f820479900&ov_redirect=true,"RED TAPE Athleisure Shoes for Men | Cultured Round-Toe Shape & C... ₹845 ₹6,899 87% off"
Flipkart,shoes,Ekaaya Mojaris For Men,808.0,1699.0,52.0,891.0,,Only Few Left,True,No,False,https://www.flipkart.com/ekaaya-mojaris-men/p/itm7c31314f2c75b?pid=SHOHNXGPGY7JSYJS&lid=LSTSHOHNXGPGY7JSYJS1ZPXCL&marketplace=FLIPKART&q=shoes&store=osp&srno=s_2_64&otracker=search&fm=organic&iid=3dd2eb6d-1796-4c4f-a202-77685bb52c91.SHOHNXGPGY7JSYJS.SEARCH&ppt=None&ppn=None&ssid=dli6xskxv40000001780910551102&qH=b0a8b6f820479900&ov_redirect=true,"Ekaaya Mojaris For Men ₹808 ₹1,699 52% off Only few left"
Flipkart,shoes,"asian Mexico-01 Chunky Sneakers,Loafers,Walking Shoes Sneaker",749.0,1499.0,50.0,750.0,,None,False,No,False,https://www.flipkart.com/asian-mexico-01-chunky-sneakers-loafers-walking-shoes-sneakers-men/p/itm437cd51a91ef6?pid=SHOH5Z24DJYWEAXY&lid=LSTSHOH5Z24DJYWEAXY9NDTJG&marketplace=FLIPKART&q=shoes&store=osp&srno=s_2_65&otracker=search&fm=organic&iid=3dd2eb6d-1796-4c4f-a202-77685bb52c91.SHOH5Z24DJYWEAXY.SEARCH&ppt=None&ppn=None&ssid=dli6xskxv40000001780910551102&qH=b0a8b6f820479900&ov_redirect=true,"asian Mexico-01 Chunky Sneakers,Loafers,Walking Shoes Sneaker... ₹749 ₹1,499 50% off"
Flipkart,shoes,"BERSACHE Sneaker, Loafers ,Casual With Extra Comfort Sneakers Fo",735.0,1999.0,63.0,1264.0,,Only Few Left,True,No,False,https://www.flipkart.com/bersache-sneaker-loafers-casual-extra-comfort-sneakers-men/p/itmde4ffbe97f215?pid=SHOGNFYGXY7S2ZYC&lid=LSTSHOGNFYGXY7S2ZYC1PWX2F&marketplace=FLIPKART&q=shoes&store=osp&srno=s_2_66&otracker=search&fm=organic&iid=3dd2eb6d-1796-4c4f-a202-77685bb52c91.SHOGNFYGXY7S2ZYC.SEARCH&ppt=None&ppn=None&ssid=dli6xskxv40000001780910551102&qH=b0a8b6f820479900&ov_redirect=true,"BERSACHE Sneaker, Loafers ,Casual With Extra Comfort Sneakers Fo... ₹735 ₹1,999 63% off Only few left"
Flipkart,shoes,CAMPUS RODEO PRO Men's Sports Shoes | Cushioned Comfort | Brea,592.0,1299.0,54.0,707.0,,Only 1 Left,True,No,False,https://www.flipkart.com/campus-rodeo-pro-men-s-sports-shoes-cushioned-comfort-breathable-mesh-lace-up-running-men/p/itm444659750789d?pid=SHOGANAAAR6AUUNH&lid=LSTSHOGANAAAR6AUUNHWLWRUM&marketplace=FLIPKART&q=shoes&store=osp&srno=s_2_69&otracker=search&fm=organic&iid=3dd2eb6d-1796-4c4f-a202-77685bb52c91.SHOGANAAAR6AUUNH.SEARCH&ppt=None&ppn=None&ssid=dli6xskxv40000001780910551102&qH=b0a8b6f820479900&ov_redirect=true,"CAMPUS RODEO PRO Men's Sports Shoes | Cushioned Comfort | Brea... ₹592 ₹1,299 54% off Only 1 left"
Flipkart,shoes,Money collection Casuals For Men,270.0,999.0,72.0,729.0,,Only Few Left,True,No,True,https://www.flipkart.com/money-collection-casuals-men/p/itm52b74ed36585c?pid=SHOHNYRHQ6MJ9JDG&lid=LSTSHOHNYRHQ6MJ9JDGL2YFIY&marketplace=FLIPKART&q=shoes&store=osp&srno=s_2_70&otracker=search&fm=organic&iid=3dd2eb6d-1796-4c4f-a202-77685bb52c91.SHOHNYRHQ6MJ9JDG.SEARCH&ppt=None&ppn=None&ssid=dli6xskxv40000001780910551102&qH=b0a8b6f820479900&ov_redirect=true,Money collection Casuals For Men ₹270 ₹999 72% off Only few left
Flipkart,shoes,PUMA Galaxis Pro Running Shoes For Men,2753.0,6999.0,60.0,4246.0,,Lowest Price,True,No,False,https://www.flipkart.com/puma-galaxis-pro-running-shoes-men/p/itm394d964f897a9?pid=SHOH95Z3PGKE3HSV&lid=LSTSHOH95Z3PGKE3HSVB7A1F8&marketplace=FLIPKART&q=shoes&store=osp&srno=s_2_73&otracker=search&fm=organic&iid=3dd2eb6d-1796-4c4f-a202-77685bb52c91.SHOH95Z3PGKE3HSV.SEARCH&ppt=None&ppn=None&ssid=dli6xskxv40000001780910551102&qH=b0a8b6f820479900&ov_redirect=true,"PUMA Galaxis Pro Running Shoes For Men ₹2,753 ₹6,999 60% off Lowest price in the year"
Flipkart,shoes,CAMPUS HURRICANE Running Shoes For Men,810.0,1699.0,52.0,889.0,,None,False,No,False,https://www.flipkart.com/campus-hurricane-running-shoes-men/p/itmde24f617a5ae4?pid=SHOG6DZSPKGZF6C8&lid=LSTSHOG6DZSPKGZF6C8SYJ90S&marketplace=FLIPKART&q=shoes&store=osp&srno=s_2_74&otracker=search&fm=organic&iid=3dd2eb6d-1796-4c4f-a202-77685bb52c91.SHOG6DZSPKGZF6C8.SEARCH&ppt=None&ppn=None&ssid=dli6xskxv40000001780910551102&qH=b0a8b6f820479900&ov_redirect=true,"CAMPUS HURRICANE Running Shoes For Men ₹810 ₹1,699 52% off"
Flipkart,shoes,RED TAPE Casuals For Men,876.0,6499.0,86.0,5623.0,,None,False,No,True,https://www.flipkart.com/red-tape-casuals-men/p/itmfe738d2fad6e0?pid=SHOHHFB82JX66CN3&lid=LSTSHOHHFB82JX66CN3MNFEP4&marketplace=FLIPKART&q=shoes&store=osp&spotlightTagId=default_BestsellerId_osp&srno=s_2_75&otracker=search&fm=organic&iid=3dd2eb6d-1796-4c4f-a202-77685bb52c91.SHOHHFB82JX66CN3.SEARCH&ppt=None&ppn=None&ssid=dli6xskxv40000001780910551102&qH=b0a8b6f820479900&ov_redirect=true,"RED TAPE Casuals For Men ₹876 ₹6,499 86% off Hot Deal"
Flipkart,shoes,"JAIPUR DIVINECRAFT Men's Jalsa Jutti,Jutis For Men WHITE Slip On For Men",340.0,999.0,65.0,659.0,,Only Few Left,True,No,False,https://www.flipkart.com/jaipur-divinecraft-men-s-jalsa-jutti-jutis-men-white-slip/p/itmf35ee88202d26?pid=SHOHHQVFT3KRZVXR&lid=LSTSHOHHQVFT3KRZVXRU8KARV&marketplace=FLIPKART&q=shoes&store=osp&srno=s_2_76&otracker=search&fm=organic&iid=3dd2eb6d-1796-4c4f-a202-77685bb52c91.SHOHHQVFT3KRZVXR.SEARCH&ppt=None&ppn=None&ssid=dli6xskxv40000001780910551102&qH=b0a8b6f820479900&ov_redirect=true,"JAIPUR DIVINECRAFT Men's Jalsa Jutti,Jutis For Men WHITE Slip On For Men ₹340 ₹999 65% off Only few left"
Flipkart,shoes,asian Oxygen-01 dual capsule technology Latest Stylish Casual,737.0,1999.0,63.0,1262.0,,None,False,No,False,https://www.flipkart.com/asian-oxygen-01-dual-capsule-technology-latest-stylish-casual-lace-up-lightweight-running-shoes-men/p/itm377956c02645a?pid=SHOG9ZZDW7HBNAGJ&lid=LSTSHOG9ZZDW7HBNAGJMT3SPZ&marketplace=FLIPKART&q=shoes&store=osp&srno=s_2_78&otracker=search&fm=organic&iid=en_gyCh3yKn4kqrhriau0MWD-j82hfjV9-ag2QR_dT-WWqHCsOynOXHnfYNpiW62L-2OxO-m_Q7IjVjYUg2sSOIMB7zrT4gkWAkPCdPBnPCejA%3D&ppt=None&ppn=None&ssid=dli6xskxv40000001780910551102&qH=b0a8b6f820479900&ov_redirect=true,"asian Oxygen-01 dual capsule technology Latest Stylish Casual... ₹737 ₹1,999 63% off Hot Deal"
Flipkart,shoes,REEBOK Stride Runner Running Shoes For Men,890.0,2499.0,64.0,1609.0,,Only Few Left,True,No,False,https://www.flipkart.com/reebok-stride-runner-running-shoes-men/p/itma87745aba34cb?pid=SHOG9XNHNCASXKCK&lid=LSTSHOG9XNHNCASXKCKX7UFT7&marketplace=FLIPKART&q=shoes&store=osp&srno=s_2_79&otracker=search&fm=organic&iid=3dd2eb6d-1796-4c4f-a202-77685bb52c91.SHOG9XNHNCASXKCK.SEARCH&ppt=None&ppn=None&ssid=dli6xskxv40000001780910551102&qH=b0a8b6f820479900&ov_redirect=true,"REEBOK Stride Runner Running Shoes For Men ₹890 ₹2,499 64% off Only few left"
Flipkart,shoes,CAMPUS HURRICANE Running Shoes For Men,748.0,1699.0,55.0,951.0,,Only 1 Left,True,No,False,https://www.flipkart.com/campus-hurricane-running-shoes-men/p/itme55da032c2427?pid=SHOG6BNZCWQZ5YZZ&lid=LSTSHOG6BNZCWQZ5YZZX5SIOI&marketplace=FLIPKART&q=shoes&store=osp&srno=s_2_80&otracker=search&fm=organic&iid=3dd2eb6d-1796-4c4f-a202-77685bb52c91.SHOG6BNZCWQZ5YZZ.SEARCH&ppt=None&ppn=None&ssid=dli6xskxv40000001780910551102&qH=b0a8b6f820479900&ov_redirect=true,"CAMPUS HURRICANE Running Shoes For Men ₹748 ₹1,699 55% off Only 1 left"
Flipkart,shoes,VEXIMO Sports Shoes for Men | Running Shoes | Casual Shoes for,399.0,2499.0,84.0,2100.0,,None,False,No,True,https://www.flipkart.com/veximo-sports-shoes-men-running-casual-gym-casuals/p/itma3208d995e373?pid=SHOHJZJEPQ2DRPV5&lid=LSTSHOHJZJEPQ2DRPV5W9PR6W&marketplace=FLIPKART&q=shoes&store=osp&srno=s_3_81&otracker=search&fm=organic&iid=en_G3RIfuTnD0oo7b2NYH37-nTXjiyD6ow2NnMQZDT6patfMTMVVuwcf_IN8a_A5VWQJJKA5PCwjiqJqY5_S3gpSg%3D%3D&ppt=None&ppn=None&ssid=is766ry1e80000001780910564884&qH=b0a8b6f820479900&ov_redirect=true,"VEXIMO Sports Shoes for Men | Running Shoes | Casual Shoes for... ₹399 ₹2,499 84% off"
Flipkart,shoes,"asian WNDR-13 Pro Black Sports,Casual,Walking.Gym,Training,St",701.0,1499.0,53.0,798.0,,None,False,No,False,https://www.flipkart.com/asian-wndr-13-pro-black-sports-casual-walking-gym-training-stylish-running-shoes-men/p/itm15112ad232f1c?pid=SHOGHJ55ZHAUKGKU&lid=LSTSHOGHJ55ZHAUKGKUJIOPYV&marketplace=FLIPKART&q=shoes&store=osp&srno=s_3_83&otracker=search&fm=organic&iid=370201cb-892f-4ccd-9fc0-d2e77ef7b869.SHOGHJ55ZHAUKGKU.SEARCH&ppt=None&ppn=None&ssid=is766ry1e80000001780910564884&qH=b0a8b6f820479900&ov_redirect=true,"asian WNDR-13 Pro Black Sports,Casual,Walking.Gym,Training,St... ₹701 ₹1,499 53% off"
Flipkart,shoes,RED TAPE Men's Lifestyle Sneakers for Everyday Casual Wear Sneak,845.0,6899.0,87.0,6054.0,,None,False,No,True,https://www.flipkart.com/red-tape-men-s-lifestyle-sneakers-everyday-casual-wear-men/p/itm1e892bdc6e472?pid=SHOHF63YHFAZXCC2&lid=LSTSHOHF63YHFAZXCC2J4ZEKT&marketplace=FLIPKART&q=shoes&store=osp&srno=s_3_84&otracker=search&fm=organic&iid=370201cb-892f-4ccd-9fc0-d2e77ef7b869.SHOHF63YHFAZXCC2.SEARCH&ppt=None&ppn=None&ssid=is766ry1e80000001780910564884&qH=b0a8b6f820479900&ov_redirect=true,"RED TAPE Men's Lifestyle Sneakers for Everyday Casual Wear Sneak... ₹845 ₹6,899 87% off Hot Deal"
Flipkart,shoes,"asian Sneaker For Men| Soft Cushioned Insole, Slip-Resistance",1352.0,2499.0,45.0,1147.0,,None,False,No,False,https://www.flipkart.com/asian-sneaker-men-soft-cushioned-insole-slip-resistance-training-gym-shoes-running-men/p/itm9c5b253e9f2be?pid=SHOH4MEKVY6UPJDZ&lid=LSTSHOH4MEKVY6UPJDZSVJ1FM&marketplace=FLIPKART&q=shoes&store=osp&srno=s_3_85&otracker=search&fm=organic&iid=370201cb-892f-4ccd-9fc0-d2e77ef7b869.SHOH4MEKVY6UPJDZ.SEARCH&ppt=None&ppn=None&ssid=is766ry1e80000001780910564884&qH=b0a8b6f820479900&ov_redirect=true,"asian Sneaker For Men| Soft Cushioned Insole, Slip-Resistance... ₹1,352 ₹2,499 45% off"
Flipkart,shoes,SPRENGE Walking Shoes For Men,450.0,1999.0,77.0,1549.0,,Only Few Left,True,No,True,https://www.flipkart.com/sprenge-walking-shoes-men/p/itmde5b20ac5892f?pid=SHOGVSAYDZKC3YTZ&lid=LSTSHOGVSAYDZKC3YTZVUSXAN&marketplace=FLIPKART&q=shoes&store=osp&srno=s_3_86&otracker=search&fm=organic&iid=370201cb-892f-4ccd-9fc0-d2e77ef7b869.SHOGVSAYDZKC3YTZ.SEARCH&ppt=None&ppn=None&ssid=is766ry1e80000001780910564884&qH=b0a8b6f820479900&ov_redirect=true,"SPRENGE Walking Shoes For Men ₹450 ₹1,999 77% off Only few left"
Flipkart,shoes,"KILLER Lightweight,Comfortable,Trendy,Breathable, Sports Runni",898.0,3999.0,77.0,3101.0,,None,False,No,True,https://www.flipkart.com/killer-lightweight-comfortable-trendy-breathable-sports-running-shoes-men/p/itm4ab62369e240c?pid=SHOHCTH4FT7WVHAU&lid=LSTSHOHCTH4FT7WVHAUGPHPAW&marketplace=FLIPKART&q=shoes&store=osp&srno=s_3_89&otracker=search&fm=organic&iid=370201cb-892f-4ccd-9fc0-d2e77ef7b869.SHOHCTH4FT7WVHAU.SEARCH&ppt=None&ppn=None&ssid=is766ry1e80000001780910564884&qH=b0a8b6f820479900&ov_redirect=true,"KILLER Lightweight,Comfortable,Trendy,Breathable, Sports Runni... ₹898 ₹3,999 77% off"
Flipkart,shoes,JQR GLOBAL PLUS Running Shoes For Men,676.0,1699.0,60.0,1023.0,,None,False,No,False,https://www.flipkart.com/jqr-global-plus-running-shoes-men/p/itmc07cdbe340802?pid=SHOGHZNRFRRCENT2&lid=LSTSHOGHZNRFRRCENT2DTFJYG&marketplace=FLIPKART&q=shoes&store=osp&srno=s_3_92&otracker=search&fm=organic&iid=en_G3RIfuTnD0oo7b2NYH37-nTXjiyD6ow2NnMQZDT6pavkgQWEIMFSc6beCjIPGrSwaG18cFQjBuoCv4DuGvg-EfUFjCTyOHoHZs-Z5_PS_w0%3D&ppt=None&ppn=None&ssid=is766ry1e80000001780910564884&qH=b0a8b6f820479900&ov_redirect=true,"JQR GLOBAL PLUS Running Shoes For Men ₹676 ₹1,699 60% off Hot Deal"
Flipkart,shoes,CAMPUS BRAZIL PRO Training & Gym Shoes For Men,851.0,1599.0,46.0,748.0,,None,False,No,False,https://www.flipkart.com/campus-brazil-pro-training-gym-shoes-men/p/itm811caca58779d?pid=SHOFZCTYMGM6PGGZ&lid=LSTSHOFZCTYMGM6PGGZPNKAPX&marketplace=FLIPKART&q=shoes&store=osp&srno=s_3_93&otracker=search&fm=organic&iid=370201cb-892f-4ccd-9fc0-d2e77ef7b869.SHOFZCTYMGM6PGGZ.SEARCH&ppt=None&ppn=None&ssid=is766ry1e80000001780910564884&qH=b0a8b6f820479900&ov_redirect=true,"CAMPUS BRAZIL PRO Training & Gym Shoes For Men ₹851 ₹1,599 46% off Hot Deal"
Flipkart,shoes,U.S. POLO ASSN. VANCER Sneakers For Men,1549.0,3699.0,58.0,2150.0,,Only 5 Left,True,No,False,https://www.flipkart.com/u-s-polo-assn-vancer-sneakers-men/p/itm232a0bd086a2f?pid=SHOH8BDG8QXPKSWA&lid=LSTSHOH8BDG8QXPKSWAQOJNED&marketplace=FLIPKART&q=shoes&store=osp&srno=s_3_94&otracker=search&fm=organic&iid=370201cb-892f-4ccd-9fc0-d2e77ef7b869.SHOH8BDG8QXPKSWA.SEARCH&ppt=None&ppn=None&ssid=is766ry1e80000001780910564884&qH=b0a8b6f820479900&ov_redirect=true,"U.S. POLO ASSN. VANCER Sneakers For Men ₹1,549 ₹3,699 58% off Only 5 left"
Flipkart,shoes,asian wndr-13 sports shoes for men | Latest Stylish Casual sp,670.0,999.0,32.0,329.0,,Only Few Left,True,No,False,https://www.flipkart.com/asian-wndr-13-sports-shoes-men-latest-stylish-casual-sport-running-boys-lace-up-lightweight-gray-running-walking-gym-trekking-hiking-party-running/p/itmfexam9utsputk?pid=SHOF5RFKGJXHFEVD&lid=LSTSHOF5RFKGJXHFEVD8FVN50&marketplace=FLIPKART&q=shoes&store=osp&srno=s_3_95&otracker=search&fm=organic&iid=370201cb-892f-4ccd-9fc0-d2e77ef7b869.SHOF5RFKGJXHFEVD.SEARCH&ppt=None&ppn=None&ssid=is766ry1e80000001780910564884&qH=b0a8b6f820479900&ov_redirect=true,asian wndr-13 sports shoes for men | Latest Stylish Casual sp... ₹670 ₹999 32% off Only few left
Flipkart,shoes,"AJANTA Loafer Shoes, Lightweight Moccasin for Office & Casual",296.0,699.0,57.0,403.0,,None,False,No,False,https://www.flipkart.com/ajanta-loafer-shoes-lightweight-moccasin-office-casual-waterproof-loafers-men/p/itm3d4442f7f02e3?pid=SHOGA48UTFHYU8WQ&lid=LSTSHOGA48UTFHYU8WQ13J2RS&marketplace=FLIPKART&q=shoes&store=osp&srno=s_3_96&otracker=search&fm=organic&iid=370201cb-892f-4ccd-9fc0-d2e77ef7b869.SHOGA48UTFHYU8WQ.SEARCH&ppt=None&ppn=None&ssid=is766ry1e80000001780910564884&qH=b0a8b6f820479900&ov_redirect=true,"AJANTA Loafer Shoes, Lightweight Moccasin for Office & Casual,... ₹296 ₹699 57% off"
Flipkart,shoes,BRUTON Trendy Sports Running Shoes For Men,253.0,1299.0,80.0,1046.0,,None,False,No,True,https://www.flipkart.com/bruton-trendy-sports-running-shoes-men/p/itm13f350839779f?pid=SHOHAHHXNKJBYC6B&lid=LSTSHOHAHHXNKJBYC6B2ETBGW&marketplace=FLIPKART&q=shoes&store=osp&srno=s_3_97&otracker=search&fm=organic&iid=en_G3RIfuTnD0oo7b2NYH37-nTXjiyD6ow2NnMQZDT6paut7B68GQSPKn_BsSbisN-DAZsd0Ht8RB3Pl2LWaLLIdA%3D%3D&ppt=None&ppn=None&ssid=is766ry1e80000001780910564884&qH=b0a8b6f820479900&ov_redirect=true,"BRUTON Trendy Sports Running Shoes For Men ₹253 ₹1,299 80% off Hot Deal"
Flipkart,shoes,REEBOK COTS ZANE Sneakers For Men,1143.0,2599.0,56.0,1456.0,,None,False,No,False,https://www.flipkart.com/reebok-cots-zane-sneakers-men/p/itm2709b34fb4935?pid=SHOHFMR7YSA6GHMV&lid=LSTSHOHFMR7YSA6GHMVSCI0GF&marketplace=FLIPKART&q=shoes&store=osp&srno=s_3_99&otracker=search&fm=organic&iid=370201cb-892f-4ccd-9fc0-d2e77ef7b869.SHOHFMR7YSA6GHMV.SEARCH&ppt=None&ppn=None&ssid=is766ry1e80000001780910564884&qH=b0a8b6f820479900&ov_redirect=true,"REEBOK COTS ZANE Sneakers For Men ₹1,143 ₹2,599 56% off Hot Deal"
Flipkart,shoes,Skechers SUMMITS Sneakers For Men,1732.0,4499.0,61.0,2767.0,,None,False,No,False,https://www.flipkart.com/skechers-summits-sneakers-men/p/itm6f44c432ac9c6?pid=SHOGXHNBVVMDHP9H&lid=LSTSHOGXHNBVVMDHP9HFF6FAA&marketplace=FLIPKART&q=shoes&store=osp&srno=s_3_100&otracker=search&fm=organic&iid=370201cb-892f-4ccd-9fc0-d2e77ef7b869.SHOGXHNBVVMDHP9H.SEARCH&ppt=None&ppn=None&ssid=is766ry1e80000001780910564884&qH=b0a8b6f820479900&ov_redirect=true,"Skechers SUMMITS Sneakers For Men ₹1,732 ₹4,499 61% off Hot Deal"
Flipkart,shoes,REEBOK STRIDE RUNNER Running Shoes For Men,1221.0,2599.0,53.0,1378.0,,None,False,No,False,https://www.flipkart.com/reebok-stride-runner-running-shoes-men/p/itm91e652d560056?pid=SHOHDSHH8VTZ76CW&lid=LSTSHOHDSHH8VTZ76CWBZUP82&marketplace=FLIPKART&q=shoes&store=osp&srno=s_3_103&otracker=search&fm=organic&iid=370201cb-892f-4ccd-9fc0-d2e77ef7b869.SHOHDSHH8VTZ76CW.SEARCH&ppt=None&ppn=None&ssid=is766ry1e80000001780910564884&qH=b0a8b6f820479900&ov_redirect=true,"REEBOK STRIDE RUNNER Running Shoes For Men ₹1,221 ₹2,599 53% off Hot Deal"
Flipkart,shoes,RED TAPE Men’s Lifestyle Sneakers with Classic Comfort and Casua,773.0,6299.0,87.0,5526.0,,None,False,No,True,https://www.flipkart.com/red-tape-mens-lifestyle-sneakers-classic-comfort-casual-style-men/p/itm5108fd6d4f3f0?pid=SHOHFKMAMCXRYNBX&lid=LSTSHOHFKMAMCXRYNBX8S9RLF&marketplace=FLIPKART&q=shoes&store=osp&srno=s_3_104&otracker=search&fm=organic&iid=370201cb-892f-4ccd-9fc0-d2e77ef7b869.SHOHFKMAMCXRYNBX.SEARCH&ppt=None&ppn=None&ssid=is766ry1e80000001780910564884&qH=b0a8b6f820479900&ov_redirect=true,"RED TAPE Men’s Lifestyle Sneakers with Classic Comfort and Casua... ₹773 ₹6,299 87% off Hot Deal"
Flipkart,shoes,asian Sneakers For Men,1059.0,1999.0,47.0,940.0,,Lowest Price,True,No,False,https://www.flipkart.com/asian-sneakers-men/p/itmbaefe8cb847bd?pid=SHOG5WA9SH4JR6DA&lid=LSTSHOG5WA9SH4JR6DAMOPH6P&marketplace=FLIPKART&q=shoes&store=osp&srno=s_3_105&otracker=search&fm=organic&iid=370201cb-892f-4ccd-9fc0-d2e77ef7b869.SHOG5WA9SH4JR6DA.SEARCH&ppt=None&ppn=None&ssid=is766ry1e80000001780910564884&qH=b0a8b6f820479900&ov_redirect=true,"asian Sneakers For Men ₹1,059 ₹1,999 47% off Lowest price in the year"
Flipkart,shoes,RED TAPE Athleisure Shoes for Men |Cultured Round-Toe Shape & Cu,1019.0,7499.0,86.0,6480.0,,None,False,No,True,https://www.flipkart.com/red-tape-athleisure-shoes-men-cultured-round-toe-shape-cushioning-technology-walking/p/itma0f8c4c8320a0?pid=SHOH8YUHRSKVQGME&lid=LSTSHOH8YUHRSKVQGMEXJR6K5&marketplace=FLIPKART&q=shoes&store=osp&spotlightTagId=default_TrendingId_osp&srno=s_3_106&otracker=search&fm=organic&iid=370201cb-892f-4ccd-9fc0-d2e77ef7b869.SHOH8YUHRSKVQGME.SEARCH&ppt=None&ppn=None&ssid=is766ry1e80000001780910564884&qH=b0a8b6f820479900&ov_redirect=true,"RED TAPE Athleisure Shoes for Men |Cultured Round-Toe Shape & Cu... ₹1,019 ₹7,499 86% off Hot Deal"
Flipkart,shoes,CAMPUS HURRICANE Running Shoes For Men,789.0,1699.0,53.0,910.0,,None,False,No,False,https://www.flipkart.com/campus-hurricane-running-shoes-men/p/itm2f045a1c43285?pid=SHOG6BNGGAXMGJZH&lid=LSTSHOG6BNGGAXMGJZHDKH5ZC&marketplace=FLIPKART&q=shoes&store=osp&srno=s_3_109&otracker=search&fm=organic&iid=370201cb-892f-4ccd-9fc0-d2e77ef7b869.SHOG6BNGGAXMGJZH.SEARCH&ppt=None&ppn=None&ssid=is766ry1e80000001780910564884&qH=b0a8b6f820479900&ov_redirect=true,"CAMPUS HURRICANE Running Shoes For Men ₹789 ₹1,699 53% off"
Flipkart,shoes,PUMA Pro Fade Running Shoes For Men,3600.0,7999.0,54.0,4399.0,,None,False,No,False,https://www.flipkart.com/puma-pro-fade-running-shoes-men/p/itm77e4b5099817b?pid=SHOH43HGJP3QVK63&lid=LSTSHOH43HGJP3QVK637LNFC9&marketplace=FLIPKART&q=shoes&store=osp&srno=s_3_110&otracker=search&fm=organic&iid=370201cb-892f-4ccd-9fc0-d2e77ef7b869.SHOH43HGJP3QVK63.SEARCH&ppt=None&ppn=None&ssid=is766ry1e80000001780910564884&qH=b0a8b6f820479900&ov_redirect=true,"PUMA Pro Fade Running Shoes For Men ₹3,600 ₹7,999 54% off Hot Deal"
Flipkart,shoes,JQR EAST PLUS Running Shoes For Men,511.0,1249.0,59.0,738.0,,None,False,No,False,https://www.flipkart.com/jqr-east-plus-running-shoes-men/p/itmcd9bd3048eed5?pid=SHOGHZGWYXV8HBD7&lid=LSTSHOGHZGWYXV8HBD74PXVGC&marketplace=FLIPKART&q=shoes&store=osp&srno=s_3_112&otracker=search&fm=organic&iid=en_G3RIfuTnD0oo7b2NYH37-nTXjiyD6ow2NnMQZDT6paux3aE0Xw5NIDu_NY_HTelsRRVsBNCSTlXrl6dwRDeO4OvN4Mn-dv-pi277bRzMbnY%3D&ppt=None&ppn=None&ssid=is766ry1e80000001780910564884&qH=b0a8b6f820479900&ov_redirect=true,"JQR EAST PLUS Running Shoes For Men ₹511 ₹1,249 59% off Hot Deal"
Flipkart,shoes,asian Carnival-02 Mens High Top Casual Chunky Sneakers High T,857.0,1799.0,52.0,942.0,,Lowest Price,True,No,False,https://www.flipkart.com/asian-carnival-02-mens-high-top-casual-chunky-sneakers-tops-men/p/itm45df352810915?pid=SHOGMYKSD8VQWGB9&lid=LSTSHOGMYKSD8VQWGB9MTUEXV&marketplace=FLIPKART&q=shoes&store=osp&srno=s_3_113&otracker=search&fm=organic&iid=370201cb-892f-4ccd-9fc0-d2e77ef7b869.SHOGMYKSD8VQWGB9.SEARCH&ppt=None&ppn=None&ssid=is766ry1e80000001780910564884&qH=b0a8b6f820479900&ov_redirect=true,"asian Carnival-02 Mens High Top Casual Chunky Sneakers High T... ₹857 ₹1,799 52% off Lowest price in the year"
Flipkart,shoes,BRUTON Velox-740 EVA Casual Loafers | Stylish Look with All-Da,396.0,2499.0,84.0,2103.0,,Only Few Left,True,No,True,https://www.flipkart.com/bruton-velox-740-eva-casual-loafers-stylish-look-all-day-comfort-men/p/itmbff062630eb78?pid=SHOHEQS4TUHU2ZBV&lid=LSTSHOHEQS4TUHU2ZBVJGFFA2&marketplace=FLIPKART&q=shoes&store=osp&srno=s_3_114&otracker=search&fm=organic&iid=370201cb-892f-4ccd-9fc0-d2e77ef7b869.SHOHEQS4TUHU2ZBV.SEARCH&ppt=None&ppn=None&ssid=is766ry1e80000001780910564884&qH=b0a8b6f820479900&ov_redirect=true,"BRUTON Velox-740 EVA Casual Loafers | Stylish Look with All-Da... ₹396 ₹2,499 84% off Only few left"
Flipkart,shoes,Abros ZANE Running Shoes For Men,494.0,1399.0,64.0,905.0,,Only Few Left,True,No,False,https://www.flipkart.com/abros-zane-running-shoes-men/p/itm164d17b1b5663?pid=SHOH42ABWCRY5WGG&lid=LSTSHOH42ABWCRY5WGG421NDM&marketplace=FLIPKART&q=shoes&store=osp&srno=s_3_115&otracker=search&fm=organic&iid=370201cb-892f-4ccd-9fc0-d2e77ef7b869.SHOH42ABWCRY5WGG.SEARCH&ppt=None&ppn=None&ssid=is766ry1e80000001780910564884&qH=b0a8b6f820479900&ov_redirect=true,"Abros ZANE Running Shoes For Men ₹494 ₹1,399 64% off Only few left"
Flipkart,shoes,asian wndr-13 sports shoes for men | Latest Stylish Casual sp,611.0,999.0,38.0,388.0,,Only Few Left,True,No,False,https://www.flipkart.com/asian-wndr-13-sports-shoes-men-latest-stylish-casual-sport-running-boys-lace-up-lightweight-grey-running-walking-gym-trekking-hiking-party-running/p/itmff96xgyjjf3fx?pid=SHOF3KF5DHBZPBSH&lid=LSTSHOF3KF5DHBZPBSHBOHITM&marketplace=FLIPKART&q=shoes&store=osp&srno=s_3_116&otracker=search&fm=organic&iid=370201cb-892f-4ccd-9fc0-d2e77ef7b869.SHOF3KF5DHBZPBSH.SEARCH&ppt=None&ppn=None&ssid=is766ry1e80000001780910564884&qH=b0a8b6f820479900&ov_redirect=true,asian wndr-13 sports shoes for men | Latest Stylish Casual sp... ₹611 ₹999 38% off Only few left
Flipkart,shoes,Layasa Sneakers For Men,378.0,1999.0,81.0,1621.0,,None,False,No,True,https://www.flipkart.com/layasa-sneakers-men/p/itm17cf35a334a72?pid=SHOHEYJRRKKHG2PY&lid=LSTSHOHEYJRRKKHG2PYKXCUZI&marketplace=FLIPKART&q=shoes&store=osp&srno=s_3_118&otracker=search&fm=organic&iid=en_G3RIfuTnD0oo7b2NYH37-nTXjiyD6ow2NnMQZDT6paviQnWe0f5Keiizll3B0Z74xexdIrASigPhf5pWLVBz-fUFjCTyOHoHZs-Z5_PS_w0%3D&ppt=None&ppn=None&ssid=is766ry1e80000001780910564884&qH=b0a8b6f820479900&ov_redirect=true,"Layasa Sneakers For Men ₹378 ₹1,999 81% off Hot Deal"
Flipkart,shoes,RED TAPE Lifestyle Casual Shoes for Men for Everyday Comfort Sne,1359.0,8499.0,84.0,7140.0,,Lowest Price,True,No,True,https://www.flipkart.com/red-tape-lifestyle-casual-shoes-men-everyday-comfort-sneakers/p/itma44be8c9d8b35?pid=SHOHH5ASQSWHUWWP&lid=LSTSHOHH5ASQSWHUWWPRLG6WX&marketplace=FLIPKART&q=shoes&store=osp&srno=s_3_120&otracker=search&fm=organic&iid=370201cb-892f-4ccd-9fc0-d2e77ef7b869.SHOHH5ASQSWHUWWP.SEARCH&ppt=None&ppn=None&ssid=is766ry1e80000001780910564884&qH=b0a8b6f820479900&ov_redirect=true,"RED TAPE Lifestyle Casual Shoes for Men for Everyday Comfort Sne... ₹1,359 ₹8,499 84% off Lowest price since launch"
Flipkart,watches,LOIS CARON Trending Day & Date Series Stainless Steel Green dial w,287.0,1799.0,84.0,1512.0,,None,False,No,True,https://www.flipkart.com/lois-caron-lcs-8326-trending-day-date-series-stainless-steel-green-dial-wrist-watch-chain-boy-analog-men/p/itmf9fc49637c182?pid=WATHFNEYHZFCGUZP&lid=LSTWATHFNEYHZFCGUZPROOYR1&marketplace=FLIPKART&q=watches&store=r18%2Ff13&srno=s_1_1&otracker=search&fm=organic&iid=en_hp68gBelhaZWSq2S5czHAIyviXNt4kTiz1yXokZYePYJpWz08C23k4UTvSdIS_GtcFzo4R7TSAUtW1eJwmKPaA%3D%3D&ppt=None&ppn=None&ssid=skyi59pp8g0000001780910579565&qH=2d6b6aad43dffa91&ov_redirect=true,"LOIS CARON Trending Day & Date Series Stainless Steel Green dial w... ₹287 ₹1,799 84% off Hot Deal"
Flipkart,watches,ABREXO GODFATHER Square Chrono Look Gold Dial Date Working Bla,367.0,1999.0,81.0,1632.0,,None,False,No,True,https://www.flipkart.com/abrexo-godfather-square-chrono-look-gold-dial-date-working-black-silicone-strap-boys-analog-watch-men/p/itm961611fac8c1f?pid=WATHJ2CQ94EYETUS&lid=LSTWATHJ2CQ94EYETUSUUBHXZ&marketplace=FLIPKART&q=watches&store=r18%2Ff13&srno=s_1_2&otracker=search&fm=organic&iid=en_hp68gBelhaZWSq2S5czHAIyviXNt4kTiz1yXokZYePb8ET8kHXLoTfkivpZivxs_QS_JbzXS0Vop8f4UGHUUcA%3D%3D&ppt=None&ppn=None&ssid=skyi59pp8g0000001780910579565&qH=2d6b6aad43dffa91&ov_redirect=true,"ABREXO GODFATHER Square Chrono Look Gold Dial Date Working Bla... ₹367 ₹1,999 81% off Bank Offer"
Flipkart,watches,Spinner Spinning | Roatating | Gyro Analog Watch  - For Men SPM,354.0,2999.0,88.0,2645.0,,None,False,No,True,https://www.flipkart.com/spinner-mens-rotating-wheel-dial-analog-watch-spinning-roatating-gyro-men/p/itm45d3e5e37c50c?pid=WATHDZX5WFZEZXZK&lid=LSTWATHDZX5WFZEZXZKICTGTT&marketplace=FLIPKART&q=watches&store=r18%2Ff13&srno=s_1_3&otracker=search&fm=organic&iid=1ae7e23a-42a1-40b0-83c7-820ccdb34107.WATHDZX5WFZEZXZK.SEARCH&ppt=None&ppn=None&ssid=skyi59pp8g0000001780910579565&qH=2d6b6aad43dffa91&ov_redirect=true,"Spinner Spinning | Roatating | Gyro Analog Watch  - For Men SPM... ₹354 ₹2,999 88% off Hot Deal"
Flipkart,watches,MISSTREX Unisex Kids Yellow Printed Dial Yellow Glow in Dark Str,140.0,699.0,79.0,559.0,,Only Few Left,True,No,True,https://www.flipkart.com/misstrex-pikachu-unisex-kids-yellow-printed-dial-glow-dark-strap-analog-watch-boys-girls/p/itmb4cf1f2a51e4e?pid=WATHKGDC36GB8CRH&lid=LSTWATHKGDC36GB8CRHMVEGSD&marketplace=FLIPKART&q=watches&store=r18%2Ff13&srno=s_1_4&otracker=search&fm=organic&iid=1ae7e23a-42a1-40b0-83c7-820ccdb34107.WATHKGDC36GB8CRH.SEARCH&ppt=None&ppn=None&ssid=skyi59pp8g0000001780910579565&qH=2d6b6aad43dffa91&ov_redirect=true,MISSTREX Unisex Kids Yellow Printed Dial Yellow Glow in Dark Str... ₹140 ₹699 79% off Only few left
Flipkart,watches,Zyronwatch Luxury Grey Strap Men’s Watch Analog Watch  - For Women,240.0,999.0,75.0,759.0,,Only Few Left,True,No,True,https://www.flipkart.com/zyronwatch-029-luxury-grey-strap-mens-watch-analog-women/p/itm955e0e4f027bb?pid=WATHNJCNMHFFFM5F&lid=LSTWATHNJCNMHFFFM5FQ37M02&marketplace=FLIPKART&q=watches&store=r18%2Ff13&srno=s_1_5&otracker=search&fm=organic&iid=1ae7e23a-42a1-40b0-83c7-820ccdb34107.WATHNJCNMHFFFM5F.SEARCH&ppt=None&ppn=None&ssid=skyi59pp8g0000001780910579565&qH=2d6b6aad43dffa91&ov_redirect=true,Zyronwatch Luxury Grey Strap Men’s Watch Analog Watch  - For Women... ₹240 ₹999 75% off Only few left
Flipkart,watches,selloria KIDS-G-SPORT LOOK BAND SHOCK CHRONOGRAPH RESISTANCE Dig,162.0,799.0,79.0,637.0,,None,False,No,True,https://www.flipkart.com/selloria-kids-g-sport-look-band-shock-chronograph-resistance-digital-watch-boys/p/itmefbaa2361193f?pid=WATFURH7GWFX32G3&lid=LSTWATFURH7GWFX32G3WO73JV&marketplace=FLIPKART&q=watches&store=r18%2Ff13&srno=s_1_6&otracker=search&fm=organic&iid=en_hp68gBelhaZWSq2S5czHAIyviXNt4kTiz1yXokZYePacjc3_FHw_RtSQozIGGdkmBRIAhJteZ_Mng4m8_qvLIA%3D%3D&ppt=None&ppn=None&ssid=skyi59pp8g0000001780910579565&qH=2d6b6aad43dffa91&ov_redirect=true,selloria KIDS-G-SPORT LOOK BAND SHOCK CHRONOGRAPH RESISTANCE Dig... ₹162 ₹799 79% off Hot Deal
Flipkart,watches,Roman Star Analog Watch  - For Women RS-1441,256.0,1099.0,76.0,843.0,,None,False,No,True,https://www.flipkart.com/roman-star-analog-watch-women/p/itm04c168748369f?pid=WATHKEE8ESZZGTUB&lid=LSTWATHKEE8ESZZGTUB9EVYM8&marketplace=FLIPKART&q=watches&store=r18%2Ff13&srno=s_1_7&otracker=search&fm=organic&iid=1ae7e23a-42a1-40b0-83c7-820ccdb34107.WATHKEE8ESZZGTUB.SEARCH&ppt=None&ppn=None&ssid=skyi59pp8g0000001780910579565&qH=2d6b6aad43dffa91&ov_redirect=true,"Roman Star Analog Watch  - For Women RS-1441 ₹256 ₹1,099 76% off Bank Offer"
Flipkart,watches,blutech Analog Watch  - For Boys & Girls watches,154.0,999.0,84.0,845.0,,Only Few Left,True,No,True,https://www.flipkart.com/blutech-analog-watch-boys-girls/p/itm83f92e09b287d?pid=WATHHF3WRAE9E7HH&lid=LSTWATHHF3WRAE9E7HH2VVSCR&marketplace=FLIPKART&q=watches&store=r18%2Ff13&srno=s_1_8&otracker=search&fm=organic&iid=1ae7e23a-42a1-40b0-83c7-820ccdb34107.WATHHF3WRAE9E7HH.SEARCH&ppt=None&ppn=None&ssid=skyi59pp8g0000001780910579565&qH=2d6b6aad43dffa91&ov_redirect=true,blutech Analog Watch  - For Boys & Girls watches ₹154 ₹999 84% off Only few left
Flipkart,watches,Dressberry Minimalist Rose Gold Dial with Glossy Strap Analog Watc,406.0,2299.0,82.0,1893.0,,None,False,No,True,https://www.flipkart.com/dressberry-minimalist-rose-gold-dial-glossy-strap-analog-watch-women/p/itm1c2e497744899?pid=WATHET3KARDZGYGX&lid=LSTWATHET3KARDZGYGXYA7GWF&marketplace=FLIPKART&q=watches&store=r18%2Ff13&srno=s_1_9&otracker=search&fm=organic&iid=1ae7e23a-42a1-40b0-83c7-820ccdb34107.WATHET3KARDZGYGX.SEARCH&ppt=None&ppn=None&ssid=skyi59pp8g0000001780910579565&qH=2d6b6aad43dffa91&ov_redirect=true,"Dressberry Minimalist Rose Gold Dial with Glossy Strap Analog Watc... ₹406 ₹2,299 82% off Bank Offer"
Flipkart,watches,Blue Pearl Date Functioning Series Square Dial Boys Watch with Qua,267.0,1999.0,86.0,1732.0,,None,False,No,True,https://www.flipkart.com/blue-pearl-date-function-sw-801-functioning-series-square-dial-boys-watch-quartz-mevhanism-analog-men/p/itm809073dde7e32?pid=WATHAX2MXGBAU2QZ&lid=LSTWATHAX2MXGBAU2QZ78Q61M&marketplace=FLIPKART&q=watches&store=r18%2Ff13&srno=s_1_10&otracker=search&fm=organic&iid=1ae7e23a-42a1-40b0-83c7-820ccdb34107.WATHAX2MXGBAU2QZ.SEARCH&ppt=None&ppn=None&ssid=skyi59pp8g0000001780910579565&qH=2d6b6aad43dffa91&ov_redirect=true,"Blue Pearl Date Functioning Series Square Dial Boys Watch with Qua... ₹267 ₹1,999 86% off Hot Deal"
Flipkart,watches,PRAIZY Analog Watch  - For Men PZ - Roman Figure Dial Silicone,150.0,999.0,84.0,849.0,,None,False,No,True,https://www.flipkart.com/praizy-analog-watch-men/p/itm7f8cff6f091fb?pid=WATHBT4MQXXHH8U4&lid=LSTWATHBT4MQXXHH8U48YLZNE&marketplace=FLIPKART&q=watches&store=r18%2Ff13&srno=s_1_11&otracker=search&fm=organic&iid=en_hp68gBelhaZWSq2S5czHAIyviXNt4kTiz1yXokZYePa0Wr-CjHcPICMqql9e2Vg16TfuggytzCVQxp-4rwHqIfUFjCTyOHoHZs-Z5_PS_w0%3D&ppt=None&ppn=None&ssid=skyi59pp8g0000001780910579565&qH=2d6b6aad43dffa91&ov_redirect=true,PRAIZY Analog Watch  - For Men PZ - Roman Figure Dial Silicone... ₹150 ₹999 84% off Hot Deal
Flipkart,watches,ARMADO #Unique Analoge watch Series men and boys Analog Watch,170.0,1599.0,89.0,1429.0,,None,False,No,True,https://www.flipkart.com/armado-1531-black-cross-unique-analoge-watch-series-men-boys-analog/p/itm36a52f7822e86?pid=WATH57GZEVXAEQJD&lid=LSTWATH57GZEVXAEQJD8023OY&marketplace=FLIPKART&q=watches&store=r18%2Ff13&srno=s_1_12&otracker=search&fm=organic&iid=en_hp68gBelhaZWSq2S5czHAIyviXNt4kTiz1yXokZYePbf_FYu__qTGMOIISyJwtygRPTtUV2KFGS54n5KgaP6J_UFjCTyOHoHZs-Z5_PS_w0%3D&ppt=None&ppn=None&ssid=skyi59pp8g0000001780910579565&qH=2d6b6aad43dffa91&ov_redirect=true,"ARMADO #Unique Analoge watch Series men and boys Analog Watch ... ₹170 ₹1,599 89% off Hot Deal"
Flipkart,watches,Shivark Analog Watch  - For Boys New Attractive Designer Blue D,170.0,999.0,82.0,829.0,,None,False,No,True,https://www.flipkart.com/shivark-analog-watch-boys/p/itm2ab544b831fd1?pid=WATHBDS5RCZPXSDK&lid=LSTWATHBDS5RCZPXSDK7BJK2T&marketplace=FLIPKART&q=watches&store=r18%2Ff13&srno=s_1_13&otracker=search&fm=organic&iid=1ae7e23a-42a1-40b0-83c7-820ccdb34107.WATHBDS5RCZPXSDK.SEARCH&ppt=None&ppn=None&ssid=skyi59pp8g0000001780910579565&qH=2d6b6aad43dffa91&ov_redirect=true,Shivark Analog Watch  - For Boys New Attractive Designer Blue D... ₹170 ₹999 82% off Hot Deal
Flipkart,watches,Krolexe Stylish KGN Dial Grey Silicone Strap Wrist Watch for Mu,166.0,799.0,79.0,633.0,,Only Few Left,True,No,True,https://www.flipkart.com/krolexe-iw008-3k-sil-cdgry-stylish-kgn-dial-grey-silicone-strap-wrist-watch-muslim-men-boys-analog/p/itmea1c56a2ac04e?pid=WATHHHFFK7VYZZBF&lid=LSTWATHHHFFK7VYZZBFQWGFKB&marketplace=FLIPKART&q=watches&store=r18%2Ff13&srno=s_1_14&otracker=search&fm=organic&iid=1ae7e23a-42a1-40b0-83c7-820ccdb34107.WATHHHFFK7VYZZBF.SEARCH&ppt=None&ppn=None&ssid=skyi59pp8g0000001780910579565&qH=2d6b6aad43dffa91&ov_redirect=true,Krolexe Stylish KGN Dial Grey Silicone Strap Wrist Watch for Mu... ₹166 ₹799 79% off Only few left
Flipkart,watches,Gyro Car wheel/spinning/Rotating/Gyro/Red Analog Watch  - Fo,352.0,1499.0,76.0,1147.0,,Only Few Left,True,No,True,https://www.flipkart.com/gyro-men-s-rotating-wheel-dial-analog-watch-a01-car-wheel-spinning-rotating-gyro-red-men/p/itmb65836eff3ee1?pid=WATHHR2D6RYHNVJX&lid=LSTWATHHR2D6RYHNVJXALS9GX&marketplace=FLIPKART&q=watches&store=r18%2Ff13&srno=s_1_15&otracker=search&fm=organic&iid=1ae7e23a-42a1-40b0-83c7-820ccdb34107.WATHHR2D6RYHNVJX.SEARCH&ppt=None&ppn=None&ssid=skyi59pp8g0000001780910579565&qH=2d6b6aad43dffa91&ov_redirect=true,"Gyro Car wheel/spinning/Rotating/Gyro/Red Analog Watch  - Fo... ₹352 ₹1,499 76% off Only few left"
Flipkart,watches,Shivark Silicone Strap Boys Analog Watch  - For Men SL-01,151.0,999.0,84.0,848.0,,None,False,No,True,https://www.flipkart.com/shivark-silicone-strap-boys-analog-watch-men/p/itm8f7925ef1f48b?pid=WATHCJZ6DANQF3B6&lid=LSTWATHCJZ6DANQF3B6YUTPMH&marketplace=FLIPKART&q=watches&store=r18%2Ff13&spotlightTagId=default_BestsellerId_r18%2Ff13&srno=s_1_16&otracker=search&fm=organic&iid=1ae7e23a-42a1-40b0-83c7-820ccdb34107.WATHCJZ6DANQF3B6.SEARCH&ppt=None&ppn=None&ssid=skyi59pp8g0000001780910579565&qH=2d6b6aad43dffa91&ov_redirect=true,Shivark Silicone Strap Boys Analog Watch  - For Men SL-01 ₹151 ₹999 84% off Hot Deal
Flipkart,watches,Shivark Silicone Strap Boys Analog Watch Analog Watch  - For Me,173.0,999.0,82.0,826.0,,None,False,No,True,https://www.flipkart.com/shivark-silicone-strap-boys-analog-watch-men/p/itm428ce0d77224b?pid=WATHDU9GNBYVZMEE&lid=LSTWATHDU9GNBYVZMEEMDBM3U&marketplace=FLIPKART&q=watches&store=r18%2Ff13&srno=s_1_17&otracker=search&fm=organic&iid=en_hp68gBelhaZWSq2S5czHAIyviXNt4kTiz1yXokZYePbfkcWtZE8Sv3OpWid9FO1w1gF07q5uB437yLKX0Lt8xvUFjCTyOHoHZs-Z5_PS_w0%3D&ppt=None&ppn=None&ssid=skyi59pp8g0000001780910579565&qH=2d6b6aad43dffa91&ov_redirect=true,Shivark Silicone Strap Boys Analog Watch Analog Watch  - For Me... ₹173 ₹999 82% off Hot Deal
Flipkart,watches,M7 By Metronaut M7 Adventure Chrono Series Analog-Digital Watch  - For,719.0,1999.0,64.0,1280.0,,None,False,No,False,https://www.flipkart.com/m7-metronaut-8012-adventure-chrono-series-analog-digital-watch-men/p/itme37cbbc78ffa8?pid=WATHKKKZPDBCYZ9X&lid=LSTWATHKKKZPDBCYZ9XCOZNKE&marketplace=FLIPKART&q=watches&store=r18%2Ff13&srno=s_1_18&otracker=search&fm=organic&iid=en_hp68gBelhaZWSq2S5czHAIyviXNt4kTiz1yXokZYePZLgH6LEGxkYPlaEPLAnBDCJF6YkvBLtAFhEdZR97JUKPUFjCTyOHoHZs-Z5_PS_w0%3D&ppt=None&ppn=None&ssid=skyi59pp8g0000001780910579565&qH=2d6b6aad43dffa91&ov_redirect=true,"M7 By Metronaut M7 Adventure Chrono Series Analog-Digital Watch  - For ... ₹719 ₹1,999 64% off Bank Offer"
Flipkart,watches,Vondex Iced Out Rapper Style Gold Watch Analog Watch  - For Me,337.0,1599.0,78.0,1262.0,,None,False,No,True,https://www.flipkart.com/vondex-dimond-watch-iced-out-rapper-style-gold-analog-men-women/p/itma8bc411785b0a?pid=WATHJNMMWKGZETXB&lid=LSTWATHJNMMWKGZETXBE9UUIL&marketplace=FLIPKART&q=watches&store=r18%2Ff13&srno=s_1_19&otracker=search&fm=organic&iid=1ae7e23a-42a1-40b0-83c7-820ccdb34107.WATHJNMMWKGZETXB.SEARCH&ppt=None&ppn=None&ssid=skyi59pp8g0000001780910579565&qH=2d6b6aad43dffa91&ov_redirect=true,"Vondex Iced Out Rapper Style Gold Watch Analog Watch  - For Me... ₹337 ₹1,599 78% off Hot Deal"
Flipkart,watches,Shivark Silicone Strap Boys Analog Watch Analog Watch  - For Me,153.0,999.0,84.0,846.0,,None,False,No,True,https://www.flipkart.com/shivark-sl-01-silicone-strap-boys-analog-watch-men/p/itmc289043394c3a?pid=WATHDG4EVXSZXG2M&lid=LSTWATHDG4EVXSZXG2MDWBUVQ&marketplace=FLIPKART&q=watches&store=r18%2Ff13&srno=s_1_20&otracker=search&fm=organic&iid=1ae7e23a-42a1-40b0-83c7-820ccdb34107.WATHDG4EVXSZXG2M.SEARCH&ppt=None&ppn=None&ssid=skyi59pp8g0000001780910579565&qH=2d6b6aad43dffa91&ov_redirect=true,Shivark Silicone Strap Boys Analog Watch Analog Watch  - For Me... ₹153 ₹999 84% off Hot Deal
Flipkart,watches,WANTON stainless steel chain shiny attractive Black Chrono sty,170.0,1499.0,88.0,1329.0,,None,False,No,True,https://www.flipkart.com/wanton-stainless-steel-chain-shiny-attractive-black-chrono-stylish-dial-watch-men-analog-boys/p/itm785842a4a2384?pid=WATGYFM3M449BK9A&lid=LSTWATGYFM3M449BK9AXFVJRF&marketplace=FLIPKART&q=watches&store=r18%2Ff13&srno=s_1_21&otracker=search&fm=organic&iid=en_hp68gBelhaZWSq2S5czHAIyviXNt4kTiz1yXokZYePaWkagpEkWFgpe-gtNC9vbi2yNZ4DjrbEbu7Az7CEfsIvUFjCTyOHoHZs-Z5_PS_w0%3D&ppt=None&ppn=None&ssid=skyi59pp8g0000001780910579565&qH=2d6b6aad43dffa91&ov_redirect=true,"WANTON stainless steel chain shiny attractive Black Chrono sty... ₹170 ₹1,499 88% off Hot Deal"
Flipkart,watches,KILLER Hexa Series | Working Date Display | Smart Watch Strap,411.0,1999.0,79.0,1588.0,,Only Few Left,True,No,True,https://www.flipkart.com/killer-hexa-series-working-date-display-smart-watch-strap-3d-glass-soft-silicon-analog-men/p/itm63fc34050a894?pid=WATHHRZVGANDQGR6&lid=LSTWATHHRZVGANDQGR6D3FUUB&marketplace=FLIPKART&q=watches&store=r18%2Ff13&srno=s_1_23&otracker=search&fm=organic&iid=1ae7e23a-42a1-40b0-83c7-820ccdb34107.WATHHRZVGANDQGR6.SEARCH&ppt=None&ppn=None&ssid=skyi59pp8g0000001780910579565&qH=2d6b6aad43dffa91&ov_redirect=true,"KILLER Hexa Series | Working Date Display | Smart Watch Strap ... ₹411 ₹1,999 79% off Only few left"
Flipkart,watches,selloria DIGITAL KIDS-BOYS-G-SPORT LOOK BAND SHOCK CHRONOGRAPH R,162.0,999.0,83.0,837.0,,None,False,No,True,https://www.flipkart.com/selloria-digital-kids-boys-g-sport-look-band-shock-chronograph-resistance-luminous-watch-boys/p/itm37fa3a3e221d6?pid=WATGY689RGNMF9QU&lid=LSTWATGY689RGNMF9QUYNJNMA&marketplace=FLIPKART&q=watches&store=r18%2Ff13&srno=s_1_25&otracker=search&fm=organic&iid=1ae7e23a-42a1-40b0-83c7-820ccdb34107.WATGY689RGNMF9QU.SEARCH&ppt=None&ppn=None&ssid=skyi59pp8g0000001780910579565&qH=2d6b6aad43dffa91&ov_redirect=true,selloria DIGITAL KIDS-BOYS-G-SPORT LOOK BAND SHOCK CHRONOGRAPH R... ₹162 ₹999 83% off Hot Deal
Flipkart,watches,Natrix Stylish YA ALI sword Dial Grey Silicone Strap Watch for,148.0,799.0,81.0,651.0,,Only Few Left,True,No,True,https://www.flipkart.com/natrix-iw009-avo-sil-cdgry-stylish-ya-ali-sword-dial-grey-silicone-strap-watch-muslim-men-boys-analog/p/itmc1ab30cea1332?pid=WATHHHFAZQQJ4SGT&lid=LSTWATHHHFAZQQJ4SGTGO6HZN&marketplace=FLIPKART&q=watches&store=r18%2Ff13&srno=s_1_26&otracker=search&fm=organic&iid=1ae7e23a-42a1-40b0-83c7-820ccdb34107.WATHHHFAZQQJ4SGT.SEARCH&ppt=None&ppn=None&ssid=skyi59pp8g0000001780910579565&qH=2d6b6aad43dffa91&ov_redirect=true,Natrix Stylish YA ALI sword Dial Grey Silicone Strap Watch for... ₹148 ₹799 81% off Only few left
Flipkart,watches,MIVAAN Analog Watch  - For Men Ram 5 Dial And New Pvc Black St,168.0,999.0,83.0,831.0,,None,False,No,True,https://www.flipkart.com/mivaan-analog-watch-men/p/itme0686ca4a7291?pid=WATGYMT8GBH5KFWZ&lid=LSTWATGYMT8GBH5KFWZFK6WVW&marketplace=FLIPKART&q=watches&store=r18%2Ff13&srno=s_1_27&otracker=search&fm=organic&iid=en_hp68gBelhaZWSq2S5czHAIyviXNt4kTiz1yXokZYePZKvTVEQRUx5lnrD6DXBbncortA2hRAwLahkJUGn4uMvA%3D%3D&ppt=None&ppn=None&ssid=skyi59pp8g0000001780910579565&qH=2d6b6aad43dffa91&ov_redirect=true,MIVAAN Analog Watch  - For Men Ram 5 Dial And New Pvc Black St... ₹168 ₹999 83% off Hot Deal
Flipkart,watches,YARA 97858 Analog Watch  - For Men QW01_RAMM Watch Black,369.0,1599.0,76.0,1230.0,,Only Few Left,True,No,True,https://www.flipkart.com/yara-97858-analog-watch-men/p/itmb1120dcceb1bd?pid=WATHJH5RYWJCAFHF&lid=LSTWATHJH5RYWJCAFHFCY2FSD&marketplace=FLIPKART&q=watches&store=r18%2Ff13&srno=s_1_29&otracker=search&fm=organic&iid=1ae7e23a-42a1-40b0-83c7-820ccdb34107.WATHJH5RYWJCAFHF.SEARCH&ppt=None&ppn=None&ssid=skyi59pp8g0000001780910579565&qH=2d6b6aad43dffa91&ov_redirect=true,"YARA 97858 Analog Watch  - For Men QW01_RAMM Watch Black ₹369 ₹1,599 76% off Only few left"
Flipkart,watches,Veloura Jewels Analog Watch  - For Women P-11,369.0,999.0,63.0,630.0,,Only Few Left,True,No,False,https://www.flipkart.com/veloura-jewels-analog-watch-women/p/itm7cfab09b84546?pid=WATHMHSY6EGH8TBK&lid=LSTWATHMHSY6EGH8TBK0HACAY&marketplace=FLIPKART&q=watches&store=r18%2Ff13&srno=s_1_30&otracker=search&fm=organic&iid=1ae7e23a-42a1-40b0-83c7-820ccdb34107.WATHMHSY6EGH8TBK.SEARCH&ppt=None&ppn=None&ssid=skyi59pp8g0000001780910579565&qH=2d6b6aad43dffa91&ov_redirect=true,Veloura Jewels Analog Watch  - For Women P-11 ₹369 ₹999 63% off Only few left
Flipkart,watches,LOIS CARON Elegant Series Square Quartz For /Boys Wrist Analog Wat,287.0,1999.0,85.0,1712.0,,None,False,No,True,https://www.flipkart.com/lois-caron-lcs-4312-elegant-series-square-quartz-boys-wrist-analog-watch-men/p/itm3dd5d490dd4f7?pid=WATHCTMBZKGAHVCA&lid=LSTWATHCTMBZKGAHVCA2XBG3Z&marketplace=FLIPKART&q=watches&store=r18%2Ff13&srno=s_1_31&otracker=search&fm=organic&iid=en_hp68gBelhaZWSq2S5czHAIyviXNt4kTiz1yXokZYePbQ6VMjJGEBhvm8xF4vAp46ofxeC2rEcMa8OWy76js8d_UFjCTyOHoHZs-Z5_PS_w0%3D&ppt=None&ppn=None&ssid=skyi59pp8g0000001780910579565&qH=2d6b6aad43dffa91&ov_redirect=true,"LOIS CARON Elegant Series Square Quartz For /Boys Wrist Analog Wat... ₹287 ₹1,999 85% off Bank Offer"
Flipkart,watches,LIMESTONE Day and Date Function Steel Strap Quartz Analog Watch,267.0,1899.0,85.0,1632.0,,None,False,No,True,https://www.flipkart.com/limestone-day-date-function-steel-strap-quartz-analog-watch-men/p/itmd2262fd9a34c2?pid=WATFH3QXHTM37QYD&lid=LSTWATFH3QXHTM37QYDLY6IP3&marketplace=FLIPKART&q=watches&store=r18%2Ff13&srno=s_1_32&otracker=search&fm=organic&iid=en_hp68gBelhaZWSq2S5czHAIyviXNt4kTiz1yXokZYePZqYOXerZFmj_QdLa1IHnmgSUzSNy1KqhwxuHFxGn_yL_UFjCTyOHoHZs-Z5_PS_w0%3D&ppt=None&ppn=None&ssid=skyi59pp8g0000001780910579565&qH=2d6b6aad43dffa91&ov_redirect=true,"LIMESTONE Day and Date Function Steel Strap Quartz Analog Watch  ... ₹267 ₹1,899 85% off Hot Deal"
Flipkart,watches,SKOAL Fancy Design Stylish ALPHABET A Dial Silver Leather Str,157.0,999.0,84.0,842.0,,None,False,No,True,https://www.flipkart.com/skoal-alpha-a-avo-sil-stl-fancy-design-stylish-alphabet-dial-silver-leather-strap-men-wrist-watch-analog-boys/p/itma9c8bf7387640?pid=WATH52492FWGDHUV&lid=LSTWATH52492FWGDHUVQW816O&marketplace=FLIPKART&q=watches&store=r18%2Ff13&srno=s_1_33&otracker=search&fm=organic&iid=1ae7e23a-42a1-40b0-83c7-820ccdb34107.WATH52492FWGDHUV.SEARCH&ppt=None&ppn=None&ssid=skyi59pp8g0000001780910579565&qH=2d6b6aad43dffa91&ov_redirect=true,SKOAL Fancy Design Stylish ALPHABET A Dial Silver Leather Str... ₹157 ₹999 84% off Hot Deal
Flipkart,watches,Reboot FT3029 NEW DESIGNER SQUARE DIAL Analog Watch  - For Men,229.0,2499.0,90.0,2270.0,,Only Few Left,True,No,True,https://www.flipkart.com/reboot-ft3029-new-designer-square-dial-analog-watch-men/p/itm5d0c9c9a1d3c2?pid=WATHHMGGFXSW5ZXG&lid=LSTWATHHMGGFXSW5ZXGQDP7S5&marketplace=FLIPKART&q=watches&store=r18%2Ff13&srno=s_1_34&otracker=search&fm=organic&iid=1ae7e23a-42a1-40b0-83c7-820ccdb34107.WATHHMGGFXSW5ZXG.SEARCH&ppt=None&ppn=None&ssid=skyi59pp8g0000001780910579565&qH=2d6b6aad43dffa91&ov_redirect=true,"Reboot FT3029 NEW DESIGNER SQUARE DIAL Analog Watch  - For Men... ₹229 ₹2,499 90% off Only few left"
Flipkart,watches,Timofy Trendy Chain Strap Series Digital Watch  - For Men & Wo,134.0,899.0,85.0,765.0,,Only Few Left,True,No,True,https://www.flipkart.com/timofy-waterproof-silver-digital-watch-stopwatch-alarm-stainless-strap-trendy-chain-series-men-women/p/itm659a0aeb151b4?pid=WATHE96YNWA7SR5X&lid=LSTWATHE96YNWA7SR5XE8K77N&marketplace=FLIPKART&q=watches&store=r18%2Ff13&srno=s_1_35&otracker=search&fm=organic&iid=1ae7e23a-42a1-40b0-83c7-820ccdb34107.WATHE96YNWA7SR5X.SEARCH&ppt=None&ppn=None&ssid=skyi59pp8g0000001780910579565&qH=2d6b6aad43dffa91&ov_redirect=true,Timofy Trendy Chain Strap Series Digital Watch  - For Men & Wo... ₹134 ₹899 85% off Only few left
Flipkart,watches,luxurit 3ATM Waterproof Sports for Boys with Backlight Alarm Sn,314.0,1999.0,84.0,1685.0,,None,False,No,True,https://www.flipkart.com/luxurit-3atm-waterproof-sports-boys-backlight-alarm-snooze-stop-digital-watch-men/p/itm53cc8de6d63a8?pid=WATGT2RGRDPVJZAA&lid=LSTWATGT2RGRDPVJZAAZQ3CWI&marketplace=FLIPKART&q=watches&store=r18%2Ff13&srno=s_1_36&otracker=search&fm=organic&iid=1ae7e23a-42a1-40b0-83c7-820ccdb34107.WATGT2RGRDPVJZAA.SEARCH&ppt=None&ppn=None&ssid=skyi59pp8g0000001780910579565&qH=2d6b6aad43dffa91&ov_redirect=true,"luxurit 3ATM Waterproof Sports for Boys with Backlight Alarm Sn... ₹314 ₹1,999 84% off Hot Deal"
Flipkart,watches,MAAN INTERNATIONAL Multicolor Lights 3D Cute Cartoon Multi Function Rubber,187.0,1499.0,87.0,1312.0,,None,False,No,True,https://www.flipkart.com/maan-international-spider-man-multicolor-lights-3d-cute-cartoon-multi-function-rubber-strap-kidd-s-boys-analog-watch-girls/p/itm7b97c70eb5445?pid=WATGTCRG6VM6TQFY&lid=LSTWATGTCRG6VM6TQFYSTJJNA&marketplace=FLIPKART&q=watches&store=r18%2Ff13&srno=s_1_37&otracker=search&fm=organic&iid=en_hp68gBelhaZWSq2S5czHAIyviXNt4kTiz1yXokZYePYMQzZ-sNFLw0y-NEuKUmFO9p_fCAsSt_JTgoglCcLmWvUFjCTyOHoHZs-Z5_PS_w0%3D&ppt=None&ppn=None&ssid=skyi59pp8g0000001780910579565&qH=2d6b6aad43dffa91&ov_redirect=true,"MAAN INTERNATIONAL Multicolor Lights 3D Cute Cartoon Multi Function Rubber... ₹187 ₹1,499 87% off Hot Deal"
Flipkart,watches,ABREXO Vintage-Law Date Working Square Black Dial Brown Premiu,311.0,1999.0,84.0,1688.0,,None,False,No,True,https://www.flipkart.com/abrexo-abx6600-bk-br-vintage-law-date-working-square-black-dial-brown-premium-silicone-strap-boys-analog-watch-men/p/itm1c7f2c5e8aa88?pid=WATGYQ4GPM5RGFWY&lid=LSTWATGYQ4GPM5RGFWYJUTE8N&marketplace=FLIPKART&q=watches&store=r18%2Ff13&srno=s_1_38&otracker=search&fm=organic&iid=en_hp68gBelhaZWSq2S5czHAIyviXNt4kTiz1yXokZYePZJIFRipEpfE5ZrlG7xk9_YQVtjyVngA-iWisNZzLkFUw%3D%3D&ppt=None&ppn=None&ssid=skyi59pp8g0000001780910579565&qH=2d6b6aad43dffa91&ov_redirect=true,"ABREXO Vintage-Law Date Working Square Black Dial Brown Premiu... ₹311 ₹1,999 84% off Hot Deal"
Flipkart,watches,Shivam Fashion Car wheel watch | Spinning watch | Rotating watch | Gyr,338.0,2995.0,88.0,2657.0,,Only Few Left,True,No,True,https://www.flipkart.com/shivam-fashion-gyro-rotating-watch-car-wheel-spinning-analog-men/p/itmc1c12c5b32a72?pid=WATHFW7HE664GRKJ&lid=LSTWATHFW7HE664GRKJAOTB8V&marketplace=FLIPKART&q=watches&store=r18%2Ff13&srno=s_1_39&otracker=search&fm=organic&iid=1ae7e23a-42a1-40b0-83c7-820ccdb34107.WATHFW7HE664GRKJ.SEARCH&ppt=None&ppn=None&ssid=skyi59pp8g0000001780910579565&qH=2d6b6aad43dffa91&ov_redirect=true,"Shivam Fashion Car wheel watch | Spinning watch | Rotating watch | Gyr... ₹338 ₹2,995 88% off Only few left"
Flipkart,watches,HYDEY Kids Edition Unicorn Digital For Kids Digital Watch Dig,121.0,950.0,87.0,829.0,,Only Few Left,True,No,True,https://www.flipkart.com/hydey-kids-unicorn-kids-unicorn-digital-watch-girls/p/itma71f200927e5c?pid=WATHFPAGVMMFHVXR&lid=LSTWATHFPAGVMMFHVXRT9CUET&marketplace=FLIPKART&q=watches&store=r18%2Ff13&srno=s_1_40&otracker=search&fm=organic&iid=1ae7e23a-42a1-40b0-83c7-820ccdb34107.WATHFPAGVMMFHVXR.SEARCH&ppt=None&ppn=None&ssid=skyi59pp8g0000001780910579565&qH=2d6b6aad43dffa91&ov_redirect=true,HYDEY Kids Edition Unicorn Digital For Kids Digital Watch Dig... ₹121 ₹950 87% off Only few left
Flipkart,watches,HINISH Unisex Waterproof Sport Digital Watch Digital Watch,167.0,899.0,81.0,732.0,,None,False,No,True,https://www.flipkart.com/hinish-black-watch-unisex-waterproof-sport-digital-boys-girls/p/itmfe4c3c87d0768?pid=WATG6SNHNEVQ5ZS9&lid=LSTWATG6SNHNEVQ5ZS9CZKSKX&marketplace=FLIPKART&q=watches&store=r18%2Ff13&srno=s_2_41&otracker=search&fm=organic&iid=en_hjzdstHK_XQAB5gDlsIphhpZ6zU944Ly3GQKeFjfOu-XzFyyp1IP4H_ealBzWFlReRbzqqF-1IEPyMGGkxtBi1mRLghqNYwbBCyX1PneZJA0v7EJZqaJS_zSR4AE5BeY&ppt=None&ppn=None&ssid=3c1jqhqe7k0000001780910592559&qH=2d6b6aad43dffa91&ov_redirect=true,HINISH Unisex Waterproof Sport Digital Watch Digital Watch  - ... ₹167 ₹899 81% off Hot Deal
Flipkart,watches,SKOAL Fancy Design Stylish ALPHABET S Dial Black Leather Stra,141.0,999.0,85.0,858.0,,None,False,No,True,https://www.flipkart.com/skoal-alpha-s-avo-blk-cdblk-fancy-design-stylish-alphabet-s-dial-black-leather-strap-men-wrist-watch-analog-boys/p/itmb95a48e428da2?pid=WATH5247AFHVWCVG&lid=LSTWATH5247AFHVWCVG2ZH16M&marketplace=FLIPKART&q=watches&store=r18%2Ff13&srno=s_2_43&otracker=search&fm=organic&iid=e48364df-f10d-49a3-b248-5bdc400f6db4.WATH5247AFHVWCVG.SEARCH&ppt=None&ppn=None&ssid=3c1jqhqe7k0000001780910592559&qH=2d6b6aad43dffa91&ov_redirect=true,SKOAL Fancy Design Stylish ALPHABET S Dial Black Leather Stra... ₹141 ₹999 85% off Hot Deal
Flipkart,watches,Shriji Enterprises 5DTY Digital Watch  - For Women DIAMOND WATCH FOR GIRLS,223.0,1549.0,85.0,1326.0,,Only Few Left,True,No,True,https://www.flipkart.com/shriji-enterprises-ytj4-5dty-digital-watch-women/p/itm24afdb3f2b9cf?pid=WATHNWWDPGFDEWPB&lid=LSTWATHNWWDPGFDEWPBUTZORW&marketplace=FLIPKART&q=watches&store=r18%2Ff13&srno=s_2_44&otracker=search&fm=organic&iid=e48364df-f10d-49a3-b248-5bdc400f6db4.WATHNWWDPGFDEWPB.SEARCH&ppt=None&ppn=None&ssid=3c1jqhqe7k0000001780910592559&qH=2d6b6aad43dffa91&ov_redirect=true,"Shriji Enterprises 5DTY Digital Watch  - For Women DIAMOND WATCH FOR GIRLS ₹223 ₹1,549 85% off Only few left"
Flipkart,watches,Americanviber Long Battery Life|Metal Bracelet Chain Strap|Double Loc,249.0,899.0,72.0,650.0,,None,False,No,True,https://www.flipkart.com/americanviber-drw0038-long-battery-life-metal-bracelet-chain-strap-double-lock-clasp-safety-analog-watch-women/p/itm39f80990a9f4a?pid=WATHHX9ZNRAJYHQ6&lid=LSTWATHHX9ZNRAJYHQ6JZ7NE9&marketplace=FLIPKART&q=watches&store=r18%2Ff13&srno=s_2_45&otracker=search&fm=organic&iid=e48364df-f10d-49a3-b248-5bdc400f6db4.WATHHX9ZNRAJYHQ6.SEARCH&ppt=None&ppn=None&ssid=3c1jqhqe7k0000001780910592559&qH=2d6b6aad43dffa91&ov_redirect=true,Americanviber Long Battery Life|Metal Bracelet Chain Strap|Double Loc... ₹249 ₹899 72% off Hot Deal
Flipkart,watches,Sabararabic Black Minimalist Watch with Arabic Numerals Modern Wris,212.0,1599.0,86.0,1387.0,,Only Few Left,True,No,True,https://www.flipkart.com/sabararabic-arabic-aura-wrist-watch-black-minimalist-numerals-modern-analog-men/p/itmb5a44076a989d?pid=WATHGYPE5UHXKW6E&lid=LSTWATHGYPE5UHXKW6EF87IYR&marketplace=FLIPKART&q=watches&store=r18%2Ff13&srno=s_2_46&otracker=search&fm=organic&iid=e48364df-f10d-49a3-b248-5bdc400f6db4.WATHGYPE5UHXKW6E.SEARCH&ppt=None&ppn=None&ssid=3c1jqhqe7k0000001780910592559&qH=2d6b6aad43dffa91&ov_redirect=true,"Sabararabic Black Minimalist Watch with Arabic Numerals Modern Wris... ₹212 ₹1,599 86% off Only few left"
Flipkart,watches,Piaoma Day And Date Functioning High Quality Combo Of King Pri,295.0,1995.0,85.0,1700.0,,None,False,No,True,https://www.flipkart.com/piaoma-day-date-functioning-high-quality-combo-king-printed-bracelet-analog-watch-men/p/itm9e9cf4e1bfe08?pid=WATG4CSZMZ5TFBXU&lid=LSTWATG4CSZMZ5TFBXUJ1NGQ6&marketplace=FLIPKART&q=watches&store=r18%2Ff13&srno=s_2_47&otracker=search&fm=organic&iid=en_hjzdstHK_XQAB5gDlsIphhpZ6zU944Ly3GQKeFjfOu9IFY70JfZs8MZxIGGVDi6vJPFbmqUoG3cSHg70rJRWOronsmvmnQ1LUfUJItCDbQQ0v7EJZqaJS_zSR4AE5BeY&ppt=None&ppn=None&ssid=3c1jqhqe7k0000001780910592559&qH=2d6b6aad43dffa91&ov_redirect=true,"Piaoma Day And Date Functioning High Quality Combo Of King Pri... ₹295 ₹1,995 85% off Bank Offer"
Flipkart,watches,LAKHYA Analog Watch  - For Men ZL_05_BLK,261.0,1963.0,86.0,1702.0,,Only Few Left,True,No,True,https://www.flipkart.com/lakhya-watch-analog-men/p/itm5aa169f27a541?pid=WATHNWTUHPZA8HFY&lid=LSTWATHNWTUHPZA8HFYFIZT9S&marketplace=FLIPKART&q=watches&store=r18%2Ff13&srno=s_2_50&otracker=search&fm=organic&iid=e48364df-f10d-49a3-b248-5bdc400f6db4.WATHNWTUHPZA8HFY.SEARCH&ppt=None&ppn=None&ssid=3c1jqhqe7k0000001780910592559&qH=2d6b6aad43dffa91&ov_redirect=true,"LAKHYA Analog Watch  - For Men ZL_05_BLK ₹261 ₹1,963 86% off Only few left"
Flipkart,watches,PRAIZY Analog Watch  - For Men Square Dial Silicone Strap,170.0,1299.0,86.0,1129.0,,None,False,No,True,https://www.flipkart.com/praizy-analog-watch-men/p/itm48c8a12b7809a?pid=WATHAQKHJZSYGRPX&lid=LSTWATHAQKHJZSYGRPXNLFZK9&marketplace=FLIPKART&q=watches&store=r18%2Ff13&srno=s_2_51&otracker=search&fm=organic&iid=en_hjzdstHK_XQAB5gDlsIphhpZ6zU944Ly3GQKeFjfOu-ELcsphRZ-YeYr01V0Cp4GUBOqAh-45r8_ZzqLZw_mRuy4onkB-zToX8QoT1RRv580v7EJZqaJS_zSR4AE5BeY&ppt=None&ppn=None&ssid=3c1jqhqe7k0000001780910592559&qH=2d6b6aad43dffa91&ov_redirect=true,"PRAIZY Analog Watch  - For Men Square Dial Silicone Strap ₹170 ₹1,299 86% off Hot Deal"
Flipkart,watches,NAYROS Golden Elegance Jewelry Watch Series Analog Watch  - Fo,267.0,1749.0,84.0,1482.0,,None,False,No,True,https://www.flipkart.com/nayros-golden-charm-bracelet-watch-elegance-jewelry-series-analog-women/p/itm1626b5a4291e1?pid=WATHM25MJBRMUHP4&lid=LSTWATHM25MJBRMUHP4U3NOS7&marketplace=FLIPKART&q=watches&store=r18%2Ff13&srno=s_2_53&otracker=search&fm=organic&iid=e48364df-f10d-49a3-b248-5bdc400f6db4.WATHM25MJBRMUHP4.SEARCH&ppt=None&ppn=None&ssid=3c1jqhqe7k0000001780910592559&qH=2d6b6aad43dffa91&ov_redirect=true,"NAYROS Golden Elegance Jewelry Watch Series Analog Watch  - Fo... ₹267 ₹1,749 84% off Hot Deal"
Flipkart,watches,Daniel Radcliffe Round Rose Gold Analog Watch  - For Women DB Brown DJ W,180.0,1899.0,90.0,1719.0,,None,False,No,True,https://www.flipkart.com/daniel-radcliffe-db-round-rose-gold-analog-watch-women/p/itmf39c70637fe9c?pid=WATHAWVEJDVXGXFU&lid=LSTWATHAWVEJDVXGXFUGW8LSR&marketplace=FLIPKART&q=watches&store=r18%2Ff13&srno=s_2_54&otracker=search&fm=organic&iid=e48364df-f10d-49a3-b248-5bdc400f6db4.WATHAWVEJDVXGXFU.SEARCH&ppt=None&ppn=None&ssid=3c1jqhqe7k0000001780910592559&qH=2d6b6aad43dffa91&ov_redirect=true,"Daniel Radcliffe Round Rose Gold Analog Watch  - For Women DB Brown DJ W... ₹180 ₹1,899 90% off Hot Deal"
Flipkart,watches,TheWatch Series 8 Digital Watch  - For Boys & Girls UT-O-G-B,409.0,1299.0,68.0,890.0,,Only Few Left,True,No,False,https://www.flipkart.com/thewatch-t-800-ultra-watch-series-8-digital-boys-girls/p/itme17e8952caf63?pid=WATHYZTSMF7EPB29&lid=LSTWATHYZTSMF7EPB29XOTXOC&marketplace=FLIPKART&q=watches&store=r18%2Ff13&srno=s_2_55&otracker=search&fm=organic&iid=e48364df-f10d-49a3-b248-5bdc400f6db4.WATHYZTSMF7EPB29.SEARCH&ppt=None&ppn=None&ssid=3c1jqhqe7k0000001780910592559&qH=2d6b6aad43dffa91&ov_redirect=true,"TheWatch Series 8 Digital Watch  - For Boys & Girls UT-O-G-B ₹409 ₹1,299 68% off Only few left"
Flipkart,watches,povty New Year 2022 Bestseller Expensive Black A Brand Heavy,250.0,1499.0,83.0,1249.0,,Only Few Left,True,No,True,https://www.flipkart.com/povty-new-year-2022-bestseller-expensive-black-brand-heavy-quality-material-boyz-analog-watch-men/p/itmb13e03108cf66?pid=WATHHH62YNRDTJKT&lid=LSTWATHHH62YNRDTJKTQEHDQQ&marketplace=FLIPKART&q=watches&store=r18%2Ff13&srno=s_2_56&otracker=search&fm=organic&iid=e48364df-f10d-49a3-b248-5bdc400f6db4.WATHHH62YNRDTJKT.SEARCH&ppt=None&ppn=None&ssid=3c1jqhqe7k0000001780910592559&qH=2d6b6aad43dffa91&ov_redirect=true,"povty New Year 2022 Bestseller Expensive Black A Brand Heavy ... ₹250 ₹1,499 83% off Only few left"
Flipkart,watches,LOIS CARON Elegant Series Day and Date Function Square Quartz For,367.0,1999.0,81.0,1632.0,,None,False,No,True,https://www.flipkart.com/lois-caron-square-black-lcs-8586-elegant-series-day-date-function-quartz-boys-wrist-analog-watch-men/p/itm6d73cda87d5ca?pid=WATHJ5JYBEWJ9G7Z&lid=LSTWATHJ5JYBEWJ9G7ZVRLVTU&marketplace=FLIPKART&q=watches&store=r18%2Ff13&srno=s_2_57&otracker=search&fm=organic&iid=en_hjzdstHK_XQAB5gDlsIphhpZ6zU944Ly3GQKeFjfOu-vwVIlzU11-hmD9TiwXbW4iwtwPmgivtgtdtehy8U6u3OTWb5vSh6PF36Svtusexc0v7EJZqaJS_zSR4AE5BeY&ppt=None&ppn=None&ssid=3c1jqhqe7k0000001780910592559&qH=2d6b6aad43dffa91&ov_redirect=true,"LOIS CARON Elegant Series Day and Date Function Square Quartz For ... ₹367 ₹1,999 81% off Bank Offer"
Flipkart,watches,TIMEWEAR Green Roman Dial Day Date Functioning Stainless Steel C,305.0,1799.0,83.0,1494.0,,None,False,No,True,https://www.flipkart.com/timewear-334gdtg-green-roman-dial-day-date-functioning-stainless-steel-chain-analog-watch-men/p/itm2c28697ea5be4?pid=WATHC4E7CFM25FHZ&lid=LSTWATHC4E7CFM25FHZQQJKZK&marketplace=FLIPKART&q=watches&store=r18%2Ff13&srno=s_2_58&otracker=search&fm=organic&iid=en_hjzdstHK_XQAB5gDlsIphhpZ6zU944Ly3GQKeFjfOu_VadiS81Ct-oC5Mh8NK0WNQw7BPwH2vj3-121PQfTKKTMrZMt-F69MXMi13n0TROC5QWnRASq9XmcdwZMaFFRh&ppt=None&ppn=None&ssid=3c1jqhqe7k0000001780910592559&qH=2d6b6aad43dffa91&ov_redirect=true,"TIMEWEAR Green Roman Dial Day Date Functioning Stainless Steel C... ₹305 ₹1,799 83% off Hot Deal"
Flipkart,watches,hmt QUARTZ Analog Watch - For Women Women's watches Golden waterpr,204.0,999.0,79.0,795.0,,Only Few Left,True,No,True,https://www.flipkart.com/hmt-quartz-analog-watch-women-women-s-watches-golden-waterproof/p/itm79a32b98e4951?pid=WATHE6PFUZADRWZZ&lid=LSTWATHE6PFUZADRWZZUT6MQ5&marketplace=FLIPKART&q=watches&store=r18%2Ff13&srno=s_2_59&otracker=search&fm=organic&iid=e48364df-f10d-49a3-b248-5bdc400f6db4.WATHE6PFUZADRWZZ.SEARCH&ppt=None&ppn=None&ssid=3c1jqhqe7k0000001780910592559&qH=2d6b6aad43dffa91&ov_redirect=true,hmt QUARTZ Analog Watch - For Women Women's watches Golden waterpr... ₹204 ₹999 79% off Only few left
Flipkart,watches,MSATOZ T800 ULTRA Smart Watch No sim card Opetion Smartwatch (,450.0,1000.0,55.0,550.0,,Only Few Left,True,No,False,https://www.flipkart.com/msatoz-t800-ultra-smart-watch-no-sim-card-opetion-smartwatch-orange-digital-men-women/p/itm3da0d62e329ca?pid=WATH7SPYHZFJFFZ9&lid=LSTWATH7SPYHZFJFFZ9VRFXME&marketplace=FLIPKART&q=watches&store=r18%2Ff13&srno=s_2_60&otracker=search&fm=organic&iid=e48364df-f10d-49a3-b248-5bdc400f6db4.WATH7SPYHZFJFFZ9.SEARCH&ppt=None&ppn=None&ssid=3c1jqhqe7k0000001780910592559&qH=2d6b6aad43dffa91&ov_redirect=true,"MSATOZ T800 ULTRA Smart Watch No sim card Opetion Smartwatch (... ₹450 ₹1,000 55% off Only few left"
Flipkart,watches,Casado Branded Bracelet | Gold Plated | Studded | 3D Cut Glass,363.0,2999.0,87.0,2636.0,,None,False,No,True,https://www.flipkart.com/casado-branded-gold-plated-studded-3d-cut-glass-day-date-bracelet-analog-watch-men/p/itm22e0cf8718c3e?pid=WATGZBZFXZCRUGVX&lid=LSTWATGZBZFXZCRUGVXQCAIMX&marketplace=FLIPKART&q=watches&store=r18%2Ff13&srno=s_2_62&otracker=search&fm=organic&iid=en_hjzdstHK_XQAB5gDlsIphhpZ6zU944Ly3GQKeFjfOu8t8f5sKhRNhPPd6EFSufMTWDRk24TLCn1BditmfpezZhVe9dw7uBvCzmk8Xfs6Pj_XQF2A4GPqjgZxfF-kXpt9&ppt=None&ppn=None&ssid=3c1jqhqe7k0000001780910592559&qH=2d6b6aad43dffa91&ov_redirect=true,"Casado Branded Bracelet | Gold Plated | Studded | 3D Cut Glass... ₹363 ₹2,999 87% off Bank Offer"
Flipkart,watches,Daniel Radcliffe Luxury Rose Gold Analog Watch Analog Watch  - For Girls,180.0,1899.0,90.0,1719.0,,None,False,No,True,https://www.flipkart.com/daniel-radcliffe-db-luxury-rose-gold-analog-watch-girls/p/itm4a52bb1fa0cf3?pid=WATHAXX7TJFSZ82W&lid=LSTWATHAXX7TJFSZ82WHOZMGD&marketplace=FLIPKART&q=watches&store=r18%2Ff13&srno=s_2_63&otracker=search&fm=organic&iid=e48364df-f10d-49a3-b248-5bdc400f6db4.WATHAXX7TJFSZ82W.SEARCH&ppt=None&ppn=None&ssid=3c1jqhqe7k0000001780910592559&qH=2d6b6aad43dffa91&ov_redirect=true,"Daniel Radcliffe Luxury Rose Gold Analog Watch Analog Watch  - For Girls... ₹180 ₹1,899 90% off Hot Deal"
Flipkart,watches,Horologe Arabic Numeral Series Men's Watch Analog Watch  - For M,209.0,499.0,58.0,290.0,,Only Few Left,True,No,False,https://www.flipkart.com/horologe-arabic-aura-wrist-watch-numeral-series-men-s-analog-men/p/itm3e05db90dc841?pid=WATHMFVQH4WHHNG7&lid=LSTWATHMFVQH4WHHNG7YXXG0B&marketplace=FLIPKART&q=watches&store=r18%2Ff13&srno=s_2_64&otracker=search&fm=organic&iid=e48364df-f10d-49a3-b248-5bdc400f6db4.WATHMFVQH4WHHNG7.SEARCH&ppt=None&ppn=None&ssid=3c1jqhqe7k0000001780910592559&qH=2d6b6aad43dffa91&ov_redirect=true,Horologe Arabic Numeral Series Men's Watch Analog Watch  - For M... ₹209 ₹499 58% off Only few left
Flipkart,watches,FLYNZA New Trendy Mat Finishing Watch For Men Analog Watch,226.0,1599.0,85.0,1373.0,,None,False,No,True,https://www.flipkart.com/flynza-new-trendy-mat-finishing-watch-men-analog-boys/p/itm7392d89054e05?pid=WATHGGTEVRGRE48N&lid=LSTWATHGGTEVRGRE48NSWRAV5&marketplace=FLIPKART&q=watches&store=r18%2Ff13&srno=s_2_65&otracker=search&fm=organic&iid=e48364df-f10d-49a3-b248-5bdc400f6db4.WATHGGTEVRGRE48N.SEARCH&ppt=None&ppn=None&ssid=3c1jqhqe7k0000001780910592559&qH=2d6b6aad43dffa91&ov_redirect=true,"FLYNZA New Trendy Mat Finishing Watch For Men Analog Watch  - ... ₹226 ₹1,599 85% off Hot Deal"
Flipkart,watches,Treviyaa Luxury Snake Watch for Women Gold Plated Bracelet with,620.0,6500.0,90.0,5880.0,,Only Few Left,True,No,True,https://www.flipkart.com/treviyaa-vintage-luxury-snake-watch-women-gold-plated-bracelet-green-crystal-dial-analog/p/itm66832275c1f0c?pid=WATHKXYGMFRSHXGM&lid=LSTWATHKXYGMFRSHXGMDX6OHE&marketplace=FLIPKART&q=watches&store=r18%2Ff13&srno=s_2_66&otracker=search&fm=organic&iid=e48364df-f10d-49a3-b248-5bdc400f6db4.WATHKXYGMFRSHXGM.SEARCH&ppt=None&ppn=None&ssid=3c1jqhqe7k0000001780910592559&qH=2d6b6aad43dffa91&ov_redirect=true,"Treviyaa Luxury Snake Watch for Women Gold Plated Bracelet with ... ₹620 ₹6,500 90% off Only few left"
Flipkart,watches,Imperial Shine Analog Watch  - For Men Sasuke Sharingan Naruto Spinnin,354.0,1999.0,82.0,1645.0,,Only Few Left,True,No,True,https://www.flipkart.com/imperial-shine-analog-watch-men/p/itm08b30562cb7f0?pid=WATHJYA8F7CAHCUZ&lid=LSTWATHJYA8F7CAHCUZ3KWBOI&marketplace=FLIPKART&q=watches&store=r18%2Ff13&srno=s_2_69&otracker=search&fm=organic&iid=e48364df-f10d-49a3-b248-5bdc400f6db4.WATHJYA8F7CAHCUZ.SEARCH&ppt=None&ppn=None&ssid=3c1jqhqe7k0000001780910592559&qH=2d6b6aad43dffa91&ov_redirect=true,"Imperial Shine Analog Watch  - For Men Sasuke Sharingan Naruto Spinnin... ₹354 ₹1,999 82% off Only few left"
Flipkart,watches,HMT DLX Premium Addition 400 Blue Movado Blue Chain Analog Watc,252.0,1999.0,87.0,1747.0,,Only Few Left,True,No,True,https://www.flipkart.com/hmt-dlx-blue-dial-stainless-steel-chain-de-date-display-men-s-watch-premium-addition-400-movado-analog-men/p/itm9293b24a2f183?pid=WATHNV8MGH5E6ZS4&lid=LSTWATHNV8MGH5E6ZS4UWRKAC&marketplace=FLIPKART&q=watches&store=r18%2Ff13&srno=s_2_70&otracker=search&fm=organic&iid=e48364df-f10d-49a3-b248-5bdc400f6db4.WATHNV8MGH5E6ZS4.SEARCH&ppt=None&ppn=None&ssid=3c1jqhqe7k0000001780910592559&qH=2d6b6aad43dffa91&ov_redirect=true,"HMT DLX Premium Addition 400 Blue Movado Blue Chain Analog Watc... ₹252 ₹1,999 87% off Only few left"
Flipkart,watches,MAAN INTERNATIONAL Kids Cute Rabbit Bunny Cartoon LED Light Pink Silicone,188.0,1499.0,87.0,1311.0,,None,False,No,True,https://www.flipkart.com/maan-international-bunny-rebbit-kids-cute-rabbit-cartoon-led-light-pink-silicone-strap-analog-watch-boys-girls/p/itmb774657ded054?pid=WATHHUXZYGGEBZHW&lid=LSTWATHHUXZYGGEBZHWLTG2B5&marketplace=FLIPKART&q=watches&store=r18%2Ff13&srno=s_2_71&otracker=search&fm=organic&iid=en_hjzdstHK_XQAB5gDlsIphhpZ6zU944Ly3GQKeFjfOu_WkPYL68G_41TLzuR_gmZO49_AGMqDnxIACZt1NTpogK_WsUeAc3PJQuiCOIsf-KzXQF2A4GPqjgZxfF-kXpt9&ppt=None&ppn=None&ssid=3c1jqhqe7k0000001780910592559&qH=2d6b6aad43dffa91&ov_redirect=true,"MAAN INTERNATIONAL Kids Cute Rabbit Bunny Cartoon LED Light Pink Silicone ... ₹188 ₹1,499 87% off Hot Deal"
Flipkart,watches,DANIEL CLARION HMTR Quartz Day And Date Working with stylish analog wa,287.0,2999.0,90.0,2712.0,,None,False,No,True,https://www.flipkart.com/daniel-clarion-dc-1104-blk-hmtr-quartz-day-date-working-stylish-analog-watch-boys-men/p/itmcd63c415a8e5a?pid=WATGWZQEB9KGGU4Z&lid=LSTWATGWZQEB9KGGU4ZKSW95X&marketplace=FLIPKART&q=watches&store=r18%2Ff13&srno=s_2_72&otracker=search&fm=organic&iid=en_hjzdstHK_XQAB5gDlsIphhpZ6zU944Ly3GQKeFjfOu_f72j0PXHOqfl7iZh9U1SCg6Bj9c3rU1n7uV3SIVuxYwCa7WNzPcbfx33Qf-iugmLXQF2A4GPqjgZxfF-kXpt9&ppt=None&ppn=None&ssid=3c1jqhqe7k0000001780910592559&qH=2d6b6aad43dffa91&ov_redirect=true,"DANIEL CLARION HMTR Quartz Day And Date Working with stylish analog wa... ₹287 ₹2,999 90% off Hot Deal"
Flipkart,watches,Spinner Spinning | Roatating | Gyro Analog Watch  - For Men SPM,360.0,2999.0,87.0,2639.0,,Only Few Left,True,No,True,https://www.flipkart.com/spinner-ens-rotating-wheel-dial-analog-watch-spinning-roatating-gyro-men/p/itmbf7a2343a9fd2?pid=WATHDR8EQAJGWGHN&lid=LSTWATHDR8EQAJGWGHN7IAHMV&marketplace=FLIPKART&q=watches&store=r18%2Ff13&srno=s_2_73&otracker=search&fm=organic&iid=e48364df-f10d-49a3-b248-5bdc400f6db4.WATHDR8EQAJGWGHN.SEARCH&ppt=None&ppn=None&ssid=3c1jqhqe7k0000001780910592559&qH=2d6b6aad43dffa91&ov_redirect=true,"Spinner Spinning | Roatating | Gyro Analog Watch  - For Men SPM... ₹360 ₹2,999 87% off Only few left"
Flipkart,watches,EVRGLOW NO Analog Watch  - For Women drw-2,226.0,1499.0,84.0,1273.0,,None,False,No,True,https://www.flipkart.com/evrglow-no-analog-watch-women/p/itm2c2acd0bec8da?pid=WATGWZPUSHA3KFED&lid=LSTWATGWZPUSHA3KFEDQVAIF7&marketplace=FLIPKART&q=watches&store=r18%2Ff13&srno=s_2_74&otracker=search&fm=organic&iid=e48364df-f10d-49a3-b248-5bdc400f6db4.WATGWZPUSHA3KFED.SEARCH&ppt=None&ppn=None&ssid=3c1jqhqe7k0000001780910592559&qH=2d6b6aad43dffa91&ov_redirect=true,"EVRGLOW NO Analog Watch  - For Women drw-2 ₹226 ₹1,499 84% off Hot Deal"
Flipkart,watches,Vilante VILANTE | Spinning Wheel | Roatating | Gyro | Red Digit,372.0,2799.0,86.0,2427.0,,Only Few Left,True,No,True,https://www.flipkart.com/vilante-rotating-dial-men-watch-spinning-wheel-roatating-gyro-red-digital/p/itm373c900cfd802?pid=WATHHX6N5SMNXXD4&lid=LSTWATHHX6N5SMNXXD4ZL5ANM&marketplace=FLIPKART&q=watches&store=r18%2Ff13&srno=s_2_75&otracker=search&fm=organic&iid=e48364df-f10d-49a3-b248-5bdc400f6db4.WATHHX6N5SMNXXD4.SEARCH&ppt=None&ppn=None&ssid=3c1jqhqe7k0000001780910592559&qH=2d6b6aad43dffa91&ov_redirect=true,"Vilante VILANTE | Spinning Wheel | Roatating | Gyro | Red Digit... ₹372 ₹2,799 86% off Only few left"
Flipkart,watches,"Police Analog Watch  - For Men NEPLPEWJF2203601,NM77061PP02,PL",18486.0,24649.0,25.0,6163.0,,None,False,No,False,https://www.flipkart.com/police-plpewjf2203601-analog-watch-men/p/itm44ba7d7c29b98?pid=WATGCPUVPYDDUYV8&lid=LSTWATGCPUVPYDDUYV8BLN39I&marketplace=FLIPKART&q=watches&store=r18%2Ff13&srno=s_2_78&otracker=search&fm=organic&iid=en_hjzdstHK_XQAB5gDlsIphhpZ6zU944Ly3GQKeFjfOu85CcyK_iHa6OX3l1zKNlc1So6D7tuciIE_QHEl4YHlQjt7FiH38U1TFK2MAZCV1n93YL2xc14DfAx_xyQ-_BKi&ppt=None&ppn=None&ssid=3c1jqhqe7k0000001780910592559&qH=2d6b6aad43dffa91&ov_redirect=true,"Police Analog Watch  - For Men NEPLPEWJF2203601,NM77061PP02,PL... ₹18,486 ₹24,649 25% off Hot Deal"
Flipkart,watches,Vilante SPINNING BLADE Digital Watch  - For Men SPINNING BLADE,372.0,2999.0,87.0,2627.0,,Only Few Left,True,No,True,https://www.flipkart.com/vilante-spinning-blade-cavrel-digital-watch-men/p/itm2ba315865bb2c?pid=WATHK4KCCJNKBGGG&lid=LSTWATHK4KCCJNKBGGGYQKH9Z&marketplace=FLIPKART&q=watches&store=r18%2Ff13&srno=s_2_79&otracker=search&fm=organic&iid=e48364df-f10d-49a3-b248-5bdc400f6db4.WATHK4KCCJNKBGGG.SEARCH&ppt=None&ppn=None&ssid=3c1jqhqe7k0000001780910592559&qH=2d6b6aad43dffa91&ov_redirect=true,"Vilante SPINNING BLADE Digital Watch  - For Men SPINNING BLADE ... ₹372 ₹2,999 87% off Only few left"
Flipkart,watches,Dressberry Big Dial Analog Watch  - For Women 106408499,447.0,1999.0,77.0,1552.0,,None,False,No,True,https://www.flipkart.com/dressberry-db-022-purple-big-dial-analog-watch-women/p/itm8f11ed076b06a?pid=WATH9KF9CTDQRQSP&lid=LSTWATH9KF9CTDQRQSPMEXWTJ&marketplace=FLIPKART&q=watches&store=r18%2Ff13&srno=s_2_80&otracker=search&fm=organic&iid=e48364df-f10d-49a3-b248-5bdc400f6db4.WATH9KF9CTDQRQSP.SEARCH&ppt=None&ppn=None&ssid=3c1jqhqe7k0000001780910592559&qH=2d6b6aad43dffa91&ov_redirect=true,"Dressberry Big Dial Analog Watch  - For Women 106408499 ₹447 ₹1,999 77% off Hot Deal"
Flipkart,watches,GKY IMPEX Analog watch Analog Watch  - For Women KASHMIRI WATCH,370.0,999.0,62.0,629.0,,None,False,No,False,https://www.flipkart.com/gky-impex-citizen-dial-gold-plated-analog-watch-women/p/itmbb21a3a78bac6?pid=WATHMFP6SFX7NCRC&lid=LSTWATHMFP6SFX7NCRCDVWA2E&marketplace=FLIPKART&q=watches&store=r18%2Ff13&srno=s_3_83&otracker=search&fm=organic&iid=2a7132e3-08e4-47a0-bacf-c23c0e85de97.WATHMFP6SFX7NCRC.SEARCH&ppt=None&ppn=None&ssid=v748z1osow0000001780910607950&qH=2d6b6aad43dffa91&ov_redirect=true,GKY IMPEX Analog watch Analog Watch  - For Women KASHMIRI WATCH ₹370 ₹999 62% off Hot Deal
Flipkart,watches,SABR Analog Watch  - For Men & Women Premium Look Black Arab,225.0,999.0,77.0,774.0,,Only Few Left,True,No,True,https://www.flipkart.com/sabr-stc-arabic-blk-analog-watch-men-women/p/itmfcf60ff9ad4eb?pid=WATHFGDVRQ5GAXGU&lid=LSTWATHFGDVRQ5GAXGUN00CHJ&marketplace=FLIPKART&q=watches&store=r18%2Ff13&srno=s_3_84&otracker=search&fm=organic&iid=2a7132e3-08e4-47a0-bacf-c23c0e85de97.WATHFGDVRQ5GAXGU.SEARCH&ppt=None&ppn=None&ssid=v748z1osow0000001780910607950&qH=2d6b6aad43dffa91&ov_redirect=true,SABR Analog Watch  - For Men & Women Premium Look Black Arab... ₹225 ₹999 77% off Only few left
Flipkart,watches,CASIO Youth ( MW-240-1EVDF ) Analog Watch  - For Men A1665,782.0,1695.0,53.0,913.0,,None,False,No,False,https://www.flipkart.com/casio-youth-analog-mw-240-1evdf-watch-men/p/itmffdsnhq83vunf?pid=WATFFDSNHGD9B9UR&lid=LSTWATFFDSNHGD9B9UR6D8FYM&marketplace=FLIPKART&q=watches&store=r18%2Ff13&srno=s_3_85&otracker=search&fm=organic&iid=2a7132e3-08e4-47a0-bacf-c23c0e85de97.WATFFDSNHGD9B9UR.SEARCH&ppt=None&ppn=None&ssid=v748z1osow0000001780910607950&qH=2d6b6aad43dffa91&ov_redirect=true,"CASIO Youth ( MW-240-1EVDF ) Analog Watch  - For Men A1665 ₹782 ₹1,695 53% off Hot Deal"
Flipkart,watches,"Florify Watch Movement Type: Quartz, Watch Display Type: Digita",178.0,786.0,77.0,608.0,,Lowest Price,True,No,True,https://www.flipkart.com/florify-dial-color-grey-case-shape-rectangular-watch-movement-type-quartz-display-digital-stainless-men-women/p/itm0747e7183ab97?pid=WATHMF4EYGNCQZ4A&lid=LSTWATHMF4EYGNCQZ4AOGHXQK&marketplace=FLIPKART&q=watches&store=r18%2Ff13&srno=s_3_86&otracker=search&fm=organic&iid=2a7132e3-08e4-47a0-bacf-c23c0e85de97.WATHMF4EYGNCQZ4A.SEARCH&ppt=None&ppn=None&ssid=v748z1osow0000001780910607950&qH=2d6b6aad43dffa91&ov_redirect=true,"Florify Watch Movement Type: Quartz, Watch Display Type: Digita... ₹178 ₹786 77% off Lowest price since launch"
Flipkart,watches,EVRGLOW EVR-001 Analog Watch  - For Women drw-1,225.0,1499.0,84.0,1274.0,,None,False,No,True,https://www.flipkart.com/evrglow-evr-g-001-evr-001-analog-watch-women/p/itmed4c8b52578c6?pid=WATHBR4GZ7TTWBGR&lid=LSTWATHBR4GZ7TTWBGRPTWUP0&marketplace=FLIPKART&q=watches&store=r18%2Ff13&srno=s_3_89&otracker=search&fm=organic&iid=2a7132e3-08e4-47a0-bacf-c23c0e85de97.WATHBR4GZ7TTWBGR.SEARCH&ppt=None&ppn=None&ssid=v748z1osow0000001780910607950&qH=2d6b6aad43dffa91&ov_redirect=true,"EVRGLOW EVR-001 Analog Watch  - For Women drw-1 ₹225 ₹1,499 84% off Hot Deal"
Flipkart,watches,HALA Multi Function Working Premium Quality LED Luminous Lig,377.0,999.0,62.0,622.0,,Only 1 Left,True,No,False,https://www.flipkart.com/hala-hl-1145-multi-function-working-premium-quality-led-luminous-light-mens-boys-digital-watch-men/p/itm0c842ef8a7e05?pid=WATHDQY5RPUHYTGG&lid=LSTWATHDQY5RPUHYTGGZYA3E9&marketplace=FLIPKART&q=watches&store=r18%2Ff13&srno=s_3_90&otracker=search&fm=organic&iid=2a7132e3-08e4-47a0-bacf-c23c0e85de97.WATHDQY5RPUHYTGG.SEARCH&ppt=None&ppn=None&ssid=v748z1osow0000001780910607950&qH=2d6b6aad43dffa91&ov_redirect=true,HALA Multi Function Working Premium Quality LED Luminous Lig... ₹377 ₹999 62% off Only 1 left
Flipkart,watches,CASIO Enticer ( MTP-V002D-7BUDF ) Analog Watch  - For Men A16,1229.0,2395.0,48.0,1166.0,,None,False,No,False,https://www.flipkart.com/casio-enticer-men-s-mtp-v002d-7budf-analog-watch-men/p/itmffdsnetv9jjc3?pid=WATFFDSNTZPDRYNG&lid=LSTWATFFDSNTZPDRYNGXTBZKE&marketplace=FLIPKART&q=watches&store=r18%2Ff13&srno=s_3_93&otracker=search&fm=organic&iid=2a7132e3-08e4-47a0-bacf-c23c0e85de97.WATFFDSNTZPDRYNG.SEARCH&ppt=None&ppn=None&ssid=v748z1osow0000001780910607950&qH=2d6b6aad43dffa91&ov_redirect=true,"CASIO Enticer ( MTP-V002D-7BUDF ) Analog Watch  - For Men A16... ₹1,229 ₹2,395 48% off Bank Offer"
Flipkart,watches,Americanviber Premium Color Smooth Finish Luxury Combo Pack 2 Analog,334.0,1179.0,71.0,845.0,,None,False,No,True,https://www.flipkart.com/americanviber-drw004001-premium-color-smooth-finish-luxury-combo-pack-2-analog-watch-women/p/itme0ffb9c9bef37?pid=WATH7YJBPHHGABCU&lid=LSTWATH7YJBPHHGABCUTAEKR7&marketplace=FLIPKART&q=watches&store=r18%2Ff13&srno=s_3_94&otracker=search&fm=organic&iid=2a7132e3-08e4-47a0-bacf-c23c0e85de97.WATH7YJBPHHGABCU.SEARCH&ppt=None&ppn=None&ssid=v748z1osow0000001780910607950&qH=2d6b6aad43dffa91&ov_redirect=true,"Americanviber Premium Color Smooth Finish Luxury Combo Pack 2 Analog ... ₹334 ₹1,179 71% off Hot Deal"
Flipkart,watches,CASIO Youth ( MW-240-7EVDF ) Analog Watch  - For Men A1667,764.0,1695.0,54.0,931.0,,None,False,No,False,https://www.flipkart.com/casio-youth-analog-mw-240-7evdf-watch-men/p/itmffdsnfd9seyhb?pid=WATFFDSNSKRXYMWB&lid=LSTWATFFDSNSKRXYMWBD2WAHQ&marketplace=FLIPKART&q=watches&store=r18%2Ff13&srno=s_3_95&otracker=search&fm=organic&iid=2a7132e3-08e4-47a0-bacf-c23c0e85de97.WATFFDSNSKRXYMWB.SEARCH&ppt=None&ppn=None&ssid=v748z1osow0000001780910607950&qH=2d6b6aad43dffa91&ov_redirect=true,"CASIO Youth ( MW-240-7EVDF ) Analog Watch  - For Men A1667 ₹764 ₹1,695 54% off Bank Offer"
Flipkart,watches,SONATA Sonata Northern Lights inspired Poze With Blue Dial Ana,1294.0,1850.0,30.0,556.0,,None,False,No,False,https://www.flipkart.com/sonata-poze-8-northern-lights-inspired-blue-dial-analog-watch-men-women/p/itm5190a08e3fc4f?pid=WATHK2QUE63ZYF45&lid=LSTWATHK2QUE63ZYF45SJBKCT&marketplace=FLIPKART&q=watches&store=r18%2Ff13&srno=s_3_96&otracker=search&fm=organic&iid=2a7132e3-08e4-47a0-bacf-c23c0e85de97.WATHK2QUE63ZYF45.SEARCH&ppt=None&ppn=None&ssid=v748z1osow0000001780910607950&qH=2d6b6aad43dffa91&ov_redirect=true,"SONATA Sonata Northern Lights inspired Poze With Blue Dial Ana... ₹1,294 ₹1,850 30% off Hot Deal"
Flipkart,watches,M7 By Metronaut M7 Adventure Chrono Series Analog-Digital Watch  - For,449.0,2999.0,85.0,2550.0,,None,False,No,True,https://www.flipkart.com/m7-metronaut-m7-1509-adventure-chrono-series-analog-digital-watch-men/p/itm418ec3b4943d1?pid=WATGYTZBHRPURVHY&lid=LSTWATGYTZBHRPURVHYSZJNPE&marketplace=FLIPKART&q=watches&store=r18%2Ff13&srno=s_3_99&otracker=search&fm=organic&iid=2a7132e3-08e4-47a0-bacf-c23c0e85de97.WATGYTZBHRPURVHY.SEARCH&ppt=None&ppn=None&ssid=v748z1osow0000001780910607950&qH=2d6b6aad43dffa91&ov_redirect=true,"M7 By Metronaut M7 Adventure Chrono Series Analog-Digital Watch  - For ... ₹449 ₹2,999 85% off Hot Deal"
Flipkart,watches,CASIO Youth ( MCW-200H-9AVDF ) Analog Watch  - For Boys & Gir,2699.0,4495.0,39.0,1796.0,,None,False,No,False,https://www.flipkart.com/casio-mcw-200h-9avdf-youth-analog-watch-boys-girls/p/itmf45gcdbcxgytp?pid=WATF45DEDJZYHDZM&lid=LSTWATF45DEDJZYHDZMF9CKBW&marketplace=FLIPKART&q=watches&store=r18%2Ff13&srno=s_3_100&otracker=search&fm=organic&iid=2a7132e3-08e4-47a0-bacf-c23c0e85de97.WATF45DEDJZYHDZM.SEARCH&ppt=None&ppn=None&ssid=v748z1osow0000001780910607950&qH=2d6b6aad43dffa91&ov_redirect=true,"CASIO Youth ( MCW-200H-9AVDF ) Analog Watch  - For Boys & Gir... ₹2,699 ₹4,495 39% off Hot Deal"
Flipkart,watches,"Kanvictz Rugged Durable Sports Outdoor & Fitness, Shockproof, Du",207.0,1500.0,86.0,1293.0,,Only Few Left,True,No,True,https://www.flipkart.com/kanvictz-rugged-durable-sport-style-sports-watch-outdoor-fitness-shockproof-digital-men/p/itme2ac16f0aecaf?pid=WATHJHJZ7Z6RV3VH&lid=LSTWATHJHJZ7Z6RV3VHPYP7HF&marketplace=FLIPKART&q=watches&store=r18%2Ff13&srno=s_3_103&otracker=search&fm=organic&iid=2a7132e3-08e4-47a0-bacf-c23c0e85de97.WATHJHJZ7Z6RV3VH.SEARCH&ppt=None&ppn=None&ssid=v748z1osow0000001780910607950&qH=2d6b6aad43dffa91&ov_redirect=true,"Kanvictz Rugged Durable Sports Outdoor & Fitness, Shockproof, Du... ₹207 ₹1,500 86% off Only few left"
Flipkart,watches,FOGG Day and Date Display Analog Watch  - For Men 1219-Brown,302.0,1799.0,83.0,1497.0,,None,False,No,True,https://www.flipkart.com/fogg-1219-brown-day-date-display-analog-watch-men/p/itmbeadce62c2240?pid=WATH44H5QMHU4UPQ&lid=LSTWATH44H5QMHU4UPQR3CXTA&marketplace=FLIPKART&q=watches&store=r18%2Ff13&srno=s_3_104&otracker=search&fm=organic&iid=2a7132e3-08e4-47a0-bacf-c23c0e85de97.WATH44H5QMHU4UPQ.SEARCH&ppt=None&ppn=None&ssid=v748z1osow0000001780910607950&qH=2d6b6aad43dffa91&ov_redirect=true,"FOGG Day and Date Display Analog Watch  - For Men 1219-Brown ₹302 ₹1,799 83% off Hot Deal"
Flipkart,watches,LOIS CARON Elegant Series Square Quartz For /Boys Wrist Analog Wat,321.0,2999.0,89.0,2678.0,,None,False,No,True,https://www.flipkart.com/lois-caron-lcs-8572-elegant-series-square-quartz-boys-wrist-analog-watch-men/p/itmbc96d16489785?pid=WATH65RVBTHZJBUW&lid=LSTWATH65RVBTHZJBUWQYSNRN&marketplace=FLIPKART&q=watches&store=r18%2Ff13&srno=s_3_105&otracker=search&fm=organic&iid=2a7132e3-08e4-47a0-bacf-c23c0e85de97.WATH65RVBTHZJBUW.SEARCH&ppt=None&ppn=None&ssid=v748z1osow0000001780910607950&qH=2d6b6aad43dffa91&ov_redirect=true,"LOIS CARON Elegant Series Square Quartz For /Boys Wrist Analog Wat... ₹321 ₹2,999 89% off Hot Deal"
Flipkart,watches,Rylo Transparent Analog Watch  - For Men Silver-Skeleton-01,387.0,1599.0,75.0,1212.0,,Only Few Left,True,No,True,https://www.flipkart.com/rylo-skeleton-transparent-analog-watch-men/p/itm3725dd408ad7f?pid=WATHFFG63FYZHBWX&lid=LSTWATHFFG63FYZHBWX17XSBT&marketplace=FLIPKART&q=watches&store=r18%2Ff13&srno=s_3_106&otracker=search&fm=organic&iid=2a7132e3-08e4-47a0-bacf-c23c0e85de97.WATHFFG63FYZHBWX.SEARCH&ppt=None&ppn=None&ssid=v748z1osow0000001780910607950&qH=2d6b6aad43dffa91&ov_redirect=true,"Rylo Transparent Analog Watch  - For Men Silver-Skeleton-01 ₹387 ₹1,599 75% off Only few left"
Flipkart,watches,Americanviber Adjustable Free Size Lock Date Function Working Analog,412.0,1199.0,65.0,787.0,,Only Few Left,True,No,False,https://www.flipkart.com/americanviber-tst-black-adjustable-free-size-lock-date-function-working-analog-watch-men/p/itme14e756c9f724?pid=WATHDAEZE6JBMNHX&lid=LSTWATHDAEZE6JBMNHXFR79DS&marketplace=FLIPKART&q=watches&store=r18%2Ff13&srno=s_3_109&otracker=search&fm=organic&iid=2a7132e3-08e4-47a0-bacf-c23c0e85de97.WATHDAEZE6JBMNHX.SEARCH&ppt=None&ppn=None&ssid=v748z1osow0000001780910607950&qH=2d6b6aad43dffa91&ov_redirect=true,"Americanviber Adjustable Free Size Lock Date Function Working Analog ... ₹412 ₹1,199 65% off Only few left"
Flipkart,watches,Daniel Radcliffe Women Atractive Brown Color Luxury Trending Watch Analo,180.0,1699.0,89.0,1519.0,,None,False,No,True,https://www.flipkart.com/daniel-radcliffe-drr001c-women-atractive-brown-color-luxury-trending-watch-analog/p/itm9eae864a954e5?pid=WATH7ZGYXFZHKQQM&lid=LSTWATH7ZGYXFZHKQQM4EA0OH&marketplace=FLIPKART&q=watches&store=r18%2Ff13&srno=s_3_110&otracker=search&fm=organic&iid=2a7132e3-08e4-47a0-bacf-c23c0e85de97.WATH7ZGYXFZHKQQM.SEARCH&ppt=None&ppn=None&ssid=v748z1osow0000001780910607950&qH=2d6b6aad43dffa91&ov_redirect=true,"Daniel Radcliffe Women Atractive Brown Color Luxury Trending Watch Analo... ₹180 ₹1,699 89% off Hot Deal"
Flipkart,watches,HALA Digital Watch  - For Boys G80 Day & Date Display,220.0,499.0,55.0,279.0,,None,False,No,False,https://www.flipkart.com/hala-digital-watch-boys/p/itm925ce2e99f7f5?pid=WATHYH7HBGZB4YTW&lid=LSTWATHYH7HBGZB4YTWQPQVOM&marketplace=FLIPKART&q=watches&store=r18%2Ff13&srno=s_3_111&otracker=search&fm=organic&iid=en_bhnMkgwePZ6ZXxZ32xFWjT7v7lfP4gW7zw0wcOSlsCTeZ_bTBREP4YAZdPZ1Brl06FD6J8tMXRi7W6bZPe3j8w%3D%3D&ppt=None&ppn=None&ssid=v748z1osow0000001780910607950&qH=2d6b6aad43dffa91&ov_redirect=true,HALA Digital Watch  - For Boys G80 Day & Date Display ₹220 ₹499 55% off Hot Deal
Flipkart,watches,SONATA Sonata Poze Quartz Green Dial Silver Metal Strap Analog,1102.0,1575.0,30.0,473.0,,None,False,No,False,https://www.flipkart.com/sonata-poze-quartz-green-dial-silver-metal-strap-analog-watch-men/p/itm56312a73c1c81?pid=WATGYTHJZJWMTGXJ&lid=LSTWATGYTHJZJWMTGXJTJ0I9A&marketplace=FLIPKART&q=watches&store=r18%2Ff13&spotlightTagId=default_TrendingId_r18%2Ff13&srno=s_3_113&otracker=search&fm=organic&iid=2a7132e3-08e4-47a0-bacf-c23c0e85de97.WATGYTHJZJWMTGXJ.SEARCH&ppt=None&ppn=None&ssid=v748z1osow0000001780910607950&qH=2d6b6aad43dffa91&ov_redirect=true,"SONATA Sonata Poze Quartz Green Dial Silver Metal Strap Analog... ₹1,102 ₹1,575 30% off Hot Deal"
Flipkart,watches,Louis Philippe Chronograph Blue Dial Analog Watch Analog Watch  - For,2479.0,5399.0,54.0,2920.0,,None,False,No,False,https://www.flipkart.com/louis-philippe-chronograph-blue-dial-analog-watch-men/p/itmd5232daa61b97?pid=WATHK66QTVBXRYH6&lid=LSTWATHK66QTVBXRYH6OELWQW&marketplace=FLIPKART&q=watches&store=r18%2Ff13&srno=s_3_114&otracker=search&fm=organic&iid=2a7132e3-08e4-47a0-bacf-c23c0e85de97.WATHK66QTVBXRYH6.SEARCH&ppt=None&ppn=None&ssid=v748z1osow0000001780910607950&qH=2d6b6aad43dffa91&ov_redirect=true,"Louis Philippe Chronograph Blue Dial Analog Watch Analog Watch  - For ... ₹2,479 ₹5,399 54% off Hot Deal"
Flipkart,watches,ROXTO Golden skeleton round partywear watch for men Analog Wa,423.0,4500.0,90.0,4077.0,,Only Few Left,True,No,True,https://www.flipkart.com/roxto-skeleton-golden-round-partywear-watch-men-analog/p/itm686894b6b19a7?pid=WATHHGVHGZG57HKT&lid=LSTWATHHGVHGZG57HKT8FATBA&marketplace=FLIPKART&q=watches&store=r18%2Ff13&srno=s_3_115&otracker=search&fm=organic&iid=2a7132e3-08e4-47a0-bacf-c23c0e85de97.WATHHGVHGZG57HKT.SEARCH&ppt=None&ppn=None&ssid=v748z1osow0000001780910607950&qH=2d6b6aad43dffa91&ov_redirect=true,"ROXTO Golden skeleton round partywear watch for men Analog Wa... ₹423 ₹4,500 90% off Only few left"
Flipkart,watches,TIMEX Blue Dial Leather Strap Analog Watch  - For Men TW0TG73,719.0,1399.0,48.0,680.0,,None,False,No,False,https://www.flipkart.com/timex-blue-dial-leather-strap-analog-watch-men/p/itm825e5faebd1cf?pid=WATFUQEWJW7CUZYX&lid=LSTWATFUQEWJW7CUZYXJRCMVC&marketplace=FLIPKART&q=watches&store=r18%2Ff13&srno=s_3_116&otracker=search&fm=organic&iid=2a7132e3-08e4-47a0-bacf-c23c0e85de97.WATFUQEWJW7CUZYX.SEARCH&ppt=None&ppn=None&ssid=v748z1osow0000001780910607950&qH=2d6b6aad43dffa91&ov_redirect=true,"TIMEX Blue Dial Leather Strap Analog Watch  - For Men TW0TG73... ₹719 ₹1,399 48% off Bank Offer"
Flipkart,watches,MULTRA Trending Lifestyle Black Dial White Strap Square LED Di,128.0,499.0,74.0,371.0,,Only Few Left,True,No,True,https://www.flipkart.com/multra-digital-watch-trending-lifestyle-black-dial-white-strap-square-led-boys-girls/p/itm09c5f9e49f4f9?pid=WATHJNNQPWC2GFUR&lid=LSTWATHJNNQPWC2GFUR8YGNE0&marketplace=FLIPKART&q=watches&store=r18%2Ff13&srno=s_3_119&otracker=search&fm=organic&iid=2a7132e3-08e4-47a0-bacf-c23c0e85de97.WATHJNNQPWC2GFUR.SEARCH&ppt=None&ppn=None&ssid=v748z1osow0000001780910607950&qH=2d6b6aad43dffa91&ov_redirect=true,MULTRA Trending Lifestyle Black Dial White Strap Square LED Di... ₹128 ₹499 74% off Only few left
Flipkart,watches,PETER ENGLAND Analog Watch  - For Men PE000017A,1489.0,2745.0,45.0,1256.0,,None,False,No,False,https://www.flipkart.com/peter-england-analog-watch-men/p/itmdd9c7b574e69a?pid=WATFVFG6ZGSZCTWS&lid=LSTWATFVFG6ZGSZCTWSLC6OSG&marketplace=FLIPKART&q=watches&store=r18%2Ff13&srno=s_3_120&otracker=search&fm=organic&iid=2a7132e3-08e4-47a0-bacf-c23c0e85de97.WATFVFG6ZGSZCTWS.SEARCH&ppt=None&ppn=None&ssid=v748z1osow0000001780910607950&qH=2d6b6aad43dffa91&ov_redirect=true,"PETER ENGLAND Analog Watch  - For Men PE000017A ₹1,489 ₹2,745 45% off Hot Deal"
Amazon,smartphones,OnePlus Nord CE6 Lite | 8GB+128GB | Hyper Black | Segment's Fastest Dimensity 7400 Apex Processor | 7000mAh Battery | Se,2599800.0,33999.0,24.0,-2565801.0,4.3,Limited Time Deal,True,Unknown,False,https://www.amazon.in/sspa/click?ie=UTF8&spc=MTo4OTczNzQxNzQ3MTA2NTY6MTc4MTA3MjYwNTpzcF9hdGY6MzAxMDg2NzAwNDA2NjMyOjowOjo&url=%2FOnePlus-Segments-Dimensity-Processor-Recording%2Fdp%2FB0GVYXPZBS%2Fref%3Dsr_1_1_sspa%3Fdib%3DeyJ2IjoiMSJ9.LvJhgejdQJRe7xQfAw57m_tJgI0RQDbdQpvP9K1nccu_035-woLkFVCHJtAQEUyhWGrPuJ5UkS_9BXBoLSWOd8GtZFIQqqn84qXME8dPS7RV3lBm_317_lDZAd5tnPH5yJXUcmY8cOv_HFq4Xsy5NV5ERc_LHj71IsrK9TPHsWiPX1SrkIIRHPiKqNsmVHtydH3XShpOBNIkUas3NuDjZLop336fquFtUMnJ4vPRBo4.OdxzJqE8jByep57ho3ykWIadb8kSUKb78crahymw1Vw%26dib_tag%3Dse%26keywords%3Dsmartphones%26qid%3D1781072605%26sr%3D8-1-spons%26aref%3DDAu4vFXQ8d%26sp_csd%3Dd2lkZ2V0TmFtZT1zcF9hdGY%26psc%3D1&aref=DAu4vFXQ8d&sp_cr=ZAZ,"Sponsored Sponsored You are seeing this ad based on the product’s relevance to your search query. Let us know OnePlus Nord CE6 Lite | 8GB+128GB | Hyper Black | Segment's Fastest Dimensity 7400 Apex Processor | 7000mAh Battery | Segment's Highest 144Hz Refresh Rate | 50MP Main Camera, 4K Video Recording Top Reviewed for Battery life 4.3 4.3 out of 5 stars (450) Limited time deal Price, product page"
Amazon,smartphones,"REDMI A7 Pro 5G (Black, 4GB RAM,128GB Storage) | Segment's Fastest Processor | Segment's Largest Battery | Segment's Lar",1399900.0,16999.0,18.0,-1382901.0,3.6,None,False,Unknown,False,https://www.amazon.in/sspa/click?ie=UTF8&spc=MTo4OTczNzQxNzQ3MTA2NTY6MTc4MTA3MjYwNTpzcF9hdGY6MzAxMDM4NzY3NzA1NzMyOjowOjo&url=%2FREDMI-A7-Pro-5G-Processor%2Fdp%2FB0GS5M4VMH%2Fref%3Dsr_1_2_sspa%3Fdib%3DeyJ2IjoiMSJ9.LvJhgejdQJRe7xQfAw57m_tJgI0RQDbdQpvP9K1nccu_035-woLkFVCHJtAQEUyhWGrPuJ5UkS_9BXBoLSWOd8GtZFIQqqn84qXME8dPS7RV3lBm_317_lDZAd5tnPH5yJXUcmY8cOv_HFq4Xsy5NV5ERc_LHj71IsrK9TPHsWiPX1SrkIIRHPiKqNsmVHtydH3XShpOBNIkUas3NuDjZLop336fquFtUMnJ4vPRBo4.OdxzJqE8jByep57ho3ykWIadb8kSUKb78crahymw1Vw%26dib_tag%3Dse%26keywords%3Dsmartphones%26qid%3D1781072605%26sr%3D8-2-spons%26aref%3DvsZqfdiYw3%26sp_csd%3Dd2lkZ2V0TmFtZT1zcF9hdGY%26psc%3D1&aref=vsZqfdiYw3&sp_cr=ZAZ,"Sponsored Sponsored You are seeing this ad based on the product’s relevance to your search query. Let us know REDMI A7 Pro 5G (Black, 4GB RAM,128GB Storage) | Segment's Fastest Processor | Segment's Largest Battery | Segment's Largest & Smoothest 6.9in 120Hz Display 3.6 3.6 out of 5 stars (655) 5K+ bought in past month Price, product page ₹13,999 ₹ 13,999 M.R.P: ₹16,999 M.R.P: ₹16,999 ₹16,999 (18%"
Amazon,smartphones,"Samsung Galaxy M07 Mobile (Black, 4GB RAM, 64GB Storage) | MediaTek Helio G99 | AnTuTu 624K | IP54| 50MP Camera | 7.6mm",1049900.0,10999.0,5.0,-1038901.0,4.2,None,False,Unknown,False,https://www.amazon.in/Samsung-Storage-MediaTek-Charging-Upgrades/dp/B0FN7QTRPY/ref=sr_1_3?dib=eyJ2IjoiMSJ9.LvJhgejdQJRe7xQfAw57m_tJgI0RQDbdQpvP9K1nccu_035-woLkFVCHJtAQEUyhWGrPuJ5UkS_9BXBoLSWOd8GtZFIQqqn84qXME8dPS7RV3lBm_317_lDZAd5tnPH5yJXUcmY8cOv_HFq4Xsy5NV5ERc_LHj71IsrK9TPHsWiPX1SrkIIRHPiKqNsmVHtydH3XShpOBNIkUas3NuDjZLop336fquFtUMnJ4vPRBo4.OdxzJqE8jByep57ho3ykWIadb8kSUKb78crahymw1Vw&dib_tag=se&keywords=smartphones&qid=1781072605&sr=8-3,"Samsung Galaxy M07 Mobile (Black, 4GB RAM, 64GB Storage) | MediaTek Helio G99 | AnTuTu 624K | IP54| 50MP Camera | 7.6mm Slim | 5000mAh Battery | 25W Fast Charging | 6 Gen OS Upgrades | Without Charger 4.2 4.2 out of 5 stars (1.6K) 5K+ bought in past month Price, product page ₹10,499 ₹ 10,499 M.R.P: ₹10,999 M.R.P: ₹10,999 ₹10,999 (5% off) Up to 5% back with Amazon Pay ICICI card Up to 5% back with "
Amazon,smartphones,"Samsung Galaxy F06 5G, Lit Voilet (6GB, 128GB)",1397100.0,15499.0,10.0,-1381601.0,4.2,None,False,Unknown,False,https://www.amazon.in/Samsung-Galaxy-F06-5G-Voilet/dp/B0F8ZVRLZB/ref=sr_1_4?dib=eyJ2IjoiMSJ9.LvJhgejdQJRe7xQfAw57m_tJgI0RQDbdQpvP9K1nccu_035-woLkFVCHJtAQEUyhWGrPuJ5UkS_9BXBoLSWOd8GtZFIQqqn84qXME8dPS7RV3lBm_317_lDZAd5tnPH5yJXUcmY8cOv_HFq4Xsy5NV5ERc_LHj71IsrK9TPHsWiPX1SrkIIRHPiKqNsmVHtydH3XShpOBNIkUas3NuDjZLop336fquFtUMnJ4vPRBo4.OdxzJqE8jByep57ho3ykWIadb8kSUKb78crahymw1Vw&dib_tag=se&keywords=smartphones&qid=1781072605&sr=8-4,"Amazon's Choice for ""smartphones"" Samsung Galaxy F06 5G, Lit Voilet (6GB, 128GB) 4.2 4.2 out of 5 stars (131) 1K+ bought in past month Price, product page ₹13,971 ₹ 13,971 M.R.P: ₹15,499 M.R.P: ₹15,499 ₹15,499 (10% off) Up to 5% back with Amazon Pay ICICI card Up to 5% back with Amazon Pay ICI... FREE delivery Fri, 12 Jun Or fastest delivery Tomorrow 8 am - 12 pm Add to cart More Buying Choices ₹1"
Amazon,smartphones,"realme NARZO 90 5G (Carbon Black,8GB+128GB) | 7000mAh Biggest Battery | 60W Fastest Charging | 50MP Front & Rear AI Came",1999900.0,,,,4.1,None,False,Unknown,False,https://www.amazon.in/realme-Charging-4000nits-Brightest-Resistance/dp/B0G49YZTTW/ref=sr_1_5?dib=eyJ2IjoiMSJ9.LvJhgejdQJRe7xQfAw57m_tJgI0RQDbdQpvP9K1nccu_035-woLkFVCHJtAQEUyhWGrPuJ5UkS_9BXBoLSWOd8GtZFIQqqn84qXME8dPS7RV3lBm_317_lDZAd5tnPH5yJXUcmY8cOv_HFq4Xsy5NV5ERc_LHj71IsrK9TPHsWiPX1SrkIIRHPiKqNsmVHtydH3XShpOBNIkUas3NuDjZLop336fquFtUMnJ4vPRBo4.OdxzJqE8jByep57ho3ykWIadb8kSUKb78crahymw1Vw&dib_tag=se&keywords=smartphones&qid=1781072605&sr=8-5,"realme NARZO 90 5G (Carbon Black,8GB+128GB) | 7000mAh Biggest Battery | 60W Fastest Charging | 50MP Front & Rear AI Cameras | 4000nits Brightest Display | AI Assist | IP69 Dust & Water Resistance Top Reviewed for Battery life 4.1 4.1 out of 5 stars (1K) 2K+ bought in past month Price, product page ₹19,999 ₹ 19,999 Up to 5% back with Amazon Pay ICICI card Up to 5% back with Amazon Pay ICI... FREE d"
Amazon,smartphones,"iQOO Z10R 5G (Moonstone, 12GB RAM, 256GB Storage) | 32MP 4K Selfie Camera | Quad-Curved AMOLED Display | Dimensity 7400",2699900.0,,,,4.4,None,False,Unknown,False,https://www.amazon.in/iQOO-Moonstone-Quad-Curved-Dimensity-Processor/dp/B0FHB6HZYM/ref=sr_1_6?dib=eyJ2IjoiMSJ9.LvJhgejdQJRe7xQfAw57m_tJgI0RQDbdQpvP9K1nccu_035-woLkFVCHJtAQEUyhWGrPuJ5UkS_9BXBoLSWOd8GtZFIQqqn84qXME8dPS7RV3lBm_317_lDZAd5tnPH5yJXUcmY8cOv_HFq4Xsy5NV5ERc_LHj71IsrK9TPHsWiPX1SrkIIRHPiKqNsmVHtydH3XShpOBNIkUas3NuDjZLop336fquFtUMnJ4vPRBo4.OdxzJqE8jByep57ho3ykWIadb8kSUKb78crahymw1Vw&dib_tag=se&keywords=smartphones&qid=1781072605&sr=8-6,"iQOO Z10R 5G (Moonstone, 12GB RAM, 256GB Storage) | 32MP 4K Selfie Camera | Quad-Curved AMOLED Display | Dimensity 7400 Processor with 750K+ AnTuTu Top Reviewed for Battery life 4.4 4.4 out of 5 stars (4.5K) 1K+ bought in past month Price, product page ₹26,999 ₹ 26,999 Up to 5% back with Amazon Pay ICICI card Up to 5% back with Amazon Pay ICI... FREE delivery Fri, 12 Jun Or fastest delivery Tomorr"
Amazon,smartphones,"realme NARZO 80 Pro 5G (Speed Silver,8GB+256GB) | Segment's 1st MediaTek Dimensity 7400 Chipset | 6000mAh Titan Battery",2399900.0,25999.0,8.0,-2373901.0,4.3,None,False,Unknown,False,https://www.amazon.in/realme-Segments-Dimensity-HyperGlow-Waterproof/dp/B0F1D9LCK3/ref=sr_1_7?dib=eyJ2IjoiMSJ9.LvJhgejdQJRe7xQfAw57m_tJgI0RQDbdQpvP9K1nccu_035-woLkFVCHJtAQEUyhWGrPuJ5UkS_9BXBoLSWOd8GtZFIQqqn84qXME8dPS7RV3lBm_317_lDZAd5tnPH5yJXUcmY8cOv_HFq4Xsy5NV5ERc_LHj71IsrK9TPHsWiPX1SrkIIRHPiKqNsmVHtydH3XShpOBNIkUas3NuDjZLop336fquFtUMnJ4vPRBo4.OdxzJqE8jByep57ho3ykWIadb8kSUKb78crahymw1Vw&dib_tag=se&keywords=smartphones&qid=1781072605&sr=8-7,"realme NARZO 80 Pro 5G (Speed Silver,8GB+256GB) | Segment's 1st MediaTek Dimensity 7400 Chipset | 6000mAh Titan Battery + 80W Ultra Charge | 4500nits HyperGlow Esports Display | IP69 Waterproof Top Reviewed for Battery life 4.3 4.3 out of 5 stars (2.8K) 1K+ bought in past month Price, product page ₹23,999 ₹ 23,999 M.R.P: ₹25,999 M.R.P: ₹25,999 ₹25,999 (8% off) Up to 5% back with Amazon Pay ICICI c"
Amazon,smartphones,"realme NARZO 80 Lite 4G (Beach Gold 2026, 4GB+64GB) | 6300mAh Segment's Biggest Battery | 7.94mm Slim Design | 300% Ultr",1199900.0,16999.0,29.0,-1182901.0,4.2,None,False,Unknown,False,https://www.amazon.in/realme-6300mAh-Segments-Biggest-Battery/dp/B0H1B6WTN3/ref=sr_1_8?dib=eyJ2IjoiMSJ9.LvJhgejdQJRe7xQfAw57m_tJgI0RQDbdQpvP9K1nccu_035-woLkFVCHJtAQEUyhWGrPuJ5UkS_9BXBoLSWOd8GtZFIQqqn84qXME8dPS7RV3lBm_317_lDZAd5tnPH5yJXUcmY8cOv_HFq4Xsy5NV5ERc_LHj71IsrK9TPHsWiPX1SrkIIRHPiKqNsmVHtydH3XShpOBNIkUas3NuDjZLop336fquFtUMnJ4vPRBo4.OdxzJqE8jByep57ho3ykWIadb8kSUKb78crahymw1Vw&dib_tag=se&keywords=smartphones&qid=1781072605&sr=8-8,"realme NARZO 80 Lite 4G (Beach Gold 2026, 4GB+64GB) | 6300mAh Segment's Biggest Battery | 7.94mm Slim Design | 300% Ultra Volume | Pulse Light: 9 Colors, 5 Glow Modes | Ai Assist 4.2 4.2 out of 5 stars (2.9K) Price, product page ₹11,999 ₹ 11,999 M.R.P: ₹16,999 M.R.P: ₹16,999 ₹16,999 (29% off) Up to 5% back with Amazon Pay ICICI card Up to 5% back with Amazon Pay ICI... FREE delivery Fri, 12 Jun Or"
Amazon,smartphones,"OPPO K14x 5G Smartphone, 6GB RAM, 128GB Storage, ICY Blue, Dual Camera, 48-Month Fluency Protection",1799900.0,19999.0,10.0,-1779901.0,3.8,None,False,Unknown,False,https://www.amazon.in/OPPO-Smartphone-Storage-48-Month-Protection/dp/B0GPDJ1PRN/ref=sr_1_10?dib=eyJ2IjoiMSJ9.LvJhgejdQJRe7xQfAw57m_tJgI0RQDbdQpvP9K1nccu_035-woLkFVCHJtAQEUyhWGrPuJ5UkS_9BXBoLSWOd8GtZFIQqqn84qXME8dPS7RV3lBm_317_lDZAd5tnPH5yJXUcmY8cOv_HFq4Xsy5NV5ERc_LHj71IsrK9TPHsWiPX1SrkIIRHPiKqNsmVHtydH3XShpOBNIkUas3NuDjZLop336fquFtUMnJ4vPRBo4.OdxzJqE8jByep57ho3ykWIadb8kSUKb78crahymw1Vw&dib_tag=se&keywords=smartphones&qid=1781072605&sr=8-10,"OPPO K14x 5G Smartphone, 6GB RAM, 128GB Storage, ICY Blue, Dual Camera, 48-Month Fluency Protection 3.8 3.8 out of 5 stars (35) 500+ bought in past month Price, product page ₹17,999 ₹ 17,999 M.R.P: ₹19,999 M.R.P: ₹19,999 ₹19,999 (10% off) Up to 5% back with Amazon Pay ICICI card Up to 5% back with Amazon Pay ICI... FREE delivery Fri, 12 Jun Or fastest delivery Tomorrow 8 am - 12 pm Add to cart Mor"
Amazon,smartphones,OnePlus Nord 6 | 8GB+256GB | Fresh Mint | Snapdragon 8s Gen 4 | Segment's First Stable 165FPS Gaming | Segment's Largest,4299900.0,52999.0,19.0,-4246901.0,4.3,None,False,Unknown,False,https://www.amazon.in/sspa/click?ie=UTF8&spc=MTo4OTczNzQxNzQ3MTA2NTY6MTc4MTA3MjYwNTpzcF9tdGY6MzAxMDI3MTcxMzI0ODMyOjowOjo&url=%2FOnePlus-Snapdragon-Segments-Complete-Personalized%2Fdp%2FB0GRBBPBGQ%2Fref%3Dsr_1_11_sspa%3Fdib%3DeyJ2IjoiMSJ9.LvJhgejdQJRe7xQfAw57m_tJgI0RQDbdQpvP9K1nccu_035-woLkFVCHJtAQEUyhWGrPuJ5UkS_9BXBoLSWOd8GtZFIQqqn84qXME8dPS7RV3lBm_317_lDZAd5tnPH5yJXUcmY8cOv_HFq4Xsy5NV5ERc_LHj71IsrK9TPHsWiPX1SrkIIRHPiKqNsmVHtydH3XShpOBNIkUas3NuDjZLop336fquFtUMnJ4vPRBo4.OdxzJqE8jByep57ho3ykWIadb8kSUKb78crahymw1Vw%26dib_tag%3Dse%26keywords%3Dsmartphones%26qid%3D1781072605%26sr%3D8-11-spons%26aref%3DbAL0dYVpqQ%26sp_csd%3Dd2lkZ2V0TmFtZT1zcF9tdGY%26psc%3D1&aref=bAL0dYVpqQ&sp_cr=ZAZ,"Sponsored Sponsored You are seeing this ad based on the product’s relevance to your search query. Let us know OnePlus Nord 6 | 8GB+256GB | Fresh Mint | Snapdragon 8s Gen 4 | Segment's First Stable 165FPS Gaming | Segment's Largest 9000mAh Battery | Most Complete IP Rating | Personalized AI Top Reviewed for Battery life 4.3 4.3 out of 5 stars (1.3K) 5K+ bought in past month Price, product page ₹42,"
Amazon,smartphones,"REDMI Note 15 5G (Black, 8GB RAM 256GB Storage) | 108MP OIS Camera | Snapdragon 6 Gen 3 | 17.2cm Tough Curved AMOLED Scr",2899900.0,,,,4.1,None,False,Unknown,False,https://www.amazon.in/sspa/click?ie=UTF8&spc=MTo4OTczNzQxNzQ3MTA2NTY6MTc4MTA3MjYwNTpzcF9tdGY6MzAwODkzODEyODU1MTMyOjowOjo&url=%2FStorage-Snapdragon-Segments-Slimmest-Charging%2Fdp%2FB0G5G25YBQ%2Fref%3Dsr_1_12_sspa%3Fdib%3DeyJ2IjoiMSJ9.LvJhgejdQJRe7xQfAw57m_tJgI0RQDbdQpvP9K1nccu_035-woLkFVCHJtAQEUyhWGrPuJ5UkS_9BXBoLSWOd8GtZFIQqqn84qXME8dPS7RV3lBm_317_lDZAd5tnPH5yJXUcmY8cOv_HFq4Xsy5NV5ERc_LHj71IsrK9TPHsWiPX1SrkIIRHPiKqNsmVHtydH3XShpOBNIkUas3NuDjZLop336fquFtUMnJ4vPRBo4.OdxzJqE8jByep57ho3ykWIadb8kSUKb78crahymw1Vw%26dib_tag%3Dse%26keywords%3Dsmartphones%26qid%3D1781072605%26sr%3D8-12-spons%26aref%3DCquvlk0YcC%26sp_csd%3Dd2lkZ2V0TmFtZT1zcF9tdGY%26psc%3D1&aref=Cquvlk0YcC&sp_cr=ZAZ,"Sponsored Sponsored You are seeing this ad based on the product’s relevance to your search query. Let us know REDMI Note 15 5G (Black, 8GB RAM 256GB Storage) | 108MP OIS Camera | Snapdragon 6 Gen 3 | 17.2cm Tough Curved AMOLED Screen | Segment's Slimmest Phone | 5520mAh Battery | 45W Fast Charging 4.1 4.1 out of 5 stars (854) 500+ bought in past month Price, product page ₹28,999 ₹ 28,999 Up to 5% "
Amazon,smartphones,"vivo T5x 5G (Star Silver, 8GB RAM, 256GB Storage) | 50MP AI Dual Camera | 32MP Selfie | 6.76"" FHD+ Display | 7200mAh Bat",2684000.0,33999.0,21.0,-2650001.0,4.4,None,False,Unknown,False,https://www.amazon.in/vivo-Dimensity-7400-Turbo-Processor-Smartphone/dp/B0GTV6S8Q2/ref=sr_1_13?dib=eyJ2IjoiMSJ9.LvJhgejdQJRe7xQfAw57m_tJgI0RQDbdQpvP9K1nccu_035-woLkFVCHJtAQEUyhWGrPuJ5UkS_9BXBoLSWOd8GtZFIQqqn84qXME8dPS7RV3lBm_317_lDZAd5tnPH5yJXUcmY8cOv_HFq4Xsy5NV5ERc_LHj71IsrK9TPHsWiPX1SrkIIRHPiKqNsmVHtydH3XShpOBNIkUas3NuDjZLop336fquFtUMnJ4vPRBo4.OdxzJqE8jByep57ho3ykWIadb8kSUKb78crahymw1Vw&dib_tag=se&keywords=smartphones&qid=1781072605&sr=8-13,"vivo T5x 5G (Star Silver, 8GB RAM, 256GB Storage) | 50MP AI Dual Camera | 32MP Selfie | 6.76"" FHD+ Display | 7200mAh Battery | Dimensity 7400-Turbo Processor | Fast Charging | Dual SIM Smartphone 4.4 4.4 out of 5 stars (83) 500+ bought in past month Price, product page ₹26,840 ₹ 26,840 M.R.P: ₹33,999 M.R.P: ₹33,999 ₹33,999 (21% off) Up to 5% back with Amazon Pay ICICI card Up to 5% back with Amazo"
Amazon,smartphones,"Samsung Galaxy M06 5G Mobile (Sage Green, 4GB RAM, 128GB Storage) | MediaTek Dimensity 6300 | AnTuTu 623K+ | 12 5G Bands",1399900.0,,,,4.0,None,False,Unknown,False,https://www.amazon.in/Samsung-MediaTek-Dimensity-Charging-Upgrades/dp/B0DX6P3RX9/ref=sr_1_14?dib=eyJ2IjoiMSJ9.LvJhgejdQJRe7xQfAw57m_tJgI0RQDbdQpvP9K1nccu_035-woLkFVCHJtAQEUyhWGrPuJ5UkS_9BXBoLSWOd8GtZFIQqqn84qXME8dPS7RV3lBm_317_lDZAd5tnPH5yJXUcmY8cOv_HFq4Xsy5NV5ERc_LHj71IsrK9TPHsWiPX1SrkIIRHPiKqNsmVHtydH3XShpOBNIkUas3NuDjZLop336fquFtUMnJ4vPRBo4.OdxzJqE8jByep57ho3ykWIadb8kSUKb78crahymw1Vw&dib_tag=se&keywords=smartphones&qid=1781072605&sr=8-14,"Samsung Galaxy M06 5G Mobile (Sage Green, 4GB RAM, 128GB Storage) | MediaTek Dimensity 6300 | AnTuTu 623K+ | 12 5G Bands | 25W Fast Charging | 4 Gen OS Upgrades | 50MP Camera | Without Charger 4.0 4.0 out of 5 stars (2.9K) 2K+ bought in past month Price, product page ₹13,999 ₹ 13,999 Up to 5% back with Amazon Pay ICICI card Up to 5% back with Amazon Pay ICI... FREE delivery Fri, 12 Jun Or fastest "
Amazon,smartphones,"POCO M7 Plus 5G, Carbon Black (6GB, 128GB)",1589900.0,16999.0,6.0,-1572901.0,3.7,None,False,Unknown,False,https://www.amazon.in/POCO-M7-Plus-5G-Carbon/dp/B0FRNNP6F5/ref=sr_1_15?dib=eyJ2IjoiMSJ9.LvJhgejdQJRe7xQfAw57m_tJgI0RQDbdQpvP9K1nccu_035-woLkFVCHJtAQEUyhWGrPuJ5UkS_9BXBoLSWOd8GtZFIQqqn84qXME8dPS7RV3lBm_317_lDZAd5tnPH5yJXUcmY8cOv_HFq4Xsy5NV5ERc_LHj71IsrK9TPHsWiPX1SrkIIRHPiKqNsmVHtydH3XShpOBNIkUas3NuDjZLop336fquFtUMnJ4vPRBo4.OdxzJqE8jByep57ho3ykWIadb8kSUKb78crahymw1Vw&dib_tag=se&keywords=smartphones&qid=1781072605&sr=8-15,"POCO M7 Plus 5G, Carbon Black (6GB, 128GB) 3.7 3.7 out of 5 stars (78) 3K+ bought in past month Price, product page ₹15,899 ₹ 15,899 M.R.P: ₹16,999 M.R.P: ₹16,999 ₹16,999 (6% off) Up to 5% back with Amazon Pay ICICI card Up to 5% back with Amazon Pay ICI... FREE delivery Fri, 12 Jun Or fastest delivery Today 4 pm - 8 pm Add to cart"
Amazon,smartphones,"Samsung Galaxy M56 5G Mobile (Black, 8GB RAM, 128GB Storage)| Segment Slimmest | Gorilla Glass Victus+ | 10 Bit HDR Vide",2349900.0,33999.0,31.0,-2315901.0,4.3,None,False,Unknown,False,https://www.amazon.in/Samsung-Slimmest-Enhanced-Nightography-Processor/dp/B0F43WXC8K/ref=sr_1_16?dib=eyJ2IjoiMSJ9.LvJhgejdQJRe7xQfAw57m_tJgI0RQDbdQpvP9K1nccu_035-woLkFVCHJtAQEUyhWGrPuJ5UkS_9BXBoLSWOd8GtZFIQqqn84qXME8dPS7RV3lBm_317_lDZAd5tnPH5yJXUcmY8cOv_HFq4Xsy5NV5ERc_LHj71IsrK9TPHsWiPX1SrkIIRHPiKqNsmVHtydH3XShpOBNIkUas3NuDjZLop336fquFtUMnJ4vPRBo4.OdxzJqE8jByep57ho3ykWIadb8kSUKb78crahymw1Vw&dib_tag=se&keywords=smartphones&qid=1781072605&sr=8-16,"Samsung Galaxy M56 5G Mobile (Black, 8GB RAM, 128GB Storage)| Segment Slimmest | Gorilla Glass Victus+ | 10 Bit HDR Video | 50MP Camera | AI | Vapour Cooling Chamber | Lag-free Gaming| Without Charger 4.3 4.3 out of 5 stars (2K) 5K+ bought in past month Price, product page ₹23,499 ₹ 23,499 M.R.P: ₹33,999 M.R.P: ₹33,999 ₹33,999 (31% off) Up to 5% back with Amazon Pay ICICI card Up to 5% back with A"
Amazon,smartphones,"SAMSUNG Galaxy F07 (Green, 64 GB) (4 GB RAM)",1018900.0,11999.0,15.0,-1006901.0,3.8,None,False,Unknown,False,https://www.amazon.in/SAMSUNG-Galaxy-F07-Green-RAM/dp/B0FT7T3GZF/ref=sr_1_17?dib=eyJ2IjoiMSJ9.LvJhgejdQJRe7xQfAw57m_tJgI0RQDbdQpvP9K1nccu_035-woLkFVCHJtAQEUyhWGrPuJ5UkS_9BXBoLSWOd8GtZFIQqqn84qXME8dPS7RV3lBm_317_lDZAd5tnPH5yJXUcmY8cOv_HFq4Xsy5NV5ERc_LHj71IsrK9TPHsWiPX1SrkIIRHPiKqNsmVHtydH3XShpOBNIkUas3NuDjZLop336fquFtUMnJ4vPRBo4.OdxzJqE8jByep57ho3ykWIadb8kSUKb78crahymw1Vw&dib_tag=se&keywords=smartphones&qid=1781072605&sr=8-17,"SAMSUNG Galaxy F07 (Green, 64 GB) (4 GB RAM) 3.8 3.8 out of 5 stars (150) 4K+ bought in past month Price, product page ₹10,189 ₹ 10,189 M.R.P: ₹11,999 M.R.P: ₹11,999 ₹11,999 (15% off) Up to 5% back with Amazon Pay ICICI card Up to 5% back with Amazon Pay ICI... FREE delivery Fri, 12 Jun Or fastest delivery Tomorrow 8 am - 12 pm Add to cart More Buying Choices ₹10,129 (9 new offers)"
Amazon,smartphones,"realme C71 4G Smartphone 6GB+128GB,6.745 inch Screen, 90Hz Eye Comfort Display, 6300mAh Battery, 37MP Cameras, Unisoc T7",1399900.0,,,,3.8,Only 2 Left,True,Unknown,False,https://www.amazon.in/realme-Smartphone-Comfort-Display-6300mAh/dp/B0GFW1BJ1D/ref=sr_1_18?dib=eyJ2IjoiMSJ9.LvJhgejdQJRe7xQfAw57m_tJgI0RQDbdQpvP9K1nccu_035-woLkFVCHJtAQEUyhWGrPuJ5UkS_9BXBoLSWOd8GtZFIQqqn84qXME8dPS7RV3lBm_317_lDZAd5tnPH5yJXUcmY8cOv_HFq4Xsy5NV5ERc_LHj71IsrK9TPHsWiPX1SrkIIRHPiKqNsmVHtydH3XShpOBNIkUas3NuDjZLop336fquFtUMnJ4vPRBo4.OdxzJqE8jByep57ho3ykWIadb8kSUKb78crahymw1Vw&dib_tag=se&keywords=smartphones&qid=1781072605&sr=8-18,"realme C71 4G Smartphone 6GB+128GB,6.745 inch Screen, 90Hz Eye Comfort Display, 6300mAh Battery, 37MP Cameras, Unisoc T7250 Chip, IP54, Sea Blue 3.8 3.8 out of 5 stars (312) 1K+ bought in past month Price, product page ₹13,999 ₹ 13,999 Up to 5% back with Amazon Pay ICICI card Up to 5% back with Amazon Pay ICI... FREE delivery Fri, 12 Jun Or fastest delivery Tomorrow 8 am - 12 pm Only 2 left in sto"
Amazon,smartphones,"Samsung Galaxy A07 5G Smartphone (Light Violet, 6GB RAM, 128GB Storage) | 120Hz Refresh Rate | Massive 6000mAh Battery |",1749900.0,21499.0,19.0,-1728401.0,4.2,None,False,Unknown,False,https://www.amazon.in/Samsung-Smartphone-Storage-Refresh-Upgrades/dp/B0GHWSHPP7/ref=sr_1_19?dib=eyJ2IjoiMSJ9.LvJhgejdQJRe7xQfAw57m_tJgI0RQDbdQpvP9K1nccu_035-woLkFVCHJtAQEUyhWGrPuJ5UkS_9BXBoLSWOd8GtZFIQqqn84qXME8dPS7RV3lBm_317_lDZAd5tnPH5yJXUcmY8cOv_HFq4Xsy5NV5ERc_LHj71IsrK9TPHsWiPX1SrkIIRHPiKqNsmVHtydH3XShpOBNIkUas3NuDjZLop336fquFtUMnJ4vPRBo4.OdxzJqE8jByep57ho3ykWIadb8kSUKb78crahymw1Vw&dib_tag=se&keywords=smartphones&qid=1781072605&sr=8-19,"Samsung Galaxy A07 5G Smartphone (Light Violet, 6GB RAM, 128GB Storage) | 120Hz Refresh Rate | Massive 6000mAh Battery | 50MP True Dual Camera | 6 Gen OS Upgrades | Knox Vault 4.2 4.2 out of 5 stars (46) 200+ bought in past month Price, product page ₹17,499 ₹ 17,499 M.R.P: ₹21,499 M.R.P: ₹21,499 ₹21,499 (19% off) Up to 5% back with Amazon Pay ICICI card Up to 5% back with Amazon Pay ICI... FREE de"
Amazon,smartphones,"Samsung Galaxy F06 5G, Bahama Blue (4GB, 128GB)",1299900.0,16999.0,24.0,-1282901.0,4.1,None,False,Unknown,False,https://www.amazon.in/Samsung-Galaxy-Bahama-Blue-128GB/dp/B0DYP4NYYJ/ref=sr_1_20?dib=eyJ2IjoiMSJ9.LvJhgejdQJRe7xQfAw57m_tJgI0RQDbdQpvP9K1nccu_035-woLkFVCHJtAQEUyhWGrPuJ5UkS_9BXBoLSWOd8GtZFIQqqn84qXME8dPS7RV3lBm_317_lDZAd5tnPH5yJXUcmY8cOv_HFq4Xsy5NV5ERc_LHj71IsrK9TPHsWiPX1SrkIIRHPiKqNsmVHtydH3XShpOBNIkUas3NuDjZLop336fquFtUMnJ4vPRBo4.OdxzJqE8jByep57ho3ykWIadb8kSUKb78crahymw1Vw&dib_tag=se&keywords=smartphones&qid=1781072605&sr=8-20,"Samsung Galaxy F06 5G, Bahama Blue (4GB, 128GB) 4.1 4.1 out of 5 stars (845) 3K+ bought in past month Price, product page ₹12,999 ₹ 12,999 M.R.P: ₹16,999 M.R.P: ₹16,999 ₹16,999 (24% off) Up to 5% back with Amazon Pay ICICI card Up to 5% back with Amazon Pay ICI... FREE delivery Fri, 12 Jun Or fastest delivery Tomorrow 8 am - 12 pm Add to cart More Buying Choices ₹12,738 (12 new offers)"
Amazon,smartphones,OnePlus 15R | 12GB+256GB | Charcoal Black | World's First Snapdragon® 8 Gen 5 | 7400mAh Battery | Personalised AI | Game,5499900.0,,,,4.5,None,False,Unknown,False,https://www.amazon.in/sspa/click?ie=UTF8&spc=MTo4OTczNzQxNzQ3MTA2NTY6MTc4MTA3MjYwNTpzcF9idGY6MzAwODY0NjI0Mjk3MjMyOjowOjo&url=%2FOnePlus-Charcoal-Snapdragon%25C2%25AE-Personalised-Game-Changing%2Fdp%2FB0FZSWZZW2%2Fref%3Dsr_1_21_sspa%3Fdib%3DeyJ2IjoiMSJ9.LvJhgejdQJRe7xQfAw57m_tJgI0RQDbdQpvP9K1nccu_035-woLkFVCHJtAQEUyhWGrPuJ5UkS_9BXBoLSWOd8GtZFIQqqn84qXME8dPS7RV3lBm_317_lDZAd5tnPH5yJXUcmY8cOv_HFq4Xsy5NV5ERc_LHj71IsrK9TPHsWiPX1SrkIIRHPiKqNsmVHtydH3XShpOBNIkUas3NuDjZLop336fquFtUMnJ4vPRBo4.OdxzJqE8jByep57ho3ykWIadb8kSUKb78crahymw1Vw%26dib_tag%3Dse%26keywords%3Dsmartphones%26qid%3D1781072605%26sr%3D8-21-spons%26aref%3DjeMYYVI4P5%26sp_csd%3Dd2lkZ2V0TmFtZT1zcF9idGY%26psc%3D1&aref=jeMYYVI4P5&sp_cr=ZAZ,"Sponsored Sponsored You are seeing this ad based on the product’s relevance to your search query. Let us know OnePlus 15R | 12GB+256GB | Charcoal Black | World's First Snapdragon® 8 Gen 5 | 7400mAh Battery | Personalised AI | Game-Changing 165Hz Display | IP68 IP69 IP66 & IP69K | 4K 120fps Video Top Reviewed for Battery life 4.5 4.5 out of 5 stars (1.6K) 1K+ bought in past month Price, product pag"
Amazon,smartphones,"REDMI Note 15 Pro 5G (Carbon Black, 8GB+256GB) | 200MasterPixel OIS Camera | Dimensity 7400-Ultra | 17.3cm CrystalRes AM",3499900.0,,,,3.9,None,False,Unknown,False,https://www.amazon.in/sspa/click?ie=UTF8&spc=MTo4OTczNzQxNzQ3MTA2NTY6MTc4MTA3MjYwNTpzcF9idGY6MzAwOTE1MTE1NjU3MDMyOjowOjo&url=%2F200MasterPixel-Dimensity-7400-Ultra-CrystalRes-Charging%2Fdp%2FB0GF23R9B6%2Fref%3Dsr_1_22_sspa%3Fdib%3DeyJ2IjoiMSJ9.LvJhgejdQJRe7xQfAw57m_tJgI0RQDbdQpvP9K1nccu_035-woLkFVCHJtAQEUyhWGrPuJ5UkS_9BXBoLSWOd8GtZFIQqqn84qXME8dPS7RV3lBm_317_lDZAd5tnPH5yJXUcmY8cOv_HFq4Xsy5NV5ERc_LHj71IsrK9TPHsWiPX1SrkIIRHPiKqNsmVHtydH3XShpOBNIkUas3NuDjZLop336fquFtUMnJ4vPRBo4.OdxzJqE8jByep57ho3ykWIadb8kSUKb78crahymw1Vw%26dib_tag%3Dse%26keywords%3Dsmartphones%26qid%3D1781072605%26sr%3D8-22-spons%26aref%3DzAgmrBRxpd%26sp_csd%3Dd2lkZ2V0TmFtZT1zcF9idGY%26psc%3D1&aref=zAgmrBRxpd&sp_cr=ZAZ,"Sponsored Sponsored You are seeing this ad based on the product’s relevance to your search query. Let us know REDMI Note 15 Pro 5G (Carbon Black, 8GB+256GB) | 200MasterPixel OIS Camera | Dimensity 7400-Ultra | 17.3cm CrystalRes AMOLED Screen | IP66/68/69/69K | Mega 6580mAh Si/C Battery | 45W Fast Charging Top Reviewed for Battery life 3.9 3.9 out of 5 stars (360) 300+ bought in past month Price, p"
Amazon,smartphones,"REDMI A7 Pro 5G (Mist Blue, 4GB RAM, 64GB Storage) | Segment's Fastest Processor | Segment's Largest Battery | Segment's",1299900.0,15999.0,19.0,-1283901.0,3.6,None,False,Unknown,False,https://www.amazon.in/sspa/click?ie=UTF8&spc=MTo3MzI5MTQ2NjEwNDg3NDAwOjE3ODEwNzI2NjI6c3BfYXRmX25leHQ6MzAxMDM4NzY3NzA1OTMyOjowOjo&url=%2FStorage-Segments-Fastest-Processor-Smoothest%2Fdp%2FB0GS5Y7QBF%2Fref%3Dsr_1_18_sspa%3Fdib%3DeyJ2IjoiMSJ9.yGSQ8woyLzXqOYGm_zVt1zgadDbJNijlDPvLmpS_EV9Jna5ASWCgJNXW9ZJr4pHGqWIlHLw3Tx6t4mvexhNC3_0INxNz4222XxcudlPXHoxTyp7Ng22mcRSMbcAAO3ug22-IN1LEbGyL8vwxMMRqJB-n6yWDjXTbYavvcsaL-D8uw1hKLaIKs1L0uoAatejLv1CY2-ijLmCxpEtlnEYIVGAxJNnr79CnqLuySNFq1bw.IlaEKkkXcJOww3jLnRtJiXaB1TlaJrZYW9b5v0Gv5D4%26dib_tag%3Dse%26keywords%3Dsmartphones%26qid%3D1781072662%26aref%3DSpJZvnk3P9%26sp_csd%3Dd2lkZ2V0TmFtZT1zcF9hdGZfbmV4dA%26psc%3D1&aref=SpJZvnk3P9&sp_cr=ZAZ,"Sponsored Sponsored You are seeing this ad based on the product’s relevance to your search query. Let us know REDMI A7 Pro 5G (Mist Blue, 4GB RAM, 64GB Storage) | Segment's Fastest Processor | Segment's Largest Battery | Segment's Largest & Smoothest 6.9in 120Hz Display 3.6 3.6 out of 5 stars (655) 5K+ bought in past month Price, product page ₹12,999 ₹ 12,999 M.R.P: ₹15,999 M.R.P: ₹15,999 ₹15,999 "
Amazon,smartphones,"acerpure Acerone Liquid 4G Smartphone (Blue, 4GB RAM, 64GB Storage) with 6.5"" IPS Display, 20MP Rear Camera, 5000mAh Bat",849900.0,18900.0,55.0,-831000.0,3.4,None,False,Unknown,False,https://www.amazon.in/acerpure-Acerone-Liquid-Smartphone-Octa-Core/dp/B0GTQ5X45R/ref=sr_1_19?dib=eyJ2IjoiMSJ9.yGSQ8woyLzXqOYGm_zVt1zgadDbJNijlDPvLmpS_EV9Jna5ASWCgJNXW9ZJr4pHGqWIlHLw3Tx6t4mvexhNC3_0INxNz4222XxcudlPXHoxTyp7Ng22mcRSMbcAAO3ug22-IN1LEbGyL8vwxMMRqJB-n6yWDjXTbYavvcsaL-D8uw1hKLaIKs1L0uoAatejLv1CY2-ijLmCxpEtlnEYIVGAxJNnr79CnqLuySNFq1bw.IlaEKkkXcJOww3jLnRtJiXaB1TlaJrZYW9b5v0Gv5D4&dib_tag=se&keywords=smartphones&qid=1781072662,"acerpure Acerone Liquid 4G Smartphone (Blue, 4GB RAM, 64GB Storage) with 6.5"" IPS Display, 20MP Rear Camera, 5000mAh Battery, Android 14, Octa-Core MT6765 Processor 3.4 3.4 out of 5 stars (28) 300+ bought in past month Price, product page ₹8,499 ₹ 8,499 M.R.P: ₹18,900 M.R.P: ₹18,900 ₹18,900 (55% off) Up to 5% back with Amazon Pay ICICI card Up to 5% back with Amazon Pay ICI... FREE delivery Fri, 1"
Amazon,smartphones,"Samsung Galaxy F06 5G (Bahama Blue, 128 GB) (6 GB RAM)",1389500.0,15499.0,10.0,-1374001.0,3.9,None,False,Unknown,False,https://www.amazon.in/Samsung-Galaxy-Bahama-Blue-128GB/dp/B0DYKC512N/ref=sr_1_21?dib=eyJ2IjoiMSJ9.yGSQ8woyLzXqOYGm_zVt1zgadDbJNijlDPvLmpS_EV9Jna5ASWCgJNXW9ZJr4pHGqWIlHLw3Tx6t4mvexhNC3_0INxNz4222XxcudlPXHoxTyp7Ng22mcRSMbcAAO3ug22-IN1LEbGyL8vwxMMRqJB-n6yWDjXTbYavvcsaL-D8uw1hKLaIKs1L0uoAatejLv1CY2-ijLmCxpEtlnEYIVGAxJNnr79CnqLuySNFq1bw.IlaEKkkXcJOww3jLnRtJiXaB1TlaJrZYW9b5v0Gv5D4&dib_tag=se&keywords=smartphones&qid=1781072662,"Samsung Galaxy F06 5G (Bahama Blue, 128 GB) (6 GB RAM) 3.9 3.9 out of 5 stars (228) 1K+ bought in past month Price, product page ₹13,895 ₹ 13,895 M.R.P: ₹15,499 M.R.P: ₹15,499 ₹15,499 (10% off) Up to 5% back with Amazon Pay ICICI card Up to 5% back with Amazon Pay ICI... FREE delivery Sat, 13 Jun Or fastest delivery Tomorrow, 11 Jun Add to cart More Buying Choices ₹13,878 (13 new offers)"
Amazon,smartphones,"Samsung Galaxy M17e 5G Mobile (Blitz Blue, 6GB RAM, 128GB Storage) | Smoothest 120 Hz Refresh Rate| Monster 6000 mAh Bat",1749900.0,20999.0,17.0,-1728901.0,3.7,None,False,Unknown,False,https://www.amazon.in/Samsung-Storage-Smoothest-Refresh-Upgrades/dp/B0GN16HF5W/ref=sr_1_23?dib=eyJ2IjoiMSJ9.yGSQ8woyLzXqOYGm_zVt1zgadDbJNijlDPvLmpS_EV9Jna5ASWCgJNXW9ZJr4pHGqWIlHLw3Tx6t4mvexhNC3_0INxNz4222XxcudlPXHoxTyp7Ng22mcRSMbcAAO3ug22-IN1LEbGyL8vwxMMRqJB-n6yWDjXTbYavvcsaL-D8uw1hKLaIKs1L0uoAatejLv1CY2-ijLmCxpEtlnEYIVGAxJNnr79CnqLuySNFq1bw.IlaEKkkXcJOww3jLnRtJiXaB1TlaJrZYW9b5v0Gv5D4&dib_tag=se&keywords=smartphones&qid=1781072662,"Samsung Galaxy M17e 5G Mobile (Blitz Blue, 6GB RAM, 128GB Storage) | Smoothest 120 Hz Refresh Rate| Monster 6000 mAh Battery | IP54 | 6 Gen OS Upgrades | AI | Gemini Live | Without Charger 3.7 3.7 out of 5 stars (52) 1K+ bought in past month Price, product page ₹17,499 ₹ 17,499 M.R.P: ₹20,999 M.R.P: ₹20,999 ₹20,999 (17% off) Up to 5% back with Amazon Pay ICICI card Up to 5% back with Amazon Pay IC"
Amazon,smartphones,"OPPO K14x 5G Smartphone, Prism Violet, 4GB RAM, 64GB Storage, 6500mAh Battery, 45W Fast Charge",1549100.0,20000.0,23.0,-1529100.0,4.4,None,False,Unknown,False,https://www.amazon.in/OPPO-Smartphone-Storage-6500mAh-Battery/dp/B0GSRJ52CQ/ref=sr_1_26?dib=eyJ2IjoiMSJ9.yGSQ8woyLzXqOYGm_zVt1zgadDbJNijlDPvLmpS_EV9Jna5ASWCgJNXW9ZJr4pHGqWIlHLw3Tx6t4mvexhNC3_0INxNz4222XxcudlPXHoxTyp7Ng22mcRSMbcAAO3ug22-IN1LEbGyL8vwxMMRqJB-n6yWDjXTbYavvcsaL-D8uw1hKLaIKs1L0uoAatejLv1CY2-ijLmCxpEtlnEYIVGAxJNnr79CnqLuySNFq1bw.IlaEKkkXcJOww3jLnRtJiXaB1TlaJrZYW9b5v0Gv5D4&dib_tag=se&keywords=smartphones&qid=1781072662,"OPPO K14x 5G Smartphone, Prism Violet, 4GB RAM, 64GB Storage, 6500mAh Battery, 45W Fast Charge 4.4 4.4 out of 5 stars (18) 300+ bought in past month Price, product page ₹15,491 ₹ 15,491 M.R.P: ₹20,000 M.R.P: ₹20,000 ₹20,000 (23% off) Up to 5% back with Amazon Pay ICICI card Up to 5% back with Amazon Pay ICI... FREE delivery Fri, 12 Jun Or fastest delivery Tomorrow 8 am - 12 pm Add to cart"
Amazon,smartphones,OnePlus Nord 6 | 12GB+256GB | Pitch Black | Snapdragon 8s Gen 4 | Segment's First Stable 165FPS Gaming | Segment's Large,4799800.0,56999.0,16.0,-4742801.0,4.3,None,False,Unknown,False,https://www.amazon.in/sspa/click?ie=UTF8&spc=MTo3MzI5MTQ2NjEwNDg3NDAwOjE3ODEwNzI2NjI6c3BfbXRmOjMwMTAyNzE3MTMyNTAzMjo6MDo6&url=%2FOnePlus-Snapdragon-Segments-Complete-Personalized%2Fdp%2FB0GRBH61FR%2Fref%3Dsr_1_27_sspa%3Fdib%3DeyJ2IjoiMSJ9.yGSQ8woyLzXqOYGm_zVt1zgadDbJNijlDPvLmpS_EV9Jna5ASWCgJNXW9ZJr4pHGqWIlHLw3Tx6t4mvexhNC3_0INxNz4222XxcudlPXHoxTyp7Ng22mcRSMbcAAO3ug22-IN1LEbGyL8vwxMMRqJB-n6yWDjXTbYavvcsaL-D8uw1hKLaIKs1L0uoAatejLv1CY2-ijLmCxpEtlnEYIVGAxJNnr79CnqLuySNFq1bw.IlaEKkkXcJOww3jLnRtJiXaB1TlaJrZYW9b5v0Gv5D4%26dib_tag%3Dse%26keywords%3Dsmartphones%26qid%3D1781072662%26aref%3DFTQbOMrybU%26sp_csd%3Dd2lkZ2V0TmFtZT1zcF9tdGY%26psc%3D1&aref=FTQbOMrybU&sp_cr=ZAZ,"Sponsored Sponsored You are seeing this ad based on the product’s relevance to your search query. Let us know OnePlus Nord 6 | 12GB+256GB | Pitch Black | Snapdragon 8s Gen 4 | Segment's First Stable 165FPS Gaming | Segment's Largest 9000mAh Battery | Most Complete IP Rating | Personalized AI Top Reviewed for Battery life 4.3 4.3 out of 5 stars (1.3K) 3K+ bought in past month Price, product page ₹4"
Amazon,smartphones,Poco C85 5G Power Black 6GB RAM 128GB ROM,1599900.0,,,,3.7,None,False,Unknown,False,https://www.amazon.in/C85-5G-Power-Black-128GB/dp/B0GGRDS2XR/ref=sr_1_29?dib=eyJ2IjoiMSJ9.yGSQ8woyLzXqOYGm_zVt1zgadDbJNijlDPvLmpS_EV9Jna5ASWCgJNXW9ZJr4pHGqWIlHLw3Tx6t4mvexhNC3_0INxNz4222XxcudlPXHoxTyp7Ng22mcRSMbcAAO3ug22-IN1LEbGyL8vwxMMRqJB-n6yWDjXTbYavvcsaL-D8uw1hKLaIKs1L0uoAatejLv1CY2-ijLmCxpEtlnEYIVGAxJNnr79CnqLuySNFq1bw.IlaEKkkXcJOww3jLnRtJiXaB1TlaJrZYW9b5v0Gv5D4&dib_tag=se&keywords=smartphones&qid=1781072662,"Poco C85 5G Power Black 6GB RAM 128GB ROM 3.7 3.7 out of 5 stars (101) 1K+ bought in past month Price, product page ₹15,999 ₹ 15,999 Up to 5% back with Amazon Pay ICICI card Up to 5% back with Amazon Pay ICI... FREE delivery Fri, 12 Jun Or fastest delivery Tomorrow 8 am - 12 pm Add to cart More Buying Choices ₹14,499 (4 new offers)"
Amazon,smartphones,"Nothing Phone (3), Black (16GB, 512 GB) | Snapdragon 8s Gen 4 | 50MP + 50MP + 50MP Rear Camera | 1.5K+ 120Hz AMOLED Flex",5299900.0,94999.0,44.0,-5204901.0,4.5,None,False,Unknown,False,https://www.amazon.in/Nothing-Phone-Black-16GB-512/dp/B0F7RB8NNL/ref=sr_1_30?dib=eyJ2IjoiMSJ9.yGSQ8woyLzXqOYGm_zVt1zgadDbJNijlDPvLmpS_EV9Jna5ASWCgJNXW9ZJr4pHGqWIlHLw3Tx6t4mvexhNC3_0INxNz4222XxcudlPXHoxTyp7Ng22mcRSMbcAAO3ug22-IN1LEbGyL8vwxMMRqJB-n6yWDjXTbYavvcsaL-D8uw1hKLaIKs1L0uoAatejLv1CY2-ijLmCxpEtlnEYIVGAxJNnr79CnqLuySNFq1bw.IlaEKkkXcJOww3jLnRtJiXaB1TlaJrZYW9b5v0Gv5D4&dib_tag=se&keywords=smartphones&qid=1781072662,"Nothing Phone (3), Black (16GB, 512 GB) | Snapdragon 8s Gen 4 | 50MP + 50MP + 50MP Rear Camera | 1.5K+ 120Hz AMOLED Flexible LTPS Display 4.5 4.5 out of 5 stars (232) 100+ bought in past month Price, product page ₹52,999 ₹ 52,999 M.R.P: ₹94,999 M.R.P: ₹94,999 ₹94,999 (44% off) Up to 5% back with Amazon Pay ICICI card Up to 5% back with Amazon Pay ICI... FREE delivery Fri, 12 Jun Or fastest deliver"
Amazon,smartphones,"Tecno Spark GO 3 (Galaxy Blue, 4GB+64GB | Super Durability Drop Resistant & IP64 Rated | Make Calls Without Network* |El",1149900.0,11999.0,4.0,-1137901.0,4.5,None,False,Unknown,False,https://www.amazon.in/Tecno-Durability-Resistant-Without-Language/dp/B0G6L4BVWV/ref=sr_1_31?dib=eyJ2IjoiMSJ9.yGSQ8woyLzXqOYGm_zVt1zgadDbJNijlDPvLmpS_EV9Jna5ASWCgJNXW9ZJr4pHGqWIlHLw3Tx6t4mvexhNC3_0INxNz4222XxcudlPXHoxTyp7Ng22mcRSMbcAAO3ug22-IN1LEbGyL8vwxMMRqJB-n6yWDjXTbYavvcsaL-D8uw1hKLaIKs1L0uoAatejLv1CY2-ijLmCxpEtlnEYIVGAxJNnr79CnqLuySNFq1bw.IlaEKkkXcJOww3jLnRtJiXaB1TlaJrZYW9b5v0Gv5D4&dib_tag=se&keywords=smartphones&qid=1781072662,"Tecno Spark GO 3 (Galaxy Blue, 4GB+64GB | Super Durability Drop Resistant & IP64 Rated | Make Calls Without Network* |Ella Al in Your Own Language | Super Smooth 120Hz 6.74"" Display |5000mAh Battery 4.5 4.5 out of 5 stars (78) 300+ bought in past month Price, product page ₹11,499 ₹ 11,499 M.R.P: ₹11,999 M.R.P: ₹11,999 ₹11,999 (4% off) Up to 5% back with Amazon Pay ICICI card Up to 5% back with Ama"
Amazon,smartphones,"Samsung Galaxy M17 5G Mobile (Sapphire Black, 6GB RAM, 128GB Storage) | 50MP OIS Triple Camera | Gorilla Glass Victus |",1899900.0,23999.0,21.0,-1875901.0,4.0,None,False,Unknown,False,https://www.amazon.in/Samsung-Sapphire-Storage-Upgrades-Lag-Free/dp/B0G81P4MPG/ref=sr_1_32?dib=eyJ2IjoiMSJ9.yGSQ8woyLzXqOYGm_zVt1zgadDbJNijlDPvLmpS_EV9Jna5ASWCgJNXW9ZJr4pHGqWIlHLw3Tx6t4mvexhNC3_0INxNz4222XxcudlPXHoxTyp7Ng22mcRSMbcAAO3ug22-IN1LEbGyL8vwxMMRqJB-n6yWDjXTbYavvcsaL-D8uw1hKLaIKs1L0uoAatejLv1CY2-ijLmCxpEtlnEYIVGAxJNnr79CnqLuySNFq1bw.IlaEKkkXcJOww3jLnRtJiXaB1TlaJrZYW9b5v0Gv5D4&dib_tag=se&keywords=smartphones&qid=1781072662,"Samsung Galaxy M17 5G Mobile (Sapphire Black, 6GB RAM, 128GB Storage) | 50MP OIS Triple Camera | Gorilla Glass Victus | IP54 | 6 Gen OS Upgrades | AI | Gemini Live | Lag-Free Gaming | Without Charger 4.0 4.0 out of 5 stars (60) Price, product page ₹18,999 ₹ 18,999 M.R.P: ₹23,999 M.R.P: ₹23,999 ₹23,999 (21% off) Up to 5% back with Amazon Pay ICICI card Up to 5% back with Amazon Pay ICI... FREE deli"
Amazon,smartphones,"realme narzo 100 Lite 5G (Frost Silver,4GB+128GB) | 7000mAh Titan Battery | 4 Years, Zero Lag | 144 Hz Ultra Smooth Disp",1649900.0,27999.0,41.0,-1621901.0,4.0,None,False,Unknown,False,https://www.amazon.in/realme-7000mAh-Battery-Display-Octa-core/dp/B0GTRHJYYF/ref=sr_1_33?dib=eyJ2IjoiMSJ9.yGSQ8woyLzXqOYGm_zVt1zgadDbJNijlDPvLmpS_EV9Jna5ASWCgJNXW9ZJr4pHGqWIlHLw3Tx6t4mvexhNC3_0INxNz4222XxcudlPXHoxTyp7Ng22mcRSMbcAAO3ug22-IN1LEbGyL8vwxMMRqJB-n6yWDjXTbYavvcsaL-D8uw1hKLaIKs1L0uoAatejLv1CY2-ijLmCxpEtlnEYIVGAxJNnr79CnqLuySNFq1bw.IlaEKkkXcJOww3jLnRtJiXaB1TlaJrZYW9b5v0Gv5D4&dib_tag=se&keywords=smartphones&qid=1781072662,"realme narzo 100 Lite 5G (Frost Silver,4GB+128GB) | 7000mAh Titan Battery | 4 Years, Zero Lag | 144 Hz Ultra Smooth Display | 6 nm Octa-core 5G Chipset | Color Pop Design | VC Cooling 4.0 4.0 out of 5 stars (113) 2K+ bought in past month Price, product page ₹16,499 ₹ 16,499 M.R.P: ₹27,999 M.R.P: ₹27,999 ₹27,999 (41% off) Save ₹500 ₹500 off coupon applied Save ₹500 with coupon FREE delivery Fri, 12"
Amazon,smartphones,"Lava Bold N2 (Siachen White, 4 GB RAM, 64 GB Storage) | 13MP AI Dual Rear Camera | Largest 6.75"" HD+ Display | 5000 mAh",889900.0,9499.0,6.0,-880401.0,3.7,None,False,Unknown,False,https://www.amazon.in/Lava-Siachen-Storage-Charging-Phone-Case/dp/B0GL1JFK48/ref=sr_1_34?dib=eyJ2IjoiMSJ9.yGSQ8woyLzXqOYGm_zVt1zgadDbJNijlDPvLmpS_EV9Jna5ASWCgJNXW9ZJr4pHGqWIlHLw3Tx6t4mvexhNC3_0INxNz4222XxcudlPXHoxTyp7Ng22mcRSMbcAAO3ug22-IN1LEbGyL8vwxMMRqJB-n6yWDjXTbYavvcsaL-D8uw1hKLaIKs1L0uoAatejLv1CY2-ijLmCxpEtlnEYIVGAxJNnr79CnqLuySNFq1bw.IlaEKkkXcJOww3jLnRtJiXaB1TlaJrZYW9b5v0Gv5D4&dib_tag=se&keywords=smartphones&qid=1781072662,"Lava Bold N2 (Siachen White, 4 GB RAM, 64 GB Storage) | 13MP AI Dual Rear Camera | Largest 6.75"" HD+ Display | 5000 mAh Battery & 10W Charging | IP64 Water & Dust Proof | Charger & Phone-Case in Box 3.7 3.7 out of 5 stars (167) 3K+ bought in past month Price, product page ₹8,899 ₹ 8,899 M.R.P: ₹9,499 M.R.P: ₹9,499 ₹9,499 (6% off) Up to 5% back with Amazon Pay ICICI card Up to 5% back with Amazon P"
Amazon,smartphones,OnePlus 15 | 12GB+256GB | Ultra Violet | India's First Snapdragon® 8 Elite Gen 5 | 7300mAh Battery | Personalised AI | G,7799900.0,86999.0,10.0,-7712901.0,4.6,Only 2 Left,True,Unknown,False,https://www.amazon.in/OnePlus-Snapdragon%C2%AE-7300mAh-Personalised-Game-Changing/dp/B0FTRYH3XM/ref=sr_1_35?dib=eyJ2IjoiMSJ9.yGSQ8woyLzXqOYGm_zVt1zgadDbJNijlDPvLmpS_EV9Jna5ASWCgJNXW9ZJr4pHGqWIlHLw3Tx6t4mvexhNC3_0INxNz4222XxcudlPXHoxTyp7Ng22mcRSMbcAAO3ug22-IN1LEbGyL8vwxMMRqJB-n6yWDjXTbYavvcsaL-D8uw1hKLaIKs1L0uoAatejLv1CY2-ijLmCxpEtlnEYIVGAxJNnr79CnqLuySNFq1bw.IlaEKkkXcJOww3jLnRtJiXaB1TlaJrZYW9b5v0Gv5D4&dib_tag=se&keywords=smartphones&qid=1781072662,"OnePlus 15 | 12GB+256GB | Ultra Violet | India's First Snapdragon® 8 Elite Gen 5 | 7300mAh Battery | Personalised AI | Game-Changing 165Hz Display | Triple 50MP Camera with 4K 120fps Dolby Vision Top Reviewed for Battery life 4.6 4.6 out of 5 stars (1.3K) 100+ bought in past month Price, product page ₹77,999 ₹ 77,999 M.R.P: ₹86,999 M.R.P: ₹86,999 ₹86,999 (10% off) Save extra with No Cost EMI Save "
Amazon,smartphones,"Motorola Edge 60 Fusion 5G Smartphone with 6.67"" 120Hz pOLED Display, 50MP OIS Camera, Android 14, Dimensity 7030 Proces",2104000.0,,,,4.3,None,False,Unknown,False,https://www.amazon.in/Motorola-Smartphone-Dimensity-Processor-Amazonite/dp/B0F46SJ5SB/ref=sr_1_36?dib=eyJ2IjoiMSJ9.yGSQ8woyLzXqOYGm_zVt1zgadDbJNijlDPvLmpS_EV9Jna5ASWCgJNXW9ZJr4pHGqWIlHLw3Tx6t4mvexhNC3_0INxNz4222XxcudlPXHoxTyp7Ng22mcRSMbcAAO3ug22-IN1LEbGyL8vwxMMRqJB-n6yWDjXTbYavvcsaL-D8uw1hKLaIKs1L0uoAatejLv1CY2-ijLmCxpEtlnEYIVGAxJNnr79CnqLuySNFq1bw.IlaEKkkXcJOww3jLnRtJiXaB1TlaJrZYW9b5v0Gv5D4&dib_tag=se&keywords=smartphones&qid=1781072662,"Motorola Edge 60 Fusion 5G Smartphone with 6.67"" 120Hz pOLED Display, 50MP OIS Camera, Android 14, Dimensity 7030 Processor, 68W Fast Charging (Pantone Amazonite, 8GB + 256GB Storage) 4.3 4.3 out of 5 stars (1.4K) 100+ bought in past month Price, product page ₹21,040 ₹ 21,040 Add to cart +2"
Amazon,laptops,"Dell 15 Smart Choice (Previously Inspiron), 13th Gen Intel Core i5-1334U (16GB RAM, 1TB SSD) FHD, 15.6""/39.62cm, Windows",7049000.0,99478.0,29.0,-6949522.0,3.8,None,False,Unknown,False,https://www.amazon.in/sspa/click?ie=UTF8&spc=MTo1MTkzNTY0NTg0MzkyMTc2OjE3ODEwNzI4NDI6c3BfYXRmOjMwMDUxMTcyNDkzOTAzMjo6MDo6&url=%2FDell-Generation-i5-1334U-Processor-Keyboard%2Fdp%2FB0DSFQZTVW%2Fref%3Dsr_1_1_sspa%3Fdib%3DeyJ2IjoiMSJ9.WNpp85Buul2KLMt7vVFOdkxpUoVMCEwP21T7ykBnw6CYPspn7kN8wiBKCV5OGVnDLEle61y1e2vyEgJbbhe127JM8Caj_ickk1SpsbXYgR7sWewezJ19b5rIsfqGCTFD-XTK414JEADDHMSO9iri69c-gNyRRiaKKCJlWJQO699o9DMuKUzy36247Bm4vjqxzYeB62jZ7u_Kh1v4zQ7akoccLWST2E_XiF4eRzQXuic.HAHZneGpq6848Kk5l3DFQ0ZsPK46LRKsVehRe73iyoQ%26dib_tag%3Dse%26keywords%3Dlaptops%26qid%3D1781072842%26sr%3D8-1-spons%26aref%3DhblGNX1gro%26sp_csd%3Dd2lkZ2V0TmFtZT1zcF9hdGY%26psc%3D1&aref=hblGNX1gro&sp_cr=ZAZ,"Sponsored Sponsored You are seeing this ad based on the product’s relevance to your search query. Let us know Dell 15 Smart Choice (Previously Inspiron), 13th Gen Intel Core i5-1334U (16GB RAM, 1TB SSD) FHD, 15.6""/39.62cm, Windows 11 MSO'24, Silver, 1.62kg, 12 Month McAfee, Backlit KB, Thin & Light Laptop 3.8 3.8 out of 5 stars (553) 300+ bought in past month Price, product page ₹70,490 ₹ 70,490 M"
Amazon,laptops,"Lenovo V14 Intel Core i3 13th Gen 14"" FHD (1920x1080) Antiglare 250 Nits Thin and Light Laptop (16GB RAM/512GB SSD/Windo",7099000.0,72000.0,1.0,-7027000.0,3.7,None,False,Unknown,False,https://www.amazon.in/sspa/click?ie=UTF8&spc=MTo1MTkzNTY0NTg0MzkyMTc2OjE3ODEwNzI4NDI6c3BfYXRmOjMwMDY5NjkxMDA2MTgzMjo6MDo6&url=%2FLenovo-1920x1080-Antiglare-Windows-83A0A0PCIN%2Fdp%2FB0FNQZ9HWX%2Fref%3Dsr_1_2_sspa%3Fdib%3DeyJ2IjoiMSJ9.WNpp85Buul2KLMt7vVFOdkxpUoVMCEwP21T7ykBnw6CYPspn7kN8wiBKCV5OGVnDLEle61y1e2vyEgJbbhe127JM8Caj_ickk1SpsbXYgR7sWewezJ19b5rIsfqGCTFD-XTK414JEADDHMSO9iri69c-gNyRRiaKKCJlWJQO699o9DMuKUzy36247Bm4vjqxzYeB62jZ7u_Kh1v4zQ7akoccLWST2E_XiF4eRzQXuic.HAHZneGpq6848Kk5l3DFQ0ZsPK46LRKsVehRe73iyoQ%26dib_tag%3Dse%26keywords%3Dlaptops%26qid%3D1781072842%26sr%3D8-2-spons%26aref%3DM0zFv9qL7N%26sp_csd%3Dd2lkZ2V0TmFtZT1zcF9hdGY%26psc%3D1&aref=M0zFv9qL7N&sp_cr=ZAZ,"Sponsored Sponsored You are seeing this ad based on the product’s relevance to your search query. Let us know Lenovo V14 Intel Core i3 13th Gen 14"" FHD (1920x1080) Antiglare 250 Nits Thin and Light Laptop (16GB RAM/512GB SSD/Windows 11 Home/Office Home 2024/Iron Grey/1.43 kg), 83A0A0PCIN 3.7 3.7 out of 5 stars (7) 50+ bought in past month Price, product page ₹70,990 ₹ 70,990 M.R.P: ₹72,000 M.R.P: "
Amazon,laptops,"Dell 15 (Previously Inspiron) Laptop, 14th Gen Intel Core i3/Core 3 100U Processor, 8GB DDR4, 512 SSD, 15.6"" FHD 120Hz I",4549000.0,48692.0,7.0,-4500308.0,4.0,None,False,Unknown,False,https://www.amazon.in/Dell-Previously-Inspiron-Processor-Display/dp/B0BQJ68HHC/ref=sr_1_3?dib=eyJ2IjoiMSJ9.WNpp85Buul2KLMt7vVFOdkxpUoVMCEwP21T7ykBnw6CYPspn7kN8wiBKCV5OGVnDLEle61y1e2vyEgJbbhe127JM8Caj_ickk1SpsbXYgR7sWewezJ19b5rIsfqGCTFD-XTK414JEADDHMSO9iri69c-gNyRRiaKKCJlWJQO699o9DMuKUzy36247Bm4vjqxzYeB62jZ7u_Kh1v4zQ7akoccLWST2E_XiF4eRzQXuic.HAHZneGpq6848Kk5l3DFQ0ZsPK46LRKsVehRe73iyoQ&dib_tag=se&keywords=laptops&qid=1781072842&sr=8-3,"Amazon's Choice for ""laptops"" Dell 15 (Previously Inspiron) Laptop, 14th Gen Intel Core i3/Core 3 100U Processor, 8GB DDR4, 512 SSD, 15.6"" FHD 120Hz IPS 250 nit Display, Win 11 + Office H&S 2024, Carbon Black, Thin & Light 1.63Kg 4.0 4.0 out of 5 stars (1.1K) 300+ bought in past month Price, product page ₹45,490 ₹ 45,490 M.R.P: ₹48,692 M.R.P: ₹48,692 ₹48,692 (7% off) Up to 5% back with Amazon Pay "
Amazon,laptops,"ASUS Vivobook 15, Smartchoice,Intel Core i5 13th Gen 13420H,16GB RAM, 512GB SSD, FHD 15.6"",Windows 11, Office Home 2024,",6099000.0,69990.0,13.0,-6029010.0,4.2,None,False,Unknown,False,https://www.amazon.in/ASUS-Vivobook-i5-13420H-Keyboard-X1502VA-BQ836WS/dp/B0DTYKLHYC/ref=sr_1_4?dib=eyJ2IjoiMSJ9.WNpp85Buul2KLMt7vVFOdkxpUoVMCEwP21T7ykBnw6CYPspn7kN8wiBKCV5OGVnDLEle61y1e2vyEgJbbhe127JM8Caj_ickk1SpsbXYgR7sWewezJ19b5rIsfqGCTFD-XTK414JEADDHMSO9iri69c-gNyRRiaKKCJlWJQO699o9DMuKUzy36247Bm4vjqxzYeB62jZ7u_Kh1v4zQ7akoccLWST2E_XiF4eRzQXuic.HAHZneGpq6848Kk5l3DFQ0ZsPK46LRKsVehRe73iyoQ&dib_tag=se&keywords=laptops&qid=1781072842&sr=8-4,"ASUS Vivobook 15, Smartchoice,Intel Core i5 13th Gen 13420H,16GB RAM, 512GB SSD, FHD 15.6"",Windows 11, Office Home 2024, Quiet Blue, 1.70 kg, X1502VA-BQ836WS,Intel UHD iGPU, M365 Basic (1Year)* Laptop 4.2 4.2 out of 5 stars (776) 300+ bought in past month Price, product page ₹60,990 ₹ 60,990 M.R.P: ₹69,990 M.R.P: ₹69,990 ₹69,990 (13% off) Save extra with No Cost EMI Save extra with No Cost EMI FRE"
Amazon,laptops,"HP 15, AMD Ryzen 5 7520U,(16GB LPDDR5, 512GB SSD), Anti-Glare, Micro-Edge, FHD, 15.6''/39.6cm, Win 11, Office 24,M365 Ba",5469000.0,55691.0,2.0,-5413309.0,4.0,None,False,Unknown,False,https://www.amazon.in/HP-Anti-Glare-Micro-Edge-fc0690au-Graphics/dp/B0CY2PLQ8N/ref=sr_1_5?dib=eyJ2IjoiMSJ9.WNpp85Buul2KLMt7vVFOdkxpUoVMCEwP21T7ykBnw6CYPspn7kN8wiBKCV5OGVnDLEle61y1e2vyEgJbbhe127JM8Caj_ickk1SpsbXYgR7sWewezJ19b5rIsfqGCTFD-XTK414JEADDHMSO9iri69c-gNyRRiaKKCJlWJQO699o9DMuKUzy36247Bm4vjqxzYeB62jZ7u_Kh1v4zQ7akoccLWST2E_XiF4eRzQXuic.HAHZneGpq6848Kk5l3DFQ0ZsPK46LRKsVehRe73iyoQ&dib_tag=se&keywords=laptops&qid=1781072842&sr=8-5,"HP 15, AMD Ryzen 5 7520U,(16GB LPDDR5, 512GB SSD), Anti-Glare, Micro-Edge, FHD, 15.6''/39.6cm, Win 11, Office 24,M365 Basic(1yr)*,Silver, 1.59kg, fc0690au, FHD Camera, Backlit KB Laptop 4.0 4.0 out of 5 stars (176) 100+ bought in past month Price, product page ₹54,690 ₹ 54,690 M.R.P: ₹55,691 M.R.P: ₹55,691 ₹55,691 (2% off) Save extra with No Cost EMI Save extra with No Cost EMI FREE delivery Fri, "
Amazon,laptops,"Dell 15, Intel Core i3/Core 3 14th Gen-100U, 16GB DDR4, 512GB SSD, FHD IPS, 15.6""/39.62cm, Windows 11, Microsoft Office",4899000.0,53074.0,8.0,-4845926.0,3.7,None,False,Unknown,False,https://www.amazon.in/Dell-15-Processor-Graphics-Display/dp/B0FDWH5WTL/ref=sr_1_6?dib=eyJ2IjoiMSJ9.WNpp85Buul2KLMt7vVFOdkxpUoVMCEwP21T7ykBnw6CYPspn7kN8wiBKCV5OGVnDLEle61y1e2vyEgJbbhe127JM8Caj_ickk1SpsbXYgR7sWewezJ19b5rIsfqGCTFD-XTK414JEADDHMSO9iri69c-gNyRRiaKKCJlWJQO699o9DMuKUzy36247Bm4vjqxzYeB62jZ7u_Kh1v4zQ7akoccLWST2E_XiF4eRzQXuic.HAHZneGpq6848Kk5l3DFQ0ZsPK46LRKsVehRe73iyoQ&dib_tag=se&keywords=laptops&qid=1781072842&sr=8-6,"Dell 15, Intel Core i3/Core 3 14th Gen-100U, 16GB DDR4, 512GB SSD, FHD IPS, 15.6""/39.62cm, Windows 11, Microsoft Office Home 2024, Carbon Black, 1.63Kg, Thin & Light, Laptop Model NO - Dell 15 DCU5250 3.7 3.7 out of 5 stars (46) 400+ bought in past month Price, product page ₹48,990 ₹ 48,990 M.R.P: ₹53,074 M.R.P: ₹53,074 ₹53,074 (8% off) Up to 5% back with Amazon Pay ICICI card Up to 5% back with A"
Amazon,laptops,"Acer Smartchoice Aspire One, Intel Core Celeron N4500, Office 2024 + M365 Basic, 12GB LPDDR4X / 512GB SSD, 14.0""/35.56cm",3999000.0,59999.0,33.0,-3939001.0,3.3,None,False,Unknown,False,https://www.amazon.in/Acer-Smartchoice-Celeron-LPDDR4X-A114-45/dp/B0GW8JNM6J/ref=sr_1_7?dib=eyJ2IjoiMSJ9.WNpp85Buul2KLMt7vVFOdkxpUoVMCEwP21T7ykBnw6CYPspn7kN8wiBKCV5OGVnDLEle61y1e2vyEgJbbhe127JM8Caj_ickk1SpsbXYgR7sWewezJ19b5rIsfqGCTFD-XTK414JEADDHMSO9iri69c-gNyRRiaKKCJlWJQO699o9DMuKUzy36247Bm4vjqxzYeB62jZ7u_Kh1v4zQ7akoccLWST2E_XiF4eRzQXuic.HAHZneGpq6848Kk5l3DFQ0ZsPK46LRKsVehRe73iyoQ&dib_tag=se&keywords=laptops&qid=1781072842&sr=8-7,"Acer Smartchoice Aspire One, Intel Core Celeron N4500, Office 2024 + M365 Basic, 12GB LPDDR4X / 512GB SSD, 14.0""/35.56cm TN HD Display, Win 11 Home, Pure Silver, 1.3KG, A114-45, Thin and Light Laptop 3.3 3.3 out of 5 stars (594) 50+ bought in past month Price, product page ₹39,990 ₹ 39,990 M.R.P: ₹59,999 M.R.P: ₹59,999 ₹59,999 (33% off) Up to 5% back with Amazon Pay ICICI card Up to 5% back with A"
Amazon,laptops,"Lenovo V15 G4 AMD Athlon Silver 7120U Laptop 8GB LPDDR5 Ram, 512 GB SSD PCIe, Windows 11 Lifetime Validity,15.6"" FHD Scr",4399900.0,,,,4.0,None,False,Unknown,False,https://www.amazon.in/Lenovo-V15-Lifetime-Validity-Warranty/dp/B0CL7CMTXS/ref=sr_1_8?dib=eyJ2IjoiMSJ9.WNpp85Buul2KLMt7vVFOdkxpUoVMCEwP21T7ykBnw6CYPspn7kN8wiBKCV5OGVnDLEle61y1e2vyEgJbbhe127JM8Caj_ickk1SpsbXYgR7sWewezJ19b5rIsfqGCTFD-XTK414JEADDHMSO9iri69c-gNyRRiaKKCJlWJQO699o9DMuKUzy36247Bm4vjqxzYeB62jZ7u_Kh1v4zQ7akoccLWST2E_XiF4eRzQXuic.HAHZneGpq6848Kk5l3DFQ0ZsPK46LRKsVehRe73iyoQ&dib_tag=se&keywords=laptops&qid=1781072842&sr=8-8,"Lenovo V15 G4 AMD Athlon Silver 7120U Laptop 8GB LPDDR5 Ram, 512 GB SSD PCIe, Windows 11 Lifetime Validity,15.6"" FHD Screen, AMD Radeon 610M, Silver, 1 Year Brand Warranty 4.0 4.0 out of 5 stars (350) 100+ bought in past month Price, product page ₹43,999 ₹ 43,999 Up to 5% back with Amazon Pay ICICI card Up to 5% back with Amazon Pay ICI... FREE delivery Sat, 13 Jun Or fastest delivery Tomorrow, 11"
Amazon,laptops,"HP 15, 13th Gen Intel Core i3-1315U Laptop (8GB DDR4,512GB SSD) Anti-Glare, Micro-Edge,15.6''/39.6cm, FHD, Win11,M365 Ba",4989000.0,50903.0,2.0,-4938097.0,4.2,None,False,Unknown,False,https://www.amazon.in/HP-i3-1315U-Anti-Glare-Micro-Edge-fd0569TU/dp/B0F4R5W1NC/ref=sr_1_9?dib=eyJ2IjoiMSJ9.WNpp85Buul2KLMt7vVFOdkxpUoVMCEwP21T7ykBnw6CYPspn7kN8wiBKCV5OGVnDLEle61y1e2vyEgJbbhe127JM8Caj_ickk1SpsbXYgR7sWewezJ19b5rIsfqGCTFD-XTK414JEADDHMSO9iri69c-gNyRRiaKKCJlWJQO699o9DMuKUzy36247Bm4vjqxzYeB62jZ7u_Kh1v4zQ7akoccLWST2E_XiF4eRzQXuic.HAHZneGpq6848Kk5l3DFQ0ZsPK46LRKsVehRe73iyoQ&dib_tag=se&keywords=laptops&qid=1781072842&sr=8-9,"HP 15, 13th Gen Intel Core i3-1315U Laptop (8GB DDR4,512GB SSD) Anti-Glare, Micro-Edge,15.6''/39.6cm, FHD, Win11,M365 Basic(1yr),Office Home24, Silver,1.59kg, FHD Camera w/Privacy Shutter, fd0569TU 4.2 4.2 out of 5 stars (2.2K) 100+ bought in past month Price, product page ₹49,890 ₹ 49,890 M.R.P: ₹50,903 M.R.P: ₹50,903 ₹50,903 (2% off) Up to 5% back with Amazon Pay ICICI card Up to 5% back with Am"
Amazon,laptops,"EBook 11.6"" HD Laptop | Best Student & Office Work Laptop | Celeron N4020 | 4GB DDR4 | 128GB eMMC + M.2 SSD Expandable S",1699000.0,25000.0,32.0,-1674000.0,3.4,None,False,Unknown,False,https://www.amazon.in/Neopticon-Student-Celeron-Expandable-Graphics/dp/B0G2MT8YVV/ref=sr_1_10?dib=eyJ2IjoiMSJ9.WNpp85Buul2KLMt7vVFOdkxpUoVMCEwP21T7ykBnw6CYPspn7kN8wiBKCV5OGVnDLEle61y1e2vyEgJbbhe127JM8Caj_ickk1SpsbXYgR7sWewezJ19b5rIsfqGCTFD-XTK414JEADDHMSO9iri69c-gNyRRiaKKCJlWJQO699o9DMuKUzy36247Bm4vjqxzYeB62jZ7u_Kh1v4zQ7akoccLWST2E_XiF4eRzQXuic.HAHZneGpq6848Kk5l3DFQ0ZsPK46LRKsVehRe73iyoQ&dib_tag=se&keywords=laptops&qid=1781072842&sr=8-10,"EBook 11.6"" HD Laptop | Best Student & Office Work Laptop | Celeron N4020 | 4GB DDR4 | 128GB eMMC + M.2 SSD Expandable Slot | Win 11 Home |31Wh Battery | UHD Graphics 600 | Black 3.4 3.4 out of 5 stars (49) 300+ bought in past month Price, product page ₹16,990 ₹ 16,990 M.R.P: ₹25,000 M.R.P: ₹25,000 ₹25,000 (32% off) Up to 5% back with Amazon Pay ICICI card Up to 5% back with Amazon Pay ICI... FREE"
Amazon,laptops,"Dell Inspiron 3530, Intel Core i7 13th Gen -1355U, 16GB RAM, 512GB SSD, FHD, 15.6""/39.62cm, Windows 11, Microsoft Office",9125000.0,99990.0,9.0,-9025010.0,3.8,None,False,Unknown,False,https://www.amazon.in/sspa/click?ie=UTF8&spc=MTo1MTkzNTY0NTg0MzkyMTc2OjE3ODEwNzI4NDI6c3BfbXRmOjMwMDk1ODA4ODI5MTQzMjo6MDo6&url=%2FDell-Inspiron-15-3530-Laptop-i7-1355U%2Fdp%2FB0DSFP9FCS%2Fref%3Dsr_1_11_sspa%3Fdib%3DeyJ2IjoiMSJ9.WNpp85Buul2KLMt7vVFOdkxpUoVMCEwP21T7ykBnw6CYPspn7kN8wiBKCV5OGVnDLEle61y1e2vyEgJbbhe127JM8Caj_ickk1SpsbXYgR7sWewezJ19b5rIsfqGCTFD-XTK414JEADDHMSO9iri69c-gNyRRiaKKCJlWJQO699o9DMuKUzy36247Bm4vjqxzYeB62jZ7u_Kh1v4zQ7akoccLWST2E_XiF4eRzQXuic.HAHZneGpq6848Kk5l3DFQ0ZsPK46LRKsVehRe73iyoQ%26dib_tag%3Dse%26keywords%3Dlaptops%26qid%3D1781072842%26sr%3D8-11-spons%26aref%3DVKlJEWYYAp%26sp_csd%3Dd2lkZ2V0TmFtZT1zcF9tdGY%26psc%3D1&aref=VKlJEWYYAp&sp_cr=ZAZ,"Sponsored Sponsored You are seeing this ad based on the product’s relevance to your search query. Let us know Dell Inspiron 3530, Intel Core i7 13th Gen -1355U, 16GB RAM, 512GB SSD, FHD, 15.6""/39.62cm, Windows 11, Microsoft Office Home 2024, Silver, 1.62kg, Backlit KB, M365, 15 Month McAfee Laptop 3.8 3.8 out of 5 stars (91) 50+ bought in past month Price, product page ₹91,250 ₹ 91,250 M.R.P: ₹99,"
Amazon,laptops,"Lenovo Ideapad Slim 3, 13th Gen Intel Core i7 13620H, 16GB RAM, 512GB SSD, WUXGA IPS, 15.3""/38.8cm, Win 11, Office 2024,",8139000.0,89390.0,9.0,-8049610.0,4.1,None,False,Unknown,False,https://www.amazon.in/sspa/click?ie=UTF8&spc=MTo1MTkzNTY0NTg0MzkyMTc2OjE3ODEwNzI4NDI6c3BfbXRmOjMwMDk2MTU0OTkxNjgzMjo6MDo6&url=%2FLenovo-Smartchoice-I7-13620H-Keyboard-83K100CJIN%2Fdp%2FB0F2162VGQ%2Fref%3Dsr_1_12_sspa%3Fdib%3DeyJ2IjoiMSJ9.WNpp85Buul2KLMt7vVFOdkxpUoVMCEwP21T7ykBnw6CYPspn7kN8wiBKCV5OGVnDLEle61y1e2vyEgJbbhe127JM8Caj_ickk1SpsbXYgR7sWewezJ19b5rIsfqGCTFD-XTK414JEADDHMSO9iri69c-gNyRRiaKKCJlWJQO699o9DMuKUzy36247Bm4vjqxzYeB62jZ7u_Kh1v4zQ7akoccLWST2E_XiF4eRzQXuic.HAHZneGpq6848Kk5l3DFQ0ZsPK46LRKsVehRe73iyoQ%26dib_tag%3Dse%26keywords%3Dlaptops%26qid%3D1781072842%26sr%3D8-12-spons%26aref%3D1d0KZd47QZ%26sp_csd%3Dd2lkZ2V0TmFtZT1zcF9tdGY%26psc%3D1&aref=1d0KZd47QZ&sp_cr=ZAZ,"Sponsored Sponsored You are seeing this ad based on the product’s relevance to your search query. Let us know Lenovo Ideapad Slim 3, 13th Gen Intel Core i7 13620H, 16GB RAM, 512GB SSD, WUXGA IPS, 15.3""/38.8cm, Win 11, Office 2024, Top Metal Cover Grey, 1.6Kg, 83K100CJIN/S1IN, Backlit KB, Laptop 4.1 4.1 out of 5 stars (443) 400+ bought in past month Price, product page ₹81,390 ₹ 81,390 M.R.P: ₹89,3"
Amazon,laptops,"MSI Thin A15, AMD 7th Gen. Ryzen 7 7735HS, 40CM FHD 144Hz Gaming Laptop (16GB/1TB NVMe SSD/Windows 11 Home/NVIDIA GeForc",6599000.0,92990.0,29.0,-6506010.0,4.5,None,False,Unknown,False,https://www.amazon.in/MSI-7735HS-Windows-GeForce-B7UC-103IN/dp/B097PM1MBH/ref=sr_1_13?dib=eyJ2IjoiMSJ9.WNpp85Buul2KLMt7vVFOdkxpUoVMCEwP21T7ykBnw6CYPspn7kN8wiBKCV5OGVnDLEle61y1e2vyEgJbbhe127JM8Caj_ickk1SpsbXYgR7sWewezJ19b5rIsfqGCTFD-XTK414JEADDHMSO9iri69c-gNyRRiaKKCJlWJQO699o9DMuKUzy36247Bm4vjqxzYeB62jZ7u_Kh1v4zQ7akoccLWST2E_XiF4eRzQXuic.HAHZneGpq6848Kk5l3DFQ0ZsPK46LRKsVehRe73iyoQ&dib_tag=se&keywords=laptops&qid=1781072842&sr=8-13,"MSI Thin A15, AMD 7th Gen. Ryzen 7 7735HS, 40CM FHD 144Hz Gaming Laptop (16GB/1TB NVMe SSD/Windows 11 Home/NVIDIA GeForce RTX 3050, GDDR6 4GB/Cosmos Gray/1.8Kg) B7UC-103IN 4.5 4.5 out of 5 stars (10) 100+ bought in past month Price, product page ₹65,990 ₹ 65,990 M.R.P: ₹92,990 M.R.P: ₹92,990 ₹92,990 (29% off) Up to 5% back with Amazon Pay ICICI card Up to 5% back with Amazon Pay ICI... FREE delive"
Amazon,laptops,"HP Victus, AMD Ryzen 7 7445HS, 4GB RTX 2050, 16GB DDR5(Upgradeable) 512GB SSD, FHD, 144Hz, 300 nits, IPS, 15.6'', Win11,",6599000.0,8059583.0,18.0,1460583.0,3.9,None,False,No,False,https://www.amazon.in/HP-Upgradeable-Office24-fb3189ax-Backlit/dp/B0FQWH1TT3/ref=sr_1_14?dib=eyJ2IjoiMSJ9.WNpp85Buul2KLMt7vVFOdkxpUoVMCEwP21T7ykBnw6CYPspn7kN8wiBKCV5OGVnDLEle61y1e2vyEgJbbhe127JM8Caj_ickk1SpsbXYgR7sWewezJ19b5rIsfqGCTFD-XTK414JEADDHMSO9iri69c-gNyRRiaKKCJlWJQO699o9DMuKUzy36247Bm4vjqxzYeB62jZ7u_Kh1v4zQ7akoccLWST2E_XiF4eRzQXuic.HAHZneGpq6848Kk5l3DFQ0ZsPK46LRKsVehRe73iyoQ&dib_tag=se&keywords=laptops&qid=1781072842&sr=8-14,"HP Victus, AMD Ryzen 7 7445HS, 4GB RTX 2050, 16GB DDR5(Upgradeable) 512GB SSD, FHD, 144Hz, 300 nits, IPS, 15.6'', Win11, M365* Office24, Blue, 2.29kg, fb3189ax /3122/ 23ax Backlit, Gaming Laptop 3.9 3.9 out of 5 stars (23) 200+ bought in past month Price, product page ₹65,990 ₹ 65,990 M.R.P: ₹80,595.83 M.R.P: ₹80,595.83 ₹80,595.83 (18% off) Save extra with No Cost EMI Save extra with No Cost EMI F"
Amazon,laptops,"Lenovo IdeaPad 1 AMD Ryzen 5 5500U 15.6"" HD Thin and Light Laptop (8GB RAM/512GB SSD/Windows 11 Home/Office Home 2024/1",4980000.0,69990.0,29.0,-4910010.0,4.1,None,False,Unknown,False,https://www.amazon.in/Lenovo-MSOffice-82R400BRIN-Integrated-Graphics/dp/B09MM58Y7Q/ref=sr_1_15?dib=eyJ2IjoiMSJ9.WNpp85Buul2KLMt7vVFOdkxpUoVMCEwP21T7ykBnw6CYPspn7kN8wiBKCV5OGVnDLEle61y1e2vyEgJbbhe127JM8Caj_ickk1SpsbXYgR7sWewezJ19b5rIsfqGCTFD-XTK414JEADDHMSO9iri69c-gNyRRiaKKCJlWJQO699o9DMuKUzy36247Bm4vjqxzYeB62jZ7u_Kh1v4zQ7akoccLWST2E_XiF4eRzQXuic.HAHZneGpq6848Kk5l3DFQ0ZsPK46LRKsVehRe73iyoQ&dib_tag=se&keywords=laptops&qid=1781072842&sr=8-15,"Lenovo IdeaPad 1 AMD Ryzen 5 5500U 15.6"" HD Thin and Light Laptop (8GB RAM/512GB SSD/Windows 11 Home/Office Home 2024/1 Year ADP Free/Grey/1.6Kg), 82R4011MIN 4.1 4.1 out of 5 stars (2.1K) Price, product page ₹49,800 ₹ 49,800 M.R.P: ₹69,990 M.R.P: ₹69,990 ₹69,990 (29% off) Up to 5% back with Amazon Pay ICICI card Up to 5% back with Amazon Pay ICI... FREE delivery Mon, 15 Jun Alexa Built-in Alexa Bu"
Amazon,laptops,"Dell G15, 13th Gen Intel Core i5-13450HX Processor, NVIDIA RTX 3050-6GB, (16GB RAM 1TB SSD) FHD 15.6""/39.62 cm, Orange B",7949000.0,105398.0,25.0,-7843602.0,4.0,None,False,Unknown,False,https://www.amazon.in/Dell-Smartchoice-G15-5530-Gaming-i5-13450HX/dp/B0CRKXDX83/ref=sr_1_16?dib=eyJ2IjoiMSJ9.WNpp85Buul2KLMt7vVFOdkxpUoVMCEwP21T7ykBnw6CYPspn7kN8wiBKCV5OGVnDLEle61y1e2vyEgJbbhe127JM8Caj_ickk1SpsbXYgR7sWewezJ19b5rIsfqGCTFD-XTK414JEADDHMSO9iri69c-gNyRRiaKKCJlWJQO699o9DMuKUzy36247Bm4vjqxzYeB62jZ7u_Kh1v4zQ7akoccLWST2E_XiF4eRzQXuic.HAHZneGpq6848Kk5l3DFQ0ZsPK46LRKsVehRe73iyoQ&dib_tag=se&keywords=laptops&qid=1781072842&sr=8-16,"Dell G15, 13th Gen Intel Core i5-13450HX Processor, NVIDIA RTX 3050-6GB, (16GB RAM 1TB SSD) FHD 15.6""/39.62 cm, Orange Backlit Keyboard, Win 11, MS Office'24, Dark Shadow Grey, 2.65Kg Gaming Laptop 4.0 4.0 out of 5 stars (1.5K) 300+ bought in past month Price, product page ₹79,490 ₹ 79,490 M.R.P: ₹1,05,398 M.R.P: ₹1,05,398 ₹1,05,398 (25% off) Save extra with No Cost EMI Save extra with No Cost EMI"
Amazon,laptops,"Lenovo V15 G4 AMD Ryzen 5 7520U 15.6 inch FHD Laptop, AMD Graphics, 16GB DDR5 5500Mhz Ram, 512GB SSD NVMe, Windows 11, D",5399000.0,99999.0,46.0,-5299001.0,4.0,None,False,Unknown,False,https://www.amazon.in/Lenovo-Graphics-5500Mhz-Windows-Warranty/dp/B0F29HNJL1/ref=sr_1_17?dib=eyJ2IjoiMSJ9.WNpp85Buul2KLMt7vVFOdkxpUoVMCEwP21T7ykBnw6CYPspn7kN8wiBKCV5OGVnDLEle61y1e2vyEgJbbhe127JM8Caj_ickk1SpsbXYgR7sWewezJ19b5rIsfqGCTFD-XTK414JEADDHMSO9iri69c-gNyRRiaKKCJlWJQO699o9DMuKUzy36247Bm4vjqxzYeB62jZ7u_Kh1v4zQ7akoccLWST2E_XiF4eRzQXuic.HAHZneGpq6848Kk5l3DFQ0ZsPK46LRKsVehRe73iyoQ&dib_tag=se&keywords=laptops&qid=1781072842&sr=8-17,"Lenovo V15 G4 AMD Ryzen 5 7520U 15.6 inch FHD Laptop, AMD Graphics, 16GB DDR5 5500Mhz Ram, 512GB SSD NVMe, Windows 11, Dolby Audio, Arctic Grey, 1 Year Onsite Brand Warranty 4.0 4.0 out of 5 stars (469) 100+ bought in past month Price, product page ₹53,990 ₹ 53,990 M.R.P: ₹99,999 M.R.P: ₹99,999 ₹99,999 (46% off) Up to 5% back with Amazon Pay ICICI card Up to 5% back with Amazon Pay ICI... FREE del"
Amazon,laptops,"Acer Aspire Lite, AMD Ryzen 3-7330U, Office 2024 + M365 Basic,8GB RAM, 256GB SSD, Full HD IPS, 15.6""/39.62 cm, Windows 1",5567500.0,66999.0,17.0,-5500501.0,,None,False,Unknown,False,https://www.amazon.in/Acer-3-7330U-Windows-AL15-41-Premium/dp/B0GXYV3XR4/ref=sr_1_18?dib=eyJ2IjoiMSJ9.WNpp85Buul2KLMt7vVFOdkxpUoVMCEwP21T7ykBnw6CYPspn7kN8wiBKCV5OGVnDLEle61y1e2vyEgJbbhe127JM8Caj_ickk1SpsbXYgR7sWewezJ19b5rIsfqGCTFD-XTK414JEADDHMSO9iri69c-gNyRRiaKKCJlWJQO699o9DMuKUzy36247Bm4vjqxzYeB62jZ7u_Kh1v4zQ7akoccLWST2E_XiF4eRzQXuic.HAHZneGpq6848Kk5l3DFQ0ZsPK46LRKsVehRe73iyoQ&dib_tag=se&keywords=laptops&qid=1781072842&sr=8-18,"Acer Aspire Lite, AMD Ryzen 3-7330U, Office 2024 + M365 Basic,8GB RAM, 256GB SSD, Full HD IPS, 15.6""/39.62 cm, Windows 11 Home, Steel Gray, 1.59 KG, AL15-41, Metal Body, Premium Thin and Light Laptop Price, product page ₹55,675 ₹ 55,675 M.R.P: ₹66,999 M.R.P: ₹66,999 ₹66,999 (17% off) Up to 5% back with Amazon Pay ICICI card Up to 5% back with Amazon Pay ICI... FREE delivery Fri, 12 Jun Or fastest "
Amazon,laptops,"HP 15 (2026), AMD Ryzen 7 Octa Core 7735U - (16 GB DDR5/512 GB SSD/AMD Radeon 680M Graphics/Windows 11 Home) Thin & Ligh",5865000.0,70502.0,17.0,-5794498.0,5.0,None,False,Unknown,False,https://www.amazon.in/HP-15-Ryzen-Octa-7735U/dp/B0GQ1G79X4/ref=sr_1_19?dib=eyJ2IjoiMSJ9.WNpp85Buul2KLMt7vVFOdkxpUoVMCEwP21T7ykBnw6CYPspn7kN8wiBKCV5OGVnDLEle61y1e2vyEgJbbhe127JM8Caj_ickk1SpsbXYgR7sWewezJ19b5rIsfqGCTFD-XTK414JEADDHMSO9iri69c-gNyRRiaKKCJlWJQO699o9DMuKUzy36247Bm4vjqxzYeB62jZ7u_Kh1v4zQ7akoccLWST2E_XiF4eRzQXuic.HAHZneGpq6848Kk5l3DFQ0ZsPK46LRKsVehRe73iyoQ&dib_tag=se&keywords=laptops&qid=1781072842&sr=8-19,"HP 15 (2026), AMD Ryzen 7 Octa Core 7735U - (16 GB DDR5/512 GB SSD/AMD Radeon 680M Graphics/Windows 11 Home) Thin & Light Business Laptop/15.6"" FHD Display/Backlit + Fingerprint/Silver/1.5kg/MS Office 5.0 5.0 out of 5 stars (1) 50+ bought in past month Price, product page ₹58,650 ₹ 58,650 M.R.P: ₹70,502 M.R.P: ₹70,502 ₹70,502 (17% off) Up to 5% back with Amazon Pay ICICI card Up to 5% back with Am"
Amazon,laptops,"HP 15 255R G10, AMD Ryzen 5 7535U Hexa Core (6 Core, 12 Threads, 2.9 to Max 4.3 Ghz) (8 GB/512 GB SSD/AMD Radeon Graphic",4740000.0,75000.0,37.0,-4665000.0,4.2,Only 1 Left,True,Unknown,False,https://www.amazon.in/HP-G10-Threads-Graphics-Display/dp/B0G7YY5JV5/ref=sr_1_20?dib=eyJ2IjoiMSJ9.WNpp85Buul2KLMt7vVFOdkxpUoVMCEwP21T7ykBnw6CYPspn7kN8wiBKCV5OGVnDLEle61y1e2vyEgJbbhe127JM8Caj_ickk1SpsbXYgR7sWewezJ19b5rIsfqGCTFD-XTK414JEADDHMSO9iri69c-gNyRRiaKKCJlWJQO699o9DMuKUzy36247Bm4vjqxzYeB62jZ7u_Kh1v4zQ7akoccLWST2E_XiF4eRzQXuic.HAHZneGpq6848Kk5l3DFQ0ZsPK46LRKsVehRe73iyoQ&dib_tag=se&keywords=laptops&qid=1781072842&sr=8-20,"HP 15 255R G10, AMD Ryzen 5 7535U Hexa Core (6 Core, 12 Threads, 2.9 to Max 4.3 Ghz) (8 GB/512 GB SSD/AMD Radeon Graphics/dos) Thin and Light Laptop(15.6 inch HD Display, Matt Silver, 1.45 4.2 4.2 out of 5 stars (19) 50+ bought in past month Price, product page ₹47,400 ₹ 47,400 M.R.P: ₹75,000 M.R.P: ₹75,000 ₹75,000 (37% off) Up to 5% back with Amazon Pay ICICI card Up to 5% back with Amazon Pay IC"
Amazon,laptops,"Lenovo IdeaPad Slim 3, 13th Gen Intel Core i5 13420H, 24GB RAM, 1TB SSD, WUXGA IPS, 15.3""/38.8cm, Windows 11, Office Hom",7899000.0,87990.0,10.0,-7811010.0,4.2,None,False,Unknown,False,https://www.amazon.in/sspa/click?ie=UTF8&spc=MTo1MTkzNTY0NTg0MzkyMTc2OjE3ODEwNzI4NDI6c3BfYnRmOjMwMDk2MTU0OTkxNzAzMjo6MDo6&url=%2FLenovo-IdeaPad-i5-13420H-Keyboard-83K100PLIN%2Fdp%2FB0FCY7BTCX%2Fref%3Dsr_1_21_sspa%3Fdib%3DeyJ2IjoiMSJ9.WNpp85Buul2KLMt7vVFOdkxpUoVMCEwP21T7ykBnw6CYPspn7kN8wiBKCV5OGVnDLEle61y1e2vyEgJbbhe127JM8Caj_ickk1SpsbXYgR7sWewezJ19b5rIsfqGCTFD-XTK414JEADDHMSO9iri69c-gNyRRiaKKCJlWJQO699o9DMuKUzy36247Bm4vjqxzYeB62jZ7u_Kh1v4zQ7akoccLWST2E_XiF4eRzQXuic.HAHZneGpq6848Kk5l3DFQ0ZsPK46LRKsVehRe73iyoQ%26dib_tag%3Dse%26keywords%3Dlaptops%26qid%3D1781072842%26sr%3D8-21-spons%26aref%3DplipCV49m8%26sp_csd%3Dd2lkZ2V0TmFtZT1zcF9idGY%26psc%3D1&aref=plipCV49m8&sp_cr=ZAZ,"Sponsored Sponsored You are seeing this ad based on the product’s relevance to your search query. Let us know Lenovo IdeaPad Slim 3, 13th Gen Intel Core i5 13420H, 24GB RAM, 1TB SSD, WUXGA IPS, 15.3""/38.8cm, Windows 11, Office Home 2024, Grey, 1.6Kg, Backlit Keyboard, 1Yr ADP Free, 83K100PLIN, Laptop 4.2 4.2 out of 5 stars (87) 50+ bought in past month Price, product page ₹78,990 ₹ 78,990 M.R.P: ₹"
Amazon,laptops,"Lenovo Yoga Slim 7, Intel Core Ultra 5 125H, 16GB RAM, 512GB SSD, AI PC, WUXGA-OLED, 14""/35.5cm, Windows 11, Microsoft 3",8499000.0,113290.0,25.0,-8385710.0,4.2,None,False,Unknown,False,https://www.amazon.in/sspa/click?ie=UTF8&spc=MTo1MTkzNTY0NTg0MzkyMTc2OjE3ODEwNzI4NDI6c3BfYnRmOjMwMDk2MTU0OTkxNjIzMjo6MDo6&url=%2FLenovo-WUXGA-OLED-Windows-Microsoft-83CV00DFIN%2Fdp%2FB0FNQYPBT9%2Fref%3Dsr_1_22_sspa%3Fdib%3DeyJ2IjoiMSJ9.WNpp85Buul2KLMt7vVFOdkxpUoVMCEwP21T7ykBnw6CYPspn7kN8wiBKCV5OGVnDLEle61y1e2vyEgJbbhe127JM8Caj_ickk1SpsbXYgR7sWewezJ19b5rIsfqGCTFD-XTK414JEADDHMSO9iri69c-gNyRRiaKKCJlWJQO699o9DMuKUzy36247Bm4vjqxzYeB62jZ7u_Kh1v4zQ7akoccLWST2E_XiF4eRzQXuic.HAHZneGpq6848Kk5l3DFQ0ZsPK46LRKsVehRe73iyoQ%26dib_tag%3Dse%26keywords%3Dlaptops%26qid%3D1781072842%26sr%3D8-22-spons%26aref%3DV4ohzTZHDu%26sp_csd%3Dd2lkZ2V0TmFtZT1zcF9idGY%26psc%3D1&aref=V4ohzTZHDu&sp_cr=ZAZ,"Sponsored Sponsored You are seeing this ad based on the product’s relevance to your search query. Let us know Lenovo Yoga Slim 7, Intel Core Ultra 5 125H, 16GB RAM, 512GB SSD, AI PC, WUXGA-OLED, 14""/35.5cm, Windows 11, Microsoft 365 Basic + Office 2024, Grey, 1.39Kg, 83CV00DFIN, AI Powered Laptop 4.2 4.2 out of 5 stars (37) 100+ bought in past month Price, product page ₹84,990 ₹ 84,990 M.R.P: ₹1,1"
Amazon,laptops,"Dell 15, 13th Gen Intel Core i5-1334U (16GB DDR4, 512GB SSD) Anti-Glare FHD 15.6""/39.62cm, Windows 11, Microsoft Office",6349000.0,73163.0,13.0,-6275837.0,3.8,None,False,Unknown,False,https://www.amazon.in/sspa/click?ie=UTF8&spc=MTo3MTE2OTU5MjQyMzE2Mzc6MTc4MTA3MjkwNzpzcF9hdGZfbmV4dDozMDA3NjQwMzY0MTgyMzI6OjA6Og&url=%2FDell-i5-1334U-Anti-Glare-Vostro-3530%2Fdp%2FB0D2Y1BLDT%2Fref%3Dsr_1_17_sspa%3Fdib%3DeyJ2IjoiMSJ9.tseiwX3rbTHkTpB38uQx5_lDk9xXuDY8qBQOk4WtRWCCUGaBHfmmEw76kIqnMqPZLJw_GCo7kS4q0AH4J2bx-1H_k1H7ruiVgu7ZMTKAX9YhQgt8sC_5UaIzy_SMx82eu-lwVwIi7r7sqOIlOOxIggoyRq1vZFlVLvX85LucL0VdH0iz0sUMYLn9DRHhFtJNUunkbX7WypOWqxVbJ-eLGJ7M8Ogf8Ffn4e2IqR2flGs.HGe79HPdEbAk6Dz4nsBGFoWK2UT1tZMapQqSORYoLGA%26dib_tag%3Dse%26keywords%3Dlaptops%26qid%3D1781072907%26aref%3D2wLeEr8099%26sp_csd%3Dd2lkZ2V0TmFtZT1zcF9hdGZfbmV4dA%26psc%3D1&aref=2wLeEr8099&sp_cr=ZAZ,"Sponsored Sponsored You are seeing this ad based on the product’s relevance to your search query. Let us know Dell 15, 13th Gen Intel Core i5-1334U (16GB DDR4, 512GB SSD) Anti-Glare FHD 15.6""/39.62cm, Windows 11, Microsoft Office Home 2024, Grey, 1.66kg, [Vostro 3530], 12 Month McAfee, Thin & Light Laptop 3.8 3.8 out of 5 stars (553) 500+ bought in past month Price, product page ₹63,490 ₹ 63,490 M"
Amazon,laptops,"ASUS Vivobook 16, Smartchoice, Intel Core Ultra 5 Series 2, 16GB RAM, 512GB SSD, FHD+ 16"", Windows 11, Office Home 2024,",6799000.0,92990.0,27.0,-6706010.0,4.4,Limited Time Deal,True,Unknown,False,https://www.amazon.in/ASUS-Vivobook-Backlit-Keyboard-X1607CA-MB142WS/dp/B0DT74FF9P/ref=sr_1_20?dib=eyJ2IjoiMSJ9.tseiwX3rbTHkTpB38uQx5_lDk9xXuDY8qBQOk4WtRWCCUGaBHfmmEw76kIqnMqPZLJw_GCo7kS4q0AH4J2bx-1H_k1H7ruiVgu7ZMTKAX9YhQgt8sC_5UaIzy_SMx82eu-lwVwIi7r7sqOIlOOxIggoyRq1vZFlVLvX85LucL0VdH0iz0sUMYLn9DRHhFtJNUunkbX7WypOWqxVbJ-eLGJ7M8Ogf8Ffn4e2IqR2flGs.HGe79HPdEbAk6Dz4nsBGFoWK2UT1tZMapQqSORYoLGA&dib_tag=se&keywords=laptops&qid=1781072907,"ASUS Vivobook 16, Smartchoice, Intel Core Ultra 5 Series 2, 16GB RAM, 512GB SSD, FHD+ 16"", Windows 11, Office Home 2024, Silver, 1.88kg, X1607CA-MB142WS, Intel iGPU, M365 Basic (1Year)* Laptop 4.4 4.4 out of 5 stars (80) 100+ bought in past month Limited time deal Price, product page ₹67,990 ₹ 67,990 M.R.P: ₹92,990 M.R.P: ₹92,990 ₹92,990 (27% off) Save extra with No Cost EMI Save extra with No Cos"
Amazon,laptops,"ASUS Chromebook CX1405 (2026), Smartchoice,Intel N50 Processor, Intel UHD iGPU, 8GB RAM, 128GB SSD, FHD, 14"" (35.5 cm),",3099000.0,,,,2.7,None,False,Unknown,False,https://www.amazon.in/ASUS-Chromebook-Smartchoice-Processor-CX1405CTA-S60622/dp/B0GN2Y3T6M/ref=sr_1_21?dib=eyJ2IjoiMSJ9.tseiwX3rbTHkTpB38uQx5_lDk9xXuDY8qBQOk4WtRWCCUGaBHfmmEw76kIqnMqPZLJw_GCo7kS4q0AH4J2bx-1H_k1H7ruiVgu7ZMTKAX9YhQgt8sC_5UaIzy_SMx82eu-lwVwIi7r7sqOIlOOxIggoyRq1vZFlVLvX85LucL0VdH0iz0sUMYLn9DRHhFtJNUunkbX7WypOWqxVbJ-eLGJ7M8Ogf8Ffn4e2IqR2flGs.HGe79HPdEbAk6Dz4nsBGFoWK2UT1tZMapQqSORYoLGA&dib_tag=se&keywords=laptops&qid=1781072907,"ASUS Chromebook CX1405 (2026), Smartchoice,Intel N50 Processor, Intel UHD iGPU, 8GB RAM, 128GB SSD, FHD, 14"" (35.5 cm), Chrome OS, Pure Grey, 1.39 Kg, CX1405CTA-S60622, 42WHrs, Thin & Light Laptop 2.7 2.7 out of 5 stars (10) 100+ bought in past month Price, product page ₹30,990 ₹ 30,990 Up to 5% back with Amazon Pay ICICI card Up to 5% back with Amazon Pay ICI... FREE delivery Fri, 12 Jun Or faste"
Amazon,laptops,"HP Pavilion Plus, Intel Core i5-1335U-13th Gen Laptop, (16GB LPDDR5x,512GB SSD),IPS, 300 nits, 14''(35.6cm) 2K,Win 11, M",6499000.0,83999.0,23.0,-6415001.0,3.6,None,False,Unknown,False,https://www.amazon.in/HP-Pavilion-i5-1335U-13th-LPDDR5x-ew0107TU/dp/B07FLHBMXY/ref=sr_1_22?dib=eyJ2IjoiMSJ9.tseiwX3rbTHkTpB38uQx5_lDk9xXuDY8qBQOk4WtRWCCUGaBHfmmEw76kIqnMqPZLJw_GCo7kS4q0AH4J2bx-1H_k1H7ruiVgu7ZMTKAX9YhQgt8sC_5UaIzy_SMx82eu-lwVwIi7r7sqOIlOOxIggoyRq1vZFlVLvX85LucL0VdH0iz0sUMYLn9DRHhFtJNUunkbX7WypOWqxVbJ-eLGJ7M8Ogf8Ffn4e2IqR2flGs.HGe79HPdEbAk6Dz4nsBGFoWK2UT1tZMapQqSORYoLGA&dib_tag=se&keywords=laptops&qid=1781072907,"HP Pavilion Plus, Intel Core i5-1335U-13th Gen Laptop, (16GB LPDDR5x,512GB SSD),IPS, 300 nits, 14''(35.6cm) 2K,Win 11, M365 Basic(1yr), Office Home 24, Silver,1.38kg, 5MP Camera w/Shutter, ew0107TU 3.6 3.6 out of 5 stars (52) 100+ bought in past month Price, product page ₹64,990 ₹ 64,990 M.R.P: ₹83,999 M.R.P: ₹83,999 ₹83,999 (23% off) Up to 5% back with Amazon Pay ICICI card Up to 5% back with Ama"
Amazon,laptops,"ASUS Vivobook Go 15 (2025), AMD Ryzen 5 7520U Thin & Light Laptop(16GB RAM/512GB SSD/FHD/15.6""/60Hz/Windows 11/M365 Basi",5299000.0,54990.0,4.0,-5244010.0,4.2,None,False,Unknown,False,https://www.amazon.in/ASUS-Vivobook-Windows-Backlit-E1504FA-BQ2414WS/dp/B0FRND8VVY/ref=sr_1_23?dib=eyJ2IjoiMSJ9.tseiwX3rbTHkTpB38uQx5_lDk9xXuDY8qBQOk4WtRWCCUGaBHfmmEw76kIqnMqPZLJw_GCo7kS4q0AH4J2bx-1H_k1H7ruiVgu7ZMTKAX9YhQgt8sC_5UaIzy_SMx82eu-lwVwIi7r7sqOIlOOxIggoyRq1vZFlVLvX85LucL0VdH0iz0sUMYLn9DRHhFtJNUunkbX7WypOWqxVbJ-eLGJ7M8Ogf8Ffn4e2IqR2flGs.HGe79HPdEbAk6Dz4nsBGFoWK2UT1tZMapQqSORYoLGA&dib_tag=se&keywords=laptops&qid=1781072907,"ASUS Vivobook Go 15 (2025), AMD Ryzen 5 7520U Thin & Light Laptop(16GB RAM/512GB SSD/FHD/15.6""/60Hz/Windows 11/M365 Basic (1Year)*/Office Home 2024/Backlit KB/Mixed Black/1.63Kg) E1504FA-BQ2414WS 4.2 4.2 out of 5 stars (62) 50+ bought in past month Price, product page ₹52,990 ₹ 52,990 M.R.P: ₹54,990 M.R.P: ₹54,990 ₹54,990 (4% off) Up to 5% back with Amazon Pay ICICI card Up to 5% back with Amazon "
Amazon,laptops,Lenovo IdeaPad Slim 3 12th Gen Intel Core i5-12450H 15.6 Inch (39.6cm) FHD Thin & Light Laptop (16GB/512GB SSD/Windows 1,6425000.0,76690.0,16.0,-6348310.0,4.5,Only 2 Left,True,Unknown,False,https://www.amazon.in/Lenovo-IdeaPad-i5-12450H-Windows-83ER00MCIN/dp/B0FJF95B56/ref=sr_1_25?dib=eyJ2IjoiMSJ9.tseiwX3rbTHkTpB38uQx5_lDk9xXuDY8qBQOk4WtRWCCUGaBHfmmEw76kIqnMqPZLJw_GCo7kS4q0AH4J2bx-1H_k1H7ruiVgu7ZMTKAX9YhQgt8sC_5UaIzy_SMx82eu-lwVwIi7r7sqOIlOOxIggoyRq1vZFlVLvX85LucL0VdH0iz0sUMYLn9DRHhFtJNUunkbX7WypOWqxVbJ-eLGJ7M8Ogf8Ffn4e2IqR2flGs.HGe79HPdEbAk6Dz4nsBGFoWK2UT1tZMapQqSORYoLGA&dib_tag=se&keywords=laptops&qid=1781072907,"Lenovo IdeaPad Slim 3 12th Gen Intel Core i5-12450H 15.6 Inch (39.6cm) FHD Thin & Light Laptop (16GB/512GB SSD/Windows 11/Office Home 2024/3months Game Pass/Arctic Grey/1.62Kg), 83ER00MCIN 4.5 4.5 out of 5 stars (19) 50+ bought in past month Price, product page ₹64,250 ₹ 64,250 M.R.P: ₹76,690 M.R.P: ₹76,690 ₹76,690 (16% off) Up to 5% back with Amazon Pay ICICI card Up to 5% back with Amazon Pay IC"
Amazon,laptops,Lenovo Chromebook Intel Celeron N4500 (4GB RAM/64GB eMMC 5.1/11.6 Inch (29.46cm)/HD Display/2Wx2 Stereo Speakers/HD Came,1799000.0,36502.0,51.0,-1762498.0,3.9,None,False,Unknown,False,https://www.amazon.in/Lenovo-SmartChoice-Chromebook-Speakers-82UY0014HA/dp/B0F2TMZJ24/ref=sr_1_29?dib=eyJ2IjoiMSJ9.tseiwX3rbTHkTpB38uQx5_lDk9xXuDY8qBQOk4WtRWCCUGaBHfmmEw76kIqnMqPZLJw_GCo7kS4q0AH4J2bx-1H_k1H7ruiVgu7ZMTKAX9YhQgt8sC_5UaIzy_SMx82eu-lwVwIi7r7sqOIlOOxIggoyRq1vZFlVLvX85LucL0VdH0iz0sUMYLn9DRHhFtJNUunkbX7WypOWqxVbJ-eLGJ7M8Ogf8Ffn4e2IqR2flGs.HGe79HPdEbAk6Dz4nsBGFoWK2UT1tZMapQqSORYoLGA&dib_tag=se&keywords=laptops&qid=1781072907,"Lenovo Chromebook Intel Celeron N4500 (4GB RAM/64GB eMMC 5.1/11.6 Inch (29.46cm)/HD Display/2Wx2 Stereo Speakers/HD Camera/Chrome OS/Blue/1.21Kg), 82UY0014HA 3.9 3.9 out of 5 stars (180) 100+ bought in past month Price, product page ₹17,990 ₹ 17,990 M.R.P: ₹36,502 M.R.P: ₹36,502 ₹36,502 (51% off) Up to 5% back with Amazon Pay ICICI card Up to 5% back with Amazon Pay ICI... FREE delivery Fri, 12 Ju"
Amazon,laptops,"Dell 15, Smart Choice AMD Ryzen 7-7730U, 16GB DDR4, 512GB SSD, FHD, 15.6""/39.6cm, Windows 11, Microsoft Office Home 2024",5899000.0,77528.0,24.0,-5821472.0,3.5,None,False,Unknown,False,https://www.amazon.in/Dell-15-Platinum-Graphics-Standard/dp/B0FDQ2R315/ref=sr_1_30?dib=eyJ2IjoiMSJ9.tseiwX3rbTHkTpB38uQx5_lDk9xXuDY8qBQOk4WtRWCCUGaBHfmmEw76kIqnMqPZLJw_GCo7kS4q0AH4J2bx-1H_k1H7ruiVgu7ZMTKAX9YhQgt8sC_5UaIzy_SMx82eu-lwVwIi7r7sqOIlOOxIggoyRq1vZFlVLvX85LucL0VdH0iz0sUMYLn9DRHhFtJNUunkbX7WypOWqxVbJ-eLGJ7M8Ogf8Ffn4e2IqR2flGs.HGe79HPdEbAk6Dz4nsBGFoWK2UT1tZMapQqSORYoLGA&dib_tag=se&keywords=laptops&qid=1781072907,"Dell 15, Smart Choice AMD Ryzen 7-7730U, 16GB DDR4, 512GB SSD, FHD, 15.6""/39.6cm, Windows 11, Microsoft Office Home 2024, Silver, 1.63Kg, 120Hz 250nits, AMD Radeon Graphics, Thin & Light Laptop 3.5 3.5 out of 5 stars (43) 100+ bought in past month Price, product page ₹58,990 ₹ 58,990 M.R.P: ₹77,528 M.R.P: ₹77,528 ₹77,528 (24% off) Save extra with No Cost EMI Save extra with No Cost EMI FREE delive"
Amazon,laptops,𝗗𝗲𝗹𝗹Laptop Model 5400 Laptop | InteI Core i5 8th Gen | 8GB RAM | 256GB SSD | 14” FHD Display | Win 10 | Business Laptop,2825000.0,50995.0,45.0,-2774005.0,5.0,None,False,Unknown,False,https://www.amazon.in/%F0%9D%97%97%F0%9D%97%B2%F0%9D%97%B9%F0%9D%97%B9Laptop-5400-8th-Gen-Condition/dp/B0GXP82YKC/ref=sr_1_31?dib=eyJ2IjoiMSJ9.tseiwX3rbTHkTpB38uQx5_lDk9xXuDY8qBQOk4WtRWCCUGaBHfmmEw76kIqnMqPZLJw_GCo7kS4q0AH4J2bx-1H_k1H7ruiVgu7ZMTKAX9YhQgt8sC_5UaIzy_SMx82eu-lwVwIi7r7sqOIlOOxIggoyRq1vZFlVLvX85LucL0VdH0iz0sUMYLn9DRHhFtJNUunkbX7WypOWqxVbJ-eLGJ7M8Ogf8Ffn4e2IqR2flGs.HGe79HPdEbAk6Dz4nsBGFoWK2UT1tZMapQqSORYoLGA&dib_tag=se&keywords=laptops&qid=1781072907,"𝗗𝗲𝗹𝗹Laptop Model 5400 Laptop | InteI Core i5 8th Gen | 8GB RAM | 256GB SSD | 14” FHD Display | Win 10 | Business Laptop | Seller Warranty | A+ Condition (Refab) 5.0 5.0 out of 5 stars (1) Price, product page ₹28,250 ₹ 28,250 M.R.P: ₹50,995 M.R.P: ₹50,995 ₹50,995 (45% off) Up to 5% back with Amazon Pay ICICI card Up to 5% back with Amazon Pay ICI... FREE delivery Fri, 12 Jun Add to cart"
Amazon,laptops,"Apple 2026 MacBook Air 13″ Laptop with M5 chip: AI and Apple Intelligence, 34.46 cm (13.6″) Liquid Retina Display, 16GB",11030000.0,119900.0,8.0,-10910100.0,4.8,None,False,Unknown,False,https://www.amazon.in/Apple-2026-MacBook-Laptop-chip/dp/B0GR1RQ144/ref=sr_1_32?dib=eyJ2IjoiMSJ9.tseiwX3rbTHkTpB38uQx5_lDk9xXuDY8qBQOk4WtRWCCUGaBHfmmEw76kIqnMqPZLJw_GCo7kS4q0AH4J2bx-1H_k1H7ruiVgu7ZMTKAX9YhQgt8sC_5UaIzy_SMx82eu-lwVwIi7r7sqOIlOOxIggoyRq1vZFlVLvX85LucL0VdH0iz0sUMYLn9DRHhFtJNUunkbX7WypOWqxVbJ-eLGJ7M8Ogf8Ffn4e2IqR2flGs.HGe79HPdEbAk6Dz4nsBGFoWK2UT1tZMapQqSORYoLGA&dib_tag=se&keywords=laptops&qid=1781072907,"Apple 2026 MacBook Air 13″ Laptop with M5 chip: AI and Apple Intelligence, 34.46 cm (13.6″) Liquid Retina Display, 16GB Unified Memory, 512GB SSD Storage, 12MP Center Stage Camera, Touch ID; Sky Blue 4.8 4.8 out of 5 stars (31) 500+ bought in past month Price, product page ₹1,10,300 ₹ 1,10,300 M.R.P: ₹1,19,900 M.R.P: ₹1,19,900 ₹1,19,900 (8% off) Up to 5% back with Amazon Pay ICICI card Up to 5% ba"
Amazon,laptops,"HP Smartchoice Victus, 14th Gen Intel Core i5-14450HX, 6GB RTX 3050 (24GB DDR5, 512GB SSD) FHD, 144Hz, 15.6''/39.6cm, Wi",8999000.0,10119959.0,11.0,1120959.0,4.2,None,False,No,False,https://www.amazon.in/HP-Smartchoice-i5-14450HX-Office24-fa2303tx/dp/B0G46HR61G/ref=sr_1_33?dib=eyJ2IjoiMSJ9.tseiwX3rbTHkTpB38uQx5_lDk9xXuDY8qBQOk4WtRWCCUGaBHfmmEw76kIqnMqPZLJw_GCo7kS4q0AH4J2bx-1H_k1H7ruiVgu7ZMTKAX9YhQgt8sC_5UaIzy_SMx82eu-lwVwIi7r7sqOIlOOxIggoyRq1vZFlVLvX85LucL0VdH0iz0sUMYLn9DRHhFtJNUunkbX7WypOWqxVbJ-eLGJ7M8Ogf8Ffn4e2IqR2flGs.HGe79HPdEbAk6Dz4nsBGFoWK2UT1tZMapQqSORYoLGA&dib_tag=se&keywords=laptops&qid=1781072907,"HP Smartchoice Victus, 14th Gen Intel Core i5-14450HX, 6GB RTX 3050 (24GB DDR5, 512GB SSD) FHD, 144Hz, 15.6''/39.6cm, Win11, M365* Office24, Mica Silver, 2.3kg, fa2303tx/fa2315tx, RGB Gaming Laptop 4.2 4.2 out of 5 stars (27) 100+ bought in past month Price, product page ₹89,990 ₹ 89,990 M.R.P: ₹1,01,199.59 M.R.P: ₹1,01,199.59 ₹1,01,199.59 (11% off) Save extra with No Cost EMI Save extra with No C"
Amazon,laptops,"HP Smartchoice OmniBook 5 OLED (Previously Pavilion), Snapdragon X Processor (16GB LPDDR5x, 512GB SSD) 2K, 14''/35.6cm,",7999000.0,83704.0,4.0,-7915296.0,4.2,None,False,Unknown,False,https://www.amazon.in/HP-Previously-Snapdragon-Processor-Light-Weight/dp/B0F8P4Y7VF/ref=sr_1_34?dib=eyJ2IjoiMSJ9.tseiwX3rbTHkTpB38uQx5_lDk9xXuDY8qBQOk4WtRWCCUGaBHfmmEw76kIqnMqPZLJw_GCo7kS4q0AH4J2bx-1H_k1H7ruiVgu7ZMTKAX9YhQgt8sC_5UaIzy_SMx82eu-lwVwIi7r7sqOIlOOxIggoyRq1vZFlVLvX85LucL0VdH0iz0sUMYLn9DRHhFtJNUunkbX7WypOWqxVbJ-eLGJ7M8Ogf8Ffn4e2IqR2flGs.HGe79HPdEbAk6Dz4nsBGFoWK2UT1tZMapQqSORYoLGA&dib_tag=se&keywords=laptops&qid=1781072907,"HP Smartchoice OmniBook 5 OLED (Previously Pavilion), Snapdragon X Processor (16GB LPDDR5x, 512GB SSD) 2K, 14''/35.6cm, Win11, M365(1yr)* Office24, Silver, 1.35kg, he0014QU, Next-Gen AI Laptop 4.2 4.2 out of 5 stars (292) 400+ bought in past month Price, product page ₹79,990 ₹ 79,990 M.R.P: ₹83,704 M.R.P: ₹83,704 ₹83,704 (4% off) Save extra with No Cost EMI Save extra with No Cost EMI FREE deliver"
Amazon,laptops,"Primebook 2 Pro (2026) | 8GB RAM, 128GB UFS Storage | 14.1-Inch FHD IPS Display | 14 Hours Battery | MediaTek Helio G99",2599000.0,49990.0,48.0,-2549010.0,4.4,None,False,Unknown,False,https://www.amazon.in/Primebook-Storage-14-1-Inch-MediaTek-Keyboard/dp/B0FFM8M9B5/ref=sr_1_35?dib=eyJ2IjoiMSJ9.tseiwX3rbTHkTpB38uQx5_lDk9xXuDY8qBQOk4WtRWCCUGaBHfmmEw76kIqnMqPZLJw_GCo7kS4q0AH4J2bx-1H_k1H7ruiVgu7ZMTKAX9YhQgt8sC_5UaIzy_SMx82eu-lwVwIi7r7sqOIlOOxIggoyRq1vZFlVLvX85LucL0VdH0iz0sUMYLn9DRHhFtJNUunkbX7WypOWqxVbJ-eLGJ7M8Ogf8Ffn4e2IqR2flGs.HGe79HPdEbAk6Dz4nsBGFoWK2UT1tZMapQqSORYoLGA&dib_tag=se&keywords=laptops&qid=1781072907,"Primebook 2 Pro (2026) | 8GB RAM, 128GB UFS Storage | 14.1-Inch FHD IPS Display | 14 Hours Battery | MediaTek Helio G99 | Android 15 (PrimeOS 3.0) | Backlit Keyboard | in-Built AI (Gray) 4.4 4.4 out of 5 stars (685) 400+ bought in past month Price, product page ₹25,990 ₹ 25,990 M.R.P: ₹49,990 M.R.P: ₹49,990 ₹49,990 (48% off) Up to 5% back with Amazon Pay ICICI card Up to 5% back with Amazon Pay IC"
Amazon,laptops,"Lenovo IdeaPad Slim 3, AMD Ryzen 7 8840HS, 24GB RAM, 1TB SSD, WUXGA IPS, AI PC, 15.3""/38.8cm, Backlit Keyboard, Windows",8199000.0,94890.0,14.0,-8104110.0,4.1,None,False,Unknown,False,https://www.amazon.in/Lenovo-IdeaPad-Windows-Keyboard-83KA004TIN/dp/B0FCYB67QJ/ref=sr_1_36?dib=eyJ2IjoiMSJ9.tseiwX3rbTHkTpB38uQx5_lDk9xXuDY8qBQOk4WtRWCCUGaBHfmmEw76kIqnMqPZLJw_GCo7kS4q0AH4J2bx-1H_k1H7ruiVgu7ZMTKAX9YhQgt8sC_5UaIzy_SMx82eu-lwVwIi7r7sqOIlOOxIggoyRq1vZFlVLvX85LucL0VdH0iz0sUMYLn9DRHhFtJNUunkbX7WypOWqxVbJ-eLGJ7M8Ogf8Ffn4e2IqR2flGs.HGe79HPdEbAk6Dz4nsBGFoWK2UT1tZMapQqSORYoLGA&dib_tag=se&keywords=laptops&qid=1781072907,"Lenovo IdeaPad Slim 3, AMD Ryzen 7 8840HS, 24GB RAM, 1TB SSD, WUXGA IPS, AI PC, 15.3""/38.8cm, Backlit Keyboard, Windows 11, Office Home 2024, Grey, 1.6Kg, 1Yr ADP Free, 83KA004TIN, AI Powered Laptop 4.1 4.1 out of 5 stars (77) 50+ bought in past month Price, product page ₹81,990 ₹ 81,990 M.R.P: ₹94,890 M.R.P: ₹94,890 ₹94,890 (14% off) Up to 5% back with Amazon Pay ICICI card Up to 5% back with Ama"
Amazon,laptops,"HP OmniBook 3, AMD Ryzen AI 5 330 (24GB DDR5 RAM, 1TB SSD) FHD, Anti-Glare, 15.6''/39.6cm, Win11, Office24, Glacier Silv",6899000.0,83567.0,17.0,-6815433.0,5.0,None,False,Unknown,False,https://www.amazon.in/sspa/click?ie=UTF8&spc=MTo3MTE2OTU5MjQyMzE2Mzc6MTc4MTA3MjkwNzpzcF9idGY6MzAxMDk4MTI5MDY4MzMyOjowOjo&url=%2FHP-OmniBook-Processor-Anti-Glare-Fingerprint%2Fdp%2FB0GLGP1TNT%2Fref%3Dsr_1_38_sspa%3Fdib%3DeyJ2IjoiMSJ9.tseiwX3rbTHkTpB38uQx5_lDk9xXuDY8qBQOk4WtRWCCUGaBHfmmEw76kIqnMqPZLJw_GCo7kS4q0AH4J2bx-1H_k1H7ruiVgu7ZMTKAX9YhQgt8sC_5UaIzy_SMx82eu-lwVwIi7r7sqOIlOOxIggoyRq1vZFlVLvX85LucL0VdH0iz0sUMYLn9DRHhFtJNUunkbX7WypOWqxVbJ-eLGJ7M8Ogf8Ffn4e2IqR2flGs.HGe79HPdEbAk6Dz4nsBGFoWK2UT1tZMapQqSORYoLGA%26dib_tag%3Dse%26keywords%3Dlaptops%26qid%3D1781072907%26aref%3DOXXgSY2J4Z%26sp_csd%3Dd2lkZ2V0TmFtZT1zcF9idGY%26psc%3D1&aref=OXXgSY2J4Z&sp_cr=ZAZ,"Sponsored Sponsored You are seeing this ad based on the product’s relevance to your search query. Let us know HP OmniBook 3, AMD Ryzen AI 5 330 (24GB DDR5 RAM, 1TB SSD) FHD, Anti-Glare, 15.6''/39.6cm, Win11, Office24, Glacier Silver,1.7kg, fn0074AU, FHD Camera w/Shutter, FPR, Backlit KB, Next Gen AI Laptop 5.0 5.0 out of 5 stars (10) 100+ bought in past month Price, product page ₹68,990 ₹ 68,990 M"
Amazon,laptops,"HP Victus, AMD Ryzen 7 7445HS, 4GB RTX 2050, 16GB DDR5(Upgradable) 512GB SSD, FHD, 144Hz, 300 nits, IPS, 15.6''/39.6cm,",6799000.0,74026.0,8.0,-6724974.0,4.2,None,False,Unknown,False,https://www.amazon.in/HP-Upgradable-Office24-fb3123AX-Backlit/dp/B0G9239R5S/ref=sr_1_35?dib=eyJ2IjoiMSJ9.wA4f7Gl9i_Vz2g2mXcNtsg61zGYtWtZJV2Y91WCyN6m_2m58sEKZw9d2uRdhAmn-qivbCXLWpDoB3lbxddV9PNWM1U9MAVBzeYvI8_aFmiy8GviB7CeI5CTzYwGWNjgP7OUoag_VewybCJPOiT6iMA7vCgZlYX0fHqcxfHWWexUkQCoTCaD9KvCseEmmubnCChWKJ-ilkqfUiI3hgn3qcey9HRo44YmLOA0PTMyY990.aVHm2gGXX5SEb4UFRUaob_7jHlAvAZrk2kuo7Qqi1Rw&dib_tag=se&keywords=laptops&qid=1781072968,"HP Victus, AMD Ryzen 7 7445HS, 4GB RTX 2050, 16GB DDR5(Upgradable) 512GB SSD, FHD, 144Hz, 300 nits, IPS, 15.6''/39.6cm, Win11, M365* Office24, Mica Silver, 2.29kg, fb3123AX, Backlit, Gaming Laptop 4.2 4.2 out of 5 stars (366) 200+ bought in past month Price, product page ₹67,990 ₹ 67,990 M.R.P: ₹74,026 M.R.P: ₹74,026 ₹74,026 (8% off) Up to 5% back with Amazon Pay ICICI card Up to 5% back with Amaz"
Amazon,laptops,"acer SmartChoice Aspire Lite, AMD Ryzen 5-5625U Processor, 16 GB/512 GB, Full HD, 15.6""/39.62 cm, Windows 11 Home, Steel",5499000.0,58990.0,7.0,-5440010.0,4.0,None,False,Unknown,False,https://www.amazon.in/5-5625U-Premium-Windows-AL15-41-Display/dp/B0DG2GCTD7/ref=sr_1_36?dib=eyJ2IjoiMSJ9.wA4f7Gl9i_Vz2g2mXcNtsg61zGYtWtZJV2Y91WCyN6m_2m58sEKZw9d2uRdhAmn-qivbCXLWpDoB3lbxddV9PNWM1U9MAVBzeYvI8_aFmiy8GviB7CeI5CTzYwGWNjgP7OUoag_VewybCJPOiT6iMA7vCgZlYX0fHqcxfHWWexUkQCoTCaD9KvCseEmmubnCChWKJ-ilkqfUiI3hgn3qcey9HRo44YmLOA0PTMyY990.aVHm2gGXX5SEb4UFRUaob_7jHlAvAZrk2kuo7Qqi1Rw&dib_tag=se&keywords=laptops&qid=1781072968,"acer SmartChoice Aspire Lite, AMD Ryzen 5-5625U Processor, 16 GB/512 GB, Full HD, 15.6""/39.62 cm, Windows 11 Home, Steel Gray, 1.59 kg, AL15-41, Metal Body, Thin and Light Laptop 4.0 4.0 out of 5 stars (893) 200+ bought in past month Price, product page ₹54,990 ₹ 54,990 M.R.P: ₹58,990 M.R.P: ₹58,990 ₹58,990 (7% off) Up to 5% back with Amazon Pay ICICI card Up to 5% back with Amazon Pay ICI... FREE"
Amazon,laptops,"HP 15, Intel Core Ultra 5 125H (16GB DDR5, 1TB SSD) FHD, IPS, 15.6''/39.6cm, Win11, M365 Basic(1yr)*Office24, Silver, 1.",7999000.0,86451.0,7.0,-7912549.0,3.8,None,False,Unknown,False,https://www.amazon.in/HP-Office24-fd1354TU-Graphics-Shutter/dp/B0F5B1N9SJ/ref=sr_1_37?dib=eyJ2IjoiMSJ9.wA4f7Gl9i_Vz2g2mXcNtsg61zGYtWtZJV2Y91WCyN6m_2m58sEKZw9d2uRdhAmn-qivbCXLWpDoB3lbxddV9PNWM1U9MAVBzeYvI8_aFmiy8GviB7CeI5CTzYwGWNjgP7OUoag_VewybCJPOiT6iMA7vCgZlYX0fHqcxfHWWexUkQCoTCaD9KvCseEmmubnCChWKJ-ilkqfUiI3hgn3qcey9HRo44YmLOA0PTMyY990.aVHm2gGXX5SEb4UFRUaob_7jHlAvAZrk2kuo7Qqi1Rw&dib_tag=se&keywords=laptops&qid=1781072968,"HP 15, Intel Core Ultra 5 125H (16GB DDR5, 1TB SSD) FHD, IPS, 15.6''/39.6cm, Win11, M365 Basic(1yr)*Office24, Silver, 1.65kg, fd1354TU, Intel Arc Graphics, FHD Camera w/Shutter, AI Powered Laptop 3.8 3.8 out of 5 stars (369) 50+ bought in past month Price, product page ₹79,990 ₹ 79,990 M.R.P: ₹86,451 M.R.P: ₹86,451 ₹86,451 (7% off) Save extra with No Cost EMI Save extra with No Cost EMI FREE deliv"
Amazon,laptops,"Lenovo V15 AMD Ryzen 7 7730U 15.6"" (39.62cm) FHD 250 Nits Antiglare Thin and Light Laptop (Free MS Office) Lifetime (16G",5999900.0,81000.0,26.0,-5918900.0,4.2,None,False,Unknown,False,https://www.amazon.in/Lenovo-V15-Antiglare-Lifetime-83CRA01SIN/dp/B0DDY1HWZL/ref=sr_1_38?dib=eyJ2IjoiMSJ9.wA4f7Gl9i_Vz2g2mXcNtsg61zGYtWtZJV2Y91WCyN6m_2m58sEKZw9d2uRdhAmn-qivbCXLWpDoB3lbxddV9PNWM1U9MAVBzeYvI8_aFmiy8GviB7CeI5CTzYwGWNjgP7OUoag_VewybCJPOiT6iMA7vCgZlYX0fHqcxfHWWexUkQCoTCaD9KvCseEmmubnCChWKJ-ilkqfUiI3hgn3qcey9HRo44YmLOA0PTMyY990.aVHm2gGXX5SEb4UFRUaob_7jHlAvAZrk2kuo7Qqi1Rw&dib_tag=se&keywords=laptops&qid=1781072968,"Lenovo V15 AMD Ryzen 7 7730U 15.6"" (39.62cm) FHD 250 Nits Antiglare Thin and Light Laptop (Free MS Office) Lifetime (16GB/512GB SSD/Windows 11/Iron Grey/1.65 Kg) 1 Year Brand Warranty, 83CRA01SIN 4.2 4.2 out of 5 stars (188) Price, product page ₹59,999 ₹ 59,999 M.R.P: ₹81,000 M.R.P: ₹81,000 ₹81,000 (26% off) Up to 5% back with Amazon Pay ICICI card Up to 5% back with Amazon Pay ICI... FREE deliver"
Amazon,laptops,"Lenovo IdeaPad Slim 3 13th Gen Intel Core i5-13420H 15.3""(38.8cm) WUXGA IPS Laptop(16GB RAM/512GB SSD/Win 11/Office Home",6733300.0,81390.0,17.0,-6651910.0,4.2,None,False,Unknown,False,https://www.amazon.in/Lenovo-IdeaPad-i5-13420H-Backlit-83K100CGIN/dp/B0F637DPFW/ref=sr_1_39?dib=eyJ2IjoiMSJ9.wA4f7Gl9i_Vz2g2mXcNtsg61zGYtWtZJV2Y91WCyN6m_2m58sEKZw9d2uRdhAmn-qivbCXLWpDoB3lbxddV9PNWM1U9MAVBzeYvI8_aFmiy8GviB7CeI5CTzYwGWNjgP7OUoag_VewybCJPOiT6iMA7vCgZlYX0fHqcxfHWWexUkQCoTCaD9KvCseEmmubnCChWKJ-ilkqfUiI3hgn3qcey9HRo44YmLOA0PTMyY990.aVHm2gGXX5SEb4UFRUaob_7jHlAvAZrk2kuo7Qqi1Rw&dib_tag=se&keywords=laptops&qid=1781072968,"Lenovo IdeaPad Slim 3 13th Gen Intel Core i5-13420H 15.3""(38.8cm) WUXGA IPS Laptop(16GB RAM/512GB SSD/Win 11/Office Home 2024/Backlit/1Yr ADP Free/Top Metal Cover & IR Camera/Grey/1.6Kg), 83K100CGIN 4.2 4.2 out of 5 stars (94) Price, product page ₹67,333 ₹ 67,333 M.R.P: ₹81,390 M.R.P: ₹81,390 ₹81,390 (17% off) Save extra with No Cost EMI Save extra with No Cost EMI FREE delivery Fri, 12 Jun Or fas"
Amazon,laptops,"BrowseBook 14.1"" FHD IPS Laptop | Best Student & Office Work Laptop | Celeron N4020 | 4GB RAM | 128GB SSD | Windows 11 |",2099000.0,30000.0,30.0,-2069000.0,2.7,None,False,Unknown,False,https://www.amazon.in/Neopticon-BrowseBook-Student-Celeron-Windows/dp/B0FC64RYH1/ref=sr_1_40?dib=eyJ2IjoiMSJ9.wA4f7Gl9i_Vz2g2mXcNtsg61zGYtWtZJV2Y91WCyN6m_2m58sEKZw9d2uRdhAmn-qivbCXLWpDoB3lbxddV9PNWM1U9MAVBzeYvI8_aFmiy8GviB7CeI5CTzYwGWNjgP7OUoag_VewybCJPOiT6iMA7vCgZlYX0fHqcxfHWWexUkQCoTCaD9KvCseEmmubnCChWKJ-ilkqfUiI3hgn3qcey9HRo44YmLOA0PTMyY990.aVHm2gGXX5SEb4UFRUaob_7jHlAvAZrk2kuo7Qqi1Rw&dib_tag=se&keywords=laptops&qid=1781072968,"BrowseBook 14.1"" FHD IPS Laptop | Best Student & Office Work Laptop | Celeron N4020 | 4GB RAM | 128GB SSD | Windows 11 | 38Wh | 1.3kg | Grey 2.7 2.7 out of 5 stars (198) Price, product page ₹20,990 ₹ 20,990 M.R.P: ₹30,000 M.R.P: ₹30,000 ₹30,000 (30% off) Up to 5% back with Amazon Pay ICICI card Up to 5% back with Amazon Pay ICI... FREE delivery Fri, 12 Jun Or fastest delivery Tomorrow 8 am - 12 pm"
Amazon,laptops,"HP Professional 15 (2026), Intel (i3 14th Gen) Core 3 100U - (16 GB/512 GB SSD/Intel UHD Graphics/Windows 11 Home) Thin",5399000.0,75000.0,28.0,-5324000.0,,Only 2 Left,True,Unknown,False,https://www.amazon.in/HP-Professional-15-Intel-14th/dp/B0GHSN1N24/ref=sr_1_41?dib=eyJ2IjoiMSJ9.wA4f7Gl9i_Vz2g2mXcNtsg61zGYtWtZJV2Y91WCyN6m_2m58sEKZw9d2uRdhAmn-qivbCXLWpDoB3lbxddV9PNWM1U9MAVBzeYvI8_aFmiy8GviB7CeI5CTzYwGWNjgP7OUoag_VewybCJPOiT6iMA7vCgZlYX0fHqcxfHWWexUkQCoTCaD9KvCseEmmubnCChWKJ-ilkqfUiI3hgn3qcey9HRo44YmLOA0PTMyY990.aVHm2gGXX5SEb4UFRUaob_7jHlAvAZrk2kuo7Qqi1Rw&dib_tag=se&keywords=laptops&qid=1781072968,"HP Professional 15 (2026), Intel (i3 14th Gen) Core 3 100U - (16 GB/512 GB SSD/Intel UHD Graphics/Windows 11 Home) Thin & Light Business Laptop/15.6"" Display/Turbo Silver/Copilot Key/1.5kg/MS Office Price, product page ₹53,990 ₹ 53,990 M.R.P: ₹75,000 M.R.P: ₹75,000 ₹75,000 (28% off) Up to 5% back with Amazon Pay ICICI card Up to 5% back with Amazon Pay ICI... FREE delivery Mon, 15 Jun Only 2 left "
Amazon,laptops,Acer Aspire 3 Laptop Intel Core Celeron N4500 Processor Laptop (8 GB LPDDR4X SDRAM/256 GB SSD/Win11 Home/38 WHR/HD Webca,3699000.0,39999.0,8.0,-3659001.0,3.6,None,False,Unknown,False,https://www.amazon.in/Acer-Celeron-Processor-LPDDR4X-A325-45/dp/B0D7PTFFZH/ref=sr_1_42?dib=eyJ2IjoiMSJ9.wA4f7Gl9i_Vz2g2mXcNtsg61zGYtWtZJV2Y91WCyN6m_2m58sEKZw9d2uRdhAmn-qivbCXLWpDoB3lbxddV9PNWM1U9MAVBzeYvI8_aFmiy8GviB7CeI5CTzYwGWNjgP7OUoag_VewybCJPOiT6iMA7vCgZlYX0fHqcxfHWWexUkQCoTCaD9KvCseEmmubnCChWKJ-ilkqfUiI3hgn3qcey9HRo44YmLOA0PTMyY990.aVHm2gGXX5SEb4UFRUaob_7jHlAvAZrk2kuo7Qqi1Rw&dib_tag=se&keywords=laptops&qid=1781072968,"Acer Aspire 3 Laptop Intel Core Celeron N4500 Processor Laptop (8 GB LPDDR4X SDRAM/256 GB SSD/Win11 Home/38 WHR/HD Webcam) A325-45 with 39.63 cm (15.6"") HD Display, Pure Silver, 1.5 KG 3.6 3.6 out of 5 stars (465) Price, product page ₹36,990 ₹ 36,990 M.R.P: ₹39,999 M.R.P: ₹39,999 ₹39,999 (8% off) Up to 5% back with Amazon Pay ICICI card Up to 5% back with Amazon Pay ICI... FREE delivery Fri, 12 Ju"
Amazon,laptops,"ASUS Vivobook 15, Smartchoice,Intel Core i3 13th Gen 1315U, 12GB RAM, 512GB SSD, FHD 15.6"", Win 11, Office 2024, Quiet B",5199000.0,,,,4.3,None,False,Unknown,False,https://www.amazon.in/ASUS-Vivobook-Windows-Office-X1504VA-BQ332WS/dp/B0FKBM4SWJ/ref=sr_1_45?dib=eyJ2IjoiMSJ9.wA4f7Gl9i_Vz2g2mXcNtsg61zGYtWtZJV2Y91WCyN6m_2m58sEKZw9d2uRdhAmn-qivbCXLWpDoB3lbxddV9PNWM1U9MAVBzeYvI8_aFmiy8GviB7CeI5CTzYwGWNjgP7OUoag_VewybCJPOiT6iMA7vCgZlYX0fHqcxfHWWexUkQCoTCaD9KvCseEmmubnCChWKJ-ilkqfUiI3hgn3qcey9HRo44YmLOA0PTMyY990.aVHm2gGXX5SEb4UFRUaob_7jHlAvAZrk2kuo7Qqi1Rw&dib_tag=se&keywords=laptops&qid=1781072968,"ASUS Vivobook 15, Smartchoice,Intel Core i3 13th Gen 1315U, 12GB RAM, 512GB SSD, FHD 15.6"", Win 11, Office 2024, Quiet Blue, 1.7Kg, X1504VA-BQ332WS, Intel UHD iGPU, M365 Basic (1Year)*, 42Whrs Laptop 4.3 4.3 out of 5 stars (217) 200+ bought in past month Price, product page ₹51,990 ₹ 51,990 Save extra with No Cost EMI Save extra with No Cost EMI FREE delivery Fri, 12 Jun Or fastest delivery Tomorr"
Amazon,laptops,"ASUS Vivobook 14 (2026),Intel Core Ultra 5 225H, Intel iGPU,16GB RAM,1TB SSD,FHD+,14""(35.5 cm),Windows 11,M365 Basic(1 Y",6999000.0,114990.0,39.0,-6884010.0,4.4,None,False,Unknown,False,https://www.amazon.in/ASUS-Vivobook-Windows-Platinum-X1407CA-LY1581WS/dp/B0GNMY1HHY/ref=sr_1_46?dib=eyJ2IjoiMSJ9.wA4f7Gl9i_Vz2g2mXcNtsg61zGYtWtZJV2Y91WCyN6m_2m58sEKZw9d2uRdhAmn-qivbCXLWpDoB3lbxddV9PNWM1U9MAVBzeYvI8_aFmiy8GviB7CeI5CTzYwGWNjgP7OUoag_VewybCJPOiT6iMA7vCgZlYX0fHqcxfHWWexUkQCoTCaD9KvCseEmmubnCChWKJ-ilkqfUiI3hgn3qcey9HRo44YmLOA0PTMyY990.aVHm2gGXX5SEb4UFRUaob_7jHlAvAZrk2kuo7Qqi1Rw&dib_tag=se&keywords=laptops&qid=1781072968,"ASUS Vivobook 14 (2026),Intel Core Ultra 5 225H, Intel iGPU,16GB RAM,1TB SSD,FHD+,14""(35.5 cm),Windows 11,M365 Basic(1 Year)* Office 2024, Platinum Gold, 1.46 Kg, X1407CA-LY1581WS,Thin & Light Laptop 4.4 4.4 out of 5 stars (3) 50+ bought in past month Price, product page ₹69,990 ₹ 69,990 M.R.P: ₹1,14,990 M.R.P: ₹1,14,990 ₹1,14,990 (39% off) Flat INR 1695 Off on Banks Cards Flat INR 1695 Off on Ban"
Amazon,laptops,"ASUS Vivobook S16,14th Gen, Intel Core 5-210H,Metallic Design Laptop(Intel UHD iGPU/16GB RAM/512GB SSD/FHD+/16""/144Hz/Wi",6699000.0,68990.0,3.0,-6630010.0,4.4,None,False,Unknown,False,https://www.amazon.in/ASUS-Vivobook-Metallic-Windows-S3607VA-RP114WS/dp/B0FNKFV89X/ref=sr_1_47?dib=eyJ2IjoiMSJ9.wA4f7Gl9i_Vz2g2mXcNtsg61zGYtWtZJV2Y91WCyN6m_2m58sEKZw9d2uRdhAmn-qivbCXLWpDoB3lbxddV9PNWM1U9MAVBzeYvI8_aFmiy8GviB7CeI5CTzYwGWNjgP7OUoag_VewybCJPOiT6iMA7vCgZlYX0fHqcxfHWWexUkQCoTCaD9KvCseEmmubnCChWKJ-ilkqfUiI3hgn3qcey9HRo44YmLOA0PTMyY990.aVHm2gGXX5SEb4UFRUaob_7jHlAvAZrk2kuo7Qqi1Rw&dib_tag=se&keywords=laptops&qid=1781072968,"ASUS Vivobook S16,14th Gen, Intel Core 5-210H,Metallic Design Laptop(Intel UHD iGPU/16GB RAM/512GB SSD/FHD+/16""/144Hz/Windows 11/M365 Basic(1Year)*/Office Home 2024/Silver/1.7Kg) S3607VA-RP114WS 4.4 4.4 out of 5 stars (12) 50+ bought in past month Price, product page ₹66,990 ₹ 66,990 M.R.P: ₹68,990 M.R.P: ₹68,990 ₹68,990 (3% off) Save extra with No Cost EMI Save extra with No Cost EMI FREE deliver"
Amazon,laptops,"HP Business Laptop (2026) AMD Ryzen 5 7535U 8GB DDR5 RAM, 512GB SSD, AMD Radeon Graphics, Windows 11 Pro, 15.6"" HD Displ",4745000.0,65000.0,27.0,-4680000.0,5.0,Only 2 Left,True,Unknown,False,https://www.amazon.in/HP-Business-Graphics-Windows-Display/dp/B0GRJ3NMZ2/ref=sr_1_48?dib=eyJ2IjoiMSJ9.wA4f7Gl9i_Vz2g2mXcNtsg61zGYtWtZJV2Y91WCyN6m_2m58sEKZw9d2uRdhAmn-qivbCXLWpDoB3lbxddV9PNWM1U9MAVBzeYvI8_aFmiy8GviB7CeI5CTzYwGWNjgP7OUoag_VewybCJPOiT6iMA7vCgZlYX0fHqcxfHWWexUkQCoTCaD9KvCseEmmubnCChWKJ-ilkqfUiI3hgn3qcey9HRo44YmLOA0PTMyY990.aVHm2gGXX5SEb4UFRUaob_7jHlAvAZrk2kuo7Qqi1Rw&dib_tag=se&keywords=laptops&qid=1781072968,"HP Business Laptop (2026) AMD Ryzen 5 7535U 8GB DDR5 RAM, 512GB SSD, AMD Radeon Graphics, Windows 11 Pro, 15.6"" HD Display, Thin & Light, Turbo Silver, 1.45 kg 5.0 5.0 out of 5 stars (1) Price, product page ₹47,450 ₹ 47,450 M.R.P: ₹65,000 M.R.P: ₹65,000 ₹65,000 (27% off) Up to 5% back with Amazon Pay ICICI card Up to 5% back with Amazon Pay ICI... FREE delivery Mon, 15 Jun Only 2 left in stock. Ad"
Amazon,laptops,"Lenovo IdeaPad Slim 3 13th Gen Core i7-13620H 15.3"" (38.8cm) WUXGA IPS Laptop (16GB RAM/512GB SSD/Win 11/Office 2024/Bac",7796100.0,103790.0,25.0,-7692310.0,4.0,None,False,Unknown,False,https://www.amazon.in/Lenovo-IdeaPad-i7-13620H-Backlit-83K1011BIN/dp/B0G495PMV8/ref=sr_1_49?dib=eyJ2IjoiMSJ9.wA4f7Gl9i_Vz2g2mXcNtsg61zGYtWtZJV2Y91WCyN6m_2m58sEKZw9d2uRdhAmn-qivbCXLWpDoB3lbxddV9PNWM1U9MAVBzeYvI8_aFmiy8GviB7CeI5CTzYwGWNjgP7OUoag_VewybCJPOiT6iMA7vCgZlYX0fHqcxfHWWexUkQCoTCaD9KvCseEmmubnCChWKJ-ilkqfUiI3hgn3qcey9HRo44YmLOA0PTMyY990.aVHm2gGXX5SEb4UFRUaob_7jHlAvAZrk2kuo7Qqi1Rw&dib_tag=se&keywords=laptops&qid=1781072968,"Lenovo IdeaPad Slim 3 13th Gen Core i7-13620H 15.3"" (38.8cm) WUXGA IPS Laptop (16GB RAM/512GB SSD/Win 11/Office 2024/Backlit/1Yr ADP Free/Top Metal Cover & IR Camera/Grey/1.6Kg),83K1011BIN 4.0 4.0 out of 5 stars (15) Price, product page ₹77,961 ₹ 77,961 M.R.P: ₹1,03,790 M.R.P: ₹1,03,790 ₹1,03,790 (25% off) Up to 5% back with Amazon Pay ICICI card Up to 5% back with Amazon Pay ICI... FREE delivery "
Amazon,laptops,"HP Smartchoice Victus, 13th Gen Intel Core i7-13620H, 8GB RTX 5050, 24GB DDR5(Upgradeable) 1TB SSD, 144Hz, FHD, 15.6''/3",11999000.0,124318.0,3.0,-11874682.0,4.0,None,False,Unknown,False,https://www.amazon.in/HP-Smartchoice-i7-13620H-Upgradeable-Office24/dp/B0FDKPZHB7/ref=sr_1_50?dib=eyJ2IjoiMSJ9.wA4f7Gl9i_Vz2g2mXcNtsg61zGYtWtZJV2Y91WCyN6m_2m58sEKZw9d2uRdhAmn-qivbCXLWpDoB3lbxddV9PNWM1U9MAVBzeYvI8_aFmiy8GviB7CeI5CTzYwGWNjgP7OUoag_VewybCJPOiT6iMA7vCgZlYX0fHqcxfHWWexUkQCoTCaD9KvCseEmmubnCChWKJ-ilkqfUiI3hgn3qcey9HRo44YmLOA0PTMyY990.aVHm2gGXX5SEb4UFRUaob_7jHlAvAZrk2kuo7Qqi1Rw&dib_tag=se&keywords=laptops&qid=1781072968,"HP Smartchoice Victus, 13th Gen Intel Core i7-13620H, 8GB RTX 5050, 24GB DDR5(Upgradeable) 1TB SSD, 144Hz, FHD, 15.6''/39.6cm, Win11, M365* Office24, Mica Silver, 2.29kg, fa2309TX, RGB Gaming Laptop 4.0 4.0 out of 5 stars (76) 100+ bought in past month Price, product page ₹1,19,990 ₹ 1,19,990 M.R.P: ₹1,24,318 M.R.P: ₹1,24,318 ₹1,24,318 (3% off) Save extra with No Cost EMI Save extra with No Cost E"
Amazon,laptops,"HP 15, AMD Ryzen 5 7520U (16GB DDR4, 512GB SSD) FHD, Anti-Glare, Micro-Edge, 15.6''/39.6cm, Win11, M365 Basic(1yr), Offi",6799000.0,96409.0,29.0,-6702591.0,,None,False,Unknown,False,https://www.amazon.in/HP-Anti-Glare-Micro-Edge-Offic24-fc0806AU/dp/B0GTVDH4G2/ref=sr_1_51?dib=eyJ2IjoiMSJ9.wA4f7Gl9i_Vz2g2mXcNtsg61zGYtWtZJV2Y91WCyN6m_2m58sEKZw9d2uRdhAmn-qivbCXLWpDoB3lbxddV9PNWM1U9MAVBzeYvI8_aFmiy8GviB7CeI5CTzYwGWNjgP7OUoag_VewybCJPOiT6iMA7vCgZlYX0fHqcxfHWWexUkQCoTCaD9KvCseEmmubnCChWKJ-ilkqfUiI3hgn3qcey9HRo44YmLOA0PTMyY990.aVHm2gGXX5SEb4UFRUaob_7jHlAvAZrk2kuo7Qqi1Rw&dib_tag=se&keywords=laptops&qid=1781072968,"HP 15, AMD Ryzen 5 7520U (16GB DDR4, 512GB SSD) FHD, Anti-Glare, Micro-Edge, 15.6''/39.6cm, Win11, M365 Basic(1yr), Offic24, Silver,1.59kg, fc0806AU, FHD Camera w/Privacy Shutter, Backlit Laptop Price, product page ₹67,990 ₹ 67,990 M.R.P: ₹96,409 M.R.P: ₹96,409 ₹96,409 (29% off) Up to 5% back with Amazon Pay ICICI card Up to 5% back with Amazon Pay ICI... FREE delivery Fri, 12 Jun Or fastest deliv"
Amazon,laptops,"HP 14, AMD Ryzen 7 7730U (16GB DDR4, 512GB SSD) FHD, Anti-Glare, Micro-Edge, 14''/35.6cm, Win11, M365 Basic(1yr), Office",6699000.0,,,,4.8,None,False,Unknown,False,https://www.amazon.in/HP-Anti-Glare-Micro-Edge-EM0104AU-Privacy/dp/B0G92SHKTG/ref=sr_1_52?dib=eyJ2IjoiMSJ9.wA4f7Gl9i_Vz2g2mXcNtsg61zGYtWtZJV2Y91WCyN6m_2m58sEKZw9d2uRdhAmn-qivbCXLWpDoB3lbxddV9PNWM1U9MAVBzeYvI8_aFmiy8GviB7CeI5CTzYwGWNjgP7OUoag_VewybCJPOiT6iMA7vCgZlYX0fHqcxfHWWexUkQCoTCaD9KvCseEmmubnCChWKJ-ilkqfUiI3hgn3qcey9HRo44YmLOA0PTMyY990.aVHm2gGXX5SEb4UFRUaob_7jHlAvAZrk2kuo7Qqi1Rw&dib_tag=se&keywords=laptops&qid=1781072968,"HP 14, AMD Ryzen 7 7730U (16GB DDR4, 512GB SSD) FHD, Anti-Glare, Micro-Edge, 14''/35.6cm, Win11, M365 Basic(1yr), Office Home24, Silver,1.4kg, EM0104AU, FHD Camera w/Privacy Shutter, Backlit Laptop 4.8 4.8 out of 5 stars (5) 50+ bought in past month Price, product page ₹66,990 ₹ 66,990 Up to 5% back with Amazon Pay ICICI card Up to 5% back with Amazon Pay ICI... FREE delivery Fri, 12 Jun Or fastes"
Amazon,laptops,"ASUS Zenbook 14 (2026),Smartchoice,Intel Core Ultra 9 285H,32GB RAM,1TB SSD,OLED,Touchscreen,14""(35.5 cm),Win 11,M365 Ba",12499000.0,153990.0,19.0,-12345010.0,5.0,Limited Time Deal,True,Unknown,False,https://www.amazon.in/sspa/click?ie=UTF8&spc=MTo0NjA3MjU4NDE5NzM0Mzc0OjE3ODEwNzI5Njg6c3BfYnRmOjMwMTA3NzQwNjkzMTAzMjo6MDo6&url=%2FASUS-Zenbook-Smartchoice-Touchscreen-UX3405CA-QL1016WS%2Fdp%2FB09BB75X71%2Fref%3Dsr_1_53_sspa%3Fdib%3DeyJ2IjoiMSJ9.wA4f7Gl9i_Vz2g2mXcNtsg61zGYtWtZJV2Y91WCyN6m_2m58sEKZw9d2uRdhAmn-qivbCXLWpDoB3lbxddV9PNWM1U9MAVBzeYvI8_aFmiy8GviB7CeI5CTzYwGWNjgP7OUoag_VewybCJPOiT6iMA7vCgZlYX0fHqcxfHWWexUkQCoTCaD9KvCseEmmubnCChWKJ-ilkqfUiI3hgn3qcey9HRo44YmLOA0PTMyY990.aVHm2gGXX5SEb4UFRUaob_7jHlAvAZrk2kuo7Qqi1Rw%26dib_tag%3Dse%26keywords%3Dlaptops%26qid%3D1781072968%26aref%3DcBX5goTinD%26sp_csd%3Dd2lkZ2V0TmFtZT1zcF9idGY%26psc%3D1&aref=cBX5goTinD&sp_cr=ZAZ,"Sponsored Sponsored You are seeing this ad based on the product’s relevance to your search query. Let us know ASUS Zenbook 14 (2026),Smartchoice,Intel Core Ultra 9 285H,32GB RAM,1TB SSD,OLED,Touchscreen,14""(35.5 cm),Win 11,M365 Basic(1Y)* Office 24,Ponder Blue,1.28 Kg,UX3405CA-QL1016WS,Thin & Light Laptop 5.0 5.0 out of 5 stars (2) Limited time deal Price, product page ₹1,24,990 ₹ 1,24,990 M.R.P: "
Amazon,headphones,"GOBOULT Soniq Over Ear Bluetooth Headphones with 70H Playtime, 40mm Bass Drivers, Zen™ ENC Mic, Type-C Fast Charging, Du",199900.0,5999.0,67.0,-193901.0,3.8,None,False,Unknown,False,https://www.amazon.in/sspa/click?ie=UTF8&spc=MTo2ODYxNDg0Njc4MDUyMjQ4OjE3ODEwNzMwMTY6c3BfYXRmOjMwMDYxMjM1MjI1NjUzMjo6MDo6&url=%2FGOBOULT-Formerly-Launched-Bluetooth-Headphones%2Fdp%2FB0F9YV4KDD%2Fref%3Dsr_1_1_sspa%3Fdib%3DeyJ2IjoiMSJ9.uq0keVR1nVQzdHMBii73p7rhamNuy-Oiu6zy41wFbvzi3z2wP6OH2YnGbrNADfRvyqcOBLm5CDfU6F54EGCXY8bhJHKOMw2I82QPqtCqGZKjReQAr86GuDbRQiUk2pXL3HbKu8xx0i0n4ko9rKfpTUYShdt7glukKA5fl6xcPw1uWvh6RgwvOx-plCHJB1-6lNjED1OYJvGPhFdX1hdXZzebjnLa43SJpS5Gg4fEZ_U.UoLEDHwFNb9gc3kd8yJ81GVmNSUNJtq1Gxtll84AEOg%26dib_tag%3Dse%26keywords%3Dheadphones%26qid%3D1781073016%26sr%3D8-1-spons%26aref%3DjzFlti6zS7%26sp_csd%3Dd2lkZ2V0TmFtZT1zcF9hdGY%26psc%3D1&aref=jzFlti6zS7&sp_cr=ZAZ,"Sponsored Sponsored You are seeing this ad based on the product’s relevance to your search query. Let us know GOBOULT Soniq Over Ear Bluetooth Headphones with 70H Playtime, 40mm Bass Drivers, Zen™ ENC Mic, Type-C Fast Charging, Dual Pairing, AUX, Wireless Headphones (Black) 3.8 3.8 out of 5 stars (1.3K) Price, product page ₹1,999 ₹ 1,999 M.R.P: ₹5,999 M.R.P: ₹5,999 ₹5,999 (67% off) Up to 5% back w"
Amazon,headphones,"Noise Newly Launched Airwave Max XR Wireless Over-Ear Headphones with 120H Playtime, ANC, HFA Tech, Spatial Audio, Dual",349900.0,4999.0,30.0,-344901.0,4.0,None,False,Unknown,False,https://www.amazon.in/sspa/click?ie=UTF8&spc=MTo2ODYxNDg0Njc4MDUyMjQ4OjE3ODEwNzMwMTY6c3BfYXRmOjMwMDgyNzc4MTM2MjEzMjo6MDo6&url=%2FNoise-Launched-Wireless-Over-Ear-Headphones%2Fdp%2FB0F9PGWSD9%2Fref%3Dsr_1_2_sspa%3Fdib%3DeyJ2IjoiMSJ9.uq0keVR1nVQzdHMBii73p7rhamNuy-Oiu6zy41wFbvzi3z2wP6OH2YnGbrNADfRvyqcOBLm5CDfU6F54EGCXY8bhJHKOMw2I82QPqtCqGZKjReQAr86GuDbRQiUk2pXL3HbKu8xx0i0n4ko9rKfpTUYShdt7glukKA5fl6xcPw1uWvh6RgwvOx-plCHJB1-6lNjED1OYJvGPhFdX1hdXZzebjnLa43SJpS5Gg4fEZ_U.UoLEDHwFNb9gc3kd8yJ81GVmNSUNJtq1Gxtll84AEOg%26dib_tag%3Dse%26keywords%3Dheadphones%26qid%3D1781073016%26sr%3D8-2-spons%26aref%3DStmJdSlbMj%26sp_csd%3Dd2lkZ2V0TmFtZT1zcF9hdGY%26psc%3D1&aref=StmJdSlbMj&sp_cr=ZAZ,"Sponsored Sponsored You are seeing this ad based on the product’s relevance to your search query. Let us know Noise Newly Launched Airwave Max XR Wireless Over-Ear Headphones with 120H Playtime, ANC, HFA Tech, Spatial Audio, Dual Pairing,BT V6.0(Carbon Black) 4.0 4.0 out of 5 stars (118) 500+ bought in past month Price, product page ₹3,499 ₹ 3,499 M.R.P: ₹4,999 M.R.P: ₹4,999 ₹4,999 (30% off) Up to"
Amazon,headphones,"Sony MDR-ZX110A On Ear Stereo Wired Headphones (White), Without Mic",55900.0,1390.0,60.0,-54510.0,4.0,None,False,Unknown,False,https://www.amazon.in/Sony-MDR-ZX110A-Stereo-Headphones-without/dp/B00KGZZ824/ref=sr_1_3?dib=eyJ2IjoiMSJ9.uq0keVR1nVQzdHMBii73p7rhamNuy-Oiu6zy41wFbvzi3z2wP6OH2YnGbrNADfRvyqcOBLm5CDfU6F54EGCXY8bhJHKOMw2I82QPqtCqGZKjReQAr86GuDbRQiUk2pXL3HbKu8xx0i0n4ko9rKfpTUYShdt7glukKA5fl6xcPw1uWvh6RgwvOx-plCHJB1-6lNjED1OYJvGPhFdX1hdXZzebjnLa43SJpS5Gg4fEZ_U.UoLEDHwFNb9gc3kd8yJ81GVmNSUNJtq1Gxtll84AEOg&dib_tag=se&keywords=headphones&qid=1781073016&sr=8-3,"Amazon's Choice for ""headphones"" Sony MDR-ZX110A On Ear Stereo Wired Headphones (White), Without Mic 4.0 4.0 out of 5 stars (67.4K) 1K+ bought in past month Price, product page ₹559 ₹ 559 M.R.P: ₹1,390 M.R.P: ₹1,390 ₹1,390 (60% off) Up to 5% back with Amazon Pay ICICI card Up to 5% back with Amazon Pay ICI... FREE delivery Fri, 12 Jun Or fastest delivery Tomorrow 8 am - 12 pm Add to cart"
Amazon,headphones,"pTron Studio w/ 60Hrs Playtime, Wireless Over-Ear Headphones with HD Mic, Dual-Device Pairing, Immersive Sound, 40mm Dri",64900.0,2599.0,75.0,-62301.0,3.8,None,False,Unknown,True,https://www.amazon.in/pTron-Studio-Headphones-Immersive-Dual-Device/dp/B0FQJQDPF7/ref=sr_1_4?dib=eyJ2IjoiMSJ9.uq0keVR1nVQzdHMBii73p7rhamNuy-Oiu6zy41wFbvzi3z2wP6OH2YnGbrNADfRvyqcOBLm5CDfU6F54EGCXY8bhJHKOMw2I82QPqtCqGZKjReQAr86GuDbRQiUk2pXL3HbKu8xx0i0n4ko9rKfpTUYShdt7glukKA5fl6xcPw1uWvh6RgwvOx-plCHJB1-6lNjED1OYJvGPhFdX1hdXZzebjnLa43SJpS5Gg4fEZ_U.UoLEDHwFNb9gc3kd8yJ81GVmNSUNJtq1Gxtll84AEOg&dib_tag=se&keywords=headphones&qid=1781073016&sr=8-4,"pTron Studio w/ 60Hrs Playtime, Wireless Over-Ear Headphones with HD Mic, Dual-Device Pairing, Immersive Sound, 40mm Drivers, BT5.4, 3.5mm Aux Port, TF Card Slot & Type-C Fast Charging (Beige) 3.8 3.8 out of 5 stars (468) 500+ bought in past month Price, product page ₹649 ₹ 649 M.R.P: ₹2,599 M.R.P: ₹2,599 ₹2,599 (75% off) Up to 5% back with Amazon Pay ICICI card Up to 5% back with Amazon Pay ICI.."
Amazon,headphones,"Wireless Bluetooth Headphones with Deep Bass Sound, Foldable Design, Comfortable Cushioned Earpads, Built-in Mic for Mus",29900.0,999.0,70.0,-28901.0,2.3,None,False,Unknown,True,https://www.amazon.in/BfsTeckt-Bluetooth-Headphones-Comfortable-Cushioned/dp/B0GXDP9V8C/ref=sr_1_5?dib=eyJ2IjoiMSJ9.uq0keVR1nVQzdHMBii73p7rhamNuy-Oiu6zy41wFbvzi3z2wP6OH2YnGbrNADfRvyqcOBLm5CDfU6F54EGCXY8bhJHKOMw2I82QPqtCqGZKjReQAr86GuDbRQiUk2pXL3HbKu8xx0i0n4ko9rKfpTUYShdt7glukKA5fl6xcPw1uWvh6RgwvOx-plCHJB1-6lNjED1OYJvGPhFdX1hdXZzebjnLa43SJpS5Gg4fEZ_U.UoLEDHwFNb9gc3kd8yJ81GVmNSUNJtq1Gxtll84AEOg&dib_tag=se&keywords=headphones&qid=1781073016&sr=8-5,"Wireless Bluetooth Headphones with Deep Bass Sound, Foldable Design, Comfortable Cushioned Earpads, Built-in Mic for Music & Calls, Average Battery(1-3 Hours) Backup, Stylish Everyday Use 2.3 2.3 out of 5 stars (15) 400+ bought in past month Price, product page ₹299 ₹ 299 M.R.P: ₹999 M.R.P: ₹999 ₹999 (70% off) Up to 5% back with Amazon Pay ICICI card Up to 5% back with Amazon Pay ICI... FREE deliv"
Amazon,headphones,"boAt Rockerz 480, RGB LEDs,6 Light Modes, 40mm Drivers,Beast Mode, 60H Battery, ENx Tech, Stream Ad Free Music via App S",179900.0,3790.0,53.0,-176110.0,4.1,None,False,Unknown,False,https://www.amazon.in/boAt-Rockerz-480-Bluetooth-Headphones/dp/B0DGTTKCJX/ref=sr_1_6?dib=eyJ2IjoiMSJ9.uq0keVR1nVQzdHMBii73p7rhamNuy-Oiu6zy41wFbvzi3z2wP6OH2YnGbrNADfRvyqcOBLm5CDfU6F54EGCXY8bhJHKOMw2I82QPqtCqGZKjReQAr86GuDbRQiUk2pXL3HbKu8xx0i0n4ko9rKfpTUYShdt7glukKA5fl6xcPw1uWvh6RgwvOx-plCHJB1-6lNjED1OYJvGPhFdX1hdXZzebjnLa43SJpS5Gg4fEZ_U.UoLEDHwFNb9gc3kd8yJ81GVmNSUNJtq1Gxtll84AEOg&dib_tag=se&keywords=headphones&qid=1781073016&sr=8-6,"Best seller in On-Ear Headphones boAt Rockerz 480, RGB LEDs,6 Light Modes, 40mm Drivers,Beast Mode, 60H Battery, ENx Tech, Stream Ad Free Music via App Support, Bluetooth Headphones, Wireless Over Ear Headphone with Mic (White Sabre) 4.1 4.1 out of 5 stars (3.9K) 2K+ bought in past month Price, product page ₹1,799 ₹ 1,799 M.R.P: ₹3,790 M.R.P: ₹3,790 ₹3,790 (53% off) Up to 5% back with Amazon Pay I"
Amazon,headphones,"Sony WH-CH520 Wireless Bluetooth Headphones On Ear with Mic, Up to 50Hrs Battery-Pink",449000.0,5990.0,25.0,-443010.0,4.2,None,False,Unknown,False,https://www.amazon.in/Sony-WH-CH520-Bluetooth-Headphones-Battery-Pink/dp/B0F5PX1JVY/ref=sr_1_7?dib=eyJ2IjoiMSJ9.uq0keVR1nVQzdHMBii73p7rhamNuy-Oiu6zy41wFbvzi3z2wP6OH2YnGbrNADfRvyqcOBLm5CDfU6F54EGCXY8bhJHKOMw2I82QPqtCqGZKjReQAr86GuDbRQiUk2pXL3HbKu8xx0i0n4ko9rKfpTUYShdt7glukKA5fl6xcPw1uWvh6RgwvOx-plCHJB1-6lNjED1OYJvGPhFdX1hdXZzebjnLa43SJpS5Gg4fEZ_U.UoLEDHwFNb9gc3kd8yJ81GVmNSUNJtq1Gxtll84AEOg&dib_tag=se&keywords=headphones&qid=1781073016&sr=8-7,"Sony WH-CH520 Wireless Bluetooth Headphones On Ear with Mic, Up to 50Hrs Battery-Pink 4.2 4.2 out of 5 stars (29.6K) 400+ bought in past month Price, product page ₹4,490 ₹ 4,490 M.R.P: ₹5,990 M.R.P: ₹5,990 ₹5,990 (25% off) Up to 5% back with Amazon Pay ICICI card Up to 5% back with Amazon Pay ICI... FREE delivery 15 - 17 Jun Add to cart"
Amazon,headphones,"Noise Two Wireless On Ear Headphones with 50 Hours Playtime, Low Latency(up to 45ms), 4 Play Modes, Dual Pairing, BT v5.",169900.0,4999.0,66.0,-164901.0,3.7,None,False,Unknown,False,https://www.amazon.in/Launched-Noise-Headphones-Playtime-Latency/dp/B0B1PXM75C/ref=sr_1_8?dib=eyJ2IjoiMSJ9.uq0keVR1nVQzdHMBii73p7rhamNuy-Oiu6zy41wFbvzi3z2wP6OH2YnGbrNADfRvyqcOBLm5CDfU6F54EGCXY8bhJHKOMw2I82QPqtCqGZKjReQAr86GuDbRQiUk2pXL3HbKu8xx0i0n4ko9rKfpTUYShdt7glukKA5fl6xcPw1uWvh6RgwvOx-plCHJB1-6lNjED1OYJvGPhFdX1hdXZzebjnLa43SJpS5Gg4fEZ_U.UoLEDHwFNb9gc3kd8yJ81GVmNSUNJtq1Gxtll84AEOg&dib_tag=se&keywords=headphones&qid=1781073016&sr=8-8,"Noise Two Wireless On Ear Headphones with 50 Hours Playtime, Low Latency(up to 45ms), 4 Play Modes, Dual Pairing, BT v5.3 (Serene Blue) 3.7 3.7 out of 5 stars (4.7K) Price, product page ₹1,699 ₹ 1,699 M.R.P: ₹4,999 M.R.P: ₹4,999 ₹4,999 (66% off) Up to 5% back with Amazon Pay ICICI card Up to 5% back with Amazon Pay ICI... FREE delivery Fri, 12 Jun Or fastest delivery Tomorrow 8 am - 12 pm Add to c"
Amazon,headphones,"Boat Rockerz 421, 60H Battery, Low Latency(40Ms), 40Mm Drivers, ENx Tech, Stream Ad Free Music via App Support, Bluetoot",119900.0,2490.0,52.0,-117410.0,3.9,None,False,Unknown,False,https://www.amazon.in/boAt-Rockerz-Bluetooth-Headphones-Headphone/dp/B0F7LY85KB/ref=sr_1_9?dib=eyJ2IjoiMSJ9.uq0keVR1nVQzdHMBii73p7rhamNuy-Oiu6zy41wFbvzi3z2wP6OH2YnGbrNADfRvyqcOBLm5CDfU6F54EGCXY8bhJHKOMw2I82QPqtCqGZKjReQAr86GuDbRQiUk2pXL3HbKu8xx0i0n4ko9rKfpTUYShdt7glukKA5fl6xcPw1uWvh6RgwvOx-plCHJB1-6lNjED1OYJvGPhFdX1hdXZzebjnLa43SJpS5Gg4fEZ_U.UoLEDHwFNb9gc3kd8yJ81GVmNSUNJtq1Gxtll84AEOg&dib_tag=se&keywords=headphones&qid=1781073016&sr=8-9,"Boat Rockerz 421, 60H Battery, Low Latency(40Ms), 40Mm Drivers, ENx Tech, Stream Ad Free Music via App Support, Bluetooth Headphones, Wireless Over Ear Headphone with Mic (Bold Blue) 3.9 3.9 out of 5 stars (2.1K) 1K+ bought in past month Ends in 11:54:36 Price, product page ₹1,199 ₹ 1,199 M.R.P: ₹2,490 M.R.P: ₹2,490 ₹2,490 (52% off) Up to 5% back with Amazon Pay ICICI card Up to 5% back with Amazo"
Amazon,headphones,"pTron Studio Evo 70hrs Playtime Wireless Over Ear Headphones w/HD Mic, Dual Device Pairing, Low-Latency Game/Movie/Music",79700.0,3199.0,75.0,-76501.0,4.1,Limited Time Deal,True,Unknown,True,https://www.amazon.in/pTron-Studio-Headphones-Low-Latency-Assistant/dp/B0FGTZ19JS/ref=sr_1_10?dib=eyJ2IjoiMSJ9.uq0keVR1nVQzdHMBii73p7rhamNuy-Oiu6zy41wFbvzi3z2wP6OH2YnGbrNADfRvyqcOBLm5CDfU6F54EGCXY8bhJHKOMw2I82QPqtCqGZKjReQAr86GuDbRQiUk2pXL3HbKu8xx0i0n4ko9rKfpTUYShdt7glukKA5fl6xcPw1uWvh6RgwvOx-plCHJB1-6lNjED1OYJvGPhFdX1hdXZzebjnLa43SJpS5Gg4fEZ_U.UoLEDHwFNb9gc3kd8yJ81GVmNSUNJtq1Gxtll84AEOg&dib_tag=se&keywords=headphones&qid=1781073016&sr=8-10,"Best seller in Over-Ear Headphones pTron Studio Evo 70hrs Playtime Wireless Over Ear Headphones w/HD Mic, Dual Device Pairing, Low-Latency Game/Movie/Music Modes, Punchy Bass, BT5.3, Voice Assistant & Type-C Fast Charging (Beige) 4.1 4.1 out of 5 stars (1.9K) 2K+ bought in past month Limited time deal Price, product page ₹797 ₹ 797 M.R.P: ₹3,199 M.R.P: ₹3,199 ₹3,199 (75% off) Up to 5% back with Am"
Amazon,headphones,"Boat New Launch Rockerz 650 Pro, Touch/Swipe Controls, Dolby Audio, 80Hrs Battery, 2Mics ENx, Fast Charge, App Support,",309900.0,8990.0,66.0,-300910.0,4.2,None,False,Unknown,False,https://www.amazon.in/sspa/click?ie=UTF8&spc=MTo2ODYxNDg0Njc4MDUyMjQ4OjE3ODEwNzMwMTY6c3BfbXRmOjMwMDQ4OTk4OTk4MjUzMjo6MDo6&url=%2FboAt-Rockerz-650-Pro-Headphones%2Fdp%2FB0DV5J28LW%2Fref%3Dsr_1_12_sspa%3Fdib%3DeyJ2IjoiMSJ9.uq0keVR1nVQzdHMBii73p7rhamNuy-Oiu6zy41wFbvzi3z2wP6OH2YnGbrNADfRvyqcOBLm5CDfU6F54EGCXY8bhJHKOMw2I82QPqtCqGZKjReQAr86GuDbRQiUk2pXL3HbKu8xx0i0n4ko9rKfpTUYShdt7glukKA5fl6xcPw1uWvh6RgwvOx-plCHJB1-6lNjED1OYJvGPhFdX1hdXZzebjnLa43SJpS5Gg4fEZ_U.UoLEDHwFNb9gc3kd8yJ81GVmNSUNJtq1Gxtll84AEOg%26dib_tag%3Dse%26keywords%3Dheadphones%26qid%3D1781073016%26sr%3D8-12-spons%26aref%3DlwDg3zjXJT%26sp_csd%3Dd2lkZ2V0TmFtZT1zcF9tdGY%26psc%3D1&aref=lwDg3zjXJT&sp_cr=ZAZ,"Sponsored Sponsored You are seeing this ad based on the product’s relevance to your search query. Let us know Boat New Launch Rockerz 650 Pro, Touch/Swipe Controls, Dolby Audio, 80Hrs Battery, 2Mics ENx, Fast Charge, App Support, Dual Pair, Bluetooth Over Ear Headphones with Mic (Iris Black) 4.2 4.2 out of 5 stars (3.9K) Price, product page ₹3,099 ₹ 3,099 M.R.P: ₹8,990 M.R.P: ₹8,990 ₹8,990 (66% of"
Amazon,headphones,"ZEBRONICS Thunder (2026 Upgrade) Wireless Headphones, BT v6.0, True 60 hrs Playback, 40mm Drivers, ENC, Gaming Mode, Dua",79900.0,1699.0,53.0,-78201.0,3.8,None,False,Unknown,False,https://www.amazon.in/ZEBRONICS-Wireless-Headphones-Playback-Adjustable/dp/B09B5BS6G4/ref=sr_1_14?dib=eyJ2IjoiMSJ9.uq0keVR1nVQzdHMBii73p7rhamNuy-Oiu6zy41wFbvzi3z2wP6OH2YnGbrNADfRvyqcOBLm5CDfU6F54EGCXY8bhJHKOMw2I82QPqtCqGZKjReQAr86GuDbRQiUk2pXL3HbKu8xx0i0n4ko9rKfpTUYShdt7glukKA5fl6xcPw1uWvh6RgwvOx-plCHJB1-6lNjED1OYJvGPhFdX1hdXZzebjnLa43SJpS5Gg4fEZ_U.UoLEDHwFNb9gc3kd8yJ81GVmNSUNJtq1Gxtll84AEOg&dib_tag=se&keywords=headphones&qid=1781073016&sr=8-14,"ZEBRONICS Thunder (2026 Upgrade) Wireless Headphones, BT v6.0, True 60 hrs Playback, 40mm Drivers, ENC, Gaming Mode, Dual Pairing, AUX & microSD, Rapid Charging, Call Function (Teal Green) 3.8 3.8 out of 5 stars (81.9K) 500+ bought in past month Price, product page ₹799 ₹ 799 M.R.P: ₹1,699 M.R.P: ₹1,699 ₹1,699 (53% off) Up to 5% back with Amazon Pay ICICI card Up to 5% back with Amazon Pay ICI... "
Amazon,headphones,"Boat Rockerz 411, 40Ms Low Latency, 40Hrs Battery, 40Mm Drivers, ENx Tech, Stream Ad Free Music via App Support, Bluetoo",129900.0,2999.0,57.0,-126901.0,4.2,None,False,Unknown,False,https://www.amazon.in/boAt-Bluetooth-Headphones-Wireless-Headphone/dp/B0FC2W8WJM/ref=sr_1_15?dib=eyJ2IjoiMSJ9.uq0keVR1nVQzdHMBii73p7rhamNuy-Oiu6zy41wFbvzi3z2wP6OH2YnGbrNADfRvyqcOBLm5CDfU6F54EGCXY8bhJHKOMw2I82QPqtCqGZKjReQAr86GuDbRQiUk2pXL3HbKu8xx0i0n4ko9rKfpTUYShdt7glukKA5fl6xcPw1uWvh6RgwvOx-plCHJB1-6lNjED1OYJvGPhFdX1hdXZzebjnLa43SJpS5Gg4fEZ_U.UoLEDHwFNb9gc3kd8yJ81GVmNSUNJtq1Gxtll84AEOg&dib_tag=se&keywords=headphones&qid=1781073016&sr=8-15,"Boat Rockerz 411, 40Ms Low Latency, 40Hrs Battery, 40Mm Drivers, ENx Tech, Stream Ad Free Music via App Support, Bluetooth Headphones, Wireless Over Ear Headphone with Mic (Bold Blue) 4.2 4.2 out of 5 stars (28.5K) 1K+ bought in past month Ends in 11:54:36 Price, product page ₹1,299 ₹ 1,299 M.R.P: ₹2,999 M.R.P: ₹2,999 ₹2,999 (57% off) Up to 5% back with Amazon Pay ICICI card Up to 5% back with Ama"
Amazon,headphones,"P9 Wireless Headphone, Hi-Fi Stereo Sound, 40mm Drivers, Deep Bass",44900.0,1999.0,78.0,-42901.0,5.0,None,False,Unknown,True,https://www.amazon.in/SANTUSHTI-FASHION-Wireless-Headphone-Drivers/dp/B0GYSF5CSW/ref=sr_1_16?dib=eyJ2IjoiMSJ9.uq0keVR1nVQzdHMBii73p7rhamNuy-Oiu6zy41wFbvzi3z2wP6OH2YnGbrNADfRvyqcOBLm5CDfU6F54EGCXY8bhJHKOMw2I82QPqtCqGZKjReQAr86GuDbRQiUk2pXL3HbKu8xx0i0n4ko9rKfpTUYShdt7glukKA5fl6xcPw1uWvh6RgwvOx-plCHJB1-6lNjED1OYJvGPhFdX1hdXZzebjnLa43SJpS5Gg4fEZ_U.UoLEDHwFNb9gc3kd8yJ81GVmNSUNJtq1Gxtll84AEOg&dib_tag=se&keywords=headphones&qid=1781073016&sr=8-16,"P9 Wireless Headphone, Hi-Fi Stereo Sound, 40mm Drivers, Deep Bass 5.0 5.0 out of 5 stars (1) Price, product page ₹449 ₹ 449 M.R.P: ₹1,999 M.R.P: ₹1,999 ₹1,999 (78% off) Up to 5% back with Amazon Pay ICICI card Up to 5% back with Amazon Pay ICI... FREE delivery Tue, 16 Jun Add to cart"
Amazon,headphones,"Sony WH-CH720N Active Noise Cancellation Wireless Bluetooth Over Ear Headphones with Mic, Adaptive Sound Control, Quick",899000.0,14990.0,40.0,-884010.0,4.3,None,False,Unknown,False,https://www.amazon.in/Sony-WH-CH720N-Cancellation-Headphones-Multi-Point/dp/B0BXXPG6FP/ref=sr_1_17?dib=eyJ2IjoiMSJ9.uq0keVR1nVQzdHMBii73p7rhamNuy-Oiu6zy41wFbvzi3z2wP6OH2YnGbrNADfRvyqcOBLm5CDfU6F54EGCXY8bhJHKOMw2I82QPqtCqGZKjReQAr86GuDbRQiUk2pXL3HbKu8xx0i0n4ko9rKfpTUYShdt7glukKA5fl6xcPw1uWvh6RgwvOx-plCHJB1-6lNjED1OYJvGPhFdX1hdXZzebjnLa43SJpS5Gg4fEZ_U.UoLEDHwFNb9gc3kd8yJ81GVmNSUNJtq1Gxtll84AEOg&dib_tag=se&keywords=headphones&qid=1781073016&sr=8-17,"Sony WH-CH720N Active Noise Cancellation Wireless Bluetooth Over Ear Headphones with Mic, Adaptive Sound Control, Quick Charge, Up to 35Hrs Battery, Customized EQ- Blue : Model : YY2966 4.3 4.3 out of 5 stars (15.7K) 500+ bought in past month Price, product page ₹8,990 ₹ 8,990 M.R.P: ₹14,990 M.R.P: ₹14,990 ₹14,990 (40% off) Up to 5% back with Amazon Pay ICICI card Up to 5% back with Amazon Pay ICI"
Amazon,headphones,"ZEBRONICS Storm Wired On Ear Headphone with 3.5mm Jack, Built-in Microphone for Calling,1.5 Meter Cable, Soft Ear Cushio",49900.0,49900.0,38.0,0.0,3.7,None,False,Unknown,False,https://www.amazon.in/ZEBRONICS-Zeb-Storm-Microphone-Adjustable-Lightweight/dp/B0B4G44RFS/ref=sr_1_18?dib=eyJ2IjoiMSJ9.uq0keVR1nVQzdHMBii73p7rhamNuy-Oiu6zy41wFbvzi3z2wP6OH2YnGbrNADfRvyqcOBLm5CDfU6F54EGCXY8bhJHKOMw2I82QPqtCqGZKjReQAr86GuDbRQiUk2pXL3HbKu8xx0i0n4ko9rKfpTUYShdt7glukKA5fl6xcPw1uWvh6RgwvOx-plCHJB1-6lNjED1OYJvGPhFdX1hdXZzebjnLa43SJpS5Gg4fEZ_U.UoLEDHwFNb9gc3kd8yJ81GVmNSUNJtq1Gxtll84AEOg&dib_tag=se&keywords=headphones&qid=1781073016&sr=8-18,"ZEBRONICS Storm Wired On Ear Headphone with 3.5mm Jack, Built-in Microphone for Calling,1.5 Meter Cable, Soft Ear Cushion, Adjustable Headband,Foldable Ear Cups (Black) 3.7 3.7 out of 5 stars (4.6K) 1K+ bought in past month Price, product page ₹499 ₹ 499 ( ₹49,900 ₹49,900 /100 g) M.R.P: ₹799 M.R.P: ₹799 ₹799 (38% off) Up to 5% back with Amazon Pay ICICI card Up to 5% back with Amazon Pay ICI... FR"
Amazon,headphones,"GOBOULT Fluid X Headphones Bluetooth Wireless with 60H Playtime, 40mm Drivers, Zen ENC Mic, Type-C Charging, Combat™ Gam",199900.0,5999.0,67.0,-193901.0,4.0,None,False,Unknown,False,https://www.amazon.in/GOBOULT-Headphones-Bluetooth-Wireless-Playtime/dp/B0GXL7B9FV/ref=sr_1_19?dib=eyJ2IjoiMSJ9.uq0keVR1nVQzdHMBii73p7rhamNuy-Oiu6zy41wFbvzi3z2wP6OH2YnGbrNADfRvyqcOBLm5CDfU6F54EGCXY8bhJHKOMw2I82QPqtCqGZKjReQAr86GuDbRQiUk2pXL3HbKu8xx0i0n4ko9rKfpTUYShdt7glukKA5fl6xcPw1uWvh6RgwvOx-plCHJB1-6lNjED1OYJvGPhFdX1hdXZzebjnLa43SJpS5Gg4fEZ_U.UoLEDHwFNb9gc3kd8yJ81GVmNSUNJtq1Gxtll84AEOg&dib_tag=se&keywords=headphones&qid=1781073016&sr=8-19,"GOBOULT Fluid X Headphones Bluetooth Wireless with 60H Playtime, 40mm Drivers, Zen ENC Mic, Type-C Charging, Combat™ Gaming, BTv 5.4, Headphones Wireless with mic (Polar White) 4.0 4.0 out of 5 stars (140) 500+ bought in past month Price, product page ₹1,999 ₹ 1,999 M.R.P: ₹5,999 M.R.P: ₹5,999 ₹5,999 (67% off) Up to 5% back with Amazon Pay ICICI card Up to 5% back with Amazon Pay ICI... FREE deliv"
Amazon,headphones,"VarniADR Wireless Bluetooth Headphones with Deep Bass Stereo Sound, Foldable Over-Ear Design, Soft Cushioned Earpads & B",29500.0,295.0,70.0,-29205.0,4.2,None,False,Unknown,True,https://www.amazon.in/VarniADR-Wireless-Bluetooth-Headphones-Cushioned/dp/B0GSWSTBCT/ref=sr_1_20?dib=eyJ2IjoiMSJ9.uq0keVR1nVQzdHMBii73p7rhamNuy-Oiu6zy41wFbvzi3z2wP6OH2YnGbrNADfRvyqcOBLm5CDfU6F54EGCXY8bhJHKOMw2I82QPqtCqGZKjReQAr86GuDbRQiUk2pXL3HbKu8xx0i0n4ko9rKfpTUYShdt7glukKA5fl6xcPw1uWvh6RgwvOx-plCHJB1-6lNjED1OYJvGPhFdX1hdXZzebjnLa43SJpS5Gg4fEZ_U.UoLEDHwFNb9gc3kd8yJ81GVmNSUNJtq1Gxtll84AEOg&dib_tag=se&keywords=headphones&qid=1781073016&sr=8-20,"VarniADR Wireless Bluetooth Headphones with Deep Bass Stereo Sound, Foldable Over-Ear Design, Soft Cushioned Earpads & Built-in Mic for Music, Calls, Online Classes & Travel 4.2 4.2 out of 5 stars (19) 200+ bought in past month Price, product page ₹295 ₹ 295 ( ₹295 ₹295 /count) M.R.P: ₹999 M.R.P: ₹999 ₹999 (70% off) Save 2% 2% off coupon applied Save 2% with coupon FREE delivery Mon, 15 Jun Add to"
Amazon,headphones,"pTron Studio Pro w/ 65Hrs Playtime, Wireless Over Ear Headphones w/HD Mic, Dual Device Pairing, TruTalk AI-ENC Calls, Lo",69900.0,2599.0,73.0,-67301.0,3.7,None,False,Unknown,True,https://www.amazon.in/sspa/click?ie=UTF8&spc=MTo2ODYxNDg0Njc4MDUyMjQ4OjE3ODEwNzMwMTY6c3BfYnRmOjMwMDg0OTA3ODk1NzMzMjo6MDo6&url=%2FpTron-Studio-Playtime-Headphones-Low-Latency%2Fdp%2FB0FPR9QZRL%2Fref%3Dsr_1_21_sspa%3Fdib%3DeyJ2IjoiMSJ9.uq0keVR1nVQzdHMBii73p7rhamNuy-Oiu6zy41wFbvzi3z2wP6OH2YnGbrNADfRvyqcOBLm5CDfU6F54EGCXY8bhJHKOMw2I82QPqtCqGZKjReQAr86GuDbRQiUk2pXL3HbKu8xx0i0n4ko9rKfpTUYShdt7glukKA5fl6xcPw1uWvh6RgwvOx-plCHJB1-6lNjED1OYJvGPhFdX1hdXZzebjnLa43SJpS5Gg4fEZ_U.UoLEDHwFNb9gc3kd8yJ81GVmNSUNJtq1Gxtll84AEOg%26dib_tag%3Dse%26keywords%3Dheadphones%26qid%3D1781073016%26sr%3D8-21-spons%26aref%3D8krYFgwYuH%26sp_csd%3Dd2lkZ2V0TmFtZT1zcF9idGY%26psc%3D1&aref=8krYFgwYuH&sp_cr=ZAZ,"Sponsored Sponsored You are seeing this ad based on the product’s relevance to your search query. Let us know pTron Studio Pro w/ 65Hrs Playtime, Wireless Over Ear Headphones w/HD Mic, Dual Device Pairing, TruTalk AI-ENC Calls, Low-Latency Game & Music, 40mm Drivers, BT5.4, Type-C Fast Charging (Beige) 3.7 3.7 out of 5 stars (679) Price, product page ₹699 ₹ 699 M.R.P: ₹2,599 M.R.P: ₹2,599 ₹2,599 ("
Amazon,headphones,"Noise Two Wireless On Ear Headphones with 50 Hours Playtime, Low Latency(up to 45ms), 4 Play Modes, Dual Pairing, BT v5.",149900.0,4999.0,70.0,-144901.0,3.7,None,False,Unknown,True,https://www.amazon.in/sspa/click?ie=UTF8&spc=MToyOTE0ODM0NjE1OTUxMzA5OjE3ODEwNzMwNjQ6c3BfYXRmX25leHQ6MjAwOTE5NTkyNjk2OTg6OjA6Og&url=%2FLaunched-Noise-Headphones-Playtime-Latency%2Fdp%2FB0B1PW53LT%2Fref%3Dsr_1_17_sspa%3Fdib%3DeyJ2IjoiMSJ9.__XvY5JPsEIf5xmZZf0rtfdbcQnFwyu4b6eY_EeEJPVLWFonc-JsScZh9j3VaXPobZbYkrIA_ery44aoBdxpz4Ll5kQxebXwMXCiul2JqVQYb_o5GydCZXDmuj9cnPpkSFT4PWtqzWErq0IIfsnaV6kRCJ9cMhit7VBQT14z4t9sCsMhcC4EzFbOPrGWdg9ONkGSzAzwH3qyvkmiC_xoYHFvGmWdwP2ZJbnOYQvPpsY.UouWiQU-xbxRUo0ifI-cCAEEhQL5kUZrIx4h9FS2iu0%26dib_tag%3Dse%26keywords%3Dheadphones%26qid%3D1781073064%26aref%3DfxJqiHdbaD%26sp_csd%3Dd2lkZ2V0TmFtZT1zcF9hdGZfbmV4dA%26psc%3D1&aref=fxJqiHdbaD&sp_cr=ZAZ,"Sponsored Sponsored You are seeing this ad based on the product’s relevance to your search query. Let us know Noise Two Wireless On Ear Headphones with 50 Hours Playtime, Low Latency(up to 45ms), 4 Play Modes, Dual Pairing, BT v5.3 (Calm White) 3.7 3.7 out of 5 stars (4.7K) 300+ bought in past month Price, product page ₹1,499 ₹ 1,499 M.R.P: ₹4,999 M.R.P: ₹4,999 ₹4,999 (70% off) Up to 5% back with "
Amazon,headphones,"boAt Rockerz Trendz, 40mm Drivers, 50hrs Battery, 60ms Low Latency, ENx Tech, BT v5.4, Foldable Cups, Voice Assistant, B",97900.0,2999.0,67.0,-94901.0,4.0,None,False,Unknown,False,https://www.amazon.in/Rockerz-Assistant-Bluetooth-Headphones-Headphone/dp/B0FRSD3CF5/ref=sr_1_19?dib=eyJ2IjoiMSJ9.__XvY5JPsEIf5xmZZf0rtfdbcQnFwyu4b6eY_EeEJPVLWFonc-JsScZh9j3VaXPobZbYkrIA_ery44aoBdxpz4Ll5kQxebXwMXCiul2JqVQYb_o5GydCZXDmuj9cnPpkSFT4PWtqzWErq0IIfsnaV6kRCJ9cMhit7VBQT14z4t9sCsMhcC4EzFbOPrGWdg9ONkGSzAzwH3qyvkmiC_xoYHFvGmWdwP2ZJbnOYQvPpsY.UouWiQU-xbxRUo0ifI-cCAEEhQL5kUZrIx4h9FS2iu0&dib_tag=se&keywords=headphones&qid=1781073064,"boAt Rockerz Trendz, 40mm Drivers, 50hrs Battery, 60ms Low Latency, ENx Tech, BT v5.4, Foldable Cups, Voice Assistant, Bluetooth Headphones, Wireless Headphone with Mic - Bold Blue 4.0 4.0 out of 5 stars (124) 200+ bought in past month Price, product page ₹979 ₹ 979 M.R.P: ₹2,999 M.R.P: ₹2,999 ₹2,999 (67% off) Up to 5% back with Amazon Pay ICICI card Up to 5% back with Amazon Pay ICI... FREE deliv"
Amazon,headphones,"Portronics Muffs M6 Over Ear Wireless Bluetooth Headphone with Upto 40 Hours Playtime, Dual Pairing, 40mm Driver, HD Mic",114900.0,2499.0,54.0,-112401.0,4.3,None,False,Unknown,False,https://www.amazon.in/Portronics-Wireless-Bluetooth-Headphone-Playtime/dp/B0G599TLD9/ref=sr_1_20?dib=eyJ2IjoiMSJ9.__XvY5JPsEIf5xmZZf0rtfdbcQnFwyu4b6eY_EeEJPVLWFonc-JsScZh9j3VaXPobZbYkrIA_ery44aoBdxpz4Ll5kQxebXwMXCiul2JqVQYb_o5GydCZXDmuj9cnPpkSFT4PWtqzWErq0IIfsnaV6kRCJ9cMhit7VBQT14z4t9sCsMhcC4EzFbOPrGWdg9ONkGSzAzwH3qyvkmiC_xoYHFvGmWdwP2ZJbnOYQvPpsY.UouWiQU-xbxRUo0ifI-cCAEEhQL5kUZrIx4h9FS2iu0&dib_tag=se&keywords=headphones&qid=1781073064,"Portronics Muffs M6 Over Ear Wireless Bluetooth Headphone with Upto 40 Hours Playtime, Dual Pairing, 40mm Driver, HD Mic, Bluetooth 5.4V, Foldable Design, Type C Fast Charging (Biege) 4.3 4.3 out of 5 stars (417) 1K+ bought in past month Price, product page ₹1,149 ₹ 1,149 M.R.P: ₹2,499 M.R.P: ₹2,499 ₹2,499 (54% off) Up to 5% back with Amazon Pay ICICI card Up to 5% back with Amazon Pay ICI... FREE"
Amazon,headphones,"Sony ULT Wear WH-ULT900N Noise Cancellation Wireless Bluetooth Over Ear Headphones with Massive Bass, Up to 50Hrs Batter",1611500.0,24990.0,36.0,-1586510.0,4.3,None,False,Unknown,False,https://www.amazon.in/Sony-Headphones-WH-ULT900N-Cancelling-Pair-Forest/dp/B0D3TMKMYN/ref=sr_1_21?dib=eyJ2IjoiMSJ9.__XvY5JPsEIf5xmZZf0rtfdbcQnFwyu4b6eY_EeEJPVLWFonc-JsScZh9j3VaXPobZbYkrIA_ery44aoBdxpz4Ll5kQxebXwMXCiul2JqVQYb_o5GydCZXDmuj9cnPpkSFT4PWtqzWErq0IIfsnaV6kRCJ9cMhit7VBQT14z4t9sCsMhcC4EzFbOPrGWdg9ONkGSzAzwH3qyvkmiC_xoYHFvGmWdwP2ZJbnOYQvPpsY.UouWiQU-xbxRUo0ifI-cCAEEhQL5kUZrIx4h9FS2iu0&dib_tag=se&keywords=headphones&qid=1781073064,"Sony ULT Wear WH-ULT900N Noise Cancellation Wireless Bluetooth Over Ear Headphones with Massive Bass, Up to 50Hrs Battery-Grey 4.3 4.3 out of 5 stars (3.4K) 100+ bought in past month Price, product page ₹16,115 ₹ 16,115 M.R.P: ₹24,990 M.R.P: ₹24,990 ₹24,990 (36% off) Up to 5% back with Amazon Pay ICICI card Up to 5% back with Amazon Pay ICI... FREE delivery Fri, 12 Jun Or fastest delivery Today 4 "
Amazon,headphones,"JBL Tune 770NC Wireless Over Ear ANC Headphones with Mic, Upto 70 Hrs Battery, Speed Charge : 5 min Charge Gives up to 3",499900.0,9999.0,50.0,-489901.0,4.1,None,False,Unknown,False,https://www.amazon.in/JBL-Wireless-Headphones-Speedcharge-Customize/dp/B09CYX92NB/ref=sr_1_22?dib=eyJ2IjoiMSJ9.__XvY5JPsEIf5xmZZf0rtfdbcQnFwyu4b6eY_EeEJPVLWFonc-JsScZh9j3VaXPobZbYkrIA_ery44aoBdxpz4Ll5kQxebXwMXCiul2JqVQYb_o5GydCZXDmuj9cnPpkSFT4PWtqzWErq0IIfsnaV6kRCJ9cMhit7VBQT14z4t9sCsMhcC4EzFbOPrGWdg9ONkGSzAzwH3qyvkmiC_xoYHFvGmWdwP2ZJbnOYQvPpsY.UouWiQU-xbxRUo0ifI-cCAEEhQL5kUZrIx4h9FS2iu0&dib_tag=se&keywords=headphones&qid=1781073064,"JBL Tune 770NC Wireless Over Ear ANC Headphones with Mic, Upto 70 Hrs Battery, Speed Charge : 5 min Charge Gives up to 3H of Playback, Customized EQ, Google Fast Pair, Dual Pairing, BT 5.3 (Black) 4.1 4.1 out of 5 stars (11.4K) 2K+ bought in past month Price, product page ₹4,999 ₹ 4,999 M.R.P: ₹9,999 M.R.P: ₹9,999 ₹9,999 (50% off) Up to 5% back with Amazon Pay ICICI card Up to 5% back with Amazon "
Amazon,headphones,"JBL Tune 520BT Wireless On Ear Headphones with Mic, Upto 57H Battery, Speed Charge : 5 Min Charge Gives Up to 3H of Play",279900.0,4999.0,44.0,-274901.0,4.0,None,False,Unknown,False,https://www.amazon.in/JBL-Headphones-Speedcharge-Customizable-Lightweight/dp/B0C3V5X3QT/ref=sr_1_23?dib=eyJ2IjoiMSJ9.__XvY5JPsEIf5xmZZf0rtfdbcQnFwyu4b6eY_EeEJPVLWFonc-JsScZh9j3VaXPobZbYkrIA_ery44aoBdxpz4Ll5kQxebXwMXCiul2JqVQYb_o5GydCZXDmuj9cnPpkSFT4PWtqzWErq0IIfsnaV6kRCJ9cMhit7VBQT14z4t9sCsMhcC4EzFbOPrGWdg9ONkGSzAzwH3qyvkmiC_xoYHFvGmWdwP2ZJbnOYQvPpsY.UouWiQU-xbxRUo0ifI-cCAEEhQL5kUZrIx4h9FS2iu0&dib_tag=se&keywords=headphones&qid=1781073064,"JBL Tune 520BT Wireless On Ear Headphones with Mic, Upto 57H Battery, Speed Charge : 5 Min Charge Gives Up to 3H of Playback, Multipoint Connect, Customizable Bass with Headphones App, BT 5.3 (Black) 4.0 4.0 out of 5 stars (23.3K) 500+ bought in past month Price, product page ₹2,799 ₹ 2,799 M.R.P: ₹4,999 M.R.P: ₹4,999 ₹4,999 (44% off) Up to 5% back with Amazon Pay ICICI card Up to 5% back with Ama"
Amazon,headphones,"Boat Rockerz 650 Pro, Touch/Swipe Controls, Dolby Audio, 80Hrs Battery, 2Mics ENx, Fast Charge, App Support, Dual Pair,",309900.0,8990.0,66.0,-300910.0,4.2,None,False,Unknown,False,https://www.amazon.in/boAt-Rockerz-650-Pro-Headphones/dp/B0DV5HX4JZ/ref=sr_1_24?dib=eyJ2IjoiMSJ9.__XvY5JPsEIf5xmZZf0rtfdbcQnFwyu4b6eY_EeEJPVLWFonc-JsScZh9j3VaXPobZbYkrIA_ery44aoBdxpz4Ll5kQxebXwMXCiul2JqVQYb_o5GydCZXDmuj9cnPpkSFT4PWtqzWErq0IIfsnaV6kRCJ9cMhit7VBQT14z4t9sCsMhcC4EzFbOPrGWdg9ONkGSzAzwH3qyvkmiC_xoYHFvGmWdwP2ZJbnOYQvPpsY.UouWiQU-xbxRUo0ifI-cCAEEhQL5kUZrIx4h9FS2iu0&dib_tag=se&keywords=headphones&qid=1781073064,"Boat Rockerz 650 Pro, Touch/Swipe Controls, Dolby Audio, 80Hrs Battery, 2Mics ENx, Fast Charge, App Support, Dual Pair, Bluetooth Over Ear Headphones with Mic(Starry Night) 4.2 4.2 out of 5 stars (3.9K) 1K+ bought in past month Price, product page ₹3,099 ₹ 3,099 M.R.P: ₹8,990 M.R.P: ₹8,990 ₹8,990 (66% off) Up to 5% back with Amazon Pay ICICI card Up to 5% back with Amazon Pay ICI... FREE delivery "
Amazon,headphones,"Boat Rockerz 512 ANC,(~40dB) Hybrid ANC, 80H Battery, 40mm Drivers, 40ms Low Latency, ENx Tech,Stream Ad Free Music via",299900.0,7990.0,62.0,-291910.0,4.2,None,False,Unknown,False,https://www.amazon.in/boAt-Bluetooth-Headphones-Wireless-Headphone/dp/B0FG2QT7H2/ref=sr_1_25?dib=eyJ2IjoiMSJ9.__XvY5JPsEIf5xmZZf0rtfdbcQnFwyu4b6eY_EeEJPVLWFonc-JsScZh9j3VaXPobZbYkrIA_ery44aoBdxpz4Ll5kQxebXwMXCiul2JqVQYb_o5GydCZXDmuj9cnPpkSFT4PWtqzWErq0IIfsnaV6kRCJ9cMhit7VBQT14z4t9sCsMhcC4EzFbOPrGWdg9ONkGSzAzwH3qyvkmiC_xoYHFvGmWdwP2ZJbnOYQvPpsY.UouWiQU-xbxRUo0ifI-cCAEEhQL5kUZrIx4h9FS2iu0&dib_tag=se&keywords=headphones&qid=1781073064,"Boat Rockerz 512 ANC,(~40dB) Hybrid ANC, 80H Battery, 40mm Drivers, 40ms Low Latency, ENx Tech,Stream Ad Free Music via App Support, Bluetooth Headphones, Wireless Headphone with Mic (Cosmic Black) 4.2 4.2 out of 5 stars (31K) 2K+ bought in past month Price, product page ₹2,999 ₹ 2,999 M.R.P: ₹7,990 M.R.P: ₹7,990 ₹7,990 (62% off) Up to 5% back with Amazon Pay ICICI card Up to 5% back with Amazon P"
Amazon,headphones,"Boat Rockerz 412, 60H Battery, 40Mm Drivers, 40Ms Low Latency, ENx Tech, Stream Ad Free Music via App Support, Bluetooth",159900.0,2999.0,47.0,-156901.0,3.9,None,False,Unknown,False,https://www.amazon.in/boAt-Bluetooth-Headphones-Wireless-Headphone/dp/B0FC327SXQ/ref=sr_1_26?dib=eyJ2IjoiMSJ9.__XvY5JPsEIf5xmZZf0rtfdbcQnFwyu4b6eY_EeEJPVLWFonc-JsScZh9j3VaXPobZbYkrIA_ery44aoBdxpz4Ll5kQxebXwMXCiul2JqVQYb_o5GydCZXDmuj9cnPpkSFT4PWtqzWErq0IIfsnaV6kRCJ9cMhit7VBQT14z4t9sCsMhcC4EzFbOPrGWdg9ONkGSzAzwH3qyvkmiC_xoYHFvGmWdwP2ZJbnOYQvPpsY.UouWiQU-xbxRUo0ifI-cCAEEhQL5kUZrIx4h9FS2iu0&dib_tag=se&keywords=headphones&qid=1781073064,"Boat Rockerz 412, 60H Battery, 40Mm Drivers, 40Ms Low Latency, ENx Tech, Stream Ad Free Music via App Support, Bluetooth Headphones, Wireless Over Ear Headphone with Mic (Active Black) 3.9 3.9 out of 5 stars (547) 500+ bought in past month Price, product page ₹1,599 ₹ 1,599 M.R.P: ₹2,999 M.R.P: ₹2,999 ₹2,999 (47% off) Up to 5% back with Amazon Pay ICICI card Up to 5% back with Amazon Pay ICI... FR"
Amazon,headphones,Sony MDR-7506 Professional Wired On Ear Headphones (Best Compatible with Professional Cinema Line Camera) - Black,753400.0,9990.0,25.0,-743410.0,4.6,None,False,Unknown,False,https://www.amazon.in/Sony-MDR-7506-Professional-Headphones-Black/dp/B000AJIF4E/ref=sr_1_29?dib=eyJ2IjoiMSJ9.__XvY5JPsEIf5xmZZf0rtfdbcQnFwyu4b6eY_EeEJPVLWFonc-JsScZh9j3VaXPobZbYkrIA_ery44aoBdxpz4Ll5kQxebXwMXCiul2JqVQYb_o5GydCZXDmuj9cnPpkSFT4PWtqzWErq0IIfsnaV6kRCJ9cMhit7VBQT14z4t9sCsMhcC4EzFbOPrGWdg9ONkGSzAzwH3qyvkmiC_xoYHFvGmWdwP2ZJbnOYQvPpsY.UouWiQU-xbxRUo0ifI-cCAEEhQL5kUZrIx4h9FS2iu0&dib_tag=se&keywords=headphones&qid=1781073064,"Sony MDR-7506 Professional Wired On Ear Headphones (Best Compatible with Professional Cinema Line Camera) - Black 4.6 4.6 out of 5 stars (27K) Price, product page ₹7,534 ₹ 7,534 M.R.P: ₹9,990 M.R.P: ₹9,990 ₹9,990 (25% off) Up to 5% back with Amazon Pay ICICI card Up to 5% back with Amazon Pay ICI... FREE delivery 18 - 23 Jun Add to cart"
Amazon,headphones,"ZEBRONICS Bro 3.5Mm Wired in Ear Earphones, in-Line Mic, Deep Bass, 1.2M Strong and Long Lasting Cable, Light Weight, Co",13900.0,99286.0,65.0,85386.0,3.5,None,False,Yes,False,https://www.amazon.in/ZEBRONICS-Zeb-Bro-Earphones-Drivers-Compatible/dp/B09R24HMNW/ref=sr_1_30?dib=eyJ2IjoiMSJ9.__XvY5JPsEIf5xmZZf0rtfdbcQnFwyu4b6eY_EeEJPVLWFonc-JsScZh9j3VaXPobZbYkrIA_ery44aoBdxpz4Ll5kQxebXwMXCiul2JqVQYb_o5GydCZXDmuj9cnPpkSFT4PWtqzWErq0IIfsnaV6kRCJ9cMhit7VBQT14z4t9sCsMhcC4EzFbOPrGWdg9ONkGSzAzwH3qyvkmiC_xoYHFvGmWdwP2ZJbnOYQvPpsY.UouWiQU-xbxRUo0ifI-cCAEEhQL5kUZrIx4h9FS2iu0&dib_tag=se&keywords=headphones&qid=1781073064,"ZEBRONICS Bro 3.5Mm Wired in Ear Earphones, in-Line Mic, Deep Bass, 1.2M Strong and Long Lasting Cable, Light Weight, Compatible with Mobile | Tablet | Laptop (Blue) 3.5 3.5 out of 5 stars (70K) 4K+ bought in past month Price, product page ₹139 ₹ 139 ( ₹992.86 ₹992.86 /100 g) M.R.P: ₹399 M.R.P: ₹399 ₹399 (65% off) Up to 5% back with Amazon Pay ICICI card Up to 5% back with Amazon Pay ICI... FREE d"
Amazon,headphones,"Spigen Audio Newly Launched SA-HP P10 Wireless Over Ear Headphones with 60H Playtime, Upto 43dB Multi-Mode Adaptive ANC",249900.0,249900.0,58.0,0.0,4.3,Limited Time Deal,True,Unknown,False,https://www.amazon.in/Spigen-Launched-Headphones-Multi-Mode-Customizing/dp/B0DGX1VCWX/ref=sr_1_31?dib=eyJ2IjoiMSJ9.__XvY5JPsEIf5xmZZf0rtfdbcQnFwyu4b6eY_EeEJPVLWFonc-JsScZh9j3VaXPobZbYkrIA_ery44aoBdxpz4Ll5kQxebXwMXCiul2JqVQYb_o5GydCZXDmuj9cnPpkSFT4PWtqzWErq0IIfsnaV6kRCJ9cMhit7VBQT14z4t9sCsMhcC4EzFbOPrGWdg9ONkGSzAzwH3qyvkmiC_xoYHFvGmWdwP2ZJbnOYQvPpsY.UouWiQU-xbxRUo0ifI-cCAEEhQL5kUZrIx4h9FS2iu0&dib_tag=se&keywords=headphones&qid=1781073064,"Spigen Audio Newly Launched SA-HP P10 Wireless Over Ear Headphones with 60H Playtime, Upto 43dB Multi-Mode Adaptive ANC Pro, EQ Customizing App, 5-MIC, Gaming Mode, 40mm Driver - Black 4.3 4.3 out of 5 stars (127) 500+ bought in past month Limited time deal Price, product page ₹2,499 ₹ 2,499 ( ₹2,49,900 ₹2,49,900 /100 g) M.R.P: ₹5,899 M.R.P: ₹5,899 ₹5,899 (58% off) Up to 5% back with Amazon Pay IC"
Amazon,headphones,"PunnkFunnk Astro Junior Wireless Bluetooth Headphones with BT 5.3, Noise Cancelling, Hi-Res Audio, 40mm Drivers, Deep Ba",79900.0,4999.0,84.0,-74901.0,4.0,None,False,Unknown,True,https://www.amazon.in/PunnkFunnk-Astro-Junior-Headphones-Cancelling/dp/B0GMH2KR6D/ref=sr_1_32?dib=eyJ2IjoiMSJ9.__XvY5JPsEIf5xmZZf0rtfdbcQnFwyu4b6eY_EeEJPVLWFonc-JsScZh9j3VaXPobZbYkrIA_ery44aoBdxpz4Ll5kQxebXwMXCiul2JqVQYb_o5GydCZXDmuj9cnPpkSFT4PWtqzWErq0IIfsnaV6kRCJ9cMhit7VBQT14z4t9sCsMhcC4EzFbOPrGWdg9ONkGSzAzwH3qyvkmiC_xoYHFvGmWdwP2ZJbnOYQvPpsY.UouWiQU-xbxRUo0ifI-cCAEEhQL5kUZrIx4h9FS2iu0&dib_tag=se&keywords=headphones&qid=1781073064,"PunnkFunnk Astro Junior Wireless Bluetooth Headphones with BT 5.3, Noise Cancelling, Hi-Res Audio, 40mm Drivers, Deep Bass, Memory Foam Ear Cushions, Over-Ear Headset for Kids, Teens & Adults (Blue) 4.0 4.0 out of 5 stars (57) 100+ bought in past month Price, product page ₹799 ₹ 799 M.R.P: ₹4,999 M.R.P: ₹4,999 ₹4,999 (84% off) Up to 5% back with Amazon Pay ICICI card Up to 5% back with Amazon Pay "
Amazon,headphones,"Sennheiser Momentum 4 Wireless Over Ear Headphones, German Design, ANC, 60h Battery, Customizable Sound, 4 Digital Mics",2699000.0,34990.0,23.0,-2664010.0,4.3,None,False,Unknown,False,https://www.amazon.in/Sennheiser-Headphones-Bluetooth-Crystal-Clear-Cancellation-Design-Graphite/dp/B0CQ2TBSPV/ref=sr_1_33?dib=eyJ2IjoiMSJ9.__XvY5JPsEIf5xmZZf0rtfdbcQnFwyu4b6eY_EeEJPVLWFonc-JsScZh9j3VaXPobZbYkrIA_ery44aoBdxpz4Ll5kQxebXwMXCiul2JqVQYb_o5GydCZXDmuj9cnPpkSFT4PWtqzWErq0IIfsnaV6kRCJ9cMhit7VBQT14z4t9sCsMhcC4EzFbOPrGWdg9ONkGSzAzwH3qyvkmiC_xoYHFvGmWdwP2ZJbnOYQvPpsY.UouWiQU-xbxRUo0ifI-cCAEEhQL5kUZrIx4h9FS2iu0&dib_tag=se&keywords=headphones&qid=1781073064,"Sennheiser Momentum 4 Wireless Over Ear Headphones, German Design, ANC, 60h Battery, Customizable Sound, 4 Digital Mics for Crystal-Clear Calls, Multipoint Connectivity, 1 Yr Warranty, Graphite 4.3 4.3 out of 5 stars (12.2K) Price, product page ₹26,990 ₹ 26,990 M.R.P: ₹34,990 M.R.P: ₹34,990 ₹34,990 (23% off) Up to 5% back with Amazon Pay ICICI card Up to 5% back with Amazon Pay ICI... FREE deliver"
Amazon,headphones,"P9 Wireless Over-Ear Headphone, Hi-Fi Stereo Sound, 40mm Drivers, Deep Bass",44900.0,1999.0,78.0,-42901.0,3.0,None,False,Unknown,True,https://www.amazon.in/SANTUSHTI-FASHION-Wireless-Over-Ear-Headphone/dp/B0GYSGJ879/ref=sr_1_34?dib=eyJ2IjoiMSJ9.__XvY5JPsEIf5xmZZf0rtfdbcQnFwyu4b6eY_EeEJPVLWFonc-JsScZh9j3VaXPobZbYkrIA_ery44aoBdxpz4Ll5kQxebXwMXCiul2JqVQYb_o5GydCZXDmuj9cnPpkSFT4PWtqzWErq0IIfsnaV6kRCJ9cMhit7VBQT14z4t9sCsMhcC4EzFbOPrGWdg9ONkGSzAzwH3qyvkmiC_xoYHFvGmWdwP2ZJbnOYQvPpsY.UouWiQU-xbxRUo0ifI-cCAEEhQL5kUZrIx4h9FS2iu0&dib_tag=se&keywords=headphones&qid=1781073064,"P9 Wireless Over-Ear Headphone, Hi-Fi Stereo Sound, 40mm Drivers, Deep Bass 3.0 3.0 out of 5 stars (3) Price, product page ₹449 ₹ 449 M.R.P: ₹1,999 M.R.P: ₹1,999 ₹1,999 (78% off) Up to 5% back with Amazon Pay ICICI card Up to 5% back with Amazon Pay ICI... FREE delivery Tue, 16 Jun Add to cart"
Amazon,headphones,Sony ZX Series MDR-ZX310AP Wired Headband Stereo On Ear Headset -Blue,109900.0,2190.0,50.0,-107710.0,4.1,None,False,Unknown,False,https://www.amazon.in/Sony-MDR-ZX310AP-Headband-Stereo-Headset/dp/B00K0AMYFO/ref=sr_1_36?dib=eyJ2IjoiMSJ9.__XvY5JPsEIf5xmZZf0rtfdbcQnFwyu4b6eY_EeEJPVLWFonc-JsScZh9j3VaXPobZbYkrIA_ery44aoBdxpz4Ll5kQxebXwMXCiul2JqVQYb_o5GydCZXDmuj9cnPpkSFT4PWtqzWErq0IIfsnaV6kRCJ9cMhit7VBQT14z4t9sCsMhcC4EzFbOPrGWdg9ONkGSzAzwH3qyvkmiC_xoYHFvGmWdwP2ZJbnOYQvPpsY.UouWiQU-xbxRUo0ifI-cCAEEhQL5kUZrIx4h9FS2iu0&dib_tag=se&keywords=headphones&qid=1781073064,"Sony ZX Series MDR-ZX310AP Wired Headband Stereo On Ear Headset -Blue 4.1 4.1 out of 5 stars (1.8K) 400+ bought in past month Price, product page ₹1,099 ₹ 1,099 M.R.P: ₹2,190 M.R.P: ₹2,190 ₹2,190 (50% off) Up to 5% back with Amazon Pay ICICI card Up to 5% back with Amazon Pay ICI... FREE delivery Fri, 12 Jun Or fastest delivery Tomorrow 8 am - 12 pm Add to cart"
Amazon,headphones,"Noise Airwave Max 3 Bluetooth On Ear Headphones with 70H Playtime, 40mm Driver, Low Latency(up to 45ms),Dual Pairing, BT",199900.0,5499.0,64.0,-194401.0,3.8,None,False,Unknown,False,https://www.amazon.in/sspa/click?ie=UTF8&spc=MToyOTE0ODM0NjE1OTUxMzA5OjE3ODEwNzMwNjQ6c3BfYnRmOjMwMDI4NzIwOTExNDIzMjo6MDo6&url=%2FNoise-Launched-Wireless-Headphones-Playtime%2Fdp%2FB0CY1Y48Q5%2Fref%3Dsr_1_37_sspa%3Fdib%3DeyJ2IjoiMSJ9.__XvY5JPsEIf5xmZZf0rtfdbcQnFwyu4b6eY_EeEJPVLWFonc-JsScZh9j3VaXPobZbYkrIA_ery44aoBdxpz4Ll5kQxebXwMXCiul2JqVQYb_o5GydCZXDmuj9cnPpkSFT4PWtqzWErq0IIfsnaV6kRCJ9cMhit7VBQT14z4t9sCsMhcC4EzFbOPrGWdg9ONkGSzAzwH3qyvkmiC_xoYHFvGmWdwP2ZJbnOYQvPpsY.UouWiQU-xbxRUo0ifI-cCAEEhQL5kUZrIx4h9FS2iu0%26dib_tag%3Dse%26keywords%3Dheadphones%26qid%3D1781073064%26aref%3DuyXmzaeByU%26sp_csd%3Dd2lkZ2V0TmFtZT1zcF9idGY%26psc%3D1&aref=uyXmzaeByU&sp_cr=ZAZ,"Sponsored Sponsored You are seeing this ad based on the product’s relevance to your search query. Let us know Noise Airwave Max 3 Bluetooth On Ear Headphones with 70H Playtime, 40mm Driver, Low Latency(up to 45ms),Dual Pairing, BT v5.3 (Dark Brown) 3.8 3.8 out of 5 stars (4.3K) Price, product page ₹1,999 ₹ 1,999 M.R.P: ₹5,499 M.R.P: ₹5,499 ₹5,499 (64% off) Up to 5% back with Amazon Pay ICICI card "
Amazon,headphones,"Amazon Basics Pro Series ANC Over Ear Wireless Headphones, ANC (Up to 33 dB), Bluetooth 5.3, 28 Hr Playtime, 40mm Driver",160900.0,4999.0,68.0,-155901.0,3.4,None,False,Unknown,False,https://www.amazon.in/sspa/click?ie=UTF8&spc=MToyOTE0ODM0NjE1OTUxMzA5OjE3ODEwNzMwNjQ6c3BfYnRmOjMwMDkwNTcwOTk5ODMzMjo6MDo6&url=%2FWireless-Headphones-Bluetooth-Playtime-Charging%2Fdp%2FB0FGNYNS4H%2Fref%3Dsr_1_38_sspa%3Fdib%3DeyJ2IjoiMSJ9.__XvY5JPsEIf5xmZZf0rtfdbcQnFwyu4b6eY_EeEJPVLWFonc-JsScZh9j3VaXPobZbYkrIA_ery44aoBdxpz4Ll5kQxebXwMXCiul2JqVQYb_o5GydCZXDmuj9cnPpkSFT4PWtqzWErq0IIfsnaV6kRCJ9cMhit7VBQT14z4t9sCsMhcC4EzFbOPrGWdg9ONkGSzAzwH3qyvkmiC_xoYHFvGmWdwP2ZJbnOYQvPpsY.UouWiQU-xbxRUo0ifI-cCAEEhQL5kUZrIx4h9FS2iu0%26dib_tag%3Dse%26keywords%3Dheadphones%26qid%3D1781073064%26aref%3DHiieUo9xIk%26sp_csd%3Dd2lkZ2V0TmFtZT1zcF9idGY%26psc%3D1&aref=HiieUo9xIk&sp_cr=ZAZ,"Sponsored Sponsored You are seeing this ad based on the product’s relevance to your search query. Let us know Amazon Basics Pro Series ANC Over Ear Wireless Headphones, ANC (Up to 33 dB), Bluetooth 5.3, 28 Hr Playtime, 40mm Drivers, Comfort Fit with USB-C Fast Charging, Black 3.4 3.4 out of 5 stars (10) Price, product page ₹1,609 ₹ 1,609 M.R.P: ₹4,999 M.R.P: ₹4,999 ₹4,999 (68% off) Up to 5% back w"
Amazon,headphones,EKSA E900 Wired Stereo Gaming Headset-Over Ear Headphones with Noise Canceling Mic - Red,269900.0,,,,3.8,None,False,Unknown,False,https://www.amazon.in/EKSA-Headset-Over-Headphones-Detachable-Compatible/dp/B089K72JNW/ref=sr_1_35?dib=eyJ2IjoiMSJ9.L4k1zDRxztknvKUetaJERsgBbiokuouUK8zCV_0KsO_9BA9nv5LJSWaPg-BOmhs5G1vsOYwZIJR7oUjxsaV684H7NQtdHLVQAluO599Lzyg1ZCRFotiW989Wefdu3UikJT4gQY5z86bToDlmNrFP_kNexvuiUs2UXwogmNZIbTbBiCOpiJvoT9_U8J5cmKr3RFroYiruWV84QQeJjDkKcc8GBdl1FdVzyfxHpImCknE.o1lhhEPzxYzydbnAsKu8H5p1lnWDoqU-Q7Cyv0swYWo&dib_tag=se&keywords=headphones&qid=1781073115,"EKSA E900 Wired Stereo Gaming Headset-Over Ear Headphones with Noise Canceling Mic - Red 3.8 3.8 out of 5 stars (7.8K) Windows Price, product page ₹2,699 ₹ 2,699 Up to 5% back with Amazon Pay ICICI card Up to 5% back with Amazon Pay ICI... FREE delivery Fri, 12 Jun Or fastest delivery Tomorrow 8 am - 12 pm Add to cart"
Amazon,headphones,"Boat Rockerz Plus 550, Customizable Earcups, 100H Battery, 50mm Drivers, Dual Pair, Stream Ad Free Music via App Support",229900.0,4990.0,54.0,-224910.0,4.1,None,False,Unknown,False,https://www.amazon.in/boAt-Customizable-Bluetooth-Headphones-Headphone/dp/B0FHHM74H8/ref=sr_1_36?dib=eyJ2IjoiMSJ9.L4k1zDRxztknvKUetaJERsgBbiokuouUK8zCV_0KsO_9BA9nv5LJSWaPg-BOmhs5G1vsOYwZIJR7oUjxsaV684H7NQtdHLVQAluO599Lzyg1ZCRFotiW989Wefdu3UikJT4gQY5z86bToDlmNrFP_kNexvuiUs2UXwogmNZIbTbBiCOpiJvoT9_U8J5cmKr3RFroYiruWV84QQeJjDkKcc8GBdl1FdVzyfxHpImCknE.o1lhhEPzxYzydbnAsKu8H5p1lnWDoqU-Q7Cyv0swYWo&dib_tag=se&keywords=headphones&qid=1781073115,"Boat Rockerz Plus 550, Customizable Earcups, 100H Battery, 50mm Drivers, Dual Pair, Stream Ad Free Music via App Support, Bluetooth Headphones, Wireless Headphone with Mic (Black Psyche) 4.1 4.1 out of 5 stars (66.4K) 1K+ bought in past month Price, product page ₹2,299 ₹ 2,299 M.R.P: ₹4,990 M.R.P: ₹4,990 ₹4,990 (54% off) Up to 5% back with Amazon Pay ICICI card Up to 5% back with Amazon Pay ICI..."
Amazon,headphones,"Dell WL5024 Pro Wireless ANC Headset - Hybrid Active Noise Cancellation, AI-Based Noise Cancellation Microphone, Leather",1876000.0,35999.0,48.0,-1840001.0,4.0,Only 2 Left,True,Unknown,False,https://www.amazon.in/Dell-WL5024-Pro-Wireless-Headset/dp/B0CXJF21DV/ref=sr_1_37?dib=eyJ2IjoiMSJ9.L4k1zDRxztknvKUetaJERsgBbiokuouUK8zCV_0KsO_9BA9nv5LJSWaPg-BOmhs5G1vsOYwZIJR7oUjxsaV684H7NQtdHLVQAluO599Lzyg1ZCRFotiW989Wefdu3UikJT4gQY5z86bToDlmNrFP_kNexvuiUs2UXwogmNZIbTbBiCOpiJvoT9_U8J5cmKr3RFroYiruWV84QQeJjDkKcc8GBdl1FdVzyfxHpImCknE.o1lhhEPzxYzydbnAsKu8H5p1lnWDoqU-Q7Cyv0swYWo&dib_tag=se&keywords=headphones&qid=1781073115,"Dell WL5024 Pro Wireless ANC Headset - Hybrid Active Noise Cancellation, AI-Based Noise Cancellation Microphone, Leatherette Headband, Effortless connectivity, Microsoft Teams/Zoom Certified - Black 4.0 4.0 out of 5 stars (51) Price, product page ₹18,760 ₹ 18,760 M.R.P: ₹35,999 M.R.P: ₹35,999 ₹35,999 (48% off) Up to 5% back with Amazon Pay ICICI card Up to 5% back with Amazon Pay ICI... FREE deliv"
Amazon,headphones,"Skullcandy Crusher ANC 2 Wireless Bluetooth Over-Ear Headphones with Active Noise Cancellation, Adjustable Sensory Bass,",1799900.0,64999.0,72.0,-1734901.0,4.4,None,False,Unknown,True,https://www.amazon.in/Skullcandy-Cancelling-Headphones-Microphone-Bluetooth/dp/B0CPNY59RJ/ref=sr_1_42?dib=eyJ2IjoiMSJ9.L4k1zDRxztknvKUetaJERsgBbiokuouUK8zCV_0KsO_9BA9nv5LJSWaPg-BOmhs5G1vsOYwZIJR7oUjxsaV684H7NQtdHLVQAluO599Lzyg1ZCRFotiW989Wefdu3UikJT4gQY5z86bToDlmNrFP_kNexvuiUs2UXwogmNZIbTbBiCOpiJvoT9_U8J5cmKr3RFroYiruWV84QQeJjDkKcc8GBdl1FdVzyfxHpImCknE.o1lhhEPzxYzydbnAsKu8H5p1lnWDoqU-Q7Cyv0swYWo&dib_tag=se&keywords=headphones&qid=1781073115,"Skullcandy Crusher ANC 2 Wireless Bluetooth Over-Ear Headphones with Active Noise Cancellation, Adjustable Sensory Bass, 50Hr Battery, 40 mm Drivers, Multipoint Pairing, Built-in Mic-Bone 4.4 4.4 out of 5 stars (3.3K) Price, product page ₹17,999 ₹ 17,999 M.R.P: ₹64,999 M.R.P: ₹64,999 ₹64,999 (72% off) Up to 5% back with Amazon Pay ICICI card Up to 5% back with Amazon Pay ICI... FREE delivery Fri, "
Amazon,headphones,Audio-Technica Ath-M50X Wired Over Ear Headphones Without Mic (Black),1299000.0,21948.0,41.0,-1277052.0,4.6,None,False,Unknown,False,https://www.amazon.in/Audio-Technica-ATH-M50x-Over-Ear-Professional-Headphones/dp/B00HVLUR86/ref=sr_1_45?dib=eyJ2IjoiMSJ9.L4k1zDRxztknvKUetaJERsgBbiokuouUK8zCV_0KsO_9BA9nv5LJSWaPg-BOmhs5G1vsOYwZIJR7oUjxsaV684H7NQtdHLVQAluO599Lzyg1ZCRFotiW989Wefdu3UikJT4gQY5z86bToDlmNrFP_kNexvuiUs2UXwogmNZIbTbBiCOpiJvoT9_U8J5cmKr3RFroYiruWV84QQeJjDkKcc8GBdl1FdVzyfxHpImCknE.o1lhhEPzxYzydbnAsKu8H5p1lnWDoqU-Q7Cyv0swYWo&dib_tag=se&keywords=headphones&qid=1781073115,"Audio-Technica Ath-M50X Wired Over Ear Headphones Without Mic (Black) Number 1 Top-Rated 4.6 4.6 out of 5 stars (33.2K) Price, product page ₹12,990 ₹ 12,990 M.R.P: ₹21,948 M.R.P: ₹21,948 ₹21,948 (41% off) Up to 5% back with Amazon Pay ICICI card Up to 5% back with Amazon Pay ICI... FREE delivery Fri, 12 Jun Or fastest delivery Tomorrow, 11 Jun Add to cart +2"
Amazon,headphones,SENNHEISER HD 490 PRO Plus Open-Back Studio Reference Headphones | Ultra-Wide 3D Soundstage | 5Hz–36kHz FR | Interchange,3149000.0,3149000.0,24.0,0.0,4.9,None,False,Unknown,False,https://www.amazon.in/SENNHEISER-HD-490-PRO-Headphones-Ultra-Wide-Interchangeable/dp/B0CVQDS3MX/ref=sr_1_46?dib=eyJ2IjoiMSJ9.L4k1zDRxztknvKUetaJERsgBbiokuouUK8zCV_0KsO_9BA9nv5LJSWaPg-BOmhs5G1vsOYwZIJR7oUjxsaV684H7NQtdHLVQAluO599Lzyg1ZCRFotiW989Wefdu3UikJT4gQY5z86bToDlmNrFP_kNexvuiUs2UXwogmNZIbTbBiCOpiJvoT9_U8J5cmKr3RFroYiruWV84QQeJjDkKcc8GBdl1FdVzyfxHpImCknE.o1lhhEPzxYzydbnAsKu8H5p1lnWDoqU-Q7Cyv0swYWo&dib_tag=se&keywords=headphones&qid=1781073115,"SENNHEISER HD 490 PRO Plus Open-Back Studio Reference Headphones | Ultra-Wide 3D Soundstage | 5Hz–36kHz FR | Interchangeable Earpads | Ideal for Mixing, Mastering, Recording & Music Production 4.9 4.9 out of 5 stars (50) Price, product page ₹31,490 ₹ 31,490 ( ₹31,49,000 ₹31,49,000 /100 g) M.R.P: ₹41,300 M.R.P: ₹41,300 ₹41,300 (24% off) Up to 5% back with Amazon Pay ICICI card Up to 5% back with Am"
Amazon,headphones,Marshall Major IV Wireless Bluetooth On Ear Headphone with Mic (Black),999900.0,14999.0,33.0,-984901.0,4.3,None,False,Unknown,False,https://www.amazon.in/Marshall-Major-Foldable-Bluetooth-Headphones/dp/B08KHT2HDT/ref=sr_1_47?dib=eyJ2IjoiMSJ9.L4k1zDRxztknvKUetaJERsgBbiokuouUK8zCV_0KsO_9BA9nv5LJSWaPg-BOmhs5G1vsOYwZIJR7oUjxsaV684H7NQtdHLVQAluO599Lzyg1ZCRFotiW989Wefdu3UikJT4gQY5z86bToDlmNrFP_kNexvuiUs2UXwogmNZIbTbBiCOpiJvoT9_U8J5cmKr3RFroYiruWV84QQeJjDkKcc8GBdl1FdVzyfxHpImCknE.o1lhhEPzxYzydbnAsKu8H5p1lnWDoqU-Q7Cyv0swYWo&dib_tag=se&keywords=headphones&qid=1781073115,"Marshall Major IV Wireless Bluetooth On Ear Headphone with Mic (Black) 4.3 4.3 out of 5 stars (16.8K) 300+ bought in past month Price, product page ₹9,999 ₹ 9,999 M.R.P: ₹14,999 M.R.P: ₹14,999 ₹14,999 (33% off) Up to 5% back with Amazon Pay ICICI card Up to 5% back with Amazon Pay ICI... FREE delivery Fri, 12 Jun Or fastest delivery Today 4 pm - 8 pm Add to cart"
Amazon,headphones,"Sony WH-1000XM5 Best Active Noise Cancelling Wireless Bluetooth Over Ear Headphones with Mic for Clear Calling,Battery L",2853700.0,34990.0,18.0,-2818710.0,4.4,None,False,Unknown,False,https://www.amazon.in/Sony-WH-1000XM5-Wireless-Cancelling-Headphones/dp/B09XS7JWHH/ref=sr_1_48?dib=eyJ2IjoiMSJ9.L4k1zDRxztknvKUetaJERsgBbiokuouUK8zCV_0KsO_9BA9nv5LJSWaPg-BOmhs5G1vsOYwZIJR7oUjxsaV684H7NQtdHLVQAluO599Lzyg1ZCRFotiW989Wefdu3UikJT4gQY5z86bToDlmNrFP_kNexvuiUs2UXwogmNZIbTbBiCOpiJvoT9_U8J5cmKr3RFroYiruWV84QQeJjDkKcc8GBdl1FdVzyfxHpImCknE.o1lhhEPzxYzydbnAsKu8H5p1lnWDoqU-Q7Cyv0swYWo&dib_tag=se&keywords=headphones&qid=1781073115,"Sony WH-1000XM5 Best Active Noise Cancelling Wireless Bluetooth Over Ear Headphones with Mic for Clear Calling,Battery Life 30 Hours -Black 4.4 4.4 out of 5 stars (16.9K) 100+ bought in past month Price, product page ₹28,537 ₹ 28,537 M.R.P: ₹34,990 M.R.P: ₹34,990 ₹34,990 (18% off) Up to 5% back with Amazon Pay ICICI card Up to 5% back with Amazon Pay ICI... FREE delivery Fri, 12 Jun Or fastest del"
Amazon,headphones,"ASUS ROG Pelta Wireless Gaming Headset (BT, ROG SpeedNova 2.4GHz, USB-C, Lightweight 309g, 50mm ROG Titanium-Plated Driv",1507900.0,19490.0,23.0,-1488410.0,4.4,None,False,Unknown,False,https://www.amazon.in/ASUS-ROG-Lightweight-Titanium-Plated-Super-Wideband/dp/B0DNTLYK6Z/ref=sr_1_49?dib=eyJ2IjoiMSJ9.L4k1zDRxztknvKUetaJERsgBbiokuouUK8zCV_0KsO_9BA9nv5LJSWaPg-BOmhs5G1vsOYwZIJR7oUjxsaV684H7NQtdHLVQAluO599Lzyg1ZCRFotiW989Wefdu3UikJT4gQY5z86bToDlmNrFP_kNexvuiUs2UXwogmNZIbTbBiCOpiJvoT9_U8J5cmKr3RFroYiruWV84QQeJjDkKcc8GBdl1FdVzyfxHpImCknE.o1lhhEPzxYzydbnAsKu8H5p1lnWDoqU-Q7Cyv0swYWo&dib_tag=se&keywords=headphones&qid=1781073115,"ASUS ROG Pelta Wireless Gaming Headset (BT, ROG SpeedNova 2.4GHz, USB-C, Lightweight 309g, 50mm ROG Titanium-Plated Drivers, 10mm Super-Wideband Mic, RGB, 70HR Battery, for PC, Switch, PS5)- Black 4.4 4.4 out of 5 stars (283) Price, product page ₹15,079 ₹ 15,079 M.R.P: ₹19,490 M.R.P: ₹19,490 ₹19,490 (23% off) Up to 5% back with Amazon Pay ICICI card Up to 5% back with Amazon Pay ICI... FREE delive"
Amazon,headphones,"JBL New Launch Tune Beam 2 TWS, ANC Earbuds, 48Hr Playtime,Dual Connect, Ambient Aware, Relax Mode, Customized EQ with H",499900.0,11999.0,58.0,-487901.0,3.9,None,False,Unknown,False,https://www.amazon.in/JBL-Customized-Headphones-Personi-Fi-Turquoise/dp/B0DK3V1WJW/ref=sr_1_50?dib=eyJ2IjoiMSJ9.L4k1zDRxztknvKUetaJERsgBbiokuouUK8zCV_0KsO_9BA9nv5LJSWaPg-BOmhs5G1vsOYwZIJR7oUjxsaV684H7NQtdHLVQAluO599Lzyg1ZCRFotiW989Wefdu3UikJT4gQY5z86bToDlmNrFP_kNexvuiUs2UXwogmNZIbTbBiCOpiJvoT9_U8J5cmKr3RFroYiruWV84QQeJjDkKcc8GBdl1FdVzyfxHpImCknE.o1lhhEPzxYzydbnAsKu8H5p1lnWDoqU-Q7Cyv0swYWo&dib_tag=se&keywords=headphones&qid=1781073115,"JBL New Launch Tune Beam 2 TWS, ANC Earbuds, 48Hr Playtime,Dual Connect, Ambient Aware, Relax Mode, Customized EQ with Headphones App, 6 Mics for Clear Calls, Spatial Sound, Personi-Fi 3.0 (Turquoise) 3.9 3.9 out of 5 stars (6K) 300+ bought in past month Price, product page ₹4,999 ₹ 4,999 M.R.P: ₹11,999 M.R.P: ₹11,999 ₹11,999 (58% off) Up to 5% back with Amazon Pay ICICI card Up to 5% back with Am"
Amazon,headphones,"HIFIMAN HE1000 WiFi Full-Size Over-Ear Open-Back Planar Magnetic Headphone with WiFi Streaming for Audiophiles, Home & S",56971600.0,573716.0,1.0,-56397884.0,2.0,None,False,Unknown,False,https://www.amazon.in/HIFIMAN-HE1000-WiFi-Full-Size-Audiophiles/dp/B0GRR795LF/ref=sr_1_51?dib=eyJ2IjoiMSJ9.L4k1zDRxztknvKUetaJERsgBbiokuouUK8zCV_0KsO_9BA9nv5LJSWaPg-BOmhs5G1vsOYwZIJR7oUjxsaV684H7NQtdHLVQAluO599Lzyg1ZCRFotiW989Wefdu3UikJT4gQY5z86bToDlmNrFP_kNexvuiUs2UXwogmNZIbTbBiCOpiJvoT9_U8J5cmKr3RFroYiruWV84QQeJjDkKcc8GBdl1FdVzyfxHpImCknE.o1lhhEPzxYzydbnAsKu8H5p1lnWDoqU-Q7Cyv0swYWo&dib_tag=se&keywords=headphones&qid=1781073115,"HIFIMAN HE1000 WiFi Full-Size Over-Ear Open-Back Planar Magnetic Headphone with WiFi Streaming for Audiophiles, Home & Studio Listening 2.0 2.0 out of 5 stars (1) Price, product page ₹5,69,716 ₹ 5,69,716 M.R.P: ₹5,73,716 M.R.P: ₹5,73,716 ₹5,73,716 (1% off) Up to 5% back with Amazon Pay ICICI card Up to 5% back with Amazon Pay ICI... FREE delivery Mon, 6 Jul Add to cart"
Amazon,headphones,CLAW SM50 Professional Studio Monitoring DJ Wired Over Ear Headphones with 2 Detachable Cables (2.8m Coiled Cable & 1.2m,199000.0,16583.0,33.0,-182417.0,4.3,Limited Time Deal,True,Unknown,False,https://www.amazon.in/CLAW-SM50-Professional-Headphones-detachable/dp/B07VTQ9QKC/ref=sr_1_52?dib=eyJ2IjoiMSJ9.L4k1zDRxztknvKUetaJERsgBbiokuouUK8zCV_0KsO_9BA9nv5LJSWaPg-BOmhs5G1vsOYwZIJR7oUjxsaV684H7NQtdHLVQAluO599Lzyg1ZCRFotiW989Wefdu3UikJT4gQY5z86bToDlmNrFP_kNexvuiUs2UXwogmNZIbTbBiCOpiJvoT9_U8J5cmKr3RFroYiruWV84QQeJjDkKcc8GBdl1FdVzyfxHpImCknE.o1lhhEPzxYzydbnAsKu8H5p1lnWDoqU-Q7Cyv0swYWo&dib_tag=se&keywords=headphones&qid=1781073115,"CLAW SM50 Professional Studio Monitoring DJ Wired Over Ear Headphones with 2 Detachable Cables (2.8m Coiled Cable & 1.2m Straight Cable with Mic and in-line Controls) (SM50 Black) 4.3 4.3 out of 5 stars (2.2K) 300+ bought in past month Limited time deal Price, product page ₹1,990 ₹ 1,990 ( ₹165.83 ₹165.83 /count) M.R.P: ₹2,990 M.R.P: ₹2,990 ₹2,990 (33% off) Up to 5% back with Amazon Pay ICICI card"
Amazon,shoes,Bacca Bucci,139400.0,3499.0,60.0,-135901.0,4.2,Limited Time Deal,True,Unknown,False,https://www.amazon.in/sspa/click?ie=UTF8&spc=MTozMDgxMDM4MTA1MzYyOTIwOjE3ODEwNzMxNjk6c3BfYXRmOjMwMDc0NDU5NDUwNjAzMjo6MDo6&url=%2FBacca-Bucci-Balancer-Basketball-Shoes-White%2Fdp%2FB09W37ZHGV%2Fref%3Dsr_1_1_sspa%3Fdib%3DeyJ2IjoiMSJ9.p5Kmk7kfRXFfVmcllRwlD9j35E_Xs46YgLbPBWPcA1TapLJPhfMK9r9Xz2v7ahaE_aFo8NxzZeIsvPQWAMy_KiGP983tFIQI4D4rcI8tWo1IpdkawHmuJhbSFYA7A9BkPg4tUUXPDMrbhJRu__XQJdJLXkbMOoNF9FioTwB_Wd6b2zcgQER9hscd1MDDo0f7I33U97LNMuweDb8AIp9EjhIi495c3A9LWqiF2iTJXNmyR_ioifVbVZibPC0IeXlnmieNJKCVevnQDA0TJHSCdBa-dkC3pNflFcTnNQL0cmc.cm-k21y4JCxjOdAuC6T5GiNhOWqyiHVErC7FBrg8RNI%26dib_tag%3Dse%26keywords%3Dshoes%26qid%3D1781073169%26sr%3D8-1-spons%26aref%3D47qyG0WTij%26sp_csd%3Dd2lkZ2V0TmFtZT1zcF9hdGY%26psc%3D1&aref=47qyG0WTij&sp_cr=ZAZ,"+1 other color/pattern Sponsored Sponsored You are seeing this ad based on the product’s relevance to your search query. Let us know Bacca Bucci Men Lace Up Basketball Shoe 4.2 4.2 out of 5 stars (1.7K) 50+ bought in past month Limited time deal Price, product page ₹1,394 ₹ 1,394 M.R.P: ₹3,499 M.R.P: ₹3,499 ₹3,499 (60% off) Up to 5% back with Amazon Pay ICICI card Up to 5% back with Amazon Pay IC."
Amazon,shoes,Bacca Bucci,99900.0,2499.0,60.0,-97401.0,3.8,None,False,Unknown,False,https://www.amazon.in/sspa/click?ie=UTF8&spc=MTozMDgxMDM4MTA1MzYyOTIwOjE3ODEwNzMxNjk6c3BfYXRmOjMwMDc0NDU5NDUwNTgzMjo6MDo6&url=%2FBacca-Afterburn-Disruptor-Multiple-Sneakers-White%2Fdp%2FB07S7MTB5G%2Fref%3Dsr_1_2_sspa%3Fdib%3DeyJ2IjoiMSJ9.p5Kmk7kfRXFfVmcllRwlD9j35E_Xs46YgLbPBWPcA1TapLJPhfMK9r9Xz2v7ahaE_aFo8NxzZeIsvPQWAMy_KiGP983tFIQI4D4rcI8tWo1IpdkawHmuJhbSFYA7A9BkPg4tUUXPDMrbhJRu__XQJdJLXkbMOoNF9FioTwB_Wd6b2zcgQER9hscd1MDDo0f7I33U97LNMuweDb8AIp9EjhIi495c3A9LWqiF2iTJXNmyR_ioifVbVZibPC0IeXlnmieNJKCVevnQDA0TJHSCdBa-dkC3pNflFcTnNQL0cmc.cm-k21y4JCxjOdAuC6T5GiNhOWqyiHVErC7FBrg8RNI%26dib_tag%3Dse%26keywords%3Dshoes%26qid%3D1781073169%26sr%3D8-2-spons%26aref%3DD2EMbrp7uz%26sp_csd%3Dd2lkZ2V0TmFtZT1zcF9hdGY%26psc%3D1&aref=D2EMbrp7uz&sp_cr=ZAZ,"+4 other colors/patterns Sponsored Sponsored You are seeing this ad based on the product’s relevance to your search query. Let us know Bacca Bucci Men's Energy Afterburn Disruptor Sneakers 3.8 3.8 out of 5 stars (7.4K) 200+ bought in past month Price, product page ₹999 ₹ 999 M.R.P: ₹2,499 M.R.P: ₹2,499 ₹2,499 (60% off) Up to 5% back with Amazon Pay ICICI card Up to 5% back with Amazon Pay IC... FR"
Amazon,shoes,Bacca Bucci,189900.0,4999.0,62.0,-184901.0,4.1,Limited Time Deal,True,Unknown,False,https://www.amazon.in/sspa/click?ie=UTF8&spc=MTozMDgxMDM4MTA1MzYyOTIwOjE3ODEwNzMxNjk6c3BfYXRmOjMwMDk4ODUxOTgyOTkzMjo6MDo6&url=%2FBacca-Bucci-Colossus-All-Terrain-Streetwear%2Fdp%2FB0FDQNPBVL%2Fref%3Dsr_1_3_sspa%3Fdib%3DeyJ2IjoiMSJ9.p5Kmk7kfRXFfVmcllRwlD9j35E_Xs46YgLbPBWPcA1TapLJPhfMK9r9Xz2v7ahaE_aFo8NxzZeIsvPQWAMy_KiGP983tFIQI4D4rcI8tWo1IpdkawHmuJhbSFYA7A9BkPg4tUUXPDMrbhJRu__XQJdJLXkbMOoNF9FioTwB_Wd6b2zcgQER9hscd1MDDo0f7I33U97LNMuweDb8AIp9EjhIi495c3A9LWqiF2iTJXNmyR_ioifVbVZibPC0IeXlnmieNJKCVevnQDA0TJHSCdBa-dkC3pNflFcTnNQL0cmc.cm-k21y4JCxjOdAuC6T5GiNhOWqyiHVErC7FBrg8RNI%26dib_tag%3Dse%26keywords%3Dshoes%26qid%3D1781073169%26sr%3D8-3-spons%26aref%3D3TVK52QxxC%26sp_csd%3Dd2lkZ2V0TmFtZT1zcF9hdGY%26psc%3D1&aref=3TVK52QxxC&sp_cr=ZAZ,"+3 other colors/patterns Sponsored Sponsored You are seeing this ad based on the product’s relevance to your search query. Let us know Bacca Bucci Colossus Men's Chunky All-Terrain Sneakers with Rugged Outsole & Ortholite Insole | Outdoor Trail Walking Shoes | Breathable Mesh & Synthetic Uppers 4.1 4.1 out of 5 stars (371) 50+ bought in past month Limited time deal Price, product page ₹1,899 ₹ 1,8"
Amazon,shoes,Lotto,499900.0,,,,,None,False,Unknown,False,https://www.amazon.in/sspa/click?ie=UTF8&spc=MTozMDgxMDM4MTA1MzYyOTIwOjE3ODEwNzMxNjk6c3BfYXRmOjMwMTA0NDU1MjUwMDEzMjo6MDo6&url=%2FLotto-Tokyo-Ginza-Night-Sneakers%2Fdp%2FB0GPQMDW3X%2Fref%3Dsr_1_4_sspa%3Fdib%3DeyJ2IjoiMSJ9.p5Kmk7kfRXFfVmcllRwlD9j35E_Xs46YgLbPBWPcA1TapLJPhfMK9r9Xz2v7ahaE_aFo8NxzZeIsvPQWAMy_KiGP983tFIQI4D4rcI8tWo1IpdkawHmuJhbSFYA7A9BkPg4tUUXPDMrbhJRu__XQJdJLXkbMOoNF9FioTwB_Wd6b2zcgQER9hscd1MDDo0f7I33U97LNMuweDb8AIp9EjhIi495c3A9LWqiF2iTJXNmyR_ioifVbVZibPC0IeXlnmieNJKCVevnQDA0TJHSCdBa-dkC3pNflFcTnNQL0cmc.cm-k21y4JCxjOdAuC6T5GiNhOWqyiHVErC7FBrg8RNI%26dib_tag%3Dse%26keywords%3Dshoes%26qid%3D1781073169%26sr%3D8-4-spons%26aref%3DqiBWK0Uu2x%26sp_csd%3Dd2lkZ2V0TmFtZT1zcF9hdGY%26psc%3D1&aref=qiBWK0Uu2x&sp_cr=ZAZ,"+1 other color/pattern Sponsored Sponsored You are seeing this ad based on the product’s relevance to your search query. Let us know Lotto Men Tokyo Ginza Camo Sneakers Price, product page ₹4,999 ₹ 4,999 Up to 5% back with Amazon Pay ICICI card Up to 5% back with Amazon Pay IC... FREE delivery Sat, 13 Jun Or fastest delivery Tomorrow, 11 Jun Add to cart"
Amazon,shoes,Campus,99900.0,2099.0,52.0,-97801.0,4.3,None,False,Unknown,False,https://www.amazon.in/Campus-FEROX-L-Grey-D-Grey-Running/dp/B0GZW64SZ1/ref=sr_1_5?dib=eyJ2IjoiMSJ9.p5Kmk7kfRXFfVmcllRwlD9j35E_Xs46YgLbPBWPcA1TapLJPhfMK9r9Xz2v7ahaE_aFo8NxzZeIsvPQWAMy_KiGP983tFIQI4D4rcI8tWo1IpdkawHmuJhbSFYA7A9BkPg4tUUXPDMrbhJRu__XQJdJLXkbMOoNF9FioTwB_Wd6b2zcgQER9hscd1MDDo0f7I33U97LNMuweDb8AIp9EjhIi495c3A9LWqiF2iTJXNmyR_ioifVbVZibPC0IeXlnmieNJKCVevnQDA0TJHSCdBa-dkC3pNflFcTnNQL0cmc.cm-k21y4JCxjOdAuC6T5GiNhOWqyiHVErC7FBrg8RNI&dib_tag=se&keywords=shoes&qid=1781073169&sr=8-5,"Campus Men's FEROX Running Shoes 4.3 4.3 out of 5 stars (60) 100+ bought in past month Price, product page ₹999 ₹ 999 M.R.P: ₹2,099 M.R.P: ₹2,099 ₹2,099 (52% off) Save 5% 5% off coupon applied Save 5% with coupon (limited sizes/colours) FREE delivery Fri, 12 Jun Or fastest delivery Tomorrow 8 am - 12 pm Add to cart"
Amazon,shoes,Campus,109500.0,1899.0,42.0,-107601.0,4.1,None,False,Unknown,False,https://www.amazon.in/Campus-First-L-Gry-Running-Shoes/dp/B08WPJSXQ6/ref=sr_1_7?dib=eyJ2IjoiMSJ9.p5Kmk7kfRXFfVmcllRwlD9j35E_Xs46YgLbPBWPcA1TapLJPhfMK9r9Xz2v7ahaE_aFo8NxzZeIsvPQWAMy_KiGP983tFIQI4D4rcI8tWo1IpdkawHmuJhbSFYA7A9BkPg4tUUXPDMrbhJRu__XQJdJLXkbMOoNF9FioTwB_Wd6b2zcgQER9hscd1MDDo0f7I33U97LNMuweDb8AIp9EjhIi495c3A9LWqiF2iTJXNmyR_ioifVbVZibPC0IeXlnmieNJKCVevnQDA0TJHSCdBa-dkC3pNflFcTnNQL0cmc.cm-k21y4JCxjOdAuC6T5GiNhOWqyiHVErC7FBrg8RNI&dib_tag=se&keywords=shoes&qid=1781073169&sr=8-7,"Amazon's Choice for ""shoes"" +2 Campus Men First Running Shoes 4.1 4.1 out of 5 stars (17.6K) 700+ bought in past month Price, product page ₹1,095 ₹ 1,095 M.R.P: ₹1,899 M.R.P: ₹1,899 ₹1,899 (42% off) Up to 5% back with Amazon Pay ICICI card Up to 5% back with Amazon Pay IC... FREE delivery Fri, 12 Jun Or fastest delivery Tomorrow 8 am - 12 pm Add to cart"
Amazon,shoes,PUMA,154900.0,3999.0,61.0,-150901.0,3.9,None,False,Unknown,False,https://www.amazon.in/Puma-Dazzler-Black-Puma-Silver-Sneaker/dp/B09RG9WPTC/ref=sr_1_9?dib=eyJ2IjoiMSJ9.p5Kmk7kfRXFfVmcllRwlD9j35E_Xs46YgLbPBWPcA1TapLJPhfMK9r9Xz2v7ahaE_aFo8NxzZeIsvPQWAMy_KiGP983tFIQI4D4rcI8tWo1IpdkawHmuJhbSFYA7A9BkPg4tUUXPDMrbhJRu__XQJdJLXkbMOoNF9FioTwB_Wd6b2zcgQER9hscd1MDDo0f7I33U97LNMuweDb8AIp9EjhIi495c3A9LWqiF2iTJXNmyR_ioifVbVZibPC0IeXlnmieNJKCVevnQDA0TJHSCdBa-dkC3pNflFcTnNQL0cmc.cm-k21y4JCxjOdAuC6T5GiNhOWqyiHVErC7FBrg8RNI&dib_tag=se&keywords=shoes&qid=1781073169&sr=8-9,"PUMA Mens Dazzler Sneaker 3.9 3.9 out of 5 stars (9.8K) Price, product page ₹1,549 ₹ 1,549 M.R.P: ₹3,999 M.R.P: ₹3,999 ₹3,999 (61% off) Up to 5% back with Amazon Pay ICICI card Up to 5% back with Amazon Pay IC... FREE delivery Fri, 12 Jun Or fastest delivery Today 4 pm - 8 pm Add to cart"
Amazon,shoes,Bata,44900.0,499.0,10.0,-44401.0,3.7,None,False,Unknown,False,https://www.amazon.in/Bata-Men-Casuals-Slipon-Shoes/dp/B00SWEF51A/ref=sr_1_10?dib=eyJ2IjoiMSJ9.p5Kmk7kfRXFfVmcllRwlD9j35E_Xs46YgLbPBWPcA1TapLJPhfMK9r9Xz2v7ahaE_aFo8NxzZeIsvPQWAMy_KiGP983tFIQI4D4rcI8tWo1IpdkawHmuJhbSFYA7A9BkPg4tUUXPDMrbhJRu__XQJdJLXkbMOoNF9FioTwB_Wd6b2zcgQER9hscd1MDDo0f7I33U97LNMuweDb8AIp9EjhIi495c3A9LWqiF2iTJXNmyR_ioifVbVZibPC0IeXlnmieNJKCVevnQDA0TJHSCdBa-dkC3pNflFcTnNQL0cmc.cm-k21y4JCxjOdAuC6T5GiNhOWqyiHVErC7FBrg8RNI&dib_tag=se&keywords=shoes&qid=1781073169&sr=8-10,"Bata Men's Slip-on Walking Shoe 3.7 3.7 out of 5 stars (7.4K) Price, product page ₹449 ₹ 449 M.R.P: ₹499 M.R.P: ₹499 ₹499 (10% off) Up to 5% back with Amazon Pay ICICI card Up to 5% back with Amazon Pay IC... FREE delivery Fri, 12 Jun on first order Or fastest delivery Tomorrow 8 am - 12 pm Add to cart"
Amazon,shoes,Reebok,149900.0,2499.0,40.0,-147401.0,3.8,None,False,Unknown,False,https://www.amazon.in/Reebok-Stride-Runner-Running-Shoes/dp/B09SHTQKXG/ref=sr_1_11?dib=eyJ2IjoiMSJ9.p5Kmk7kfRXFfVmcllRwlD9j35E_Xs46YgLbPBWPcA1TapLJPhfMK9r9Xz2v7ahaE_aFo8NxzZeIsvPQWAMy_KiGP983tFIQI4D4rcI8tWo1IpdkawHmuJhbSFYA7A9BkPg4tUUXPDMrbhJRu__XQJdJLXkbMOoNF9FioTwB_Wd6b2zcgQER9hscd1MDDo0f7I33U97LNMuweDb8AIp9EjhIi495c3A9LWqiF2iTJXNmyR_ioifVbVZibPC0IeXlnmieNJKCVevnQDA0TJHSCdBa-dkC3pNflFcTnNQL0cmc.cm-k21y4JCxjOdAuC6T5GiNhOWqyiHVErC7FBrg8RNI&dib_tag=se&keywords=shoes&qid=1781073169&sr=8-11,"+19 Reebok Men's Running Shoes EVA Cushioned Breathable Mesh Sports Shoes for Men | Lightweight Gym Shoe for Men | Running, Jogging, Walking & Gym | Stride Runner 3.8 3.8 out of 5 stars (7K) Price, product page ₹1,499 ₹ 1,499 M.R.P: ₹2,499 M.R.P: ₹2,499 ₹2,499 (40% off) Up to 5% back with Amazon Pay ICICI card Up to 5% back with Amazon Pay IC... FREE delivery Fri, 12 Jun Or fastest delivery Tomorr"
Amazon,shoes,Nike,649500.0,,,,3.6,None,False,Unknown,False,https://www.amazon.in/Nike-Court-Vision-White-Basketball/dp/B0FRN7YHCC/ref=sr_1_12?dib=eyJ2IjoiMSJ9.p5Kmk7kfRXFfVmcllRwlD9j35E_Xs46YgLbPBWPcA1TapLJPhfMK9r9Xz2v7ahaE_aFo8NxzZeIsvPQWAMy_KiGP983tFIQI4D4rcI8tWo1IpdkawHmuJhbSFYA7A9BkPg4tUUXPDMrbhJRu__XQJdJLXkbMOoNF9FioTwB_Wd6b2zcgQER9hscd1MDDo0f7I33U97LNMuweDb8AIp9EjhIi495c3A9LWqiF2iTJXNmyR_ioifVbVZibPC0IeXlnmieNJKCVevnQDA0TJHSCdBa-dkC3pNflFcTnNQL0cmc.cm-k21y4JCxjOdAuC6T5GiNhOWqyiHVErC7FBrg8RNI&dib_tag=se&keywords=shoes&qid=1781073169&sr=8-12,"Nike Nike Mens Court Vision Lo Nb Basketball Shoes 3.6 3.6 out of 5 stars (32) Price, product page ₹6,495 ₹ 6,495 Up to 5% back with Amazon Pay ICICI card Up to 5% back with Amazon Pay IC... FREE delivery Fri, 12 Jun Or fastest delivery Tomorrow 8 am - 12 pm Add to cart"
Amazon,shoes,Campus,64900.0,999.0,35.0,-63901.0,4.2,None,False,Unknown,False,https://www.amazon.in/Campus-OXYFIT-D-Gry-Walking-Shoes/dp/B09RPF9D6S/ref=sr_1_13?dib=eyJ2IjoiMSJ9.p5Kmk7kfRXFfVmcllRwlD9j35E_Xs46YgLbPBWPcA1TapLJPhfMK9r9Xz2v7ahaE_aFo8NxzZeIsvPQWAMy_KiGP983tFIQI4D4rcI8tWo1IpdkawHmuJhbSFYA7A9BkPg4tUUXPDMrbhJRu__XQJdJLXkbMOoNF9FioTwB_Wd6b2zcgQER9hscd1MDDo0f7I33U97LNMuweDb8AIp9EjhIi495c3A9LWqiF2iTJXNmyR_ioifVbVZibPC0IeXlnmieNJKCVevnQDA0TJHSCdBa-dkC3pNflFcTnNQL0cmc.cm-k21y4JCxjOdAuC6T5GiNhOWqyiHVErC7FBrg8RNI&dib_tag=se&keywords=shoes&qid=1781073169&sr=8-13,"+3 Campus Men Oxyfit (N) Walking Shoes 4.2 4.2 out of 5 stars (27K) 200+ bought in past month Price, product page ₹649 ₹ 649 M.R.P: ₹999 M.R.P: ₹999 ₹999 (35% off) Up to 5% back with Amazon Pay ICICI card Up to 5% back with Amazon Pay IC... FREE delivery Fri, 12 Jun Or fastest delivery Tomorrow 8 am - 12 pm Add to cart"
Amazon,shoes,Nike,424700.0,8495.0,50.0,-416205.0,3.6,Limited Time Deal,True,Unknown,False,https://www.amazon.in/Nike-Impact-White-Bright-Crimson-Basketball/dp/B0C1HZY623/ref=sr_1_14?dib=eyJ2IjoiMSJ9.p5Kmk7kfRXFfVmcllRwlD9j35E_Xs46YgLbPBWPcA1TapLJPhfMK9r9Xz2v7ahaE_aFo8NxzZeIsvPQWAMy_KiGP983tFIQI4D4rcI8tWo1IpdkawHmuJhbSFYA7A9BkPg4tUUXPDMrbhJRu__XQJdJLXkbMOoNF9FioTwB_Wd6b2zcgQER9hscd1MDDo0f7I33U97LNMuweDb8AIp9EjhIi495c3A9LWqiF2iTJXNmyR_ioifVbVZibPC0IeXlnmieNJKCVevnQDA0TJHSCdBa-dkC3pNflFcTnNQL0cmc.cm-k21y4JCxjOdAuC6T5GiNhOWqyiHVErC7FBrg8RNI&dib_tag=se&keywords=shoes&qid=1781073169&sr=8-14,"Nike Nike Mens Air Max Impact Basketball Shoes 3.6 3.6 out of 5 stars (90) 50+ bought in past month Limited time deal Price, product page ₹4,247 ₹ 4,247 M.R.P: ₹8,495 M.R.P: ₹8,495 ₹8,495 (50% off) Up to 5% back with Amazon Pay ICICI card Up to 5% back with Amazon Pay IC... FREE delivery Sun, 14 Jun Or fastest delivery Fri, 12 Jun Add to cart"
Amazon,shoes,Campus,119900.0,2499.0,52.0,-117401.0,4.2,None,False,Unknown,False,https://www.amazon.in/Campus-DRIVO-Beige-Running-Shoes/dp/B0FWKPFHTH/ref=sr_1_15?dib=eyJ2IjoiMSJ9.p5Kmk7kfRXFfVmcllRwlD9j35E_Xs46YgLbPBWPcA1TapLJPhfMK9r9Xz2v7ahaE_aFo8NxzZeIsvPQWAMy_KiGP983tFIQI4D4rcI8tWo1IpdkawHmuJhbSFYA7A9BkPg4tUUXPDMrbhJRu__XQJdJLXkbMOoNF9FioTwB_Wd6b2zcgQER9hscd1MDDo0f7I33U97LNMuweDb8AIp9EjhIi495c3A9LWqiF2iTJXNmyR_ioifVbVZibPC0IeXlnmieNJKCVevnQDA0TJHSCdBa-dkC3pNflFcTnNQL0cmc.cm-k21y4JCxjOdAuC6T5GiNhOWqyiHVErC7FBrg8RNI&dib_tag=se&keywords=shoes&qid=1781073169&sr=8-15,"Campus Men's DRIVO Running Shoes 4.2 4.2 out of 5 stars (722) 100+ bought in past month Price, product page ₹1,199 ₹ 1,199 M.R.P: ₹2,499 M.R.P: ₹2,499 ₹2,499 (52% off) Up to 5% back with Amazon Pay ICICI card Up to 5% back with Amazon Pay IC... FREE delivery Fri, 12 Jun Or fastest delivery Tomorrow 8 am - 12 pm Add to cart"
Amazon,shoes,PUMA,209900.0,4999.0,58.0,-204901.0,4.3,Limited Time Deal,True,Unknown,False,https://www.amazon.in/Puma-Unisex-Adult-Skyrocket-Black-Black-White-37943701/dp/B0C33ZLSJS/ref=sr_1_16?dib=eyJ2IjoiMSJ9.p5Kmk7kfRXFfVmcllRwlD9j35E_Xs46YgLbPBWPcA1TapLJPhfMK9r9Xz2v7ahaE_aFo8NxzZeIsvPQWAMy_KiGP983tFIQI4D4rcI8tWo1IpdkawHmuJhbSFYA7A9BkPg4tUUXPDMrbhJRu__XQJdJLXkbMOoNF9FioTwB_Wd6b2zcgQER9hscd1MDDo0f7I33U97LNMuweDb8AIp9EjhIi495c3A9LWqiF2iTJXNmyR_ioifVbVZibPC0IeXlnmieNJKCVevnQDA0TJHSCdBa-dkC3pNflFcTnNQL0cmc.cm-k21y4JCxjOdAuC6T5GiNhOWqyiHVErC7FBrg8RNI&dib_tag=se&keywords=shoes&qid=1781073169&sr=8-16,"+19 PUMA Unisex-Adult Skyrocket Lite Running Shoe 4.3 4.3 out of 5 stars (916) 400+ bought in past month Limited time deal Price, product page ₹2,099 ₹ 2,099 M.R.P: ₹4,999 M.R.P: ₹4,999 ₹4,999 (58% off) Up to 5% back with Amazon Pay ICICI card Up to 5% back with Amazon Pay IC... FREE delivery Sat, 13 Jun Or fastest delivery Tomorrow, 11 Jun Add to cart"
Amazon,shoes,Bata,140900.0,1699.0,17.0,-139201.0,4.1,None,False,Unknown,False,https://www.amazon.in/Bata-Men-Casual-Derby-Shoes/dp/B09WYDRY36/ref=sr_1_17?dib=eyJ2IjoiMSJ9.p5Kmk7kfRXFfVmcllRwlD9j35E_Xs46YgLbPBWPcA1TapLJPhfMK9r9Xz2v7ahaE_aFo8NxzZeIsvPQWAMy_KiGP983tFIQI4D4rcI8tWo1IpdkawHmuJhbSFYA7A9BkPg4tUUXPDMrbhJRu__XQJdJLXkbMOoNF9FioTwB_Wd6b2zcgQER9hscd1MDDo0f7I33U97LNMuweDb8AIp9EjhIi495c3A9LWqiF2iTJXNmyR_ioifVbVZibPC0IeXlnmieNJKCVevnQDA0TJHSCdBa-dkC3pNflFcTnNQL0cmc.cm-k21y4JCxjOdAuC6T5GiNhOWqyiHVErC7FBrg8RNI&dib_tag=se&keywords=shoes&qid=1781073169&sr=8-17,"Bata Men's Lace-up Sneaker 4.1 4.1 out of 5 stars (2.5K) Price, product page ₹1,409 ₹ 1,409 M.R.P: ₹1,699 M.R.P: ₹1,699 ₹1,699 (17% off) Up to 5% back with Amazon Pay ICICI card Up to 5% back with Amazon Pay IC... FREE delivery Fri, 12 Jun Or fastest delivery Today 4 pm - 8 pm Add to cart"
Amazon,shoes,U.S. POLO ASSN.,231900.0,3999.0,42.0,-227901.0,4.2,None,False,Unknown,False,https://www.amazon.in/U-S-Assn-Stylish-Casual-Sneaker/dp/B0FY7RNP6F/ref=sr_1_18?dib=eyJ2IjoiMSJ9.p5Kmk7kfRXFfVmcllRwlD9j35E_Xs46YgLbPBWPcA1TapLJPhfMK9r9Xz2v7ahaE_aFo8NxzZeIsvPQWAMy_KiGP983tFIQI4D4rcI8tWo1IpdkawHmuJhbSFYA7A9BkPg4tUUXPDMrbhJRu__XQJdJLXkbMOoNF9FioTwB_Wd6b2zcgQER9hscd1MDDo0f7I33U97LNMuweDb8AIp9EjhIi495c3A9LWqiF2iTJXNmyR_ioifVbVZibPC0IeXlnmieNJKCVevnQDA0TJHSCdBa-dkC3pNflFcTnNQL0cmc.cm-k21y4JCxjOdAuC6T5GiNhOWqyiHVErC7FBrg8RNI&dib_tag=se&keywords=shoes&qid=1781073169&sr=8-18,"+4 other colors/patterns U.S. POLO ASSN. Mens 2fd-Ruben 3.0 Sneaker 4.2 4.2 out of 5 stars (159) 50+ bought in past month Price, product page ₹2,319 ₹ 2,319 M.R.P: ₹3,999 M.R.P: ₹3,999 ₹3,999 (42% off) Save 4% 4% off coupon applied Save 4% with coupon (limited sizes/colours) FREE delivery Fri, 12 Jun Or fastest delivery Tomorrow 8 am - 12 pm Add to cart"
Amazon,shoes,ASICS,179900.0,5999.0,70.0,-173901.0,4.0,None,False,Unknown,True,https://www.amazon.in/ASICS-Gel-Venture-Sheet-Peach-Running/dp/B0DS645YL8/ref=sr_1_19?dib=eyJ2IjoiMSJ9.p5Kmk7kfRXFfVmcllRwlD9j35E_Xs46YgLbPBWPcA1TapLJPhfMK9r9Xz2v7ahaE_aFo8NxzZeIsvPQWAMy_KiGP983tFIQI4D4rcI8tWo1IpdkawHmuJhbSFYA7A9BkPg4tUUXPDMrbhJRu__XQJdJLXkbMOoNF9FioTwB_Wd6b2zcgQER9hscd1MDDo0f7I33U97LNMuweDb8AIp9EjhIi495c3A9LWqiF2iTJXNmyR_ioifVbVZibPC0IeXlnmieNJKCVevnQDA0TJHSCdBa-dkC3pNflFcTnNQL0cmc.cm-k21y4JCxjOdAuC6T5GiNhOWqyiHVErC7FBrg8RNI&dib_tag=se&keywords=shoes&qid=1781073169&sr=8-19,"+8 ASICS Men Gel-Venture 9 Running Shoe 4.0 4.0 out of 5 stars (1.5K) 200+ bought in past month Price, product page ₹1,799 ₹ 1,799 M.R.P: ₹5,999 M.R.P: ₹5,999 ₹5,999 (70% off) Up to 5% back with Amazon Pay ICICI card Up to 5% back with Amazon Pay IC... FREE delivery Mon, 15 Jun Add to cart"
Amazon,shoes,Campus,118900.0,2199.0,46.0,-116701.0,4.2,None,False,Unknown,False,https://www.amazon.in/Campus-Flynn-Walking-Shoes-L-Sky/dp/B0F672GCXG/ref=sr_1_20?dib=eyJ2IjoiMSJ9.p5Kmk7kfRXFfVmcllRwlD9j35E_Xs46YgLbPBWPcA1TapLJPhfMK9r9Xz2v7ahaE_aFo8NxzZeIsvPQWAMy_KiGP983tFIQI4D4rcI8tWo1IpdkawHmuJhbSFYA7A9BkPg4tUUXPDMrbhJRu__XQJdJLXkbMOoNF9FioTwB_Wd6b2zcgQER9hscd1MDDo0f7I33U97LNMuweDb8AIp9EjhIi495c3A9LWqiF2iTJXNmyR_ioifVbVZibPC0IeXlnmieNJKCVevnQDA0TJHSCdBa-dkC3pNflFcTnNQL0cmc.cm-k21y4JCxjOdAuC6T5GiNhOWqyiHVErC7FBrg8RNI&dib_tag=se&keywords=shoes&qid=1781073169&sr=8-20,"+4 other colors/patterns Campus Men's Flynn Walking Shoes 4.2 4.2 out of 5 stars (695) 50+ bought in past month Price, product page ₹1,189 ₹ 1,189 M.R.P: ₹2,199 M.R.P: ₹2,199 ₹2,199 (46% off) Up to 5% back with Amazon Pay ICICI card Up to 5% back with Amazon Pay IC... FREE delivery Fri, 12 Jun Or fastest delivery Tomorrow 8 am - 12 pm Add to cart"
Amazon,shoes,OFF LIMITS,149900.0,5499.0,73.0,-144401.0,3.9,None,False,Unknown,True,https://www.amazon.in/sspa/click?ie=UTF8&spc=MTozMDgxMDM4MTA1MzYyOTIwOjE3ODEwNzMxNjk6c3BfbXRmOjMwMTA4NDg1NzI3MDkzMjo6MDo6&url=%2FOFF-LIMITS-Gladiator-Running-Shoes%2Fdp%2FB0D6BP97GV%2Fref%3Dsr_1_21_sspa%3Fdib%3DeyJ2IjoiMSJ9.p5Kmk7kfRXFfVmcllRwlD9j35E_Xs46YgLbPBWPcA1TapLJPhfMK9r9Xz2v7ahaE_aFo8NxzZeIsvPQWAMy_KiGP983tFIQI4D4rcI8tWo1IpdkawHmuJhbSFYA7A9BkPg4tUUXPDMrbhJRu__XQJdJLXkbMOoNF9FioTwB_Wd6b2zcgQER9hscd1MDDo0f7I33U97LNMuweDb8AIp9EjhIi495c3A9LWqiF2iTJXNmyR_ioifVbVZibPC0IeXlnmieNJKCVevnQDA0TJHSCdBa-dkC3pNflFcTnNQL0cmc.cm-k21y4JCxjOdAuC6T5GiNhOWqyiHVErC7FBrg8RNI%26dib_tag%3Dse%26keywords%3Dshoes%26qid%3D1781073169%26sr%3D8-21-spons%26aref%3DfNhsiWNgfl%26sp_csd%3Dd2lkZ2V0TmFtZT1zcF9tdGY%26psc%3D1&aref=fNhsiWNgfl&sp_cr=ZAZ,"+11 other colors/patterns Sponsored Sponsored You are seeing this ad based on the product’s relevance to your search query. Let us know OFF LIMITS Men's Gladiator Lightweight Breathable Comfortable Running Shoes for Men with Shock-Absorption Technology, Sports Fashion Walking Hiking Sneakers for Mens Casual Workout Footwear 3.9 3.9 out of 5 stars (562) Price, product page ₹1,499 ₹ 1,499 M.R.P: ₹5,"
Amazon,shoes,BRUTON,62900.0,2499.0,75.0,-60401.0,2.9,None,False,Unknown,True,https://www.amazon.in/sspa/click?ie=UTF8&spc=MTozMDgxMDM4MTA1MzYyOTIwOjE3ODEwNzMxNjk6c3BfbXRmOjMwMTAwNjg0OTY5ODgzMjo6MDo6&url=%2FBRUTON-Sneaker-Lightweight-Comfortable-Sneakers%2Fdp%2FB0GSW9HN64%2Fref%3Dsr_1_22_sspa%3Fdib%3DeyJ2IjoiMSJ9.p5Kmk7kfRXFfVmcllRwlD9j35E_Xs46YgLbPBWPcA1TapLJPhfMK9r9Xz2v7ahaE_aFo8NxzZeIsvPQWAMy_KiGP983tFIQI4D4rcI8tWo1IpdkawHmuJhbSFYA7A9BkPg4tUUXPDMrbhJRu__XQJdJLXkbMOoNF9FioTwB_Wd6b2zcgQER9hscd1MDDo0f7I33U97LNMuweDb8AIp9EjhIi495c3A9LWqiF2iTJXNmyR_ioifVbVZibPC0IeXlnmieNJKCVevnQDA0TJHSCdBa-dkC3pNflFcTnNQL0cmc.cm-k21y4JCxjOdAuC6T5GiNhOWqyiHVErC7FBrg8RNI%26dib_tag%3Dse%26keywords%3Dshoes%26qid%3D1781073169%26sr%3D8-22-spons%26aref%3DUfEqGlVAWA%26sp_csd%3Dd2lkZ2V0TmFtZT1zcF9tdGY%26psc%3D1&aref=UfEqGlVAWA&sp_cr=ZAZ,"Sponsored Sponsored You are seeing this ad based on the product’s relevance to your search query. Let us know BRUTON Viper- Trendy Casual Sneaker | EVA | Lace-Up | Lightweight | Comfortable Sneakers for Men 2.9 2.9 out of 5 stars (8) Price, product page ₹629 ₹ 629 M.R.P: ₹2,499 M.R.P: ₹2,499 ₹2,499 (75% off) Up to 5% back with Amazon Pay ICICI card Up to 5% back with Amazon Pay IC... FREE delivery"
Amazon,shoes,Centrino,49900.0,2199.0,77.0,-47701.0,3.1,None,False,Unknown,True,https://www.amazon.in/sspa/click?ie=UTF8&spc=MTozMDgxMDM4MTA1MzYyOTIwOjE3ODEwNzMxNjk6c3BfbXRmOjMwMDU5Nzc1MjE5MjIzMjo6MDo6&url=%2FCentrino-Cushioned-Stylish-Sneakers-6832-9%2Fdp%2FB0DGCSCTL8%2Fref%3Dsr_1_23_sspa%3Fdib%3DeyJ2IjoiMSJ9.p5Kmk7kfRXFfVmcllRwlD9j35E_Xs46YgLbPBWPcA1TapLJPhfMK9r9Xz2v7ahaE_aFo8NxzZeIsvPQWAMy_KiGP983tFIQI4D4rcI8tWo1IpdkawHmuJhbSFYA7A9BkPg4tUUXPDMrbhJRu__XQJdJLXkbMOoNF9FioTwB_Wd6b2zcgQER9hscd1MDDo0f7I33U97LNMuweDb8AIp9EjhIi495c3A9LWqiF2iTJXNmyR_ioifVbVZibPC0IeXlnmieNJKCVevnQDA0TJHSCdBa-dkC3pNflFcTnNQL0cmc.cm-k21y4JCxjOdAuC6T5GiNhOWqyiHVErC7FBrg8RNI%26dib_tag%3Dse%26keywords%3Dshoes%26qid%3D1781073169%26sr%3D8-23-spons%26aref%3Dypc4ItDipA%26sp_csd%3Dd2lkZ2V0TmFtZT1zcF9tdGY%26psc%3D1&aref=ypc4ItDipA&sp_cr=ZAZ,"+4 other colors/patterns Sponsored Sponsored You are seeing this ad based on the product’s relevance to your search query. Let us know Centrino Casual Shoe for Men | Cushioned Insole | Stylish Shoe |Sporty Lace-Up Design| Sneakers for Boys & Men (6832) 3.1 3.1 out of 5 stars (753) Price, product page ₹499 ₹ 499 M.R.P: ₹2,199 M.R.P: ₹2,199 ₹2,199 (77% off) Up to 5% back with Amazon Pay ICICI card U"
Amazon,shoes,Centrino,64800.0,2199.0,71.0,-62601.0,3.4,Limited Time Deal,True,Unknown,True,https://www.amazon.in/sspa/click?ie=UTF8&spc=MTozMDgxMDM4MTA1MzYyOTIwOjE3ODEwNzMxNjk6c3BfbXRmOjMwMTEzNjY3OTEwMzEzMjo6MDo6&url=%2FCentrino-Mens-White-Sneaker-3211-02%2Fdp%2FB09QQND9X1%2Fref%3Dsr_1_24_sspa%3Fdib%3DeyJ2IjoiMSJ9.p5Kmk7kfRXFfVmcllRwlD9j35E_Xs46YgLbPBWPcA1TapLJPhfMK9r9Xz2v7ahaE_aFo8NxzZeIsvPQWAMy_KiGP983tFIQI4D4rcI8tWo1IpdkawHmuJhbSFYA7A9BkPg4tUUXPDMrbhJRu__XQJdJLXkbMOoNF9FioTwB_Wd6b2zcgQER9hscd1MDDo0f7I33U97LNMuweDb8AIp9EjhIi495c3A9LWqiF2iTJXNmyR_ioifVbVZibPC0IeXlnmieNJKCVevnQDA0TJHSCdBa-dkC3pNflFcTnNQL0cmc.cm-k21y4JCxjOdAuC6T5GiNhOWqyiHVErC7FBrg8RNI%26dib_tag%3Dse%26keywords%3Dshoes%26qid%3D1781073169%26sr%3D8-24-spons%26aref%3Df0eBUGBidv%26sp_csd%3Dd2lkZ2V0TmFtZT1zcF9tdGY%26psc%3D1&aref=f0eBUGBidv&sp_cr=ZAZ,"+7 other colors/patterns Sponsored Sponsored You are seeing this ad based on the product’s relevance to your search query. Let us know Centrino Men's Casual Shoes Fashion Lace Up Non-Slip Flats Trendy Stylish All Day Comfortable Lightweight Sneakers with Extra Comfort on Heel (3211) 3.4 3.4 out of 5 stars (2.1K) Limited time deal Price, product page ₹648 ₹ 648 M.R.P: ₹2,199 M.R.P: ₹2,199 ₹2,199 (7"
Amazon,shoes,Reebok,261900.0,4999.0,48.0,-256901.0,4.3,Limited Time Deal,True,Unknown,False,https://www.amazon.in/Reebok-Zig-Dynamica-Lite-Running/dp/B0GS4YZJ1Y/ref=sr_1_25?dib=eyJ2IjoiMSJ9.p5Kmk7kfRXFfVmcllRwlD9j35E_Xs46YgLbPBWPcA1TapLJPhfMK9r9Xz2v7ahaE_aFo8NxzZeIsvPQWAMy_KiGP983tFIQI4D4rcI8tWo1IpdkawHmuJhbSFYA7A9BkPg4tUUXPDMrbhJRu__XQJdJLXkbMOoNF9FioTwB_Wd6b2zcgQER9hscd1MDDo0f7I33U97LNMuweDb8AIp9EjhIi495c3A9LWqiF2iTJXNmyR_ioifVbVZibPC0IeXlnmieNJKCVevnQDA0TJHSCdBa-dkC3pNflFcTnNQL0cmc.cm-k21y4JCxjOdAuC6T5GiNhOWqyiHVErC7FBrg8RNI&dib_tag=se&keywords=shoes&qid=1781073169&sr=8-25,"Reebok Men's Running Shoe - Zig Dynamica Lite - Sports Shoe - Ideal for Running & Gym 4.3 4.3 out of 5 stars (49) 100+ bought in past month Limited time deal Price, product page ₹2,619 ₹ 2,619 M.R.P: ₹4,999 M.R.P: ₹4,999 ₹4,999 (48% off) Up to 5% back with Amazon Pay ICICI card Up to 5% back with Amazon Pay IC... FREE delivery Fri, 12 Jun Or fastest delivery Tomorrow 8 am - 12 pm Add to cart"
Amazon,shoes,ASIAN,59900.0,999.0,40.0,-58901.0,4.0,Limited Time Deal,True,Unknown,False,https://www.amazon.in/Asian-shoes-Sports-Firozi-Indian/dp/B01MSOPR4M/ref=sr_1_26?dib=eyJ2IjoiMSJ9.p5Kmk7kfRXFfVmcllRwlD9j35E_Xs46YgLbPBWPcA1TapLJPhfMK9r9Xz2v7ahaE_aFo8NxzZeIsvPQWAMy_KiGP983tFIQI4D4rcI8tWo1IpdkawHmuJhbSFYA7A9BkPg4tUUXPDMrbhJRu__XQJdJLXkbMOoNF9FioTwB_Wd6b2zcgQER9hscd1MDDo0f7I33U97LNMuweDb8AIp9EjhIi495c3A9LWqiF2iTJXNmyR_ioifVbVZibPC0IeXlnmieNJKCVevnQDA0TJHSCdBa-dkC3pNflFcTnNQL0cmc.cm-k21y4JCxjOdAuC6T5GiNhOWqyiHVErC7FBrg8RNI&dib_tag=se&keywords=shoes&qid=1781073169&sr=8-26,"Best seller in Men's Running Shoes +4 ASIAN Wonder-13 Men's Running Shoe | Lightweight Sports Design, Soft Cushioning, Reliable Grip for Casual, Travel & Gym 4.0 4.0 out of 5 stars (1.1L) 100+ bought in past month Limited time deal Price, product page ₹599 ₹ 599 M.R.P: ₹999 M.R.P: ₹999 ₹999 (40% off) Up to 5% back with Amazon Pay ICICI card Up to 5% back with Amazon Pay IC... FREE delivery Fri, 12"
Amazon,shoes,PUMA,156900.0,4499.0,65.0,-152401.0,4.0,Limited Time Deal,True,Unknown,False,https://www.amazon.in/Puma-Unisex-Adult-Smashic-Black-Matte-Sneaker/dp/B0BSLJTW7H/ref=sr_1_27?dib=eyJ2IjoiMSJ9.p5Kmk7kfRXFfVmcllRwlD9j35E_Xs46YgLbPBWPcA1TapLJPhfMK9r9Xz2v7ahaE_aFo8NxzZeIsvPQWAMy_KiGP983tFIQI4D4rcI8tWo1IpdkawHmuJhbSFYA7A9BkPg4tUUXPDMrbhJRu__XQJdJLXkbMOoNF9FioTwB_Wd6b2zcgQER9hscd1MDDo0f7I33U97LNMuweDb8AIp9EjhIi495c3A9LWqiF2iTJXNmyR_ioifVbVZibPC0IeXlnmieNJKCVevnQDA0TJHSCdBa-dkC3pNflFcTnNQL0cmc.cm-k21y4JCxjOdAuC6T5GiNhOWqyiHVErC7FBrg8RNI&dib_tag=se&keywords=shoes&qid=1781073169&sr=8-27,"Best seller in Men's Sneakers +3 PUMA Unisex Adult Smashic Sneaker 4.0 4.0 out of 5 stars (4.3K) 200+ bought in past month Limited time deal Price, product page ₹1,569 ₹ 1,569 M.R.P: ₹4,499 M.R.P: ₹4,499 ₹4,499 (65% off) Up to 5% back with Amazon Pay ICICI card Up to 5% back with Amazon Pay IC... FREE delivery Sun, 14 Jun Add to cart"
Amazon,shoes,adidas,191800.0,2999.0,36.0,-188801.0,4.0,None,False,Unknown,False,https://www.amazon.in/Adidas-Mens-Clinch-X-Running-Black/dp/B08FZSY61B/ref=sr_1_28?dib=eyJ2IjoiMSJ9.p5Kmk7kfRXFfVmcllRwlD9j35E_Xs46YgLbPBWPcA1TapLJPhfMK9r9Xz2v7ahaE_aFo8NxzZeIsvPQWAMy_KiGP983tFIQI4D4rcI8tWo1IpdkawHmuJhbSFYA7A9BkPg4tUUXPDMrbhJRu__XQJdJLXkbMOoNF9FioTwB_Wd6b2zcgQER9hscd1MDDo0f7I33U97LNMuweDb8AIp9EjhIi495c3A9LWqiF2iTJXNmyR_ioifVbVZibPC0IeXlnmieNJKCVevnQDA0TJHSCdBa-dkC3pNflFcTnNQL0cmc.cm-k21y4JCxjOdAuC6T5GiNhOWqyiHVErC7FBrg8RNI&dib_tag=se&keywords=shoes&qid=1781073169&sr=8-28,"adidas Men's Clinch-X M Running Shoe 4.0 4.0 out of 5 stars (7.4K) 800+ bought in past month Price, product page ₹1,918 ₹ 1,918 M.R.P: ₹2,999 M.R.P: ₹2,999 ₹2,999 (36% off) Up to 5% back with Amazon Pay ICICI card Up to 5% back with Amazon Pay IC... FREE delivery Fri, 12 Jun Or fastest delivery Tomorrow 8 am - 12 pm Add to cart"
Amazon,shoes,OFF LIMITS,209900.0,6299.0,67.0,-203601.0,4.0,None,False,Unknown,False,https://www.amazon.in/OFF-LIMITS-STUSSYY-Running-Sports/dp/B0C629DD61/ref=sr_1_29?dib=eyJ2IjoiMSJ9.p5Kmk7kfRXFfVmcllRwlD9j35E_Xs46YgLbPBWPcA1TapLJPhfMK9r9Xz2v7ahaE_aFo8NxzZeIsvPQWAMy_KiGP983tFIQI4D4rcI8tWo1IpdkawHmuJhbSFYA7A9BkPg4tUUXPDMrbhJRu__XQJdJLXkbMOoNF9FioTwB_Wd6b2zcgQER9hscd1MDDo0f7I33U97LNMuweDb8AIp9EjhIi495c3A9LWqiF2iTJXNmyR_ioifVbVZibPC0IeXlnmieNJKCVevnQDA0TJHSCdBa-dkC3pNflFcTnNQL0cmc.cm-k21y4JCxjOdAuC6T5GiNhOWqyiHVErC7FBrg8RNI&dib_tag=se&keywords=shoes&qid=1781073169&sr=8-29,"OFF LIMITS Men's STUSSYY Plus Size Running Shoes, Sports Shoes, Specially Developed for Big Feet & Big Size, UK-12-14 4.0 4.0 out of 5 stars (10) Price, product page ₹2,099 ₹ 2,099 M.R.P: ₹6,299 M.R.P: ₹6,299 ₹6,299 (67% off) Up to 5% back with Amazon Pay ICICI card Up to 5% back with Amazon Pay IC... FREE delivery Sat, 13 Jun Or fastest delivery Tomorrow, 11 Jun Add to cart"
Amazon,shoes,Nike,374700.0,7495.0,50.0,-367205.0,4.3,Limited Time Deal,True,Unknown,False,https://www.amazon.in/Nike-Trainer-Football-University-Training/dp/B0CKZCM25F/ref=sr_1_30?dib=eyJ2IjoiMSJ9.p5Kmk7kfRXFfVmcllRwlD9j35E_Xs46YgLbPBWPcA1TapLJPhfMK9r9Xz2v7ahaE_aFo8NxzZeIsvPQWAMy_KiGP983tFIQI4D4rcI8tWo1IpdkawHmuJhbSFYA7A9BkPg4tUUXPDMrbhJRu__XQJdJLXkbMOoNF9FioTwB_Wd6b2zcgQER9hscd1MDDo0f7I33U97LNMuweDb8AIp9EjhIi495c3A9LWqiF2iTJXNmyR_ioifVbVZibPC0IeXlnmieNJKCVevnQDA0TJHSCdBa-dkC3pNflFcTnNQL0cmc.cm-k21y4JCxjOdAuC6T5GiNhOWqyiHVErC7FBrg8RNI&dib_tag=se&keywords=shoes&qid=1781073169&sr=8-30,"Nike Nike Mens Air Max Alpha Trainer 5 Cross Training Shoes 4.3 4.3 out of 5 stars (1.4K) Limited time deal Price, product page ₹3,747 ₹ 3,747 M.R.P: ₹7,495 M.R.P: ₹7,495 ₹7,495 (50% off) Up to 5% back with Amazon Pay ICICI card Up to 5% back with Amazon Pay IC... FREE delivery Sun, 14 Jun Or fastest delivery Fri, 12 Jun Add to cart"
Amazon,shoes,Nike,314700.0,6295.0,50.0,-308405.0,4.0,Limited Time Deal,True,Unknown,False,https://www.amazon.in/Nike-Quest-White-Smoke-Grey-DK-Sneaker/dp/B0B6FZHKM4/ref=sr_1_32?dib=eyJ2IjoiMSJ9.p5Kmk7kfRXFfVmcllRwlD9j35E_Xs46YgLbPBWPcA1TapLJPhfMK9r9Xz2v7ahaE_aFo8NxzZeIsvPQWAMy_KiGP983tFIQI4D4rcI8tWo1IpdkawHmuJhbSFYA7A9BkPg4tUUXPDMrbhJRu__XQJdJLXkbMOoNF9FioTwB_Wd6b2zcgQER9hscd1MDDo0f7I33U97LNMuweDb8AIp9EjhIi495c3A9LWqiF2iTJXNmyR_ioifVbVZibPC0IeXlnmieNJKCVevnQDA0TJHSCdBa-dkC3pNflFcTnNQL0cmc.cm-k21y4JCxjOdAuC6T5GiNhOWqyiHVErC7FBrg8RNI&dib_tag=se&keywords=shoes&qid=1781073169&sr=8-32,"Nike Nike Men Mesh Running Shoes 4.0 4.0 out of 5 stars (1.1K) 100+ bought in past month Limited time deal Price, product page ₹3,147 ₹ 3,147 M.R.P: ₹6,295 M.R.P: ₹6,295 ₹6,295 (50% off) Up to 5% back with Amazon Pay ICICI card Up to 5% back with Amazon Pay IC... FREE delivery Sun, 14 Jun Or fastest delivery Fri, 12 Jun Add to cart"
Amazon,shoes,Campus,149900.0,3799.0,61.0,-146101.0,4.4,None,False,Unknown,False,https://www.amazon.in/Campus-TRASKO-Turtle-Running-Shoes/dp/B0GQZM2PND/ref=sr_1_33?dib=eyJ2IjoiMSJ9.p5Kmk7kfRXFfVmcllRwlD9j35E_Xs46YgLbPBWPcA1TapLJPhfMK9r9Xz2v7ahaE_aFo8NxzZeIsvPQWAMy_KiGP983tFIQI4D4rcI8tWo1IpdkawHmuJhbSFYA7A9BkPg4tUUXPDMrbhJRu__XQJdJLXkbMOoNF9FioTwB_Wd6b2zcgQER9hscd1MDDo0f7I33U97LNMuweDb8AIp9EjhIi495c3A9LWqiF2iTJXNmyR_ioifVbVZibPC0IeXlnmieNJKCVevnQDA0TJHSCdBa-dkC3pNflFcTnNQL0cmc.cm-k21y4JCxjOdAuC6T5GiNhOWqyiHVErC7FBrg8RNI&dib_tag=se&keywords=shoes&qid=1781073169&sr=8-33,"Campus Men's TRASKO Running Shoes 4.4 4.4 out of 5 stars (56) Price, product page ₹1,499 ₹ 1,499 M.R.P: ₹3,799 M.R.P: ₹3,799 ₹3,799 (61% off) Save 5% 5% off coupon applied Save 5% with coupon (limited sizes/colours) FREE delivery Fri, 12 Jun Or fastest delivery Tomorrow 8 am - 12 pm Add to cart"
Amazon,shoes,Skechers,182300.0,4799.0,62.0,-177501.0,4.2,None,False,Unknown,False,https://www.amazon.in/Skechers-Black-Summits-Classic-Sneakers/dp/B09XXRCRSX/ref=sr_1_34?dib=eyJ2IjoiMSJ9.p5Kmk7kfRXFfVmcllRwlD9j35E_Xs46YgLbPBWPcA1TapLJPhfMK9r9Xz2v7ahaE_aFo8NxzZeIsvPQWAMy_KiGP983tFIQI4D4rcI8tWo1IpdkawHmuJhbSFYA7A9BkPg4tUUXPDMrbhJRu__XQJdJLXkbMOoNF9FioTwB_Wd6b2zcgQER9hscd1MDDo0f7I33U97LNMuweDb8AIp9EjhIi495c3A9LWqiF2iTJXNmyR_ioifVbVZibPC0IeXlnmieNJKCVevnQDA0TJHSCdBa-dkC3pNflFcTnNQL0cmc.cm-k21y4JCxjOdAuC6T5GiNhOWqyiHVErC7FBrg8RNI&dib_tag=se&keywords=shoes&qid=1781073169&sr=8-34,"Skechers Women Summits Cool Classic Sneakers 4.2 4.2 out of 5 stars (132) Price, product page ₹1,823 ₹ 1,823 M.R.P: ₹4,799 M.R.P: ₹4,799 ₹4,799 (62% off) Up to 5% back with Amazon Pay ICICI card Up to 5% back with Amazon Pay IC... FREE delivery Fri, 12 Jun Or fastest delivery Tomorrow 8 am - 12 pm Add to cart"
Amazon,shoes,Skechers,447900.0,6999.0,36.0,-440901.0,4.4,None,False,Unknown,False,https://www.amazon.in/Skechers-Mens-EDGERIDE-Black-Casual/dp/B0F6V79M98/ref=sr_1_35?dib=eyJ2IjoiMSJ9.p5Kmk7kfRXFfVmcllRwlD9j35E_Xs46YgLbPBWPcA1TapLJPhfMK9r9Xz2v7ahaE_aFo8NxzZeIsvPQWAMy_KiGP983tFIQI4D4rcI8tWo1IpdkawHmuJhbSFYA7A9BkPg4tUUXPDMrbhJRu__XQJdJLXkbMOoNF9FioTwB_Wd6b2zcgQER9hscd1MDDo0f7I33U97LNMuweDb8AIp9EjhIi495c3A9LWqiF2iTJXNmyR_ioifVbVZibPC0IeXlnmieNJKCVevnQDA0TJHSCdBa-dkC3pNflFcTnNQL0cmc.cm-k21y4JCxjOdAuC6T5GiNhOWqyiHVErC7FBrg8RNI&dib_tag=se&keywords=shoes&qid=1781073169&sr=8-35,"Skechers Mens Edgeride Sneaker 4.4 4.4 out of 5 stars (61) 200+ bought in past month Price, product page ₹4,479 ₹ 4,479 M.R.P: ₹6,999 M.R.P: ₹6,999 ₹6,999 (36% off) Up to 5% back with Amazon Pay ICICI card Up to 5% back with Amazon Pay IC... FREE delivery Fri, 12 Jun Or fastest delivery Tomorrow 8 am - 12 pm Add to cart"
Amazon,shoes,new balance,397100.0,6499.0,39.0,-390601.0,3.7,None,False,Unknown,False,https://www.amazon.in/Balance-Mens-Sports-Shoes-Black/dp/B0DLV98NK7/ref=sr_1_36?dib=eyJ2IjoiMSJ9.p5Kmk7kfRXFfVmcllRwlD9j35E_Xs46YgLbPBWPcA1TapLJPhfMK9r9Xz2v7ahaE_aFo8NxzZeIsvPQWAMy_KiGP983tFIQI4D4rcI8tWo1IpdkawHmuJhbSFYA7A9BkPg4tUUXPDMrbhJRu__XQJdJLXkbMOoNF9FioTwB_Wd6b2zcgQER9hscd1MDDo0f7I33U97LNMuweDb8AIp9EjhIi495c3A9LWqiF2iTJXNmyR_ioifVbVZibPC0IeXlnmieNJKCVevnQDA0TJHSCdBa-dkC3pNflFcTnNQL0cmc.cm-k21y4JCxjOdAuC6T5GiNhOWqyiHVErC7FBrg8RNI&dib_tag=se&keywords=shoes&qid=1781073169&sr=8-36,"new balance Mens 413 Sneaker 3.7 3.7 out of 5 stars (23) Price, product page ₹3,971 ₹ 3,971 M.R.P: ₹6,499 M.R.P: ₹6,499 ₹6,499 (39% off) Up to 5% back with Amazon Pay ICICI card Up to 5% back with Amazon Pay IC... FREE delivery Sat, 13 Jun Or fastest delivery Tomorrow, 11 Jun Add to cart"
Amazon,shoes,U.S. POLO ASSN.,179900.0,3599.0,50.0,-176301.0,4.1,None,False,Unknown,False,https://www.amazon.in/U-S-ASSN-Stylish-Casual-Sneaker/dp/B0F8BPBJSB/ref=sr_1_37?dib=eyJ2IjoiMSJ9.p5Kmk7kfRXFfVmcllRwlD9j35E_Xs46YgLbPBWPcA1TapLJPhfMK9r9Xz2v7ahaE_aFo8NxzZeIsvPQWAMy_KiGP983tFIQI4D4rcI8tWo1IpdkawHmuJhbSFYA7A9BkPg4tUUXPDMrbhJRu__XQJdJLXkbMOoNF9FioTwB_Wd6b2zcgQER9hscd1MDDo0f7I33U97LNMuweDb8AIp9EjhIi495c3A9LWqiF2iTJXNmyR_ioifVbVZibPC0IeXlnmieNJKCVevnQDA0TJHSCdBa-dkC3pNflFcTnNQL0cmc.cm-k21y4JCxjOdAuC6T5GiNhOWqyiHVErC7FBrg8RNI&dib_tag=se&keywords=shoes&qid=1781073169&sr=8-37,"+1 U.S. POLO ASSN. Mens Rojas 2.0-Parent Sneaker 4.1 4.1 out of 5 stars (818) 50+ bought in past month Price, product page ₹1,799 ₹ 1,799 M.R.P: ₹3,599 M.R.P: ₹3,599 ₹3,599 (50% off) Up to 5% back with Amazon Pay ICICI card Up to 5% back with Amazon Pay IC... FREE delivery Fri, 12 Jun Or fastest delivery Tomorrow 8 am - 12 pm Add to cart"
Amazon,shoes,Reebok,229900.0,3999.0,43.0,-225901.0,4.2,None,False,Unknown,False,https://www.amazon.in/Reebok-Courtflex-White-Badminton-Shoes/dp/B0F8P4LFMV/ref=sr_1_38?dib=eyJ2IjoiMSJ9.p5Kmk7kfRXFfVmcllRwlD9j35E_Xs46YgLbPBWPcA1TapLJPhfMK9r9Xz2v7ahaE_aFo8NxzZeIsvPQWAMy_KiGP983tFIQI4D4rcI8tWo1IpdkawHmuJhbSFYA7A9BkPg4tUUXPDMrbhJRu__XQJdJLXkbMOoNF9FioTwB_Wd6b2zcgQER9hscd1MDDo0f7I33U97LNMuweDb8AIp9EjhIi495c3A9LWqiF2iTJXNmyR_ioifVbVZibPC0IeXlnmieNJKCVevnQDA0TJHSCdBa-dkC3pNflFcTnNQL0cmc.cm-k21y4JCxjOdAuC6T5GiNhOWqyiHVErC7FBrg8RNI&dib_tag=se&keywords=shoes&qid=1781073169&sr=8-38,"Reebok Men's Badminton Shoes Cushioned Non-Marking Indoor Sports Shoes for Men | Lightweight Flexible Court Shoe | Badminton, Tennis & Indoor Sports | Courtflex M 4.2 4.2 out of 5 stars (500) 100+ bought in past month Price, product page ₹2,299 ₹ 2,299 M.R.P: ₹3,999 M.R.P: ₹3,999 ₹3,999 (43% off) Up to 5% back with Amazon Pay ICICI card Up to 5% back with Amazon Pay IC... FREE delivery Fri, 12 Jun"
Amazon,shoes,U.S. POLO ASSN.,239900.0,4799.0,50.0,-235101.0,3.8,None,False,Unknown,False,https://www.amazon.in/U-S-Skylar-Stylish-Casual-Sneaker/dp/B0G1BNTH6K/ref=sr_1_39?dib=eyJ2IjoiMSJ9.p5Kmk7kfRXFfVmcllRwlD9j35E_Xs46YgLbPBWPcA1TapLJPhfMK9r9Xz2v7ahaE_aFo8NxzZeIsvPQWAMy_KiGP983tFIQI4D4rcI8tWo1IpdkawHmuJhbSFYA7A9BkPg4tUUXPDMrbhJRu__XQJdJLXkbMOoNF9FioTwB_Wd6b2zcgQER9hscd1MDDo0f7I33U97LNMuweDb8AIp9EjhIi495c3A9LWqiF2iTJXNmyR_ioifVbVZibPC0IeXlnmieNJKCVevnQDA0TJHSCdBa-dkC3pNflFcTnNQL0cmc.cm-k21y4JCxjOdAuC6T5GiNhOWqyiHVErC7FBrg8RNI&dib_tag=se&keywords=shoes&qid=1781073169&sr=8-39,"U.S. POLO ASSN. Mens Skylar 2.0 Sneaker 3.8 3.8 out of 5 stars (31) Price, product page ₹2,399 ₹ 2,399 M.R.P: ₹4,799 M.R.P: ₹4,799 ₹4,799 (50% off) Up to 5% back with Amazon Pay ICICI card Up to 5% back with Amazon Pay IC... FREE delivery Fri, 12 Jun Or fastest delivery Tomorrow 8 am - 12 pm Add to cart"
Amazon,shoes,PUMA,261900.0,6999.0,63.0,-254901.0,4.1,Limited Time Deal,True,Unknown,False,https://www.amazon.in/Puma-Black-Lime-Smash-Strong-Shoe-10UK-31176701/dp/B0DW98XPKJ/ref=sr_1_40?dib=eyJ2IjoiMSJ9.p5Kmk7kfRXFfVmcllRwlD9j35E_Xs46YgLbPBWPcA1TapLJPhfMK9r9Xz2v7ahaE_aFo8NxzZeIsvPQWAMy_KiGP983tFIQI4D4rcI8tWo1IpdkawHmuJhbSFYA7A9BkPg4tUUXPDMrbhJRu__XQJdJLXkbMOoNF9FioTwB_Wd6b2zcgQER9hscd1MDDo0f7I33U97LNMuweDb8AIp9EjhIi495c3A9LWqiF2iTJXNmyR_ioifVbVZibPC0IeXlnmieNJKCVevnQDA0TJHSCdBa-dkC3pNflFcTnNQL0cmc.cm-k21y4JCxjOdAuC6T5GiNhOWqyiHVErC7FBrg8RNI&dib_tag=se&keywords=shoes&qid=1781073169&sr=8-40,"PUMA Mens Galaxis Pro Running Shoe 4.1 4.1 out of 5 stars (730) 200+ bought in past month Limited time deal Price, product page ₹2,619 ₹ 2,619 M.R.P: ₹6,999 M.R.P: ₹6,999 ₹6,999 (63% off) Up to 5% back with Amazon Pay ICICI card Up to 5% back with Amazon Pay IC... FREE delivery Sun, 14 Jun Add to cart"
Amazon,shoes,Campus,129500.0,2499.0,48.0,-127001.0,4.2,None,False,Unknown,False,https://www.amazon.in/Campus-DRIVO-L-Sky-Running-Shoes/dp/B0FWKMPSG4/ref=sr_1_41?dib=eyJ2IjoiMSJ9.p5Kmk7kfRXFfVmcllRwlD9j35E_Xs46YgLbPBWPcA1TapLJPhfMK9r9Xz2v7ahaE_aFo8NxzZeIsvPQWAMy_KiGP983tFIQI4D4rcI8tWo1IpdkawHmuJhbSFYA7A9BkPg4tUUXPDMrbhJRu__XQJdJLXkbMOoNF9FioTwB_Wd6b2zcgQER9hscd1MDDo0f7I33U97LNMuweDb8AIp9EjhIi495c3A9LWqiF2iTJXNmyR_ioifVbVZibPC0IeXlnmieNJKCVevnQDA0TJHSCdBa-dkC3pNflFcTnNQL0cmc.cm-k21y4JCxjOdAuC6T5GiNhOWqyiHVErC7FBrg8RNI&dib_tag=se&keywords=shoes&qid=1781073169&sr=8-41,"Campus Men's DRIVO Running Shoes 4.2 4.2 out of 5 stars (721) 100+ bought in past month Price, product page ₹1,295 ₹ 1,295 M.R.P: ₹2,499 M.R.P: ₹2,499 ₹2,499 (48% off) Save 5% 5% off coupon applied Save 5% with coupon (limited sizes/colours) FREE delivery Sat, 13 Jun Or fastest delivery Tomorrow, 11 Jun Add to cart"
Amazon,shoes,Campus,139900.0,2499.0,44.0,-137401.0,4.2,None,False,Unknown,False,https://www.amazon.in/Campus-DRIVO-L-Gry-Running-Shoes/dp/B0FWKP7JV8/ref=sr_1_42?dib=eyJ2IjoiMSJ9.p5Kmk7kfRXFfVmcllRwlD9j35E_Xs46YgLbPBWPcA1TapLJPhfMK9r9Xz2v7ahaE_aFo8NxzZeIsvPQWAMy_KiGP983tFIQI4D4rcI8tWo1IpdkawHmuJhbSFYA7A9BkPg4tUUXPDMrbhJRu__XQJdJLXkbMOoNF9FioTwB_Wd6b2zcgQER9hscd1MDDo0f7I33U97LNMuweDb8AIp9EjhIi495c3A9LWqiF2iTJXNmyR_ioifVbVZibPC0IeXlnmieNJKCVevnQDA0TJHSCdBa-dkC3pNflFcTnNQL0cmc.cm-k21y4JCxjOdAuC6T5GiNhOWqyiHVErC7FBrg8RNI&dib_tag=se&keywords=shoes&qid=1781073169&sr=8-42,"Campus Men's DRIVO Running Shoes 4.2 4.2 out of 5 stars (721) 100+ bought in past month Price, product page ₹1,399 ₹ 1,399 M.R.P: ₹2,499 M.R.P: ₹2,499 ₹2,499 (44% off) Save 5% 5% off coupon applied Save 5% with coupon (limited sizes/colours) FREE delivery Fri, 12 Jun Or fastest delivery Tomorrow 8 am - 12 pm Add to cart"
Amazon,shoes,U.S. POLO ASSN.,221900.0,3699.0,40.0,-218201.0,4.1,None,False,Unknown,False,https://www.amazon.in/U-S-Polo-Assn-Sneakers-Beige/dp/B0FG2K247F/ref=sr_1_43?dib=eyJ2IjoiMSJ9.p5Kmk7kfRXFfVmcllRwlD9j35E_Xs46YgLbPBWPcA1TapLJPhfMK9r9Xz2v7ahaE_aFo8NxzZeIsvPQWAMy_KiGP983tFIQI4D4rcI8tWo1IpdkawHmuJhbSFYA7A9BkPg4tUUXPDMrbhJRu__XQJdJLXkbMOoNF9FioTwB_Wd6b2zcgQER9hscd1MDDo0f7I33U97LNMuweDb8AIp9EjhIi495c3A9LWqiF2iTJXNmyR_ioifVbVZibPC0IeXlnmieNJKCVevnQDA0TJHSCdBa-dkC3pNflFcTnNQL0cmc.cm-k21y4JCxjOdAuC6T5GiNhOWqyiHVErC7FBrg8RNI&dib_tag=se&keywords=shoes&qid=1781073169&sr=8-43,"U.S. POLO ASSN. USPA|GIAN| Stylish Casual Sneaker Shoes for Men 4.1 4.1 out of 5 stars (313) Price, product page ₹2,219 ₹ 2,219 M.R.P: ₹3,699 M.R.P: ₹3,699 ₹3,699 (40% off) Up to 5% back with Amazon Pay ICICI card Up to 5% back with Amazon Pay IC... FREE delivery Fri, 12 Jun Or fastest delivery Tomorrow 8 am - 12 pm Add to cart"
Amazon,shoes,new balance,382900.0,7999.0,52.0,-374901.0,4.1,None,False,Unknown,False,https://www.amazon.in/New-Balance-Womens-Lifestyle-White/dp/B0D8T7FNVN/ref=sr_1_44?dib=eyJ2IjoiMSJ9.p5Kmk7kfRXFfVmcllRwlD9j35E_Xs46YgLbPBWPcA1TapLJPhfMK9r9Xz2v7ahaE_aFo8NxzZeIsvPQWAMy_KiGP983tFIQI4D4rcI8tWo1IpdkawHmuJhbSFYA7A9BkPg4tUUXPDMrbhJRu__XQJdJLXkbMOoNF9FioTwB_Wd6b2zcgQER9hscd1MDDo0f7I33U97LNMuweDb8AIp9EjhIi495c3A9LWqiF2iTJXNmyR_ioifVbVZibPC0IeXlnmieNJKCVevnQDA0TJHSCdBa-dkC3pNflFcTnNQL0cmc.cm-k21y4JCxjOdAuC6T5GiNhOWqyiHVErC7FBrg8RNI&dib_tag=se&keywords=shoes&qid=1781073169&sr=8-44,"+7 new balance Women 500 Sneakers 4.1 4.1 out of 5 stars (147) Price, product page ₹3,829 ₹ 3,829 M.R.P: ₹7,999 M.R.P: ₹7,999 ₹7,999 (52% off) Up to 5% back with Amazon Pay ICICI card Up to 5% back with Amazon Pay IC... FREE delivery Fri, 12 Jun Or fastest delivery Tomorrow 8 am - 12 pm Add to cart"
Amazon,shoes,Skechers,239900.0,5999.0,60.0,-233901.0,4.3,Limited Time Deal,True,Unknown,False,https://www.amazon.in/Skechers-Womens-Black-White-Walking/dp/B0F32WXSTL/ref=sr_1_46?dib=eyJ2IjoiMSJ9.p5Kmk7kfRXFfVmcllRwlD9j35E_Xs46YgLbPBWPcA1TapLJPhfMK9r9Xz2v7ahaE_aFo8NxzZeIsvPQWAMy_KiGP983tFIQI4D4rcI8tWo1IpdkawHmuJhbSFYA7A9BkPg4tUUXPDMrbhJRu__XQJdJLXkbMOoNF9FioTwB_Wd6b2zcgQER9hscd1MDDo0f7I33U97LNMuweDb8AIp9EjhIi495c3A9LWqiF2iTJXNmyR_ioifVbVZibPC0IeXlnmieNJKCVevnQDA0TJHSCdBa-dkC3pNflFcTnNQL0cmc.cm-k21y4JCxjOdAuC6T5GiNhOWqyiHVErC7FBrg8RNI&dib_tag=se&keywords=shoes&qid=1781073169&sr=8-46,"+8 Skechers Women Go Walk Flex Walking Shoes 4.3 4.3 out of 5 stars (534) 50+ bought in past month Limited time deal Price, product page ₹2,399 ₹ 2,399 M.R.P: ₹5,999 M.R.P: ₹5,999 ₹5,999 (60% off) Save 2% 2% off coupon applied Save 2% with coupon (limited sizes/colours) FREE delivery Sat, 13 Jun Or fastest delivery Tomorrow, 11 Jun Add to cart"
Amazon,shoes,adidas,189900.0,3599.0,47.0,-186301.0,4.0,Limited Time Deal,True,Unknown,False,https://www.amazon.in/Adidas-CGRANI-Running-Shoes-9-CL7631_9/dp/B07M8HLX18/ref=sr_1_47?dib=eyJ2IjoiMSJ9.p5Kmk7kfRXFfVmcllRwlD9j35E_Xs46YgLbPBWPcA1TapLJPhfMK9r9Xz2v7ahaE_aFo8NxzZeIsvPQWAMy_KiGP983tFIQI4D4rcI8tWo1IpdkawHmuJhbSFYA7A9BkPg4tUUXPDMrbhJRu__XQJdJLXkbMOoNF9FioTwB_Wd6b2zcgQER9hscd1MDDo0f7I33U97LNMuweDb8AIp9EjhIi495c3A9LWqiF2iTJXNmyR_ioifVbVZibPC0IeXlnmieNJKCVevnQDA0TJHSCdBa-dkC3pNflFcTnNQL0cmc.cm-k21y4JCxjOdAuC6T5GiNhOWqyiHVErC7FBrg8RNI&dib_tag=se&keywords=shoes&qid=1781073169&sr=8-47,"+5 adidas Men Drogo M Running Shoe 4.0 4.0 out of 5 stars (16.3K) 400+ bought in past month Limited time deal Price, product page ₹1,899 ₹ 1,899 M.R.P: ₹3,599 M.R.P: ₹3,599 ₹3,599 (47% off) Up to 5% back with Amazon Pay ICICI card Up to 5% back with Amazon Pay IC... FREE delivery Fri, 12 Jun Or fastest delivery Tomorrow 8 am - 12 pm Add to cart"
Amazon,shoes,Skechers,221900.0,5499.0,60.0,-216401.0,4.0,None,False,Unknown,False,https://www.amazon.in/Skechers-Mens-Running-Shoes-GO-CONSISTENT-894182ID-CCBK-9-Charcoal/dp/B0DDTVD43J/ref=sr_1_49?dib=eyJ2IjoiMSJ9.p5Kmk7kfRXFfVmcllRwlD9j35E_Xs46YgLbPBWPcA1TapLJPhfMK9r9Xz2v7ahaE_aFo8NxzZeIsvPQWAMy_KiGP983tFIQI4D4rcI8tWo1IpdkawHmuJhbSFYA7A9BkPg4tUUXPDMrbhJRu__XQJdJLXkbMOoNF9FioTwB_Wd6b2zcgQER9hscd1MDDo0f7I33U97LNMuweDb8AIp9EjhIi495c3A9LWqiF2iTJXNmyR_ioifVbVZibPC0IeXlnmieNJKCVevnQDA0TJHSCdBa-dkC3pNflFcTnNQL0cmc.cm-k21y4JCxjOdAuC6T5GiNhOWqyiHVErC7FBrg8RNI&dib_tag=se&keywords=shoes&qid=1781073169&sr=8-49,"+10 Skechers Mens Go Run Consistent Running Shoe 4.0 4.0 out of 5 stars (954) 300+ bought in past month Price, product page ₹2,219 ₹ 2,219 M.R.P: ₹5,499 M.R.P: ₹5,499 ₹5,499 (60% off) Up to 5% back with Amazon Pay ICICI card Up to 5% back with Amazon Pay IC... FREE delivery Fri, 12 Jun Or fastest delivery Tomorrow 8 am - 12 pm Add to cart"
Amazon,shoes,new balance,377900.0,6499.0,42.0,-371401.0,3.0,None,False,Unknown,False,https://www.amazon.in/Balance-Mens-Sports-Shoes-Black/dp/B0DLV9LDFG/ref=sr_1_50?dib=eyJ2IjoiMSJ9.p5Kmk7kfRXFfVmcllRwlD9j35E_Xs46YgLbPBWPcA1TapLJPhfMK9r9Xz2v7ahaE_aFo8NxzZeIsvPQWAMy_KiGP983tFIQI4D4rcI8tWo1IpdkawHmuJhbSFYA7A9BkPg4tUUXPDMrbhJRu__XQJdJLXkbMOoNF9FioTwB_Wd6b2zcgQER9hscd1MDDo0f7I33U97LNMuweDb8AIp9EjhIi495c3A9LWqiF2iTJXNmyR_ioifVbVZibPC0IeXlnmieNJKCVevnQDA0TJHSCdBa-dkC3pNflFcTnNQL0cmc.cm-k21y4JCxjOdAuC6T5GiNhOWqyiHVErC7FBrg8RNI&dib_tag=se&keywords=shoes&qid=1781073169&sr=8-50,"new balance Mens 413 Sneaker 3.0 3.0 out of 5 stars (44) Price, product page ₹3,779 ₹ 3,779 M.R.P: ₹6,499 M.R.P: ₹6,499 ₹6,499 (42% off) Up to 5% back with Amazon Pay ICICI card Up to 5% back with Amazon Pay IC... FREE delivery Fri, 12 Jun Or fastest delivery Tomorrow 8 am - 12 pm Add to cart"
Amazon,shoes,U.S. POLO ASSN.,239100.0,4599.0,48.0,-234501.0,4.2,None,False,Unknown,False,https://www.amazon.in/U-S-POLO-ASSN-Mens-Sneakers/dp/B0DQ879TJL/ref=sr_1_51?dib=eyJ2IjoiMSJ9.p5Kmk7kfRXFfVmcllRwlD9j35E_Xs46YgLbPBWPcA1TapLJPhfMK9r9Xz2v7ahaE_aFo8NxzZeIsvPQWAMy_KiGP983tFIQI4D4rcI8tWo1IpdkawHmuJhbSFYA7A9BkPg4tUUXPDMrbhJRu__XQJdJLXkbMOoNF9FioTwB_Wd6b2zcgQER9hscd1MDDo0f7I33U97LNMuweDb8AIp9EjhIi495c3A9LWqiF2iTJXNmyR_ioifVbVZibPC0IeXlnmieNJKCVevnQDA0TJHSCdBa-dkC3pNflFcTnNQL0cmc.cm-k21y4JCxjOdAuC6T5GiNhOWqyiHVErC7FBrg8RNI&dib_tag=se&keywords=shoes&qid=1781073169&sr=8-51,"U.S. POLO ASSN. Mens Joan Sneakers 4.2 4.2 out of 5 stars (364) 50+ bought in past month Price, product page ₹2,391 ₹ 2,391 M.R.P: ₹4,599 M.R.P: ₹4,599 ₹4,599 (48% off) Up to 5% back with Amazon Pay ICICI card Up to 5% back with Amazon Pay IC... FREE delivery Fri, 12 Jun Or fastest delivery Tomorrow 8 am - 12 pm Add to cart"
Amazon,shoes,Skechers,275100.0,4299.0,36.0,-270801.0,4.1,None,False,Unknown,False,https://www.amazon.in/Skechers-Black-Mens-Casual-Shoes-232057ID-BBK-SUMMITS-Brisbane-UK9/dp/B09XXR4TXK/ref=sr_1_52?dib=eyJ2IjoiMSJ9.p5Kmk7kfRXFfVmcllRwlD9j35E_Xs46YgLbPBWPcA1TapLJPhfMK9r9Xz2v7ahaE_aFo8NxzZeIsvPQWAMy_KiGP983tFIQI4D4rcI8tWo1IpdkawHmuJhbSFYA7A9BkPg4tUUXPDMrbhJRu__XQJdJLXkbMOoNF9FioTwB_Wd6b2zcgQER9hscd1MDDo0f7I33U97LNMuweDb8AIp9EjhIi495c3A9LWqiF2iTJXNmyR_ioifVbVZibPC0IeXlnmieNJKCVevnQDA0TJHSCdBa-dkC3pNflFcTnNQL0cmc.cm-k21y4JCxjOdAuC6T5GiNhOWqyiHVErC7FBrg8RNI&dib_tag=se&keywords=shoes&qid=1781073169&sr=8-52,"Skechers Men Summits Brisbane Sneakers 4.1 4.1 out of 5 stars (2.6K) 500+ bought in past month Price, product page ₹2,751 ₹ 2,751 M.R.P: ₹4,299 M.R.P: ₹4,299 ₹4,299 (36% off) Up to 5% back with Amazon Pay ICICI card Up to 5% back with Amazon Pay IC... FREE delivery Fri, 12 Jun Or fastest delivery Today 4 pm - 8 pm Add to cart"
Amazon,shoes,adidas,391899.0,7999.0,51.0,-383900.0,4.3,None,False,Unknown,False,https://www.amazon.in/Adidas-Synthetic-Grand-Court-Tennis/dp/B09VT1D8GZ/ref=sr_1_53?dib=eyJ2IjoiMSJ9.p5Kmk7kfRXFfVmcllRwlD9j35E_Xs46YgLbPBWPcA1TapLJPhfMK9r9Xz2v7ahaE_aFo8NxzZeIsvPQWAMy_KiGP983tFIQI4D4rcI8tWo1IpdkawHmuJhbSFYA7A9BkPg4tUUXPDMrbhJRu__XQJdJLXkbMOoNF9FioTwB_Wd6b2zcgQER9hscd1MDDo0f7I33U97LNMuweDb8AIp9EjhIi495c3A9LWqiF2iTJXNmyR_ioifVbVZibPC0IeXlnmieNJKCVevnQDA0TJHSCdBa-dkC3pNflFcTnNQL0cmc.cm-k21y4JCxjOdAuC6T5GiNhOWqyiHVErC7FBrg8RNI&dib_tag=se&keywords=shoes&qid=1781073169&sr=8-53,"+5 adidas Men Grand Court 2.0 Sneaker 4.3 4.3 out of 5 stars (880) Price, product page ₹3,918.99 ₹ 3,918 . 99 M.R.P: ₹7,999 M.R.P: ₹7,999 ₹7,999 (51% off) Up to 5% back with Amazon Pay ICICI card Up to 5% back with Amazon Pay IC... FREE delivery Mon, 15 Jun Add to cart"
Amazon,shoes,PUMA,999900.0,,,,4.5,None,False,Unknown,False,https://www.amazon.in/Unisex-Adults-Speedcat-Black-White-Sneaker-39884601/dp/B0DJGLV6XX/ref=sr_1_54?dib=eyJ2IjoiMSJ9.p5Kmk7kfRXFfVmcllRwlD9j35E_Xs46YgLbPBWPcA1TapLJPhfMK9r9Xz2v7ahaE_aFo8NxzZeIsvPQWAMy_KiGP983tFIQI4D4rcI8tWo1IpdkawHmuJhbSFYA7A9BkPg4tUUXPDMrbhJRu__XQJdJLXkbMOoNF9FioTwB_Wd6b2zcgQER9hscd1MDDo0f7I33U97LNMuweDb8AIp9EjhIi495c3A9LWqiF2iTJXNmyR_ioifVbVZibPC0IeXlnmieNJKCVevnQDA0TJHSCdBa-dkC3pNflFcTnNQL0cmc.cm-k21y4JCxjOdAuC6T5GiNhOWqyiHVErC7FBrg8RNI&dib_tag=se&keywords=shoes&qid=1781073169&sr=8-54,"+4 PUMA Unisex-Adult Speedcat Og Sneaker 4.5 4.5 out of 5 stars (300) Price, product page ₹9,999 ₹ 9,999 Up to 5% back with Amazon Pay ICICI card Up to 5% back with Amazon Pay IC... FREE delivery Fri, 12 Jun Or fastest delivery Tomorrow 8 am - 12 pm Add to cart"
Amazon,shoes,Bacca Bucci,167300.0,3499.0,52.0,-163801.0,4.2,Limited Time Deal,True,Unknown,False,https://www.amazon.in/Bacca-Bucci-7-Eye-Boots-Inspired/dp/B0BJ7L6V4H/ref=sr_1_55?dib=eyJ2IjoiMSJ9.p5Kmk7kfRXFfVmcllRwlD9j35E_Xs46YgLbPBWPcA1TapLJPhfMK9r9Xz2v7ahaE_aFo8NxzZeIsvPQWAMy_KiGP983tFIQI4D4rcI8tWo1IpdkawHmuJhbSFYA7A9BkPg4tUUXPDMrbhJRu__XQJdJLXkbMOoNF9FioTwB_Wd6b2zcgQER9hscd1MDDo0f7I33U97LNMuweDb8AIp9EjhIi495c3A9LWqiF2iTJXNmyR_ioifVbVZibPC0IeXlnmieNJKCVevnQDA0TJHSCdBa-dkC3pNflFcTnNQL0cmc.cm-k21y4JCxjOdAuC6T5GiNhOWqyiHVErC7FBrg8RNI&dib_tag=se&keywords=shoes&qid=1781073169&sr=8-55,"Best seller in Men's Boots Bacca Bucci Men Lace Up Boots 4.2 4.2 out of 5 stars (4.3K) 400+ bought in past month Limited time deal Price, product page ₹1,673 ₹ 1,673 M.R.P: ₹3,499 M.R.P: ₹3,499 ₹3,499 (52% off) Save 2% 2% off coupon applied Save 2% with coupon (limited sizes/colours) FREE delivery Fri, 12 Jun Or fastest delivery Tomorrow 8 am - 12 pm Add to cart"
Amazon,shoes,Nivia,78800.0,1069.0,26.0,-77731.0,3.9,None,False,Unknown,False,https://www.amazon.in/Nivia-1229BK-Airstrike-Football-Stud/dp/B088TSBZ5Y/ref=sr_1_56?dib=eyJ2IjoiMSJ9.p5Kmk7kfRXFfVmcllRwlD9j35E_Xs46YgLbPBWPcA1TapLJPhfMK9r9Xz2v7ahaE_aFo8NxzZeIsvPQWAMy_KiGP983tFIQI4D4rcI8tWo1IpdkawHmuJhbSFYA7A9BkPg4tUUXPDMrbhJRu__XQJdJLXkbMOoNF9FioTwB_Wd6b2zcgQER9hscd1MDDo0f7I33U97LNMuweDb8AIp9EjhIi495c3A9LWqiF2iTJXNmyR_ioifVbVZibPC0IeXlnmieNJKCVevnQDA0TJHSCdBa-dkC3pNflFcTnNQL0cmc.cm-k21y4JCxjOdAuC6T5GiNhOWqyiHVErC7FBrg8RNI&dib_tag=se&keywords=shoes&qid=1781073169&sr=8-56,"Nivia Airstrike Football Stud with TPU Sole with Direct Injection Molding Technology A Moulded Removable E.VA Sockliner Exists as an Extra Layer of Plush Light Weight Insole Pre-Molded 3.9 3.9 out of 5 stars (7.6K) 50+ bought in past month Price, product page ₹788 ₹ 788 M.R.P: ₹1,069 M.R.P: ₹1,069 ₹1,069 (26% off) Up to 5% back with Amazon Pay ICICI card Up to 5% back with Amazon Pay IC... FREE de"
Amazon,shoes,Leo's Fitness Shoes,79900.0,1699.0,53.0,-78201.0,3.4,Only 3 Left,True,Unknown,False,https://www.amazon.in/sspa/click?ie=UTF8&spc=MTozMDgxMDM4MTA1MzYyOTIwOjE3ODEwNzMxNjk6c3BfYnRmOjMwMDc2NzU1OTQ1MjIzMjo6MDo6&url=%2FLeos-Fitness-Shoes-An895-Trekking%2Fdp%2FB09B3DWKML%2Fref%3Dsr_1_57_sspa%3Fdib%3DeyJ2IjoiMSJ9.p5Kmk7kfRXFfVmcllRwlD9j35E_Xs46YgLbPBWPcA1TapLJPhfMK9r9Xz2v7ahaE_aFo8NxzZeIsvPQWAMy_KiGP983tFIQI4D4rcI8tWo1IpdkawHmuJhbSFYA7A9BkPg4tUUXPDMrbhJRu__XQJdJLXkbMOoNF9FioTwB_Wd6b2zcgQER9hscd1MDDo0f7I33U97LNMuweDb8AIp9EjhIi495c3A9LWqiF2iTJXNmyR_ioifVbVZibPC0IeXlnmieNJKCVevnQDA0TJHSCdBa-dkC3pNflFcTnNQL0cmc.cm-k21y4JCxjOdAuC6T5GiNhOWqyiHVErC7FBrg8RNI%26dib_tag%3Dse%26keywords%3Dshoes%26qid%3D1781073169%26sr%3D8-57-spons%26aref%3DamktT2dWoS%26sp_csd%3Dd2lkZ2V0TmFtZT1zcF9idGY%26psc%3D1&aref=amktT2dWoS&sp_cr=ZAZ,"+2 other colors/patterns Sponsored Sponsored You are seeing this ad based on the product’s relevance to your search query. Let us know Leo's Fitness Shoes Men's Hiking Shoes Quick Dry Breathable Mesh Lightweight Outdoor Training Hiking Walking (895) Trekking Shoes for Men 3.4 3.4 out of 5 stars (168) Limited time deal Price, product page ₹799 ₹ 799 M.R.P: ₹1,699 M.R.P: ₹1,699 ₹1,699 (53% off) Up t"
Amazon,shoes,Cruiser,99900.0,2499.0,60.0,-97401.0,2.5,Only 4 Left,True,Unknown,False,https://www.amazon.in/sspa/click?ie=UTF8&spc=MTozMDgxMDM4MTA1MzYyOTIwOjE3ODEwNzMxNjk6c3BfYnRmOjMwMTEyNDI1NDAwNDczMjo6MDo6&url=%2FCruiser-Sneaker-Comfort-Cushioned-Lace-Up%2Fdp%2FB0DR93LT3C%2Fref%3Dsr_1_58_sspa%3Fdib%3DeyJ2IjoiMSJ9.p5Kmk7kfRXFfVmcllRwlD9j35E_Xs46YgLbPBWPcA1TapLJPhfMK9r9Xz2v7ahaE_aFo8NxzZeIsvPQWAMy_KiGP983tFIQI4D4rcI8tWo1IpdkawHmuJhbSFYA7A9BkPg4tUUXPDMrbhJRu__XQJdJLXkbMOoNF9FioTwB_Wd6b2zcgQER9hscd1MDDo0f7I33U97LNMuweDb8AIp9EjhIi495c3A9LWqiF2iTJXNmyR_ioifVbVZibPC0IeXlnmieNJKCVevnQDA0TJHSCdBa-dkC3pNflFcTnNQL0cmc.cm-k21y4JCxjOdAuC6T5GiNhOWqyiHVErC7FBrg8RNI%26dib_tag%3Dse%26keywords%3Dshoes%26qid%3D1781073169%26sr%3D8-58-spons%26aref%3DUu9YYcdvSS%26sp_csd%3Dd2lkZ2V0TmFtZT1zcF9idGY%26psc%3D1&aref=Uu9YYcdvSS&sp_cr=ZAZ,"+2 other colors/patterns Sponsored Sponsored You are seeing this ad based on the product’s relevance to your search query. Let us know Cruiser Mens Comfort & Style with Soft Cushioned Insole | Lightweight Comfort Classic Canvas Sneakers for Everyday Wear |Trendy Lace-Up Design for Casual Outfits (9923) 2.5 2.5 out of 5 stars (24) Price, product page ₹999 ₹ 999 M.R.P: ₹2,499 M.R.P: ₹2,499 ₹2,499 (6"
Amazon,shoes,Leo's Fitness Shoes,98000.0,2899.0,66.0,-95101.0,3.4,Limited Time Deal,True,Unknown,False,https://www.amazon.in/sspa/click?ie=UTF8&spc=MTozMDgxMDM4MTA1MzYyOTIwOjE3ODEwNzMxNjk6c3BfYnRmOjMwMDQ3Mzk4OTU3NzIzMjo6MDo6&url=%2FWaterproof-Shoes-Trekking-Outdoor-Activities%2Fdp%2FB0DCNQVML8%2Fref%3Dsr_1_59_sspa%3Fdib%3DeyJ2IjoiMSJ9.p5Kmk7kfRXFfVmcllRwlD9j35E_Xs46YgLbPBWPcA1TapLJPhfMK9r9Xz2v7ahaE_aFo8NxzZeIsvPQWAMy_KiGP983tFIQI4D4rcI8tWo1IpdkawHmuJhbSFYA7A9BkPg4tUUXPDMrbhJRu__XQJdJLXkbMOoNF9FioTwB_Wd6b2zcgQER9hscd1MDDo0f7I33U97LNMuweDb8AIp9EjhIi495c3A9LWqiF2iTJXNmyR_ioifVbVZibPC0IeXlnmieNJKCVevnQDA0TJHSCdBa-dkC3pNflFcTnNQL0cmc.cm-k21y4JCxjOdAuC6T5GiNhOWqyiHVErC7FBrg8RNI%26dib_tag%3Dse%26keywords%3Dshoes%26qid%3D1781073169%26sr%3D8-59-spons%26aref%3DfgxxKFlxBi%26sp_csd%3Dd2lkZ2V0TmFtZT1zcF9idGY%26psc%3D1&aref=fgxxKFlxBi&sp_cr=ZAZ,"+2 other colors/patterns Sponsored Sponsored You are seeing this ad based on the product’s relevance to your search query. Let us know Leo's Fitness Shoes Leo Men's Light Weight Casual Waterproof Shoes for Trekking, Hiking & Other Outdoor Activities 3.4 3.4 out of 5 stars (103) Limited time deal Price, product page ₹980 ₹ 980 M.R.P: ₹2,899 M.R.P: ₹2,899 ₹2,899 (66% off) Up to 5% back with Amazon P"
Amazon,shoes,Cruiser,79900.0,2499.0,68.0,-77401.0,3.7,Limited Time Deal,True,Unknown,False,https://www.amazon.in/sspa/click?ie=UTF8&spc=MTozMDgxMDM4MTA1MzYyOTIwOjE3ODEwNzMxNjk6c3BfYnRmOjMwMDY4NDcwNzA5NDgzMjo6MDo6&url=%2FCruiser-Atlas-Beige-Sneakers_9-2504-6%2Fdp%2FB0BTDKM7JY%2Fref%3Dsr_1_60_sspa%3Fdib%3DeyJ2IjoiMSJ9.p5Kmk7kfRXFfVmcllRwlD9j35E_Xs46YgLbPBWPcA1TapLJPhfMK9r9Xz2v7ahaE_aFo8NxzZeIsvPQWAMy_KiGP983tFIQI4D4rcI8tWo1IpdkawHmuJhbSFYA7A9BkPg4tUUXPDMrbhJRu__XQJdJLXkbMOoNF9FioTwB_Wd6b2zcgQER9hscd1MDDo0f7I33U97LNMuweDb8AIp9EjhIi495c3A9LWqiF2iTJXNmyR_ioifVbVZibPC0IeXlnmieNJKCVevnQDA0TJHSCdBa-dkC3pNflFcTnNQL0cmc.cm-k21y4JCxjOdAuC6T5GiNhOWqyiHVErC7FBrg8RNI%26dib_tag%3Dse%26keywords%3Dshoes%26qid%3D1781073169%26sr%3D8-60-spons%26aref%3DCKwcYBUJhS%26sp_csd%3Dd2lkZ2V0TmFtZT1zcF9idGY%26psc%3D1&aref=CKwcYBUJhS&sp_cr=ZAZ,"+4 other colors/patterns Sponsored Sponsored You are seeing this ad based on the product’s relevance to your search query. Let us know Cruiser Mens Casual Shoes | Trainers Comfortable Trendy Shoes|Classic Sneakers |Step Into Casual Cool | Perfect Pair for Relaxed Days (Blaze) 3.7 3.7 out of 5 stars (450) Limited time deal Price, product page ₹799 ₹ 799 M.R.P: ₹2,499 M.R.P: ₹2,499 ₹2,499 (68% off) "
Amazon,shoes,Boldfit,134900.0,4499.0,70.0,-130401.0,4.0,Limited Time Deal,True,Unknown,True,https://www.amazon.in/sspa/click?ie=UTF8&spc=MTozNzU2MzYzNDU5MjU5NTY2OjE3ODEwNzMyMjM6c3BfYXRmX25leHQ6MzAwODg3MTc4NjIyMjMyOjowOjo&url=%2FBoldfit-Sneakers-Lightweight-Comfortable-DripBloc%2Fdp%2FB0G5289VWS%2Fref%3Dsr_1_52_sspa%3Fdib%3DeyJ2IjoiMSJ9.e2PmuGGQJnit5kxturjpCOb_wpVwHKiCfyj6KDCcjqGUP1zVNx9DU2AM7N8g6mLZMD2zhcYvvDlwhjQoodw6ErQ75UXwhWJTPPocuoaoXkwgIu-E4uT_m6z1OqNSKvNstphIXDaA_zEzn586CfjrTYpndibG86M07El1AvfnFM_88GNgzh2x494dsVpEZuf7ai3WLUq4Xb46aOGWTxCJGiN8qmD1MUneBNrmPHWu3YuVJ87sBn0vb_xxnH8TiE-Mf5pqMzK8Ba-LUGqTwECtBvKlhGYa2dE88DgcmXD3RCs.N-hgj5daXqH6JJQONNOXeBIkrP8ezj73GQlLwuBbXr0%26dib_tag%3Dse%26keywords%3Dshoes%26qid%3D1781073223%26aref%3DqBRnhMhWP4%26sp_csd%3Dd2lkZ2V0TmFtZT1zcF9hdGZfbmV4dA%26psc%3D1&aref=qBRnhMhWP4&sp_cr=ZAZ,"+5 other colors/patterns Sponsored Sponsored You are seeing this ad based on the product’s relevance to your search query. Let us know Boldfit Sneakers for Man Lightweight Shoes for Men Comfortable Sneakers for Men Air Mesh Casual Shoes Mens Soft Cushion Insole Lace Up Casual Boys Shoe Sneaker DripBloc 4.0 4.0 out of 5 stars (195) Limited time deal Price, product page ₹1,349 ₹ 1,349 M.R.P: ₹4,499 "
Amazon,shoes,ASICS,249894.0,4299.0,42.0,-245595.0,4.4,None,False,Unknown,False,https://www.amazon.in/ASICS-Gel-Contend-Twilight-Cobalt-Running/dp/B0G4HC1V33/ref=sr_1_54?dib=eyJ2IjoiMSJ9.e2PmuGGQJnit5kxturjpCOb_wpVwHKiCfyj6KDCcjqGUP1zVNx9DU2AM7N8g6mLZMD2zhcYvvDlwhjQoodw6ErQ75UXwhWJTPPocuoaoXkwgIu-E4uT_m6z1OqNSKvNstphIXDaA_zEzn586CfjrTYpndibG86M07El1AvfnFM_88GNgzh2x494dsVpEZuf7ai3WLUq4Xb46aOGWTxCJGiN8qmD1MUneBNrmPHWu3YuVJ87sBn0vb_xxnH8TiE-Mf5pqMzK8Ba-LUGqTwECtBvKlhGYa2dE88DgcmXD3RCs.N-hgj5daXqH6JJQONNOXeBIkrP8ezj73GQlLwuBbXr0&dib_tag=se&keywords=shoes&qid=1781073223,"ASICS Mens Gel-Contend 4b+ Sports Shoes 4.4 4.4 out of 5 stars (9) Price, product page ₹2,498.94 ₹ 2,498 . 94 M.R.P: ₹4,299 M.R.P: ₹4,299 ₹4,299 (42% off) Up to 5% back with Amazon Pay ICICI card Up to 5% back with Amazon Pay IC... FREE delivery Mon, 15 Jun Add to cart"
Amazon,shoes,PUMA,201900.0,4499.0,55.0,-197401.0,4.0,Limited Time Deal,True,Unknown,False,https://www.amazon.in/PUMA-Smashic-Comfort-Sneakers-Dust-Black-Gum/dp/B0FYPSRGHN/ref=sr_1_57?dib=eyJ2IjoiMSJ9.e2PmuGGQJnit5kxturjpCOb_wpVwHKiCfyj6KDCcjqGUP1zVNx9DU2AM7N8g6mLZMD2zhcYvvDlwhjQoodw6ErQ75UXwhWJTPPocuoaoXkwgIu-E4uT_m6z1OqNSKvNstphIXDaA_zEzn586CfjrTYpndibG86M07El1AvfnFM_88GNgzh2x494dsVpEZuf7ai3WLUq4Xb46aOGWTxCJGiN8qmD1MUneBNrmPHWu3YuVJ87sBn0vb_xxnH8TiE-Mf5pqMzK8Ba-LUGqTwECtBvKlhGYa2dE88DgcmXD3RCs.N-hgj5daXqH6JJQONNOXeBIkrP8ezj73GQlLwuBbXr0&dib_tag=se&keywords=shoes&qid=1781073223,"Best seller in Men's Sneakers +3 PUMA Unisex Adult Smashic Sneaker 4.0 4.0 out of 5 stars (4.3K) 300+ bought in past month Limited time deal Price, product page ₹2,019 ₹ 2,019 M.R.P: ₹4,499 M.R.P: ₹4,499 ₹4,499 (55% off) Up to 5% back with Amazon Pay ICICI card Up to 5% back with Amazon Pay IC... FREE delivery Sat, 13 Jun Or fastest delivery Tomorrow, 11 Jun Add to cart"
Amazon,shoes,Campus,89900.0,2499.0,64.0,-87401.0,3.9,None,False,Unknown,False,https://www.amazon.in/Campus-Mens-Running-Shoes-India/dp/B0BCQWD1WC/ref=sr_1_58?dib=eyJ2IjoiMSJ9.e2PmuGGQJnit5kxturjpCOb_wpVwHKiCfyj6KDCcjqGUP1zVNx9DU2AM7N8g6mLZMD2zhcYvvDlwhjQoodw6ErQ75UXwhWJTPPocuoaoXkwgIu-E4uT_m6z1OqNSKvNstphIXDaA_zEzn586CfjrTYpndibG86M07El1AvfnFM_88GNgzh2x494dsVpEZuf7ai3WLUq4Xb46aOGWTxCJGiN8qmD1MUneBNrmPHWu3YuVJ87sBn0vb_xxnH8TiE-Mf5pqMzK8Ba-LUGqTwECtBvKlhGYa2dE88DgcmXD3RCs.N-hgj5daXqH6JJQONNOXeBIkrP8ezj73GQlLwuBbXr0&dib_tag=se&keywords=shoes&qid=1781073223,"Campus Men Camp-Hustun Running Shoes 3.9 3.9 out of 5 stars (520) Price, product page ₹899 ₹ 899 M.R.P: ₹2,499 M.R.P: ₹2,499 ₹2,499 (64% off) Up to 5% back with Amazon Pay ICICI card Up to 5% back with Amazon Pay IC... FREE delivery Fri, 12 Jun Or fastest delivery Tomorrow 8 am - 12 pm Add to cart"
Amazon,shoes,Bacca Bucci,169900.0,2999.0,43.0,-166901.0,4.2,None,False,Unknown,False,https://www.amazon.in/Bacca-Bucci-Cappuccino-Skystompers-High-Top/dp/B0D8WG88P6/ref=sr_1_59?dib=eyJ2IjoiMSJ9.e2PmuGGQJnit5kxturjpCOb_wpVwHKiCfyj6KDCcjqGUP1zVNx9DU2AM7N8g6mLZMD2zhcYvvDlwhjQoodw6ErQ75UXwhWJTPPocuoaoXkwgIu-E4uT_m6z1OqNSKvNstphIXDaA_zEzn586CfjrTYpndibG86M07El1AvfnFM_88GNgzh2x494dsVpEZuf7ai3WLUq4Xb46aOGWTxCJGiN8qmD1MUneBNrmPHWu3YuVJ87sBn0vb_xxnH8TiE-Mf5pqMzK8Ba-LUGqTwECtBvKlhGYa2dE88DgcmXD3RCs.N-hgj5daXqH6JJQONNOXeBIkrP8ezj73GQlLwuBbXr0&dib_tag=se&keywords=shoes&qid=1781073223,"Bacca Bucci Men Lace Up Shoes 4.2 4.2 out of 5 stars (269) Price, product page ₹1,699 ₹ 1,699 M.R.P: ₹2,999 M.R.P: ₹2,999 ₹2,999 (43% off) Save 2% 2% off coupon applied Save 2% with coupon (limited sizes/colours) FREE delivery Fri, 12 Jun Or fastest delivery Tomorrow 8 am - 12 pm Add to cart"
Amazon,shoes,DOCTOR EXTRA SOFT,132895.0,5999.0,78.0,-126896.0,4.2,Limited Time Deal,True,Unknown,True,https://www.amazon.in/DOCTOR-EXTRA-SOFT-Comfortable-Lightweight/dp/B0DF5VBQL3/ref=sr_1_60?dib=eyJ2IjoiMSJ9.e2PmuGGQJnit5kxturjpCOb_wpVwHKiCfyj6KDCcjqGUP1zVNx9DU2AM7N8g6mLZMD2zhcYvvDlwhjQoodw6ErQ75UXwhWJTPPocuoaoXkwgIu-E4uT_m6z1OqNSKvNstphIXDaA_zEzn586CfjrTYpndibG86M07El1AvfnFM_88GNgzh2x494dsVpEZuf7ai3WLUq4Xb46aOGWTxCJGiN8qmD1MUneBNrmPHWu3YuVJ87sBn0vb_xxnH8TiE-Mf5pqMzK8Ba-LUGqTwECtBvKlhGYa2dE88DgcmXD3RCs.N-hgj5daXqH6JJQONNOXeBIkrP8ezj73GQlLwuBbXr0&dib_tag=se&keywords=shoes&qid=1781073223,"DOCTOR EXTRA SOFT Men's Sports Shoes with Memory Foam Cushioned Insole|Running Walking Gym Training Jogging Athletics|Comfortable & Stylish|Casual & Lightweight|Slipon Sneaker Gent's & Boy's ART-2008 4.2 4.2 out of 5 stars (2.1K) 50+ bought in past month Limited time deal Price, product page ₹1,328.95 ₹ 1,328 . 95 M.R.P: ₹5,999 M.R.P: ₹5,999 ₹5,999 (78% off) Save 2% 2% off coupon applied Save 2% w"
Amazon,shoes,U.S. POLO ASSN.,197900.0,3599.0,45.0,-194301.0,4.1,None,False,Unknown,False,https://www.amazon.in/U-S-ASSN-Stylish-Casual-Sneaker/dp/B0FC2P6M4B/ref=sr_1_63?dib=eyJ2IjoiMSJ9.e2PmuGGQJnit5kxturjpCOb_wpVwHKiCfyj6KDCcjqGUP1zVNx9DU2AM7N8g6mLZMD2zhcYvvDlwhjQoodw6ErQ75UXwhWJTPPocuoaoXkwgIu-E4uT_m6z1OqNSKvNstphIXDaA_zEzn586CfjrTYpndibG86M07El1AvfnFM_88GNgzh2x494dsVpEZuf7ai3WLUq4Xb46aOGWTxCJGiN8qmD1MUneBNrmPHWu3YuVJ87sBn0vb_xxnH8TiE-Mf5pqMzK8Ba-LUGqTwECtBvKlhGYa2dE88DgcmXD3RCs.N-hgj5daXqH6JJQONNOXeBIkrP8ezj73GQlLwuBbXr0&dib_tag=se&keywords=shoes&qid=1781073223,"+1 U.S. POLO ASSN. Mens Rojas 2.0-Parent Sneaker 4.1 4.1 out of 5 stars (818) 100+ bought in past month Price, product page ₹1,979 ₹ 1,979 M.R.P: ₹3,599 M.R.P: ₹3,599 ₹3,599 (45% off) Up to 5% back with Amazon Pay ICICI card Up to 5% back with Amazon Pay IC... FREE delivery Sat, 13 Jun Or fastest delivery Tomorrow, 11 Jun Add to cart"
Amazon,shoes,PUMA,215900.0,5999.0,64.0,-209901.0,4.1,None,False,Unknown,False,https://www.amazon.in/Puma-Disperse-Evening-Sky-Lime-Training/dp/B0D6VQYZDG/ref=sr_1_64?dib=eyJ2IjoiMSJ9.e2PmuGGQJnit5kxturjpCOb_wpVwHKiCfyj6KDCcjqGUP1zVNx9DU2AM7N8g6mLZMD2zhcYvvDlwhjQoodw6ErQ75UXwhWJTPPocuoaoXkwgIu-E4uT_m6z1OqNSKvNstphIXDaA_zEzn586CfjrTYpndibG86M07El1AvfnFM_88GNgzh2x494dsVpEZuf7ai3WLUq4Xb46aOGWTxCJGiN8qmD1MUneBNrmPHWu3YuVJ87sBn0vb_xxnH8TiE-Mf5pqMzK8Ba-LUGqTwECtBvKlhGYa2dE88DgcmXD3RCs.N-hgj5daXqH6JJQONNOXeBIkrP8ezj73GQlLwuBbXr0&dib_tag=se&keywords=shoes&qid=1781073223,"PUMA Men Smooth Walk Running Shoe 4.1 4.1 out of 5 stars (210) Price, product page ₹2,159 ₹ 2,159 M.R.P: ₹5,999 M.R.P: ₹5,999 ₹5,999 (64% off) Up to 5% back with Amazon Pay ICICI card Up to 5% back with Amazon Pay IC... FREE delivery Fri, 12 Jun Or fastest delivery Tomorrow 8 am - 12 pm Add to cart"
Amazon,shoes,U.S. POLO ASSN.,206400.0,4799.0,57.0,-201601.0,4.0,None,False,Unknown,False,https://www.amazon.in/U-S-POLO-ASSN-Anders-Sneaker/dp/B0BC6LC5NT/ref=sr_1_66?dib=eyJ2IjoiMSJ9.e2PmuGGQJnit5kxturjpCOb_wpVwHKiCfyj6KDCcjqGUP1zVNx9DU2AM7N8g6mLZMD2zhcYvvDlwhjQoodw6ErQ75UXwhWJTPPocuoaoXkwgIu-E4uT_m6z1OqNSKvNstphIXDaA_zEzn586CfjrTYpndibG86M07El1AvfnFM_88GNgzh2x494dsVpEZuf7ai3WLUq4Xb46aOGWTxCJGiN8qmD1MUneBNrmPHWu3YuVJ87sBn0vb_xxnH8TiE-Mf5pqMzK8Ba-LUGqTwECtBvKlhGYa2dE88DgcmXD3RCs.N-hgj5daXqH6JJQONNOXeBIkrP8ezj73GQlLwuBbXr0&dib_tag=se&keywords=shoes&qid=1781073223,"U.S. POLO ASSN. USPA|Anders| Stylish Casual Sneaker Shoes for Man 4.0 4.0 out of 5 stars (511) Price, product page ₹2,064 ₹ 2,064 M.R.P: ₹4,799 M.R.P: ₹4,799 ₹4,799 (57% off) Up to 5% back with Amazon Pay ICICI card Up to 5% back with Amazon Pay IC... FREE delivery Fri, 12 Jun Or fastest delivery Tomorrow 8 am - 12 pm Add to cart"
Amazon,shoes,PUMA,199900.0,4999.0,60.0,-194901.0,4.1,None,False,Unknown,False,https://www.amazon.in/Puma-Turino-II-Suede-Sneakers/dp/B0DXHWZY63/ref=sr_1_68?dib=eyJ2IjoiMSJ9.e2PmuGGQJnit5kxturjpCOb_wpVwHKiCfyj6KDCcjqGUP1zVNx9DU2AM7N8g6mLZMD2zhcYvvDlwhjQoodw6ErQ75UXwhWJTPPocuoaoXkwgIu-E4uT_m6z1OqNSKvNstphIXDaA_zEzn586CfjrTYpndibG86M07El1AvfnFM_88GNgzh2x494dsVpEZuf7ai3WLUq4Xb46aOGWTxCJGiN8qmD1MUneBNrmPHWu3YuVJ87sBn0vb_xxnH8TiE-Mf5pqMzK8Ba-LUGqTwECtBvKlhGYa2dE88DgcmXD3RCs.N-hgj5daXqH6JJQONNOXeBIkrP8ezj73GQlLwuBbXr0&dib_tag=se&keywords=shoes&qid=1781073223,"PUMA Unisex-Adult Turino II Sd Sneaker 4.1 4.1 out of 5 stars (26) 100+ bought in past month Price, product page ₹1,999 ₹ 1,999 M.R.P: ₹4,999 M.R.P: ₹4,999 ₹4,999 (60% off) Up to 5% back with Amazon Pay ICICI card Up to 5% back with Amazon Pay IC... FREE delivery Fri, 12 Jun Add to cart"
Amazon,shoes,SPARX,125800.0,1499.0,16.0,-124301.0,3.8,None,False,Unknown,False,https://www.amazon.in/sspa/click?ie=UTF8&spc=MTozNzU2MzYzNDU5MjU5NTY2OjE3ODEwNzMyMjM6c3BfbXRmOjMwMDczMjg5ODg0ODkzMjo6MDo6&url=%2FSPARX-Sports-Shoe-SM-1032-Black%2Fdp%2FB0DX6WG6LM%2Fref%3Dsr_1_69_sspa%3Fdib%3DeyJ2IjoiMSJ9.e2PmuGGQJnit5kxturjpCOb_wpVwHKiCfyj6KDCcjqGUP1zVNx9DU2AM7N8g6mLZMD2zhcYvvDlwhjQoodw6ErQ75UXwhWJTPPocuoaoXkwgIu-E4uT_m6z1OqNSKvNstphIXDaA_zEzn586CfjrTYpndibG86M07El1AvfnFM_88GNgzh2x494dsVpEZuf7ai3WLUq4Xb46aOGWTxCJGiN8qmD1MUneBNrmPHWu3YuVJ87sBn0vb_xxnH8TiE-Mf5pqMzK8Ba-LUGqTwECtBvKlhGYa2dE88DgcmXD3RCs.N-hgj5daXqH6JJQONNOXeBIkrP8ezj73GQlLwuBbXr0%26dib_tag%3Dse%26keywords%3Dshoes%26qid%3D1781073223%26aref%3DAOoseG6UKO%26sp_csd%3Dd2lkZ2V0TmFtZT1zcF9tdGY%26psc%3D1&aref=AOoseG6UKO&sp_cr=ZAZ,"+2 other colors/patterns Sponsored Sponsored You are seeing this ad based on the product’s relevance to your search query. Let us know SPARX Shoe SM 1032 for Men 3.8 3.8 out of 5 stars (48) Price, product page ₹1,258 ₹ 1,258 M.R.P: ₹1,499 M.R.P: ₹1,499 ₹1,499 (16% off) Up to 5% back with Amazon Pay ICICI card Up to 5% back with Amazon Pay IC... FREE delivery 1 - 21 Jul Add to cart"
Amazon,shoes,SPARX,137400.0,2749.0,50.0,-134651.0,3.5,None,False,Unknown,False,https://www.amazon.in/sspa/click?ie=UTF8&spc=MTozNzU2MzYzNDU5MjU5NTY2OjE3ODEwNzMyMjM6c3BfbXRmOjMwMDkwNjQ2NjEzMzUzMjo6MDo6&url=%2FSPARX-Sports-Shoes-SM-9087-Olive%2Fdp%2FB0FVSGSY22%2Fref%3Dsr_1_70_sspa%3Fdib%3DeyJ2IjoiMSJ9.e2PmuGGQJnit5kxturjpCOb_wpVwHKiCfyj6KDCcjqGUP1zVNx9DU2AM7N8g6mLZMD2zhcYvvDlwhjQoodw6ErQ75UXwhWJTPPocuoaoXkwgIu-E4uT_m6z1OqNSKvNstphIXDaA_zEzn586CfjrTYpndibG86M07El1AvfnFM_88GNgzh2x494dsVpEZuf7ai3WLUq4Xb46aOGWTxCJGiN8qmD1MUneBNrmPHWu3YuVJ87sBn0vb_xxnH8TiE-Mf5pqMzK8Ba-LUGqTwECtBvKlhGYa2dE88DgcmXD3RCs.N-hgj5daXqH6JJQONNOXeBIkrP8ezj73GQlLwuBbXr0%26dib_tag%3Dse%26keywords%3Dshoes%26qid%3D1781073223%26aref%3DdXVjN1QtMo%26sp_csd%3Dd2lkZ2V0TmFtZT1zcF9tdGY%26psc%3D1&aref=dXVjN1QtMo&sp_cr=ZAZ,"+1 other color/pattern Sponsored Sponsored You are seeing this ad based on the product’s relevance to your search query. Let us know SPARX Training and Gym Shoes SM-9087 for Men | Comfortable, Flexible & Suitable and Workouts 3.5 3.5 out of 5 stars (11) Price, product page ₹1,374 ₹ 1,374 M.R.P: ₹2,749 M.R.P: ₹2,749 ₹2,749 (50% off) Up to 5% back with Amazon Pay ICICI card Up to 5% back with Amazon"
Amazon,shoes,Nike,429500.0,,,,4.0,None,False,Unknown,False,https://www.amazon.in/Nike-Revolution-Black-Smoke-Grey-White-Running/dp/B0DPHT15ZD/ref=sr_1_73?dib=eyJ2IjoiMSJ9.e2PmuGGQJnit5kxturjpCOb_wpVwHKiCfyj6KDCcjqGUP1zVNx9DU2AM7N8g6mLZMD2zhcYvvDlwhjQoodw6ErQ75UXwhWJTPPocuoaoXkwgIu-E4uT_m6z1OqNSKvNstphIXDaA_zEzn586CfjrTYpndibG86M07El1AvfnFM_88GNgzh2x494dsVpEZuf7ai3WLUq4Xb46aOGWTxCJGiN8qmD1MUneBNrmPHWu3YuVJ87sBn0vb_xxnH8TiE-Mf5pqMzK8Ba-LUGqTwECtBvKlhGYa2dE88DgcmXD3RCs.N-hgj5daXqH6JJQONNOXeBIkrP8ezj73GQlLwuBbXr0&dib_tag=se&keywords=shoes&qid=1781073223,"+5 Nike Nike Mens Revolution Running Shoes 4.0 4.0 out of 5 stars (1.5K) Price, product page ₹4,295 ₹ 4,295 Up to 5% back with Amazon Pay ICICI card Up to 5% back with Amazon Pay IC... FREE delivery Sun, 14 Jun Or fastest delivery Fri, 12 Jun Add to cart"
Amazon,shoes,adidas,279900.0,5599.0,50.0,-274301.0,4.0,None,False,Unknown,False,https://www.amazon.in/Adidas-Synthetic-Courun-Avant-Running/dp/B0C4DMN3Y5/ref=sr_1_74?dib=eyJ2IjoiMSJ9.e2PmuGGQJnit5kxturjpCOb_wpVwHKiCfyj6KDCcjqGUP1zVNx9DU2AM7N8g6mLZMD2zhcYvvDlwhjQoodw6ErQ75UXwhWJTPPocuoaoXkwgIu-E4uT_m6z1OqNSKvNstphIXDaA_zEzn586CfjrTYpndibG86M07El1AvfnFM_88GNgzh2x494dsVpEZuf7ai3WLUq4Xb46aOGWTxCJGiN8qmD1MUneBNrmPHWu3YuVJ87sBn0vb_xxnH8TiE-Mf5pqMzK8Ba-LUGqTwECtBvKlhGYa2dE88DgcmXD3RCs.N-hgj5daXqH6JJQONNOXeBIkrP8ezj73GQlLwuBbXr0&dib_tag=se&keywords=shoes&qid=1781073223,"+1 adidas Men Courun Avant M Running Shoe 4.0 4.0 out of 5 stars (1.9K) Price, product page ₹2,799 ₹ 2,799 M.R.P: ₹5,599 M.R.P: ₹5,599 ₹5,599 (50% off) Up to 5% back with Amazon Pay ICICI card Up to 5% back with Amazon Pay IC... FREE delivery Fri, 12 Jun Or fastest delivery Tomorrow 8 am - 12 pm Add to cart"
Amazon,shoes,PUMA,259900.0,7999.0,68.0,-251901.0,4.1,Limited Time Deal,True,Unknown,False,https://www.amazon.in/PUMA-Motorsport-Decima-Sneakers-White-Pro/dp/B0GFKR43BL/ref=sr_1_75?dib=eyJ2IjoiMSJ9.e2PmuGGQJnit5kxturjpCOb_wpVwHKiCfyj6KDCcjqGUP1zVNx9DU2AM7N8g6mLZMD2zhcYvvDlwhjQoodw6ErQ75UXwhWJTPPocuoaoXkwgIu-E4uT_m6z1OqNSKvNstphIXDaA_zEzn586CfjrTYpndibG86M07El1AvfnFM_88GNgzh2x494dsVpEZuf7ai3WLUq4Xb46aOGWTxCJGiN8qmD1MUneBNrmPHWu3YuVJ87sBn0vb_xxnH8TiE-Mf5pqMzK8Ba-LUGqTwECtBvKlhGYa2dE88DgcmXD3RCs.N-hgj5daXqH6JJQONNOXeBIkrP8ezj73GQlLwuBbXr0&dib_tag=se&keywords=shoes&qid=1781073223,"PUMA Unisex-Adult BMW MMS Drift Cat Decima Sneaker 4.1 4.1 out of 5 stars (127) Limited time deal Price, product page ₹2,599 ₹ 2,599 M.R.P: ₹7,999 M.R.P: ₹7,999 ₹7,999 (68% off) Up to 5% back with Amazon Pay ICICI card Up to 5% back with Amazon Pay IC... FREE delivery Sat, 13 Jun Or fastest delivery Tomorrow, 11 Jun Add to cart"
Amazon,shoes,U.S. POLO ASSN.,259900.0,4999.0,48.0,-254901.0,4.2,None,False,Unknown,False,https://www.amazon.in/U-S-ASSN-Stylish-Casual-Sneaker/dp/B0F84F3FWT/ref=sr_1_76?dib=eyJ2IjoiMSJ9.e2PmuGGQJnit5kxturjpCOb_wpVwHKiCfyj6KDCcjqGUP1zVNx9DU2AM7N8g6mLZMD2zhcYvvDlwhjQoodw6ErQ75UXwhWJTPPocuoaoXkwgIu-E4uT_m6z1OqNSKvNstphIXDaA_zEzn586CfjrTYpndibG86M07El1AvfnFM_88GNgzh2x494dsVpEZuf7ai3WLUq4Xb46aOGWTxCJGiN8qmD1MUneBNrmPHWu3YuVJ87sBn0vb_xxnH8TiE-Mf5pqMzK8Ba-LUGqTwECtBvKlhGYa2dE88DgcmXD3RCs.N-hgj5daXqH6JJQONNOXeBIkrP8ezj73GQlLwuBbXr0&dib_tag=se&keywords=shoes&qid=1781073223,"U.S. POLO ASSN. USPA U.S. Polo Assn Men|Bruce|Black Stylish Casual Sneaker Shoes for Man 4.2 4.2 out of 5 stars (187) Price, product page ₹2,599 ₹ 2,599 M.R.P: ₹4,999 M.R.P: ₹4,999 ₹4,999 (48% off) Save 4% 4% off coupon applied Save 4% with coupon (limited sizes/colours) FREE delivery Sat, 13 Jun Or fastest delivery Tomorrow, 11 Jun Add to cart"
Amazon,shoes,Nike,295600.0,3695.0,20.0,-291905.0,4.2,Limited Time Deal,True,Unknown,False,https://www.amazon.in/Nike-Revolution-White-Platinum-White-Running/dp/B0CL8CJPCN/ref=sr_1_77?dib=eyJ2IjoiMSJ9.e2PmuGGQJnit5kxturjpCOb_wpVwHKiCfyj6KDCcjqGUP1zVNx9DU2AM7N8g6mLZMD2zhcYvvDlwhjQoodw6ErQ75UXwhWJTPPocuoaoXkwgIu-E4uT_m6z1OqNSKvNstphIXDaA_zEzn586CfjrTYpndibG86M07El1AvfnFM_88GNgzh2x494dsVpEZuf7ai3WLUq4Xb46aOGWTxCJGiN8qmD1MUneBNrmPHWu3YuVJ87sBn0vb_xxnH8TiE-Mf5pqMzK8Ba-LUGqTwECtBvKlhGYa2dE88DgcmXD3RCs.N-hgj5daXqH6JJQONNOXeBIkrP8ezj73GQlLwuBbXr0&dib_tag=se&keywords=shoes&qid=1781073223,"Nike Nike Mens Revolution Running Shoes 4.2 4.2 out of 5 stars (2.8K) Limited time deal Price, product page ₹2,956 ₹ 2,956 M.R.P: ₹3,695 M.R.P: ₹3,695 ₹3,695 (20% off) Up to 5% back with Amazon Pay ICICI card Up to 5% back with Amazon Pay IC... FREE delivery Sun, 14 Jun Or fastest delivery Fri, 12 Jun Add to cart"
Amazon,shoes,adidas,247900.0,4299.0,42.0,-243601.0,3.9,None,False,Unknown,False,https://www.amazon.in/Adidas-Stone-Ftwwht-Acimin-Running/dp/B0928MZL9R/ref=sr_1_78?dib=eyJ2IjoiMSJ9.e2PmuGGQJnit5kxturjpCOb_wpVwHKiCfyj6KDCcjqGUP1zVNx9DU2AM7N8g6mLZMD2zhcYvvDlwhjQoodw6ErQ75UXwhWJTPPocuoaoXkwgIu-E4uT_m6z1OqNSKvNstphIXDaA_zEzn586CfjrTYpndibG86M07El1AvfnFM_88GNgzh2x494dsVpEZuf7ai3WLUq4Xb46aOGWTxCJGiN8qmD1MUneBNrmPHWu3YuVJ87sBn0vb_xxnH8TiE-Mf5pqMzK8Ba-LUGqTwECtBvKlhGYa2dE88DgcmXD3RCs.N-hgj5daXqH6JJQONNOXeBIkrP8ezj73GQlLwuBbXr0&dib_tag=se&keywords=shoes&qid=1781073223,"adidas Men Fluidglow M Running Shoe 3.9 3.9 out of 5 stars (3.1K) 100+ bought in past month Price, product page ₹2,479 ₹ 2,479 M.R.P: ₹4,299 M.R.P: ₹4,299 ₹4,299 (42% off) Up to 5% back with Amazon Pay ICICI card Up to 5% back with Amazon Pay IC... FREE delivery Fri, 12 Jun Or fastest delivery Tomorrow 8 am - 12 pm Add to cart"
Amazon,shoes,Skechers,285900.0,5499.0,48.0,-280401.0,4.4,None,False,Unknown,False,https://www.amazon.in/Skechers-232005ID-SLT-Skechers-Mens-Casual-Shoes-BOUNDER-232005ID-SLT-10/dp/B0GF7CL8WN/ref=sr_1_79?dib=eyJ2IjoiMSJ9.e2PmuGGQJnit5kxturjpCOb_wpVwHKiCfyj6KDCcjqGUP1zVNx9DU2AM7N8g6mLZMD2zhcYvvDlwhjQoodw6ErQ75UXwhWJTPPocuoaoXkwgIu-E4uT_m6z1OqNSKvNstphIXDaA_zEzn586CfjrTYpndibG86M07El1AvfnFM_88GNgzh2x494dsVpEZuf7ai3WLUq4Xb46aOGWTxCJGiN8qmD1MUneBNrmPHWu3YuVJ87sBn0vb_xxnH8TiE-Mf5pqMzK8Ba-LUGqTwECtBvKlhGYa2dE88DgcmXD3RCs.N-hgj5daXqH6JJQONNOXeBIkrP8ezj73GQlLwuBbXr0&dib_tag=se&keywords=shoes&qid=1781073223,"Skechers Mens Bounder Sneaker 4.4 4.4 out of 5 stars (18) Price, product page ₹2,859 ₹ 2,859 M.R.P: ₹5,499 M.R.P: ₹5,499 ₹5,499 (48% off) Up to 5% back with Amazon Pay ICICI card Up to 5% back with Amazon Pay IC... FREE delivery Sat, 13 Jun Or fastest delivery Tomorrow, 11 Jun Add to cart"
Amazon,shoes,Campus,79900.0,2199.0,64.0,-77701.0,4.2,None,False,Unknown,False,https://www.amazon.in/Campus-Mens-Static-Silver-Sneakers/dp/B0GGYSSKGQ/ref=sr_1_81?dib=eyJ2IjoiMSJ9.e2PmuGGQJnit5kxturjpCOb_wpVwHKiCfyj6KDCcjqGUP1zVNx9DU2AM7N8g6mLZMD2zhcYvvDlwhjQoodw6ErQ75UXwhWJTPPocuoaoXkwgIu-E4uT_m6z1OqNSKvNstphIXDaA_zEzn586CfjrTYpndibG86M07El1AvfnFM_88GNgzh2x494dsVpEZuf7ai3WLUq4Xb46aOGWTxCJGiN8qmD1MUneBNrmPHWu3YuVJ87sBn0vb_xxnH8TiE-Mf5pqMzK8Ba-LUGqTwECtBvKlhGYa2dE88DgcmXD3RCs.N-hgj5daXqH6JJQONNOXeBIkrP8ezj73GQlLwuBbXr0&dib_tag=se&keywords=shoes&qid=1781073223,"Campus Men's Static Sneakers 4.2 4.2 out of 5 stars (65) Price, product page ₹799 ₹ 799 M.R.P: ₹2,199 M.R.P: ₹2,199 ₹2,199 (64% off) Up to 5% back with Amazon Pay ICICI card Up to 5% back with Amazon Pay IC... FREE delivery Fri, 12 Jun Or fastest delivery Tomorrow 8 am - 12 pm Add to cart"
Amazon,shoes,new balance,233300.0,10999.0,79.0,-222301.0,4.2,None,False,Unknown,True,https://www.amazon.in/New-Balance-Mens-Lifestyle-Blue/dp/B084MK3ZZ4/ref=sr_1_82?dib=eyJ2IjoiMSJ9.e2PmuGGQJnit5kxturjpCOb_wpVwHKiCfyj6KDCcjqGUP1zVNx9DU2AM7N8g6mLZMD2zhcYvvDlwhjQoodw6ErQ75UXwhWJTPPocuoaoXkwgIu-E4uT_m6z1OqNSKvNstphIXDaA_zEzn586CfjrTYpndibG86M07El1AvfnFM_88GNgzh2x494dsVpEZuf7ai3WLUq4Xb46aOGWTxCJGiN8qmD1MUneBNrmPHWu3YuVJ87sBn0vb_xxnH8TiE-Mf5pqMzK8Ba-LUGqTwECtBvKlhGYa2dE88DgcmXD3RCs.N-hgj5daXqH6JJQONNOXeBIkrP8ezj73GQlLwuBbXr0&dib_tag=se&keywords=shoes&qid=1781073223,"+3 new balance Mens 720 Sneaker 4.2 4.2 out of 5 stars (20) Price, product page ₹2,333 ₹ 2,333 M.R.P: ₹10,999 M.R.P: ₹10,999 ₹10,999 (79% off) Up to 5% back with Amazon Pay ICICI card Up to 5% back with Amazon Pay IC... FREE delivery Sat, 13 Jun Or fastest delivery Tomorrow, 11 Jun Add to cart"
Amazon,shoes,Li-Ning,599000.0,10990.0,45.0,-588010.0,4.4,None,False,Unknown,False,https://www.amazon.in/Li-Ning-Badminton-Lightweight-Breathable-Standard/dp/B0GLQDK2JG/ref=sr_1_84?dib=eyJ2IjoiMSJ9.e2PmuGGQJnit5kxturjpCOb_wpVwHKiCfyj6KDCcjqGUP1zVNx9DU2AM7N8g6mLZMD2zhcYvvDlwhjQoodw6ErQ75UXwhWJTPPocuoaoXkwgIu-E4uT_m6z1OqNSKvNstphIXDaA_zEzn586CfjrTYpndibG86M07El1AvfnFM_88GNgzh2x494dsVpEZuf7ai3WLUq4Xb46aOGWTxCJGiN8qmD1MUneBNrmPHWu3YuVJ87sBn0vb_xxnH8TiE-Mf5pqMzK8Ba-LUGqTwECtBvKlhGYa2dE88DgcmXD3RCs.N-hgj5daXqH6JJQONNOXeBIkrP8ezj73GQlLwuBbXr0&dib_tag=se&keywords=shoes&qid=1781073223,"Li-Ning Ranger Force Non Marking Badminton Shoes | All Indoor Sports | Lightweight, Breathable & Durable 4.4 4.4 out of 5 stars (26) Price, product page ₹5,990 ₹ 5,990 M.R.P: ₹10,990 M.R.P: ₹10,990 ₹10,990 (45% off) Up to 5% back with Amazon Pay ICICI card Up to 5% back with Amazon Pay IC... FREE delivery Fri, 12 Jun Or fastest delivery Tomorrow 8 am - 12 pm Add to cart"
Amazon,shoes,PUMA,175000.0,4999.0,65.0,-170001.0,4.1,None,False,Unknown,False,https://www.amazon.in/Unisex-Adult-Badminton-Sprint-White-Black-10930402/dp/B0FPGHBBTQ/ref=sr_1_86?dib=eyJ2IjoiMSJ9.e2PmuGGQJnit5kxturjpCOb_wpVwHKiCfyj6KDCcjqGUP1zVNx9DU2AM7N8g6mLZMD2zhcYvvDlwhjQoodw6ErQ75UXwhWJTPPocuoaoXkwgIu-E4uT_m6z1OqNSKvNstphIXDaA_zEzn586CfjrTYpndibG86M07El1AvfnFM_88GNgzh2x494dsVpEZuf7ai3WLUq4Xb46aOGWTxCJGiN8qmD1MUneBNrmPHWu3YuVJ87sBn0vb_xxnH8TiE-Mf5pqMzK8Ba-LUGqTwECtBvKlhGYa2dE88DgcmXD3RCs.N-hgj5daXqH6JJQONNOXeBIkrP8ezj73GQlLwuBbXr0&dib_tag=se&keywords=shoes&qid=1781073223,"PUMA Unisex-Adult Badminton Smash Sprint Indoor Shoe 4.1 4.1 out of 5 stars (228) 100+ bought in past month Price, product page ₹1,750 ₹ 1,750 M.R.P: ₹4,999 M.R.P: ₹4,999 ₹4,999 (65% off) Up to 5% back with Amazon Pay ICICI card Up to 5% back with Amazon Pay IC... FREE delivery Fri, 12 Jun Or fastest delivery Tomorrow 8 am - 12 pm Add to cart"
Amazon,shoes,adidas,319900.0,5599.0,43.0,-314301.0,4.0,None,False,Unknown,False,https://www.amazon.in/Adidas-Synthetic-Courun-Avant-Running/dp/B0C4DLW7ZV/ref=sr_1_87?dib=eyJ2IjoiMSJ9.e2PmuGGQJnit5kxturjpCOb_wpVwHKiCfyj6KDCcjqGUP1zVNx9DU2AM7N8g6mLZMD2zhcYvvDlwhjQoodw6ErQ75UXwhWJTPPocuoaoXkwgIu-E4uT_m6z1OqNSKvNstphIXDaA_zEzn586CfjrTYpndibG86M07El1AvfnFM_88GNgzh2x494dsVpEZuf7ai3WLUq4Xb46aOGWTxCJGiN8qmD1MUneBNrmPHWu3YuVJ87sBn0vb_xxnH8TiE-Mf5pqMzK8Ba-LUGqTwECtBvKlhGYa2dE88DgcmXD3RCs.N-hgj5daXqH6JJQONNOXeBIkrP8ezj73GQlLwuBbXr0&dib_tag=se&keywords=shoes&qid=1781073223,"+1 adidas Men Courun Avant M Running Shoe 4.0 4.0 out of 5 stars (1.9K) Price, product page ₹3,199 ₹ 3,199 M.R.P: ₹5,599 M.R.P: ₹5,599 ₹5,599 (43% off) Up to 5% back with Amazon Pay ICICI card Up to 5% back with Amazon Pay IC... FREE delivery Fri, 12 Jun Or fastest delivery Tomorrow 8 am - 12 pm Add to cart"
Amazon,shoes,Campus,62900.0,1899.0,67.0,-61001.0,4.0,None,False,Unknown,False,https://www.amazon.in/Campus-C-BLU-Denim-Running-Shoes/dp/B0FR991DHJ/ref=sr_1_89?dib=eyJ2IjoiMSJ9.e2PmuGGQJnit5kxturjpCOb_wpVwHKiCfyj6KDCcjqGUP1zVNx9DU2AM7N8g6mLZMD2zhcYvvDlwhjQoodw6ErQ75UXwhWJTPPocuoaoXkwgIu-E4uT_m6z1OqNSKvNstphIXDaA_zEzn586CfjrTYpndibG86M07El1AvfnFM_88GNgzh2x494dsVpEZuf7ai3WLUq4Xb46aOGWTxCJGiN8qmD1MUneBNrmPHWu3YuVJ87sBn0vb_xxnH8TiE-Mf5pqMzK8Ba-LUGqTwECtBvKlhGYa2dE88DgcmXD3RCs.N-hgj5daXqH6JJQONNOXeBIkrP8ezj73GQlLwuBbXr0&dib_tag=se&keywords=shoes&qid=1781073223,"Campus Men's MASK Running Shoes 4.0 4.0 out of 5 stars (154) Price, product page ₹629 ₹ 629 M.R.P: ₹1,899 M.R.P: ₹1,899 ₹1,899 (67% off) Up to 5% back with Amazon Pay ICICI card Up to 5% back with Amazon Pay IC... FREE delivery Fri, 12 Jun Or fastest delivery Tomorrow 8 am - 12 pm Add to cart"
Amazon,shoes,Woodland,275300.0,4495.0,39.0,-270805.0,4.1,None,False,Unknown,False,https://www.amazon.in/Woodland-Leather-Casual-GC-0572108NW/dp/B0BR5K1YX3/ref=sr_1_91?dib=eyJ2IjoiMSJ9.e2PmuGGQJnit5kxturjpCOb_wpVwHKiCfyj6KDCcjqGUP1zVNx9DU2AM7N8g6mLZMD2zhcYvvDlwhjQoodw6ErQ75UXwhWJTPPocuoaoXkwgIu-E4uT_m6z1OqNSKvNstphIXDaA_zEzn586CfjrTYpndibG86M07El1AvfnFM_88GNgzh2x494dsVpEZuf7ai3WLUq4Xb46aOGWTxCJGiN8qmD1MUneBNrmPHWu3YuVJ87sBn0vb_xxnH8TiE-Mf5pqMzK8Ba-LUGqTwECtBvKlhGYa2dE88DgcmXD3RCs.N-hgj5daXqH6JJQONNOXeBIkrP8ezj73GQlLwuBbXr0&dib_tag=se&keywords=shoes&qid=1781073223,"Woodland Men's Sneaker 4.1 4.1 out of 5 stars (2.3K) Price, product page ₹2,753 ₹ 2,753 M.R.P: ₹4,495 M.R.P: ₹4,495 ₹4,495 (39% off) Up to 5% back with Amazon Pay ICICI card Up to 5% back with Amazon Pay IC... FREE delivery Fri, 12 Jun Or fastest delivery Tomorrow 8 am - 12 pm Add to cart"
Amazon,shoes,Bata,74900.0,799.0,6.0,-74101.0,3.5,None,False,Unknown,False,https://www.amazon.in/Bata-Men-Casual-Lace-up-Shoes/dp/B0C9H1H6T9/ref=sr_1_93?dib=eyJ2IjoiMSJ9.e2PmuGGQJnit5kxturjpCOb_wpVwHKiCfyj6KDCcjqGUP1zVNx9DU2AM7N8g6mLZMD2zhcYvvDlwhjQoodw6ErQ75UXwhWJTPPocuoaoXkwgIu-E4uT_m6z1OqNSKvNstphIXDaA_zEzn586CfjrTYpndibG86M07El1AvfnFM_88GNgzh2x494dsVpEZuf7ai3WLUq4Xb46aOGWTxCJGiN8qmD1MUneBNrmPHWu3YuVJ87sBn0vb_xxnH8TiE-Mf5pqMzK8Ba-LUGqTwECtBvKlhGYa2dE88DgcmXD3RCs.N-hgj5daXqH6JJQONNOXeBIkrP8ezj73GQlLwuBbXr0&dib_tag=se&keywords=shoes&qid=1781073223,"Bata Men Pull On Sports Shoes 3.5 3.5 out of 5 stars (156) Price, product page ₹749 ₹ 749 M.R.P: ₹799 M.R.P: ₹799 ₹799 (6% off) Up to 5% back with Amazon Pay ICICI card Up to 5% back with Amazon Pay IC... FREE delivery Sun, 14 Jun Or fastest delivery Fri, 12 Jun Add to cart"
Amazon,shoes,Hush Puppies,260900.0,3799.0,31.0,-257101.0,3.9,Limited Time Deal,True,Unknown,False,https://www.amazon.in/Hush-Puppies-Oxford-Black-8356000/dp/B0CC2N3WYQ/ref=sr_1_94?dib=eyJ2IjoiMSJ9.e2PmuGGQJnit5kxturjpCOb_wpVwHKiCfyj6KDCcjqGUP1zVNx9DU2AM7N8g6mLZMD2zhcYvvDlwhjQoodw6ErQ75UXwhWJTPPocuoaoXkwgIu-E4uT_m6z1OqNSKvNstphIXDaA_zEzn586CfjrTYpndibG86M07El1AvfnFM_88GNgzh2x494dsVpEZuf7ai3WLUq4Xb46aOGWTxCJGiN8qmD1MUneBNrmPHWu3YuVJ87sBn0vb_xxnH8TiE-Mf5pqMzK8Ba-LUGqTwECtBvKlhGYa2dE88DgcmXD3RCs.N-hgj5daXqH6JJQONNOXeBIkrP8ezj73GQlLwuBbXr0&dib_tag=se&keywords=shoes&qid=1781073223,"Hush Puppies Men's Lace-up Formal Shoes 3.9 3.9 out of 5 stars (375) 50+ bought in past month Limited time deal Price, product page ₹2,609 ₹ 2,609 M.R.P: ₹3,799 M.R.P: ₹3,799 ₹3,799 (31% off) Up to 5% back with Amazon Pay ICICI card Up to 5% back with Amazon Pay IC... FREE delivery Fri, 12 Jun Or fastest delivery Tomorrow 8 am - 12 pm Add to cart"
Amazon,shoes,YOHO,243400.0,3579.0,32.0,-239821.0,4.3,None,False,Unknown,False,https://www.amazon.in/YOHO-Cedar-Comfortable-Sneakers-Classic/dp/B0G1YFSK3H/ref=sr_1_95?dib=eyJ2IjoiMSJ9.e2PmuGGQJnit5kxturjpCOb_wpVwHKiCfyj6KDCcjqGUP1zVNx9DU2AM7N8g6mLZMD2zhcYvvDlwhjQoodw6ErQ75UXwhWJTPPocuoaoXkwgIu-E4uT_m6z1OqNSKvNstphIXDaA_zEzn586CfjrTYpndibG86M07El1AvfnFM_88GNgzh2x494dsVpEZuf7ai3WLUq4Xb46aOGWTxCJGiN8qmD1MUneBNrmPHWu3YuVJ87sBn0vb_xxnH8TiE-Mf5pqMzK8Ba-LUGqTwECtBvKlhGYa2dE88DgcmXD3RCs.N-hgj5daXqH6JJQONNOXeBIkrP8ezj73GQlLwuBbXr0&dib_tag=se&keywords=shoes&qid=1781073223,"YOHO Cedar Shoes for Men | Big Size Shoes |Comfortable Large Feet Sneakers 4.3 4.3 out of 5 stars (23) Price, product page ₹2,434 ₹ 2,434 M.R.P: ₹3,579 M.R.P: ₹3,579 ₹3,579 (32% off) Up to 5% back with Amazon Pay ICICI card Up to 5% back with Amazon Pay IC... FREE delivery Fri, 12 Jun Or fastest delivery Tomorrow 8 am - 12 pm Add to cart"
Amazon,shoes,SPARX,144400.0,1649.0,12.0,-142751.0,5.0,None,False,Unknown,False,https://www.amazon.in/SPARX-Sports-Shoes-905-Black/dp/B0FFW51RM1/ref=sr_1_96?dib=eyJ2IjoiMSJ9.e2PmuGGQJnit5kxturjpCOb_wpVwHKiCfyj6KDCcjqGUP1zVNx9DU2AM7N8g6mLZMD2zhcYvvDlwhjQoodw6ErQ75UXwhWJTPPocuoaoXkwgIu-E4uT_m6z1OqNSKvNstphIXDaA_zEzn586CfjrTYpndibG86M07El1AvfnFM_88GNgzh2x494dsVpEZuf7ai3WLUq4Xb46aOGWTxCJGiN8qmD1MUneBNrmPHWu3YuVJ87sBn0vb_xxnH8TiE-Mf5pqMzK8Ba-LUGqTwECtBvKlhGYa2dE88DgcmXD3RCs.N-hgj5daXqH6JJQONNOXeBIkrP8ezj73GQlLwuBbXr0&dib_tag=se&keywords=shoes&qid=1781073223,"SPARX Mens Sm 905 Sports Shoes 5.0 5.0 out of 5 stars (3) Price, product page ₹1,444 ₹ 1,444 M.R.P: ₹1,649 M.R.P: ₹1,649 ₹1,649 (12% off) Up to 5% back with Amazon Pay ICICI card Up to 5% back with Amazon Pay IC... FREE delivery Fri, 12 Jun Or fastest delivery Tomorrow 8 am - 12 pm Add to cart"
Amazon,shoes,Reebok,323900.0,4999.0,35.0,-318901.0,4.2,None,False,Unknown,False,https://www.amazon.in/Reebok-Zig-Titanica-Lite-Running/dp/B0FL76NWMX/ref=sr_1_97?dib=eyJ2IjoiMSJ9.e2PmuGGQJnit5kxturjpCOb_wpVwHKiCfyj6KDCcjqGUP1zVNx9DU2AM7N8g6mLZMD2zhcYvvDlwhjQoodw6ErQ75UXwhWJTPPocuoaoXkwgIu-E4uT_m6z1OqNSKvNstphIXDaA_zEzn586CfjrTYpndibG86M07El1AvfnFM_88GNgzh2x494dsVpEZuf7ai3WLUq4Xb46aOGWTxCJGiN8qmD1MUneBNrmPHWu3YuVJ87sBn0vb_xxnH8TiE-Mf5pqMzK8Ba-LUGqTwECtBvKlhGYa2dE88DgcmXD3RCs.N-hgj5daXqH6JJQONNOXeBIkrP8ezj73GQlLwuBbXr0&dib_tag=se&keywords=shoes&qid=1781073223,"Reebok Men's Running Shoes Lightweight Cushioned Sports Shoes for Men | Lightweight Gym Shoe for Men | Running, Jogging, Walking & Gym | Zig Titanica Lite 4.2 4.2 out of 5 stars (156) 50+ bought in past month Price, product page ₹3,239 ₹ 3,239 M.R.P: ₹4,999 M.R.P: ₹4,999 ₹4,999 (35% off) Up to 5% back with Amazon Pay ICICI card Up to 5% back with Amazon Pay IC... FREE delivery Fri, 12 Jun Or faste"
Amazon,shoes,U.S. POLO ASSN.,204500.0,3299.0,38.0,-201201.0,3.8,None,False,Unknown,False,https://www.amazon.in/U-S-Polo-Assn-Sneaker-White/dp/B0F8VGQS1N/ref=sr_1_98?dib=eyJ2IjoiMSJ9.e2PmuGGQJnit5kxturjpCOb_wpVwHKiCfyj6KDCcjqGUP1zVNx9DU2AM7N8g6mLZMD2zhcYvvDlwhjQoodw6ErQ75UXwhWJTPPocuoaoXkwgIu-E4uT_m6z1OqNSKvNstphIXDaA_zEzn586CfjrTYpndibG86M07El1AvfnFM_88GNgzh2x494dsVpEZuf7ai3WLUq4Xb46aOGWTxCJGiN8qmD1MUneBNrmPHWu3YuVJ87sBn0vb_xxnH8TiE-Mf5pqMzK8Ba-LUGqTwECtBvKlhGYa2dE88DgcmXD3RCs.N-hgj5daXqH6JJQONNOXeBIkrP8ezj73GQlLwuBbXr0&dib_tag=se&keywords=shoes&qid=1781073223,"U.S. POLO ASSN. Mens Abor 3.0 Sneaker 3.8 3.8 out of 5 stars (337) 100+ bought in past month Price, product page ₹2,045 ₹ 2,045 M.R.P: ₹3,299 M.R.P: ₹3,299 ₹3,299 (38% off) Up to 5% back with Amazon Pay ICICI card Up to 5% back with Amazon Pay IC... FREE delivery Fri, 12 Jun Or fastest delivery Tomorrow 8 am - 12 pm Add to cart"
Amazon,shoes,Nike,539700.0,10795.0,50.0,-528905.0,4.4,Limited Time Deal,True,Unknown,False,https://www.amazon.in/Nike-5-White-Sundial-Football-Grey-Ashen-SLATE-DV3949-102-8UK/dp/B0CZHGMK3L/ref=sr_1_99?dib=eyJ2IjoiMSJ9.e2PmuGGQJnit5kxturjpCOb_wpVwHKiCfyj6KDCcjqGUP1zVNx9DU2AM7N8g6mLZMD2zhcYvvDlwhjQoodw6ErQ75UXwhWJTPPocuoaoXkwgIu-E4uT_m6z1OqNSKvNstphIXDaA_zEzn586CfjrTYpndibG86M07El1AvfnFM_88GNgzh2x494dsVpEZuf7ai3WLUq4Xb46aOGWTxCJGiN8qmD1MUneBNrmPHWu3YuVJ87sBn0vb_xxnH8TiE-Mf5pqMzK8Ba-LUGqTwECtBvKlhGYa2dE88DgcmXD3RCs.N-hgj5daXqH6JJQONNOXeBIkrP8ezj73GQlLwuBbXr0&dib_tag=se&keywords=shoes&qid=1781073223,"Nike Nike Men Metcon 5 Training Shoes 4.4 4.4 out of 5 stars (201) Limited time deal Price, product page ₹5,397 ₹ 5,397 M.R.P: ₹10,795 M.R.P: ₹10,795 ₹10,795 (50% off) Up to 5% back with Amazon Pay ICICI card Up to 5% back with Amazon Pay IC... FREE delivery Sun, 14 Jun Or fastest delivery Fri, 12 Jun Add to cart"
Amazon,shoes,U.S. POLO ASSN.,259100.0,4799.0,46.0,-254301.0,4.2,None,False,Unknown,False,https://www.amazon.in/U-S-Assn-Stylish-Casual-Sneaker/dp/B0G1BQ6SF3/ref=sr_1_100?dib=eyJ2IjoiMSJ9.e2PmuGGQJnit5kxturjpCOb_wpVwHKiCfyj6KDCcjqGUP1zVNx9DU2AM7N8g6mLZMD2zhcYvvDlwhjQoodw6ErQ75UXwhWJTPPocuoaoXkwgIu-E4uT_m6z1OqNSKvNstphIXDaA_zEzn586CfjrTYpndibG86M07El1AvfnFM_88GNgzh2x494dsVpEZuf7ai3WLUq4Xb46aOGWTxCJGiN8qmD1MUneBNrmPHWu3YuVJ87sBn0vb_xxnH8TiE-Mf5pqMzK8Ba-LUGqTwECtBvKlhGYa2dE88DgcmXD3RCs.N-hgj5daXqH6JJQONNOXeBIkrP8ezj73GQlLwuBbXr0&dib_tag=se&keywords=shoes&qid=1781073223,"U.S. POLO ASSN. Mens Simon 2.0 Sneaker 4.2 4.2 out of 5 stars (77) Price, product page ₹2,591 ₹ 2,591 M.R.P: ₹4,799 M.R.P: ₹4,799 ₹4,799 (46% off) Up to 5% back with Amazon Pay ICICI card Up to 5% back with Amazon Pay IC... FREE delivery Fri, 12 Jun Or fastest delivery Tomorrow 8 am - 12 pm Add to cart"
Amazon,shoes,U.S. POLO ASSN.,219900.0,3999.0,45.0,-215901.0,4.2,None,False,Unknown,False,https://www.amazon.in/U-S-Assn-Stylish-Casual-Sneaker/dp/B0FY7V6RXB/ref=sr_1_101?dib=eyJ2IjoiMSJ9.e2PmuGGQJnit5kxturjpCOb_wpVwHKiCfyj6KDCcjqGUP1zVNx9DU2AM7N8g6mLZMD2zhcYvvDlwhjQoodw6ErQ75UXwhWJTPPocuoaoXkwgIu-E4uT_m6z1OqNSKvNstphIXDaA_zEzn586CfjrTYpndibG86M07El1AvfnFM_88GNgzh2x494dsVpEZuf7ai3WLUq4Xb46aOGWTxCJGiN8qmD1MUneBNrmPHWu3YuVJ87sBn0vb_xxnH8TiE-Mf5pqMzK8Ba-LUGqTwECtBvKlhGYa2dE88DgcmXD3RCs.N-hgj5daXqH6JJQONNOXeBIkrP8ezj73GQlLwuBbXr0&dib_tag=se&keywords=shoes&qid=1781073223,"+4 other colors/patterns U.S. POLO ASSN. Mens 2fd-Ruben 3.0 Sneaker 4.2 4.2 out of 5 stars (159) 50+ bought in past month Price, product page ₹2,199 ₹ 2,199 M.R.P: ₹3,999 M.R.P: ₹3,999 ₹3,999 (45% off) Up to 5% back with Amazon Pay ICICI card Up to 5% back with Amazon Pay IC... FREE delivery Fri, 12 Jun Or fastest delivery Tomorrow 8 am - 12 pm Add to cart"
Amazon,shoes,Campus,94800.0,2499.0,62.0,-92301.0,4.2,None,False,Unknown,False,https://www.amazon.in/Campus-Men-POD-Sneakers-WHT/dp/B0F4D8PZH8/ref=sr_1_102?dib=eyJ2IjoiMSJ9.e2PmuGGQJnit5kxturjpCOb_wpVwHKiCfyj6KDCcjqGUP1zVNx9DU2AM7N8g6mLZMD2zhcYvvDlwhjQoodw6ErQ75UXwhWJTPPocuoaoXkwgIu-E4uT_m6z1OqNSKvNstphIXDaA_zEzn586CfjrTYpndibG86M07El1AvfnFM_88GNgzh2x494dsVpEZuf7ai3WLUq4Xb46aOGWTxCJGiN8qmD1MUneBNrmPHWu3YuVJ87sBn0vb_xxnH8TiE-Mf5pqMzK8Ba-LUGqTwECtBvKlhGYa2dE88DgcmXD3RCs.N-hgj5daXqH6JJQONNOXeBIkrP8ezj73GQlLwuBbXr0&dib_tag=se&keywords=shoes&qid=1781073223,"Campus Men Pod Sneakers 4.2 4.2 out of 5 stars (697) 50+ bought in past month Price, product page ₹948 ₹ 948 M.R.P: ₹2,499 M.R.P: ₹2,499 ₹2,499 (62% off) Up to 5% back with Amazon Pay ICICI card Up to 5% back with Amazon Pay IC... FREE delivery Fri, 12 Jun Or fastest delivery Tomorrow, 11 Jun Add to cart"
Amazon,shoes,Bata,99900.0,1799.0,44.0,-98101.0,3.8,None,False,Unknown,False,https://www.amazon.in/Bata-Mens-Lace-up-Formal-Shoes/dp/B0C6FVMWFT/ref=sr_1_103?dib=eyJ2IjoiMSJ9.e2PmuGGQJnit5kxturjpCOb_wpVwHKiCfyj6KDCcjqGUP1zVNx9DU2AM7N8g6mLZMD2zhcYvvDlwhjQoodw6ErQ75UXwhWJTPPocuoaoXkwgIu-E4uT_m6z1OqNSKvNstphIXDaA_zEzn586CfjrTYpndibG86M07El1AvfnFM_88GNgzh2x494dsVpEZuf7ai3WLUq4Xb46aOGWTxCJGiN8qmD1MUneBNrmPHWu3YuVJ87sBn0vb_xxnH8TiE-Mf5pqMzK8Ba-LUGqTwECtBvKlhGYa2dE88DgcmXD3RCs.N-hgj5daXqH6JJQONNOXeBIkrP8ezj73GQlLwuBbXr0&dib_tag=se&keywords=shoes&qid=1781073223,"Bata Men's Lace-up Formal Shoes - Brown (9 UK) (8214309) 3.8 3.8 out of 5 stars (136) 50+ bought in past month Price, product page ₹999 ₹ 999 M.R.P: ₹1,799 M.R.P: ₹1,799 ₹1,799 (44% off) Up to 5% back with Amazon Pay ICICI card Up to 5% back with Amazon Pay IC... FREE delivery Fri, 12 Jun Or fastest delivery Tomorrow 8 am - 12 pm Add to cart"
Amazon,shoes,Red Chief,189600.0,5399.0,65.0,-184201.0,3.8,None,False,Unknown,False,https://www.amazon.in/sspa/click?ie=UTF8&spc=MTozNzU2MzYzNDU5MjU5NTY2OjE3ODEwNzMyMjM6c3BfYnRmOjMwMDc4OTEyMDMwMzgzMjo6MDo6&url=%2FRed-Chief-Shoes-8-RC3429-022%2Fdp%2FB071WXHYKB%2Fref%3Dsr_1_105_sspa%3Fdib%3DeyJ2IjoiMSJ9.e2PmuGGQJnit5kxturjpCOb_wpVwHKiCfyj6KDCcjqGUP1zVNx9DU2AM7N8g6mLZMD2zhcYvvDlwhjQoodw6ErQ75UXwhWJTPPocuoaoXkwgIu-E4uT_m6z1OqNSKvNstphIXDaA_zEzn586CfjrTYpndibG86M07El1AvfnFM_88GNgzh2x494dsVpEZuf7ai3WLUq4Xb46aOGWTxCJGiN8qmD1MUneBNrmPHWu3YuVJ87sBn0vb_xxnH8TiE-Mf5pqMzK8Ba-LUGqTwECtBvKlhGYa2dE88DgcmXD3RCs.N-hgj5daXqH6JJQONNOXeBIkrP8ezj73GQlLwuBbXr0%26dib_tag%3Dse%26keywords%3Dshoes%26qid%3D1781073223%26aref%3DKz7XTeUiks%26sp_csd%3Dd2lkZ2V0TmFtZT1zcF9idGY%26psc%3D1&aref=Kz7XTeUiks&sp_cr=ZAZ,"+2 other colors/patterns Sponsored Sponsored You are seeing this ad based on the product’s relevance to your search query. Let us know Red Chief Nubuck Leather Casual Derby Shoes for Men | RC3429 3.8 3.8 out of 5 stars (1.1K) Price, product page ₹1,896 ₹ 1,896 M.R.P: ₹5,399 M.R.P: ₹5,399 ₹5,399 (65% off) Up to 5% back with Amazon Pay ICICI card Up to 5% back with Amazon Pay IC... FREE delivery Fri"
Amazon,shoes,Bacca Bucci,120700.0,2499.0,52.0,-118201.0,4.2,Limited Time Deal,True,Unknown,False,https://www.amazon.in/sspa/click?ie=UTF8&spc=MTozNzU2MzYzNDU5MjU5NTY2OjE3ODEwNzMyMjM6c3BfYnRmOjMwMTAwNTExNDM0OTQzMjo6MDo6&url=%2FBacca-Bucci%25C2%25AE-Caper-Sneakers-Breathable%2Fdp%2FB08YCXVZYB%2Fref%3Dsr_1_106_sspa%3Fdib%3DeyJ2IjoiMSJ9.e2PmuGGQJnit5kxturjpCOb_wpVwHKiCfyj6KDCcjqGUP1zVNx9DU2AM7N8g6mLZMD2zhcYvvDlwhjQoodw6ErQ75UXwhWJTPPocuoaoXkwgIu-E4uT_m6z1OqNSKvNstphIXDaA_zEzn586CfjrTYpndibG86M07El1AvfnFM_88GNgzh2x494dsVpEZuf7ai3WLUq4Xb46aOGWTxCJGiN8qmD1MUneBNrmPHWu3YuVJ87sBn0vb_xxnH8TiE-Mf5pqMzK8Ba-LUGqTwECtBvKlhGYa2dE88DgcmXD3RCs.N-hgj5daXqH6JJQONNOXeBIkrP8ezj73GQlLwuBbXr0%26dib_tag%3Dse%26keywords%3Dshoes%26qid%3D1781073223%26aref%3D4dZVC0Plze%26sp_csd%3Dd2lkZ2V0TmFtZT1zcF9idGY%26psc%3D1&aref=4dZVC0Plze&sp_cr=ZAZ,"+2 other colors/patterns Sponsored Sponsored You are seeing this ad based on the product’s relevance to your search query. Let us know Bacca Bucci Men Lace Up Sneaker Shoes 4.2 4.2 out of 5 stars (1K) Limited time deal Price, product page ₹1,207 ₹ 1,207 M.R.P: ₹2,499 M.R.P: ₹2,499 ₹2,499 (52% off) Save 2% 2% off coupon applied Save 2% with coupon (limited sizes/colours) FREE delivery Fri, 12 Jun O"
Amazon,shoes,Sixit,169900.0,2000.0,15.0,-167900.0,3.1,Only 1 Left,True,Unknown,False,https://www.amazon.in/sspa/click?ie=UTF8&spc=MTozNzU2MzYzNDU5MjU5NTY2OjE3ODEwNzMyMjM6c3BfYnRmOjMwMTAwMzU3MzY1ODYzMjo6MDo6&url=%2FSixit-SeamTech-Mens-Cricket-Shoes%2Fdp%2FB0FR8XWN3P%2Fref%3Dsr_1_107_sspa%3Fdib%3DeyJ2IjoiMSJ9.e2PmuGGQJnit5kxturjpCOb_wpVwHKiCfyj6KDCcjqGUP1zVNx9DU2AM7N8g6mLZMD2zhcYvvDlwhjQoodw6ErQ75UXwhWJTPPocuoaoXkwgIu-E4uT_m6z1OqNSKvNstphIXDaA_zEzn586CfjrTYpndibG86M07El1AvfnFM_88GNgzh2x494dsVpEZuf7ai3WLUq4Xb46aOGWTxCJGiN8qmD1MUneBNrmPHWu3YuVJ87sBn0vb_xxnH8TiE-Mf5pqMzK8Ba-LUGqTwECtBvKlhGYa2dE88DgcmXD3RCs.N-hgj5daXqH6JJQONNOXeBIkrP8ezj73GQlLwuBbXr0%26dib_tag%3Dse%26keywords%3Dshoes%26qid%3D1781073223%26aref%3DagcAeZQ3kU%26sp_csd%3Dd2lkZ2V0TmFtZT1zcF9idGY%26psc%3D1&aref=agcAeZQ3kU&sp_cr=ZAZ,"+1 other color/pattern Sponsored Sponsored You are seeing this ad based on the product’s relevance to your search query. Let us know Sixit SeamTech Cricket Shoes for Men, Lightweight Breathable Air Mesh, EVA Cushioning and Rubber Stud Grip 3.1 3.1 out of 5 stars (8) Price, product page ₹1,699 ₹ 1,699 M.R.P: ₹2,000 M.R.P: ₹2,000 ₹2,000 (15% off) Up to 5% back with Amazon Pay ICICI card Up to 5% bac"
Amazon,shoes,FUEL,89900.0,1999.0,55.0,-87901.0,5.0,None,False,Unknown,False,https://www.amazon.in/sspa/click?ie=UTF8&spc=MTo0MTkwMTM5OTkyMjQwOTIzOjE3ODEwNzMyODY6c3BfYXRmX25leHQ6MzAxMTI1MTQ3NDI3MDMyOjowOjo&url=%2FFUEL-Athletic-Lightweight-Cushioned-White-6UK%2Fdp%2FB0GVZ8H7FG%2Fref%3Dsr_1_98_sspa%3Fdib%3DeyJ2IjoiMSJ9.p5mA5-uqDhQd3ED6Sfu05G7P8bYiKeNcNNPCSqvof1UhB0Rg0lKWAmSrBQe8j1SZqzxdsYvwrMNgH5UUEQ3k17qPE-lARGco9V7OiZq0TXsaDXsbrvU1YLZAYR_AHfJArj1ZodikuH7ddmxyJkD8HtpPDqu-sVxWwTu2mSukzO3Hv_BBmRA1sgLec_8W53meawswQc4X2uz1mglJCabsATk0k59W1brMX6Um0K5fRHsVR5ZMBI8fWe23eKSICVbbUC9Fmh1LnR9Z4wf6MSRA79mtw1bK34wnbSOP5nv58Q0.JC9qogp-C-amHDs8uo0o8XmEey13qJXRNNwwY5ivUqQ%26dib_tag%3Dse%26keywords%3Dshoes%26qid%3D1781073286%26aref%3DdsqynKxgB8%26sp_csd%3Dd2lkZ2V0TmFtZT1zcF9hdGZfbmV4dA%26psc%3D1&aref=dsqynKxgB8&sp_cr=ZAZ,"Sponsored Sponsored You are seeing this ad based on the product’s relevance to your search query. Let us know FUEL Striker Athletic Lightweight with Durable PVC Sole and Cushioned Comfort Shoes for Men's 5.0 5.0 out of 5 stars (3) Price, product page ₹899 ₹ 899 M.R.P: ₹1,999 M.R.P: ₹1,999 ₹1,999 (55% off) Up to 5% back with Amazon Pay ICICI card Up to 5% back with Amazon Pay IC... FREE delivery Su"
Amazon,shoes,Boldfit,129900.0,4499.0,71.0,-125401.0,4.0,Limited Time Deal,True,Unknown,True,https://www.amazon.in/sspa/click?ie=UTF8&spc=MTo0MTkwMTM5OTkyMjQwOTIzOjE3ODEwNzMyODY6c3BfYXRmX25leHQ6MzAwODg3MTc4NjIzMzMyOjowOjo&url=%2FBoldfit-Sneakers-Lightweight-Comfortable-DripBloc%2Fdp%2FB0FYQLYS1B%2Fref%3Dsr_1_99_sspa%3Fdib%3DeyJ2IjoiMSJ9.p5mA5-uqDhQd3ED6Sfu05G7P8bYiKeNcNNPCSqvof1UhB0Rg0lKWAmSrBQe8j1SZqzxdsYvwrMNgH5UUEQ3k17qPE-lARGco9V7OiZq0TXsaDXsbrvU1YLZAYR_AHfJArj1ZodikuH7ddmxyJkD8HtpPDqu-sVxWwTu2mSukzO3Hv_BBmRA1sgLec_8W53meawswQc4X2uz1mglJCabsATk0k59W1brMX6Um0K5fRHsVR5ZMBI8fWe23eKSICVbbUC9Fmh1LnR9Z4wf6MSRA79mtw1bK34wnbSOP5nv58Q0.JC9qogp-C-amHDs8uo0o8XmEey13qJXRNNwwY5ivUqQ%26dib_tag%3Dse%26keywords%3Dshoes%26qid%3D1781073286%26aref%3DfmOB9DNDUl%26sp_csd%3Dd2lkZ2V0TmFtZT1zcF9hdGZfbmV4dA%26psc%3D1&aref=fmOB9DNDUl&sp_cr=ZAZ,"+5 other colors/patterns Sponsored Sponsored You are seeing this ad based on the product’s relevance to your search query. Let us know Boldfit Sneakers for Man Lightweight Shoes for Men Comfortable Sneakers for Men Air Mesh Casual Shoes Mens Soft Cushion Insole Lace Up Casual Boys Shoe Sneaker DripBloc 4.0 4.0 out of 5 stars (195) 50+ bought in past month Limited time deal Price, product page ₹1,2"
Amazon,shoes,Campus,79800.0,1499.0,47.0,-78301.0,4.8,None,False,Unknown,False,https://www.amazon.in/Campus-Kids-PABLE-Running-Shoes/dp/B0FLKFZ8WF/ref=sr_1_101?dib=eyJ2IjoiMSJ9.p5mA5-uqDhQd3ED6Sfu05G7P8bYiKeNcNNPCSqvof1UhB0Rg0lKWAmSrBQe8j1SZqzxdsYvwrMNgH5UUEQ3k17qPE-lARGco9V7OiZq0TXsaDXsbrvU1YLZAYR_AHfJArj1ZodikuH7ddmxyJkD8HtpPDqu-sVxWwTu2mSukzO3Hv_BBmRA1sgLec_8W53meawswQc4X2uz1mglJCabsATk0k59W1brMX6Um0K5fRHsVR5ZMBI8fWe23eKSICVbbUC9Fmh1LnR9Z4wf6MSRA79mtw1bK34wnbSOP5nv58Q0.JC9qogp-C-amHDs8uo0o8XmEey13qJXRNNwwY5ivUqQ&dib_tag=se&keywords=shoes&qid=1781073286,"Campus PABLE Kids Running Shoes 4.8 4.8 out of 5 stars (7) Price, product page ₹798 ₹ 798 M.R.P: ₹1,499 M.R.P: ₹1,499 ₹1,499 (47% off) Up to 5% back with Amazon Pay ICICI card Up to 5% back with Amazon Pay IC... FREE delivery Fri, 12 Jun Or fastest delivery Tomorrow, 11 Jun Add to cart"
Amazon,shoes,Scarpa,4536839.0,,,,4.6,None,False,Unknown,False,https://www.amazon.in/SCARPA-Instinct-Rock-Climbing-Shoe/dp/B07G817KX6/ref=sr_1_102?dib=eyJ2IjoiMSJ9.p5mA5-uqDhQd3ED6Sfu05G7P8bYiKeNcNNPCSqvof1UhB0Rg0lKWAmSrBQe8j1SZqzxdsYvwrMNgH5UUEQ3k17qPE-lARGco9V7OiZq0TXsaDXsbrvU1YLZAYR_AHfJArj1ZodikuH7ddmxyJkD8HtpPDqu-sVxWwTu2mSukzO3Hv_BBmRA1sgLec_8W53meawswQc4X2uz1mglJCabsATk0k59W1brMX6Um0K5fRHsVR5ZMBI8fWe23eKSICVbbUC9Fmh1LnR9Z4wf6MSRA79mtw1bK34wnbSOP5nv58Q0.JC9qogp-C-amHDs8uo0o8XmEey13qJXRNNwwY5ivUqQ&dib_tag=se&keywords=shoes&qid=1781073286,"Scarpa Men's Instinct VS Climbing Shoe 4.6 4.6 out of 5 stars (230) Price, product page ₹45,368.39 ₹ 45,368 . 39 Up to 5% back with Amazon Pay ICICI card Up to 5% back with Amazon Pay IC... FREE delivery 20 - 23 Jun Add to cart"
Amazon,shoes,Campus,84900.0,1399.0,39.0,-83501.0,4.1,None,False,Unknown,False,https://www.amazon.in/Campus-Refresh-M-BLU-Running-Shoes/dp/B08QCJG7WV/ref=sr_1_104?dib=eyJ2IjoiMSJ9.p5mA5-uqDhQd3ED6Sfu05G7P8bYiKeNcNNPCSqvof1UhB0Rg0lKWAmSrBQe8j1SZqzxdsYvwrMNgH5UUEQ3k17qPE-lARGco9V7OiZq0TXsaDXsbrvU1YLZAYR_AHfJArj1ZodikuH7ddmxyJkD8HtpPDqu-sVxWwTu2mSukzO3Hv_BBmRA1sgLec_8W53meawswQc4X2uz1mglJCabsATk0k59W1brMX6Um0K5fRHsVR5ZMBI8fWe23eKSICVbbUC9Fmh1LnR9Z4wf6MSRA79mtw1bK34wnbSOP5nv58Q0.JC9qogp-C-amHDs8uo0o8XmEey13qJXRNNwwY5ivUqQ&dib_tag=se&keywords=shoes&qid=1781073286,"Campus Men Refresh Pro Running Shoes 4.1 4.1 out of 5 stars (3.3K) 50+ bought in past month Price, product page ₹849 ₹ 849 M.R.P: ₹1,399 M.R.P: ₹1,399 ₹1,399 (39% off) Up to 5% back with Amazon Pay ICICI card Up to 5% back with Amazon Pay IC... FREE delivery Fri, 12 Jun Or fastest delivery Tomorrow 8 am - 12 pm Add to cart"
Amazon,shoes,ASICS,389900.0,6499.0,40.0,-383401.0,3.3,None,False,Unknown,False,https://www.amazon.in/ASICS-Gel-Venture-Black-Running-Shoes/dp/B0FB9H822D/ref=sr_1_106?dib=eyJ2IjoiMSJ9.p5mA5-uqDhQd3ED6Sfu05G7P8bYiKeNcNNPCSqvof1UhB0Rg0lKWAmSrBQe8j1SZqzxdsYvwrMNgH5UUEQ3k17qPE-lARGco9V7OiZq0TXsaDXsbrvU1YLZAYR_AHfJArj1ZodikuH7ddmxyJkD8HtpPDqu-sVxWwTu2mSukzO3Hv_BBmRA1sgLec_8W53meawswQc4X2uz1mglJCabsATk0k59W1brMX6Um0K5fRHsVR5ZMBI8fWe23eKSICVbbUC9Fmh1LnR9Z4wf6MSRA79mtw1bK34wnbSOP5nv58Q0.JC9qogp-C-amHDs8uo0o8XmEey13qJXRNNwwY5ivUqQ&dib_tag=se&keywords=shoes&qid=1781073286,"ASICS Gel-Venture 10 3.3 3.3 out of 5 stars (28) Price, product page ₹3,899 ₹ 3,899 M.R.P: ₹6,499 M.R.P: ₹6,499 ₹6,499 (40% off) Up to 5% back with Amazon Pay ICICI card Up to 5% back with Amazon Pay IC... FREE delivery Fri, 12 Jun Or fastest delivery Tomorrow 8 am - 12 pm Add to cart"
Amazon,shoes,Bata,55100.0,699.0,21.0,-54401.0,4.0,None,False,Unknown,False,https://www.amazon.in/Bata-Womens-Slip-Walking-Shoe/dp/B096BFMGKT/ref=sr_1_107?dib=eyJ2IjoiMSJ9.p5mA5-uqDhQd3ED6Sfu05G7P8bYiKeNcNNPCSqvof1UhB0Rg0lKWAmSrBQe8j1SZqzxdsYvwrMNgH5UUEQ3k17qPE-lARGco9V7OiZq0TXsaDXsbrvU1YLZAYR_AHfJArj1ZodikuH7ddmxyJkD8HtpPDqu-sVxWwTu2mSukzO3Hv_BBmRA1sgLec_8W53meawswQc4X2uz1mglJCabsATk0k59W1brMX6Um0K5fRHsVR5ZMBI8fWe23eKSICVbbUC9Fmh1LnR9Z4wf6MSRA79mtw1bK34wnbSOP5nv58Q0.JC9qogp-C-amHDs8uo0o8XmEey13qJXRNNwwY5ivUqQ&dib_tag=se&keywords=shoes&qid=1781073286,"Bata Women's Slip-on Walking Shoe 4.0 4.0 out of 5 stars (3.5K) 50+ bought in past month Price, product page ₹551 ₹ 551 M.R.P: ₹699 M.R.P: ₹699 ₹699 (21% off) Up to 5% back with Amazon Pay ICICI card Up to 5% back with Amazon Pay IC... FREE delivery Mon, 15 Jun Add to cart"
Amazon,shoes,Scarpa,7588200.0,,,,5.0,None,False,Unknown,False,https://www.amazon.in/SCARPA-Kinesis-Waterproof-Gore-Tex-Backpacking/dp/B005LCOVCK/ref=sr_1_111?dib=eyJ2IjoiMSJ9.p5mA5-uqDhQd3ED6Sfu05G7P8bYiKeNcNNPCSqvof1UhB0Rg0lKWAmSrBQe8j1SZqzxdsYvwrMNgH5UUEQ3k17qPE-lARGco9V7OiZq0TXsaDXsbrvU1YLZAYR_AHfJArj1ZodikuH7ddmxyJkD8HtpPDqu-sVxWwTu2mSukzO3Hv_BBmRA1sgLec_8W53meawswQc4X2uz1mglJCabsATk0k59W1brMX6Um0K5fRHsVR5ZMBI8fWe23eKSICVbbUC9Fmh1LnR9Z4wf6MSRA79mtw1bK34wnbSOP5nv58Q0.JC9qogp-C-amHDs8uo0o8XmEey13qJXRNNwwY5ivUqQ&dib_tag=se&keywords=shoes&qid=1781073286,"Scarpa Men's Kinesis Pro GTX Waterproof Gore-Tex Boots for Hiking & Backpacking, Ebony (Past Season), 7.5-8 5.0 5.0 out of 5 stars (4) Price, product page ₹75,882 ₹ 75,882 Up to 5% back with Amazon Pay ICICI card Up to 5% back with Amazon Pay IC... FREE delivery 20 - 23 Jun Add to cart"
Amazon,shoes,Campus,123900.0,2899.0,57.0,-121001.0,4.2,None,False,Unknown,False,https://www.amazon.in/Campus-Mens-Brisk-Sneakers-L-Sky/dp/B0DYXLV15Z/ref=sr_1_116?dib=eyJ2IjoiMSJ9.p5mA5-uqDhQd3ED6Sfu05G7P8bYiKeNcNNPCSqvof1UhB0Rg0lKWAmSrBQe8j1SZqzxdsYvwrMNgH5UUEQ3k17qPE-lARGco9V7OiZq0TXsaDXsbrvU1YLZAYR_AHfJArj1ZodikuH7ddmxyJkD8HtpPDqu-sVxWwTu2mSukzO3Hv_BBmRA1sgLec_8W53meawswQc4X2uz1mglJCabsATk0k59W1brMX6Um0K5fRHsVR5ZMBI8fWe23eKSICVbbUC9Fmh1LnR9Z4wf6MSRA79mtw1bK34wnbSOP5nv58Q0.JC9qogp-C-amHDs8uo0o8XmEey13qJXRNNwwY5ivUqQ&dib_tag=se&keywords=shoes&qid=1781073286,"Campus Men's Brisk Sneakers 4.2 4.2 out of 5 stars (1K) Price, product page ₹1,239 ₹ 1,239 M.R.P: ₹2,899 M.R.P: ₹2,899 ₹2,899 (57% off) Up to 5% back with Amazon Pay ICICI card Up to 5% back with Amazon Pay IC... FREE delivery Fri, 12 Jun Or fastest delivery Tomorrow 8 am - 12 pm Add to cart"
Amazon,shoes,Centrino,73900.0,2199.0,66.0,-71701.0,3.6,Limited Time Deal,True,Unknown,False,https://www.amazon.in/sspa/click?ie=UTF8&spc=MTo0MTkwMTM5OTkyMjQwOTIzOjE3ODEwNzMyODY6c3BfbXRmOjMwMTEyMzAyODY3MTUzMjo6MDo6&url=%2FCentrino-Casual-Shoes-Mens-6712%2Fdp%2FB0BFLQYBND%2Fref%3Dsr_1_119_sspa%3Fdib%3DeyJ2IjoiMSJ9.p5mA5-uqDhQd3ED6Sfu05G7P8bYiKeNcNNPCSqvof1UhB0Rg0lKWAmSrBQe8j1SZqzxdsYvwrMNgH5UUEQ3k17qPE-lARGco9V7OiZq0TXsaDXsbrvU1YLZAYR_AHfJArj1ZodikuH7ddmxyJkD8HtpPDqu-sVxWwTu2mSukzO3Hv_BBmRA1sgLec_8W53meawswQc4X2uz1mglJCabsATk0k59W1brMX6Um0K5fRHsVR5ZMBI8fWe23eKSICVbbUC9Fmh1LnR9Z4wf6MSRA79mtw1bK34wnbSOP5nv58Q0.JC9qogp-C-amHDs8uo0o8XmEey13qJXRNNwwY5ivUqQ%26dib_tag%3Dse%26keywords%3Dshoes%26qid%3D1781073286%26aref%3DfndxIZCAgL%26sp_csd%3Dd2lkZ2V0TmFtZT1zcF9tdGY%26psc%3D1&aref=fndxIZCAgL&sp_cr=ZAZ,"+8 other colors/patterns Sponsored Sponsored You are seeing this ad based on the product’s relevance to your search query. Let us know Centrino Mens Running Shoes Ultra Lightweight Breathable Comfortable Walking Shoes Casual Fashion Cushioned Sneakers Mesh Workout Shoes (6712) 3.6 3.6 out of 5 stars (4.1K) Limited time deal Price, product page ₹739 ₹ 739 M.R.P: ₹2,199 M.R.P: ₹2,199 ₹2,199 (66% off"
Amazon,shoes,Big Fox,99900.0,2495.0,60.0,-97405.0,3.9,None,False,Unknown,False,https://www.amazon.in/sspa/click?ie=UTF8&spc=MTo0MTkwMTM5OTkyMjQwOTIzOjE3ODEwNzMyODY6c3BfbXRmOjMwMTEwNzgzNjA4NTYzMjo6MDo6&url=%2FBig-Fox-Yas-2-Sneakers-White%2Fdp%2FB0C74JC83L%2Fref%3Dsr_1_120_sspa%3Fdib%3DeyJ2IjoiMSJ9.p5mA5-uqDhQd3ED6Sfu05G7P8bYiKeNcNNPCSqvof1UhB0Rg0lKWAmSrBQe8j1SZqzxdsYvwrMNgH5UUEQ3k17qPE-lARGco9V7OiZq0TXsaDXsbrvU1YLZAYR_AHfJArj1ZodikuH7ddmxyJkD8HtpPDqu-sVxWwTu2mSukzO3Hv_BBmRA1sgLec_8W53meawswQc4X2uz1mglJCabsATk0k59W1brMX6Um0K5fRHsVR5ZMBI8fWe23eKSICVbbUC9Fmh1LnR9Z4wf6MSRA79mtw1bK34wnbSOP5nv58Q0.JC9qogp-C-amHDs8uo0o8XmEey13qJXRNNwwY5ivUqQ%26dib_tag%3Dse%26keywords%3Dshoes%26qid%3D1781073286%26aref%3DvIB3A5OCnX%26sp_csd%3Dd2lkZ2V0TmFtZT1zcF9tdGY%26psc%3D1&aref=vIB3A5OCnX&sp_cr=ZAZ,"+1 other color/pattern Sponsored Sponsored You are seeing this ad based on the product’s relevance to your search query. Let us know Big Fox Yas-2 Sneakers for Men 3.9 3.9 out of 5 stars (11) Price, product page ₹999 ₹ 999 M.R.P: ₹2,495 M.R.P: ₹2,495 ₹2,495 (60% off) Save 5% 5% off coupon applied Save 5% with coupon (limited sizes/colours) FREE delivery Sat, 13 Jun Or fastest delivery Tomorrow, 11"
Amazon,shoes,SPARX,66400.0,949.0,30.0,-65451.0,4.2,None,False,Unknown,False,https://www.amazon.in/Sparx-Mens-SM-439-Sneaker-9-SD0439GTNTN0009/dp/B08KTG95HR/ref=sr_1_123?dib=eyJ2IjoiMSJ9.p5mA5-uqDhQd3ED6Sfu05G7P8bYiKeNcNNPCSqvof1UhB0Rg0lKWAmSrBQe8j1SZqzxdsYvwrMNgH5UUEQ3k17qPE-lARGco9V7OiZq0TXsaDXsbrvU1YLZAYR_AHfJArj1ZodikuH7ddmxyJkD8HtpPDqu-sVxWwTu2mSukzO3Hv_BBmRA1sgLec_8W53meawswQc4X2uz1mglJCabsATk0k59W1brMX6Um0K5fRHsVR5ZMBI8fWe23eKSICVbbUC9Fmh1LnR9Z4wf6MSRA79mtw1bK34wnbSOP5nv58Q0.JC9qogp-C-amHDs8uo0o8XmEey13qJXRNNwwY5ivUqQ&dib_tag=se&keywords=shoes&qid=1781073286,"SPARX Shoes SM 439 4.2 4.2 out of 5 stars (17.3K) 50+ bought in past month Price, product page ₹664 ₹ 664 M.R.P: ₹949 M.R.P: ₹949 ₹949 (30% off) Up to 5% back with Amazon Pay ICICI card Up to 5% back with Amazon Pay IC... FREE delivery Fri, 12 Jun Or fastest delivery Tomorrow 8 am - 12 pm Add to cart"
Amazon,shoes,Campus,94900.0,2599.0,63.0,-92301.0,4.1,None,False,Unknown,False,https://www.amazon.in/Campus-Jarvis-D-Gry-Yellow-Running/dp/B0FCG363S9/ref=sr_1_124?dib=eyJ2IjoiMSJ9.p5mA5-uqDhQd3ED6Sfu05G7P8bYiKeNcNNPCSqvof1UhB0Rg0lKWAmSrBQe8j1SZqzxdsYvwrMNgH5UUEQ3k17qPE-lARGco9V7OiZq0TXsaDXsbrvU1YLZAYR_AHfJArj1ZodikuH7ddmxyJkD8HtpPDqu-sVxWwTu2mSukzO3Hv_BBmRA1sgLec_8W53meawswQc4X2uz1mglJCabsATk0k59W1brMX6Um0K5fRHsVR5ZMBI8fWe23eKSICVbbUC9Fmh1LnR9Z4wf6MSRA79mtw1bK34wnbSOP5nv58Q0.JC9qogp-C-amHDs8uo0o8XmEey13qJXRNNwwY5ivUqQ&dib_tag=se&keywords=shoes&qid=1781073286,"Campus Men's Jarvis Running Shoes 4.1 4.1 out of 5 stars (77) Price, product page ₹949 ₹ 949 M.R.P: ₹2,599 M.R.P: ₹2,599 ₹2,599 (63% off) Up to 5% back with Amazon Pay ICICI card Up to 5% back with Amazon Pay IC... FREE delivery Fri, 12 Jun Or fastest delivery Tomorrow 8 am - 12 pm Add to cart"
Amazon,shoes,LANCER,53600.0,1249.0,57.0,-52351.0,3.7,Limited Time Deal,True,Unknown,False,https://www.amazon.in/Lancer-INDUS-215BLK-ORG-43-Orange-Sports-Running/dp/B08JZD17CS/ref=sr_1_125?dib=eyJ2IjoiMSJ9.p5mA5-uqDhQd3ED6Sfu05G7P8bYiKeNcNNPCSqvof1UhB0Rg0lKWAmSrBQe8j1SZqzxdsYvwrMNgH5UUEQ3k17qPE-lARGco9V7OiZq0TXsaDXsbrvU1YLZAYR_AHfJArj1ZodikuH7ddmxyJkD8HtpPDqu-sVxWwTu2mSukzO3Hv_BBmRA1sgLec_8W53meawswQc4X2uz1mglJCabsATk0k59W1brMX6Um0K5fRHsVR5ZMBI8fWe23eKSICVbbUC9Fmh1LnR9Z4wf6MSRA79mtw1bK34wnbSOP5nv58Q0.JC9qogp-C-amHDs8uo0o8XmEey13qJXRNNwwY5ivUqQ&dib_tag=se&keywords=shoes&qid=1781073286,"+6 LANCER Mens Indus-215 Running Shoe 3.7 3.7 out of 5 stars (1.3K) Limited time deal Price, product page ₹536 ₹ 536 M.R.P: ₹1,249 M.R.P: ₹1,249 ₹1,249 (57% off) Up to 5% back with Amazon Pay ICICI card Up to 5% back with Amazon Pay IC... FREE delivery Fri, 12 Jun Or fastest delivery Tomorrow 8 am - 12 pm Add to cart"
Amazon,shoes,PUMA,114900.0,4299.0,73.0,-110601.0,4.0,Limited Time Deal,True,Unknown,True,https://www.amazon.in/Puma-Snatch-Shadow-Vibrant-Orange-Puma-Sneaker/dp/B09RGLC3ZP/ref=sr_1_126?dib=eyJ2IjoiMSJ9.p5mA5-uqDhQd3ED6Sfu05G7P8bYiKeNcNNPCSqvof1UhB0Rg0lKWAmSrBQe8j1SZqzxdsYvwrMNgH5UUEQ3k17qPE-lARGco9V7OiZq0TXsaDXsbrvU1YLZAYR_AHfJArj1ZodikuH7ddmxyJkD8HtpPDqu-sVxWwTu2mSukzO3Hv_BBmRA1sgLec_8W53meawswQc4X2uz1mglJCabsATk0k59W1brMX6Um0K5fRHsVR5ZMBI8fWe23eKSICVbbUC9Fmh1LnR9Z4wf6MSRA79mtw1bK34wnbSOP5nv58Q0.JC9qogp-C-amHDs8uo0o8XmEey13qJXRNNwwY5ivUqQ&dib_tag=se&keywords=shoes&qid=1781073286,"PUMA Men Snatch V2 Sneaker 4.0 4.0 out of 5 stars (4.1K) Limited time deal Price, product page ₹1,149 ₹ 1,149 M.R.P: ₹4,299 M.R.P: ₹4,299 ₹4,299 (73% off) Up to 5% back with Amazon Pay ICICI card Up to 5% back with Amazon Pay IC... FREE delivery Fri, 12 Jun Or fastest delivery Tomorrow 8 am - 12 pm Add to cart"
Amazon,shoes,PUMA,260900.0,7499.0,65.0,-253401.0,4.1,None,False,Unknown,False,https://www.amazon.in/Puma-Unisex-Adult-Black-Shadow-Sneaker-30923401/dp/B0FRWCKCTM/ref=sr_1_127?dib=eyJ2IjoiMSJ9.p5mA5-uqDhQd3ED6Sfu05G7P8bYiKeNcNNPCSqvof1UhB0Rg0lKWAmSrBQe8j1SZqzxdsYvwrMNgH5UUEQ3k17qPE-lARGco9V7OiZq0TXsaDXsbrvU1YLZAYR_AHfJArj1ZodikuH7ddmxyJkD8HtpPDqu-sVxWwTu2mSukzO3Hv_BBmRA1sgLec_8W53meawswQc4X2uz1mglJCabsATk0k59W1brMX6Um0K5fRHsVR5ZMBI8fWe23eKSICVbbUC9Fmh1LnR9Z4wf6MSRA79mtw1bK34wnbSOP5nv58Q0.JC9qogp-C-amHDs8uo0o8XmEey13qJXRNNwwY5ivUqQ&dib_tag=se&keywords=shoes&qid=1781073286,"PUMA Unisex-Adult BMW MMS Neo Cat 2.0 in Sneaker 4.1 4.1 out of 5 stars (253) 50+ bought in past month Price, product page ₹2,609 ₹ 2,609 M.R.P: ₹7,499 M.R.P: ₹7,499 ₹7,499 (65% off) Up to 5% back with Amazon Pay ICICI card Up to 5% back with Amazon Pay IC... FREE delivery Sun, 14 Jun Add to cart"
Amazon,shoes,U.S. POLO ASSN.,227900.0,3799.0,40.0,-224101.0,3.9,None,False,Unknown,False,https://www.amazon.in/U-S-Polo-Assn-Men-Grey-Sneakers/dp/B0FQXFJT4C/ref=sr_1_128?dib=eyJ2IjoiMSJ9.p5mA5-uqDhQd3ED6Sfu05G7P8bYiKeNcNNPCSqvof1UhB0Rg0lKWAmSrBQe8j1SZqzxdsYvwrMNgH5UUEQ3k17qPE-lARGco9V7OiZq0TXsaDXsbrvU1YLZAYR_AHfJArj1ZodikuH7ddmxyJkD8HtpPDqu-sVxWwTu2mSukzO3Hv_BBmRA1sgLec_8W53meawswQc4X2uz1mglJCabsATk0k59W1brMX6Um0K5fRHsVR5ZMBI8fWe23eKSICVbbUC9Fmh1LnR9Z4wf6MSRA79mtw1bK34wnbSOP5nv58Q0.JC9qogp-C-amHDs8uo0o8XmEey13qJXRNNwwY5ivUqQ&dib_tag=se&keywords=shoes&qid=1781073286,"+2 U.S. POLO ASSN. Mens Lucian Sneaker 3.9 3.9 out of 5 stars (154) Price, product page ₹2,279 ₹ 2,279 M.R.P: ₹3,799 M.R.P: ₹3,799 ₹3,799 (40% off) Save 4% 4% off coupon applied Save 4% with coupon (limited sizes/colours) FREE delivery Fri, 12 Jun Or fastest delivery Tomorrow 8 am - 12 pm Add to cart"
Amazon,shoes,HotStyle,25900.0,999.0,74.0,-24901.0,3.0,None,False,Unknown,True,https://www.amazon.in/HotStyle-Trendy-Stylish-Fashion-Running/dp/B0D2T5X93V/ref=sr_1_129?dib=eyJ2IjoiMSJ9.p5mA5-uqDhQd3ED6Sfu05G7P8bYiKeNcNNPCSqvof1UhB0Rg0lKWAmSrBQe8j1SZqzxdsYvwrMNgH5UUEQ3k17qPE-lARGco9V7OiZq0TXsaDXsbrvU1YLZAYR_AHfJArj1ZodikuH7ddmxyJkD8HtpPDqu-sVxWwTu2mSukzO3Hv_BBmRA1sgLec_8W53meawswQc4X2uz1mglJCabsATk0k59W1brMX6Um0K5fRHsVR5ZMBI8fWe23eKSICVbbUC9Fmh1LnR9Z4wf6MSRA79mtw1bK34wnbSOP5nv58Q0.JC9qogp-C-amHDs8uo0o8XmEey13qJXRNNwwY5ivUqQ&dib_tag=se&keywords=shoes&qid=1781073286,"HotStyle Trendy & Stylish Shoes 3.0 3.0 out of 5 stars (36) Price, product page ₹259 ₹ 259 M.R.P: ₹999 M.R.P: ₹999 ₹999 (74% off) Up to 5% back with Amazon Pay ICICI card Up to 5% back with Amazon Pay IC... FREE delivery Tue, 16 Jun Or fastest delivery Tomorrow, 11 Jun Add to cart"
Amazon,shoes,FUEL,79900.0,1999.0,60.0,-77901.0,5.0,Limited Time Deal,True,Unknown,False,https://www.amazon.in/FUEL-Neostep-03-Flexible-Lightweight-Shock-Absorbing/dp/B0GQTJNVVM/ref=sr_1_130?dib=eyJ2IjoiMSJ9.p5mA5-uqDhQd3ED6Sfu05G7P8bYiKeNcNNPCSqvof1UhB0Rg0lKWAmSrBQe8j1SZqzxdsYvwrMNgH5UUEQ3k17qPE-lARGco9V7OiZq0TXsaDXsbrvU1YLZAYR_AHfJArj1ZodikuH7ddmxyJkD8HtpPDqu-sVxWwTu2mSukzO3Hv_BBmRA1sgLec_8W53meawswQc4X2uz1mglJCabsATk0k59W1brMX6Um0K5fRHsVR5ZMBI8fWe23eKSICVbbUC9Fmh1LnR9Z4wf6MSRA79mtw1bK34wnbSOP5nv58Q0.JC9qogp-C-amHDs8uo0o8XmEey13qJXRNNwwY5ivUqQ&dib_tag=se&keywords=shoes&qid=1781073286,"FUEL Neostep-03 Flexible & Lightweight Shock-Absorbing and Comfort Durable Sole Sports Shoes for Men's 5.0 5.0 out of 5 stars (4) Limited time deal Price, product page ₹799 ₹ 799 M.R.P: ₹1,999 M.R.P: ₹1,999 ₹1,999 (60% off) Up to 5% back with Amazon Pay ICICI card Up to 5% back with Amazon Pay IC... FREE delivery Sun, 14 Jun Or fastest delivery Fri, 12 Jun Add to cart"
Amazon,shoes,SPARX,69900.0,1099.0,36.0,-68801.0,4.1,None,False,Unknown,False,https://www.amazon.in/Sparx-Athleisure-LT-Grey-D-Grey-SX0791GGEDG0009/dp/B0BMTJFDNJ/ref=sr_1_132?dib=eyJ2IjoiMSJ9.p5mA5-uqDhQd3ED6Sfu05G7P8bYiKeNcNNPCSqvof1UhB0Rg0lKWAmSrBQe8j1SZqzxdsYvwrMNgH5UUEQ3k17qPE-lARGco9V7OiZq0TXsaDXsbrvU1YLZAYR_AHfJArj1ZodikuH7ddmxyJkD8HtpPDqu-sVxWwTu2mSukzO3Hv_BBmRA1sgLec_8W53meawswQc4X2uz1mglJCabsATk0k59W1brMX6Um0K5fRHsVR5ZMBI8fWe23eKSICVbbUC9Fmh1LnR9Z4wf6MSRA79mtw1bK34wnbSOP5nv58Q0.JC9qogp-C-amHDs8uo0o8XmEey13qJXRNNwwY5ivUqQ&dib_tag=se&keywords=shoes&qid=1781073286,"SPARX Mens Sm 791 Walking Shoe 4.1 4.1 out of 5 stars (763) 50+ bought in past month Price, product page ₹699 ₹ 699 M.R.P: ₹1,099 M.R.P: ₹1,099 ₹1,099 (36% off) Up to 5% back with Amazon Pay ICICI card Up to 5% back with Amazon Pay IC... FREE delivery Sat, 13 Jun Or fastest delivery Tomorrow, 11 Jun Add to cart"
Amazon,shoes,Nike,499500.0,,,,4.2,None,False,Unknown,False,https://www.amazon.in/NIKE-Promina-Running-Shoes-Black-White-10Uk/dp/B0DJMLQZ8J/ref=sr_1_133?dib=eyJ2IjoiMSJ9.p5mA5-uqDhQd3ED6Sfu05G7P8bYiKeNcNNPCSqvof1UhB0Rg0lKWAmSrBQe8j1SZqzxdsYvwrMNgH5UUEQ3k17qPE-lARGco9V7OiZq0TXsaDXsbrvU1YLZAYR_AHfJArj1ZodikuH7ddmxyJkD8HtpPDqu-sVxWwTu2mSukzO3Hv_BBmRA1sgLec_8W53meawswQc4X2uz1mglJCabsATk0k59W1brMX6Um0K5fRHsVR5ZMBI8fWe23eKSICVbbUC9Fmh1LnR9Z4wf6MSRA79mtw1bK34wnbSOP5nv58Q0.JC9qogp-C-amHDs8uo0o8XmEey13qJXRNNwwY5ivUqQ&dib_tag=se&keywords=shoes&qid=1781073286,"Nike Nike Mens Promina Walking Shoes 4.2 4.2 out of 5 stars (573) Price, product page ₹4,995 ₹ 4,995 Up to 5% back with Amazon Pay ICICI card Up to 5% back with Amazon Pay IC... FREE delivery Sun, 14 Jun Or fastest delivery Fri, 12 Jun Add to cart"
Amazon,shoes,Columbia,1199900.0,,,,4.2,None,False,Unknown,False,https://www.amazon.in/Columbia-Black-OmniMax-Trillium-Running/dp/B0DK4881BX/ref=sr_1_135?dib=eyJ2IjoiMSJ9.p5mA5-uqDhQd3ED6Sfu05G7P8bYiKeNcNNPCSqvof1UhB0Rg0lKWAmSrBQe8j1SZqzxdsYvwrMNgH5UUEQ3k17qPE-lARGco9V7OiZq0TXsaDXsbrvU1YLZAYR_AHfJArj1ZodikuH7ddmxyJkD8HtpPDqu-sVxWwTu2mSukzO3Hv_BBmRA1sgLec_8W53meawswQc4X2uz1mglJCabsATk0k59W1brMX6Um0K5fRHsVR5ZMBI8fWe23eKSICVbbUC9Fmh1LnR9Z4wf6MSRA79mtw1bK34wnbSOP5nv58Q0.JC9qogp-C-amHDs8uo0o8XmEey13qJXRNNwwY5ivUqQ&dib_tag=se&keywords=shoes&qid=1781073286,"+2 Columbia Mens Konos Trillium ATR Trail Running Shoes 4.2 4.2 out of 5 stars (40) Price, product page ₹11,999 ₹ 11,999 Up to 5% back with Amazon Pay ICICI card Up to 5% back with Amazon Pay IC... FREE delivery Fri, 12 Jun Or fastest delivery Tomorrow 8 am - 12 pm Add to cart"
Amazon,shoes,Bata,77900.0,999.0,22.0,-76901.0,4.0,None,False,Unknown,False,https://www.amazon.in/Bata-Browncasual-Sneakers-Everyday-Footwear/dp/B0DFMK7P24/ref=sr_1_137?dib=eyJ2IjoiMSJ9.p5mA5-uqDhQd3ED6Sfu05G7P8bYiKeNcNNPCSqvof1UhB0Rg0lKWAmSrBQe8j1SZqzxdsYvwrMNgH5UUEQ3k17qPE-lARGco9V7OiZq0TXsaDXsbrvU1YLZAYR_AHfJArj1ZodikuH7ddmxyJkD8HtpPDqu-sVxWwTu2mSukzO3Hv_BBmRA1sgLec_8W53meawswQc4X2uz1mglJCabsATk0k59W1brMX6Um0K5fRHsVR5ZMBI8fWe23eKSICVbbUC9Fmh1LnR9Z4wf6MSRA79mtw1bK34wnbSOP5nv58Q0.JC9qogp-C-amHDs8uo0o8XmEey13qJXRNNwwY5ivUqQ&dib_tag=se&keywords=shoes&qid=1781073286,"Bata 8514 Zion E Browncasual Sneakers Sport Shoes for Mens | Ideal for Everyday wear |Running| Walking | Regular wear Shoes |Latest Urban Footwear. 4.0 4.0 out of 5 stars (61) Price, product page ₹779 ₹ 779 M.R.P: ₹999 M.R.P: ₹999 ₹999 (22% off) Up to 5% back with Amazon Pay ICICI card Up to 5% back with Amazon Pay IC... FREE delivery Fri, 12 Jun Or fastest delivery Tomorrow 8 am - 12 pm Add to ca"
Amazon,shoes,adidas,184900.0,2999.0,38.0,-181901.0,4.0,None,False,Unknown,False,https://www.amazon.in/adidas-BLUNIT-ACTGOL-SILVMT-Running/dp/B07M8HLT3T/ref=sr_1_139?dib=eyJ2IjoiMSJ9.p5mA5-uqDhQd3ED6Sfu05G7P8bYiKeNcNNPCSqvof1UhB0Rg0lKWAmSrBQe8j1SZqzxdsYvwrMNgH5UUEQ3k17qPE-lARGco9V7OiZq0TXsaDXsbrvU1YLZAYR_AHfJArj1ZodikuH7ddmxyJkD8HtpPDqu-sVxWwTu2mSukzO3Hv_BBmRA1sgLec_8W53meawswQc4X2uz1mglJCabsATk0k59W1brMX6Um0K5fRHsVR5ZMBI8fWe23eKSICVbbUC9Fmh1LnR9Z4wf6MSRA79mtw1bK34wnbSOP5nv58Q0.JC9qogp-C-amHDs8uo0o8XmEey13qJXRNNwwY5ivUqQ&dib_tag=se&keywords=shoes&qid=1781073286,"+5 adidas Men Drogo M Running Shoe 4.0 4.0 out of 5 stars (16.3K) 100+ bought in past month Price, product page ₹1,849 ₹ 1,849 M.R.P: ₹2,999 M.R.P: ₹2,999 ₹2,999 (38% off) Up to 5% back with Amazon Pay ICICI card Up to 5% back with Amazon Pay IC... FREE delivery Fri, 12 Jun Or fastest delivery Tomorrow 8 am - 12 pm Add to cart"
Amazon,shoes,Impakto,87900.0,1899.0,54.0,-86001.0,4.2,None,False,Unknown,False,https://www.amazon.in/Impakto-Barefoot-Comfortable-Training-Running/dp/B0DM5Y18C9/ref=sr_1_141?dib=eyJ2IjoiMSJ9.p5mA5-uqDhQd3ED6Sfu05G7P8bYiKeNcNNPCSqvof1UhB0Rg0lKWAmSrBQe8j1SZqzxdsYvwrMNgH5UUEQ3k17qPE-lARGco9V7OiZq0TXsaDXsbrvU1YLZAYR_AHfJArj1ZodikuH7ddmxyJkD8HtpPDqu-sVxWwTu2mSukzO3Hv_BBmRA1sgLec_8W53meawswQc4X2uz1mglJCabsATk0k59W1brMX6Um0K5fRHsVR5ZMBI8fWe23eKSICVbbUC9Fmh1LnR9Z4wf6MSRA79mtw1bK34wnbSOP5nv58Q0.JC9qogp-C-amHDs8uo0o8XmEey13qJXRNNwwY5ivUqQ&dib_tag=se&keywords=shoes&qid=1781073286,"Best seller in Men's Training Shoes Impakto Barefoot Rooted Comfortable Big Toe Box Gym, Cross Training, Walking Shoes for Men 4.2 4.2 out of 5 stars (2.3K) 100+ bought in past month Price, product page ₹879 ₹ 879 M.R.P: ₹1,899 M.R.P: ₹1,899 ₹1,899 (54% off) Up to 5% back with Amazon Pay ICICI card Up to 5% back with Amazon Pay IC... FREE delivery Fri, 12 Jun Or fastest delivery Today 4 pm - 8 pm "
Amazon,shoes,new balance,454300.0,7499.0,39.0,-446801.0,3.4,Limited Time Deal,True,Unknown,False,https://www.amazon.in/Balance-CT300-Casual-Shoes-Brown/dp/B0D96MTZTY/ref=sr_1_142?dib=eyJ2IjoiMSJ9.p5mA5-uqDhQd3ED6Sfu05G7P8bYiKeNcNNPCSqvof1UhB0Rg0lKWAmSrBQe8j1SZqzxdsYvwrMNgH5UUEQ3k17qPE-lARGco9V7OiZq0TXsaDXsbrvU1YLZAYR_AHfJArj1ZodikuH7ddmxyJkD8HtpPDqu-sVxWwTu2mSukzO3Hv_BBmRA1sgLec_8W53meawswQc4X2uz1mglJCabsATk0k59W1brMX6Um0K5fRHsVR5ZMBI8fWe23eKSICVbbUC9Fmh1LnR9Z4wf6MSRA79mtw1bK34wnbSOP5nv58Q0.JC9qogp-C-amHDs8uo0o8XmEey13qJXRNNwwY5ivUqQ&dib_tag=se&keywords=shoes&qid=1781073286,"new balance Mens Ct300 Sneaker 3.4 3.4 out of 5 stars (47) Limited time deal Price, product page ₹4,543 ₹ 4,543 M.R.P: ₹7,499 M.R.P: ₹7,499 ₹7,499 (39% off) Up to 5% back with Amazon Pay ICICI card Up to 5% back with Amazon Pay IC... FREE delivery Sun, 14 Jun Add to cart"
Amazon,shoes,Campus,129900.0,2999.0,57.0,-126901.0,4.1,None,False,Unknown,False,https://www.amazon.in/Campus-STRUT-White-L-Gry-Running/dp/B0GFXHXXX7/ref=sr_1_143?dib=eyJ2IjoiMSJ9.p5mA5-uqDhQd3ED6Sfu05G7P8bYiKeNcNNPCSqvof1UhB0Rg0lKWAmSrBQe8j1SZqzxdsYvwrMNgH5UUEQ3k17qPE-lARGco9V7OiZq0TXsaDXsbrvU1YLZAYR_AHfJArj1ZodikuH7ddmxyJkD8HtpPDqu-sVxWwTu2mSukzO3Hv_BBmRA1sgLec_8W53meawswQc4X2uz1mglJCabsATk0k59W1brMX6Um0K5fRHsVR5ZMBI8fWe23eKSICVbbUC9Fmh1LnR9Z4wf6MSRA79mtw1bK34wnbSOP5nv58Q0.JC9qogp-C-amHDs8uo0o8XmEey13qJXRNNwwY5ivUqQ&dib_tag=se&keywords=shoes&qid=1781073286,"+1 Campus Men's STRUT Running Shoes 4.1 4.1 out of 5 stars (1.1K) Price, product page ₹1,299 ₹ 1,299 M.R.P: ₹2,999 M.R.P: ₹2,999 ₹2,999 (57% off) Save 5% 5% off coupon applied Save 5% with coupon (limited sizes/colours) FREE delivery Fri, 12 Jun Or fastest delivery Tomorrow 8 am - 12 pm Add to cart"
Amazon,shoes,Columbia,1299900.0,,,,4.5,None,False,Unknown,False,https://www.amazon.in/Columbia-Peakfreak-Outdry-Trekking-Waterproof/dp/B0CLWF94VR/ref=sr_1_144?dib=eyJ2IjoiMSJ9.p5mA5-uqDhQd3ED6Sfu05G7P8bYiKeNcNNPCSqvof1UhB0Rg0lKWAmSrBQe8j1SZqzxdsYvwrMNgH5UUEQ3k17qPE-lARGco9V7OiZq0TXsaDXsbrvU1YLZAYR_AHfJArj1ZodikuH7ddmxyJkD8HtpPDqu-sVxWwTu2mSukzO3Hv_BBmRA1sgLec_8W53meawswQc4X2uz1mglJCabsATk0k59W1brMX6Um0K5fRHsVR5ZMBI8fWe23eKSICVbbUC9Fmh1LnR9Z4wf6MSRA79mtw1bK34wnbSOP5nv58Q0.JC9qogp-C-amHDs8uo0o8XmEey13qJXRNNwwY5ivUqQ&dib_tag=se&keywords=shoes&qid=1781073286,"+1 Columbia Men OutDry Peakfreak II Shoes for Hiking | Trekking | Fully Waterproof 4.5 4.5 out of 5 stars (257) Price, product page ₹12,999 ₹ 12,999 Up to 5% back with Amazon Pay ICICI card Up to 5% back with Amazon Pay IC... FREE delivery Fri, 12 Jun Or fastest delivery Tomorrow, 11 Jun Add to cart"
Amazon,shoes,Boldfit,163900.0,4999.0,67.0,-158901.0,4.1,None,False,Unknown,False,https://www.amazon.in/Boldfit-Trekking-Outdoor-Repellent-Tracking/dp/B0DGXKB6YG/ref=sr_1_145?dib=eyJ2IjoiMSJ9.p5mA5-uqDhQd3ED6Sfu05G7P8bYiKeNcNNPCSqvof1UhB0Rg0lKWAmSrBQe8j1SZqzxdsYvwrMNgH5UUEQ3k17qPE-lARGco9V7OiZq0TXsaDXsbrvU1YLZAYR_AHfJArj1ZodikuH7ddmxyJkD8HtpPDqu-sVxWwTu2mSukzO3Hv_BBmRA1sgLec_8W53meawswQc4X2uz1mglJCabsATk0k59W1brMX6Um0K5fRHsVR5ZMBI8fWe23eKSICVbbUC9Fmh1LnR9Z4wf6MSRA79mtw1bK34wnbSOP5nv58Q0.JC9qogp-C-amHDs8uo0o8XmEey13qJXRNNwwY5ivUqQ&dib_tag=se&keywords=shoes&qid=1781073286,"Boldfit Trekking Shoes for Man Outdoor high Neck ShoAnti Skid Trekking Boots Water Repellent, Outlander Black 4.1 4.1 out of 5 stars (709) 100+ bought in past month Price, product page ₹1,639 ₹ 1,639 M.R.P: ₹4,999 M.R.P: ₹4,999 ₹4,999 (67% off) Up to 5% back with Amazon Pay ICICI card Up to 5% back with Amazon Pay IC... FREE delivery 30 Jun - 18 Jul Add to cart"
Amazon,shoes,Reebok,219900.0,3999.0,45.0,-215901.0,4.0,Limited Time Deal,True,Unknown,False,https://www.amazon.in/Softrun-Turbo-Blue-Running-Shoes/dp/B0GS53L7LD/ref=sr_1_148?dib=eyJ2IjoiMSJ9.p5mA5-uqDhQd3ED6Sfu05G7P8bYiKeNcNNPCSqvof1UhB0Rg0lKWAmSrBQe8j1SZqzxdsYvwrMNgH5UUEQ3k17qPE-lARGco9V7OiZq0TXsaDXsbrvU1YLZAYR_AHfJArj1ZodikuH7ddmxyJkD8HtpPDqu-sVxWwTu2mSukzO3Hv_BBmRA1sgLec_8W53meawswQc4X2uz1mglJCabsATk0k59W1brMX6Um0K5fRHsVR5ZMBI8fWe23eKSICVbbUC9Fmh1LnR9Z4wf6MSRA79mtw1bK34wnbSOP5nv58Q0.JC9qogp-C-amHDs8uo0o8XmEey13qJXRNNwwY5ivUqQ&dib_tag=se&keywords=shoes&qid=1781073286,"Reebok Men's Running Shoe - SOFTRUN Turbo - Sports Shoe - Ideal for Running & Gym 4.0 4.0 out of 5 stars (18) Limited time deal Price, product page ₹2,199 ₹ 2,199 M.R.P: ₹3,999 M.R.P: ₹3,999 ₹3,999 (45% off) Up to 5% back with Amazon Pay ICICI card Up to 5% back with Amazon Pay IC... FREE delivery Fri, 12 Jun Or fastest delivery Tomorrow 8 am - 12 pm Add to cart"
Amazon,shoes,Kraasa,89800.0,2999.0,70.0,-86801.0,4.2,Limited Time Deal,True,Unknown,True,https://www.amazon.in/Kraasa-Leather-Cushioning-Lightweight-Comfortable/dp/B0GTQQ89W3/ref=sr_1_151?dib=eyJ2IjoiMSJ9.p5mA5-uqDhQd3ED6Sfu05G7P8bYiKeNcNNPCSqvof1UhB0Rg0lKWAmSrBQe8j1SZqzxdsYvwrMNgH5UUEQ3k17qPE-lARGco9V7OiZq0TXsaDXsbrvU1YLZAYR_AHfJArj1ZodikuH7ddmxyJkD8HtpPDqu-sVxWwTu2mSukzO3Hv_BBmRA1sgLec_8W53meawswQc4X2uz1mglJCabsATk0k59W1brMX6Um0K5fRHsVR5ZMBI8fWe23eKSICVbbUC9Fmh1LnR9Z4wf6MSRA79mtw1bK34wnbSOP5nv58Q0.JC9qogp-C-amHDs8uo0o8XmEey13qJXRNNwwY5ivUqQ&dib_tag=se&keywords=shoes&qid=1781073286,"Kraasa Men’s Formal Slip-On Shoes | Vegan Leather Upper | Airmix Sole | High Cushioning | Lightweight & Comfortable 4.2 4.2 out of 5 stars (147) Limited time deal Price, product page ₹898 ₹ 898 M.R.P: ₹2,999 M.R.P: ₹2,999 ₹2,999 (70% off) Save 2% 2% off coupon applied Save 2% with coupon (limited sizes/colours) FREE delivery Fri, 12 Jun Or fastest delivery Tomorrow, 11 Jun Add to cart"
Amazon,shoes,JQR,84900.0,1799.0,53.0,-83101.0,4.0,Limited Time Deal,True,Unknown,False,https://www.amazon.in/sspa/click?ie=UTF8&spc=MTo0MTkwMTM5OTkyMjQwOTIzOjE3ODEwNzMyODY6c3BfYnRmOjMwMDQ2MjM2NjAwNTgzMjo6MDo6&url=%2FJQR-Signature-Trendy-Stylish-Sneaker%2Fdp%2FB0CPX11NP4%2Fref%3Dsr_1_154_sspa%3Fdib%3DeyJ2IjoiMSJ9.p5mA5-uqDhQd3ED6Sfu05G7P8bYiKeNcNNPCSqvof1UhB0Rg0lKWAmSrBQe8j1SZqzxdsYvwrMNgH5UUEQ3k17qPE-lARGco9V7OiZq0TXsaDXsbrvU1YLZAYR_AHfJArj1ZodikuH7ddmxyJkD8HtpPDqu-sVxWwTu2mSukzO3Hv_BBmRA1sgLec_8W53meawswQc4X2uz1mglJCabsATk0k59W1brMX6Um0K5fRHsVR5ZMBI8fWe23eKSICVbbUC9Fmh1LnR9Z4wf6MSRA79mtw1bK34wnbSOP5nv58Q0.JC9qogp-C-amHDs8uo0o8XmEey13qJXRNNwwY5ivUqQ%26dib_tag%3Dse%26keywords%3Dshoes%26qid%3D1781073286%26aref%3DCt4O2WiiqF%26sp_csd%3Dd2lkZ2V0TmFtZT1zcF9idGY%26psc%3D1&aref=Ct4O2WiiqF&sp_cr=ZAZ,"+10 other colors/patterns Sponsored Sponsored You are seeing this ad based on the product’s relevance to your search query. Let us know JQR Men Signature Sneakers 4.0 4.0 out of 5 stars (1.9K) Limited time deal Price, product page ₹849 ₹ 849 M.R.P: ₹1,799 M.R.P: ₹1,799 ₹1,799 (53% off) Save 3% 3% off coupon applied Save 3% with coupon (limited sizes/colours) FREE delivery Fri, 12 Jun Or fastest de"
Amazon,shoes,Blue Leather By Centrino,134900.0,2999.0,55.0,-131901.0,3.7,Limited Time Deal,True,Unknown,False,https://www.amazon.in/sspa/click?ie=UTF8&spc=MTo0MTkwMTM5OTkyMjQwOTIzOjE3ODEwNzMyODY6c3BfYnRmOjMwMDU5NjM0NjIwMzMzMjo6MDo6&url=%2FBlue-Leather-Formal-Shoe-3943-3%2Fdp%2FB0C7LFGVQ3%2Fref%3Dsr_1_155_sspa%3Fdib%3DeyJ2IjoiMSJ9.p5mA5-uqDhQd3ED6Sfu05G7P8bYiKeNcNNPCSqvof1UhB0Rg0lKWAmSrBQe8j1SZqzxdsYvwrMNgH5UUEQ3k17qPE-lARGco9V7OiZq0TXsaDXsbrvU1YLZAYR_AHfJArj1ZodikuH7ddmxyJkD8HtpPDqu-sVxWwTu2mSukzO3Hv_BBmRA1sgLec_8W53meawswQc4X2uz1mglJCabsATk0k59W1brMX6Um0K5fRHsVR5ZMBI8fWe23eKSICVbbUC9Fmh1LnR9Z4wf6MSRA79mtw1bK34wnbSOP5nv58Q0.JC9qogp-C-amHDs8uo0o8XmEey13qJXRNNwwY5ivUqQ%26dib_tag%3Dse%26keywords%3Dshoes%26qid%3D1781073286%26aref%3DSm3x2Nsp4X%26sp_csd%3Dd2lkZ2V0TmFtZT1zcF9idGY%26psc%3D1&aref=Sm3x2Nsp4X&sp_cr=ZAZ,"+3 other colors/patterns Sponsored Sponsored You are seeing this ad based on the product’s relevance to your search query. Let us know Blue Leather By Centrino Genuine Leather Men's Formal Slip on Loafers |Comfort Trendy Non Lace-Up Design |Flexible Mocassins |Leather with Anti-Skid Sole |Perfect for Walking & Business Work (3943) 3.7 3.7 out of 5 stars (1.1K) Limited time deal Price, product page"
Amazon,shoes,ASIAN,139900.0,3299.0,58.0,-136601.0,3.7,None,False,Unknown,False,https://www.amazon.in/sspa/click?ie=UTF8&spc=MTo0MTkwMTM5OTkyMjQwOTIzOjE3ODEwNzMyODY6c3BfYnRmOjMwMTAyNDUwNTc5MjgzMjo6MDo6&url=%2FASIAN-Basket-11-Sneakers-Dual-Pillar-Cushioning%2Fdp%2FB0G6K9ZH3Q%2Fref%3Dsr_1_156_sspa%3Fdib%3DeyJ2IjoiMSJ9.p5mA5-uqDhQd3ED6Sfu05G7P8bYiKeNcNNPCSqvof1UhB0Rg0lKWAmSrBQe8j1SZqzxdsYvwrMNgH5UUEQ3k17qPE-lARGco9V7OiZq0TXsaDXsbrvU1YLZAYR_AHfJArj1ZodikuH7ddmxyJkD8HtpPDqu-sVxWwTu2mSukzO3Hv_BBmRA1sgLec_8W53meawswQc4X2uz1mglJCabsATk0k59W1brMX6Um0K5fRHsVR5ZMBI8fWe23eKSICVbbUC9Fmh1LnR9Z4wf6MSRA79mtw1bK34wnbSOP5nv58Q0.JC9qogp-C-amHDs8uo0o8XmEey13qJXRNNwwY5ivUqQ%26dib_tag%3Dse%26keywords%3Dshoes%26qid%3D1781073286%26aref%3DVDTHSLMX1e%26sp_csd%3Dd2lkZ2V0TmFtZT1zcF9idGY%26psc%3D1&aref=VDTHSLMX1e&sp_cr=ZAZ,"+2 other colors/patterns Sponsored Sponsored You are seeing this ad based on the product’s relevance to your search query. Let us know ASIAN Basket-11 Men’s Mid-Top Sneakers with Full TPU Sole, Dual-Pillar Bounce Cushioning, Memory Foam Shoes, Premium Design and Arch Support for Sports 3.7 3.7 out of 5 stars (39) Price, product page ₹1,399 ₹ 1,399 M.R.P: ₹3,299 M.R.P: ₹3,299 ₹3,299 (58% off) Up to"
Amazon,watches,Noise,299900.0,7999.0,63.0,-291901.0,4.0,Only 1 Left,True,Unknown,False,https://www.amazon.in/sspa/click?ie=UTF8&spc=MTo4ODU4MTIzOTA4NjI5NzQ1OjE3ODEwNzMzNDI6c3BfYXRmOjMwMDE0MDQ3ODA3MDgzMjo6MDo6&url=%2FNoiseFit-Display-Bluetooth-Calling-Metallic%2Fdp%2FB0BN1ZG1QZ%2Fref%3Dsr_1_1_sspa%3Fdib%3DeyJ2IjoiMSJ9.0HCAKqzW1C1uLSdCwiMdjoC3MkX_hRJ3nu4fa0m5yBoVqPx4T8TcaCGRqU0k88Bh1XDI1gWRy2RwBcUhQ03-gVYeCEN2udRRaMUNtVAnCknnSyOwjTBmfrr55qvzS41AvXEN0dEJyU8b-KlZ8iAtDrnRCZ-HhTSi81HqymZWDCwJVa9h1NpT2h3LV1RDUIQ5EaeQfhSYG-PhW5r3Zk-Y4beLTnU0ImSNe8PK-c2fcOwJhjrlVNNJsSgncZW4qTQMEU-nIF0-Frh2GveRvjESlWN2DbnUXylT-CjlmSxKjQI.f1dbkixm88xQlsnpQHKuixQZVHgUQc5oQy6ZVzZPC94%26dib_tag%3Dse%26keywords%3Dwatches%26qid%3D1781073342%26sr%3D8-1-spons%26aref%3DX6p8zzwNDX%26sp_csd%3Dd2lkZ2V0TmFtZT1zcF9hdGY%26psc%3D1&aref=X6p8zzwNDX&sp_cr=ZAZ,"Sponsored Sponsored You are seeing this ad based on the product’s relevance to your search query. Let us know Noise NoiseFit Halo 1.43"" AMOLED Display, Bluetooth Calling Round Dial Smart Watch, Premium Metallic Build, Always on Display, Smart Gesture Control, 100 Sports Modes (Vintage Brown) 4.0 4.0 out of 5 stars (12.3K) 1K+ bought in past month Price, product page ₹2,999 ₹ 2,999 M.R.P: ₹7,999 M."
Amazon,watches,Noise,159900.0,4999.0,68.0,-154901.0,4.0,None,False,Unknown,False,https://www.amazon.in/sspa/click?ie=UTF8&spc=MTo4ODU4MTIzOTA4NjI5NzQ1OjE3ODEwNzMzNDI6c3BfYXRmOjMwMDEzNjQ3MzQ1NDUzMjo6MDo6&url=%2FNoise-Smartwatch-Calling-Tracking-Monitoring%2Fdp%2FB0CQ4KTCH1%2Fref%3Dsr_1_2_sspa%3Fdib%3DeyJ2IjoiMSJ9.0HCAKqzW1C1uLSdCwiMdjoC3MkX_hRJ3nu4fa0m5yBoVqPx4T8TcaCGRqU0k88Bh1XDI1gWRy2RwBcUhQ03-gVYeCEN2udRRaMUNtVAnCknnSyOwjTBmfrr55qvzS41AvXEN0dEJyU8b-KlZ8iAtDrnRCZ-HhTSi81HqymZWDCwJVa9h1NpT2h3LV1RDUIQ5EaeQfhSYG-PhW5r3Zk-Y4beLTnU0ImSNe8PK-c2fcOwJhjrlVNNJsSgncZW4qTQMEU-nIF0-Frh2GveRvjESlWN2DbnUXylT-CjlmSxKjQI.f1dbkixm88xQlsnpQHKuixQZVHgUQc5oQy6ZVzZPC94%26dib_tag%3Dse%26keywords%3Dwatches%26qid%3D1781073342%26sr%3D8-2-spons%26aref%3DddpIbtEMlR%26sp_csd%3Dd2lkZ2V0TmFtZT1zcF9hdGY%26psc%3D1&aref=ddpIbtEMlR&sp_cr=ZAZ,"Best seller in Smart Watches Sponsored Sponsored You are seeing this ad based on the product’s relevance to your search query. Let us know Noise Noise Twist Go Round dial Smartwatch with BT Calling, 1.39"" Display, Metal Build, 100+ Watch Faces, IP68, Sleep Tracking, 100+ Sports Modes, 24/7 Heart Rate Monitoring (Jet Black) 4.0 4.0 out of 5 stars (55K) 2K+ bought in past month Price, product page ₹"
Amazon,watches,Noise,249900.0,6999.0,64.0,-242901.0,4.1,Limited Time Deal,True,Unknown,False,https://www.amazon.in/sspa/click?ie=UTF8&spc=MTo4ODU4MTIzOTA4NjI5NzQ1OjE3ODEwNzMzNDI6c3BfYXRmOjMwMDY1MDEzMTE2NDAzMjo6MDo6&url=%2FNoise-Assistant-Bluetooth-Calling-Stainless%2Fdp%2FB0F8JF1R8X%2Fref%3Dsr_1_4_sspa%3Fdib%3DeyJ2IjoiMSJ9.0HCAKqzW1C1uLSdCwiMdjoC3MkX_hRJ3nu4fa0m5yBoVqPx4T8TcaCGRqU0k88Bh1XDI1gWRy2RwBcUhQ03-gVYeCEN2udRRaMUNtVAnCknnSyOwjTBmfrr55qvzS41AvXEN0dEJyU8b-KlZ8iAtDrnRCZ-HhTSi81HqymZWDCwJVa9h1NpT2h3LV1RDUIQ5EaeQfhSYG-PhW5r3Zk-Y4beLTnU0ImSNe8PK-c2fcOwJhjrlVNNJsSgncZW4qTQMEU-nIF0-Frh2GveRvjESlWN2DbnUXylT-CjlmSxKjQI.f1dbkixm88xQlsnpQHKuixQZVHgUQc5oQy6ZVzZPC94%26dib_tag%3Dse%26keywords%3Dwatches%26qid%3D1781073342%26sr%3D8-4-spons%26aref%3Dnsm5Ld5lWI%26sp_csd%3Dd2lkZ2V0TmFtZT1zcF9hdGY%26psc%3D1&aref=nsm5Ld5lWI&sp_cr=ZAZ,"Sponsored Sponsored You are seeing this ad based on the product’s relevance to your search query. Let us know Noise Noise Twist 2 Smart Watch with 1.43” AMOLED Screen, AI Search & Voice Assistant, Bluetooth Calling, Stainless Steel Back, 7-Day Battery, 100+ Watch Faces, Health Suite, IP68 (Jet Black) 4.1 4.1 out of 5 stars (7.8K) 500+ bought in past month Limited time deal Price, product page ₹2,4"
Amazon,watches,Matrix,29500.0,2499.0,88.0,-27001.0,3.8,None,False,Unknown,True,https://www.amazon.in/Matrix-Black-Functioning-Stainless-Analog/dp/B0BNHD7MM3/ref=sr_1_5?dib=eyJ2IjoiMSJ9.0HCAKqzW1C1uLSdCwiMdjoC3MkX_hRJ3nu4fa0m5yBoVqPx4T8TcaCGRqU0k88Bh1XDI1gWRy2RwBcUhQ03-gVYeCEN2udRRaMUNtVAnCknnSyOwjTBmfrr55qvzS41AvXEN0dEJyU8b-KlZ8iAtDrnRCZ-HhTSi81HqymZWDCwJVa9h1NpT2h3LV1RDUIQ5EaeQfhSYG-PhW5r3Zk-Y4beLTnU0ImSNe8PK-c2fcOwJhjrlVNNJsSgncZW4qTQMEU-nIF0-Frh2GveRvjESlWN2DbnUXylT-CjlmSxKjQI.f1dbkixm88xQlsnpQHKuixQZVHgUQc5oQy6ZVzZPC94&dib_tag=se&keywords=watches&qid=1781073342&sr=8-5,"Matrix Black, Blue, White Dial, Day & Date Functioning, Stainless Steel Strap Analog Watch for Men & Women 3.8 3.8 out of 5 stars (2.6K) 1K+ bought in past month Price, product page ₹295 ₹ 295 M.R.P: ₹2,499 M.R.P: ₹2,499 ₹2,499 (88% off) Up to 5% back with Amazon Pay ICICI card Up to 5% back with Amazon Pay IC... FREE delivery Fri, 12 Jun on first order Or fastest delivery Tomorrow 8 am - 12 pm Ad"
Amazon,watches,AMERICANVIBER,29800.0,2599.0,89.0,-27201.0,4.0,None,False,Unknown,True,https://www.amazon.in/AMERICANVIBER-Silver-Stainless-Water-Resistant-Wristwatch/dp/B0FPBGQ125/ref=sr_1_6?dib=eyJ2IjoiMSJ9.0HCAKqzW1C1uLSdCwiMdjoC3MkX_hRJ3nu4fa0m5yBoVqPx4T8TcaCGRqU0k88Bh1XDI1gWRy2RwBcUhQ03-gVYeCEN2udRRaMUNtVAnCknnSyOwjTBmfrr55qvzS41AvXEN0dEJyU8b-KlZ8iAtDrnRCZ-HhTSi81HqymZWDCwJVa9h1NpT2h3LV1RDUIQ5EaeQfhSYG-PhW5r3Zk-Y4beLTnU0ImSNe8PK-c2fcOwJhjrlVNNJsSgncZW4qTQMEU-nIF0-Frh2GveRvjESlWN2DbnUXylT-CjlmSxKjQI.f1dbkixm88xQlsnpQHKuixQZVHgUQc5oQy6ZVzZPC94&dib_tag=se&keywords=watches&qid=1781073342&sr=8-6,"Amazon's Choice for ""watches"" AMERICANVIBER Men's Silver, Watch with Stainless Steel Band | Water-Resistant Analog Dress & Casual Wristwatch 4.0 4.0 out of 5 stars (344) 1K+ bought in past month Price, product page ₹298 ₹ 298 M.R.P: ₹2,599 M.R.P: ₹2,599 ₹2,599 (89% off) Save 3% 3% off coupon applied Save 3% with coupon FREE delivery Sat, 13 Jun Add to cart"
Amazon,watches,Acnos,36500.0,1999.0,82.0,-34501.0,3.9,Limited Time Deal,True,Unknown,True,https://www.amazon.in/Acnos%C2%AE-Premium-Chronograph-Design-Watches/dp/B085FRWFZX/ref=sr_1_8?dib=eyJ2IjoiMSJ9.0HCAKqzW1C1uLSdCwiMdjoC3MkX_hRJ3nu4fa0m5yBoVqPx4T8TcaCGRqU0k88Bh1XDI1gWRy2RwBcUhQ03-gVYeCEN2udRRaMUNtVAnCknnSyOwjTBmfrr55qvzS41AvXEN0dEJyU8b-KlZ8iAtDrnRCZ-HhTSi81HqymZWDCwJVa9h1NpT2h3LV1RDUIQ5EaeQfhSYG-PhW5r3Zk-Y4beLTnU0ImSNe8PK-c2fcOwJhjrlVNNJsSgncZW4qTQMEU-nIF0-Frh2GveRvjESlWN2DbnUXylT-CjlmSxKjQI.f1dbkixm88xQlsnpQHKuixQZVHgUQc5oQy6ZVzZPC94&dib_tag=se&keywords=watches&qid=1781073342&sr=8-8,"Acnos Multi-Color Premium Chronograph Design Leather Analog Combo Watches For Men And Watches, Boys (Pack Of 3) 3.9 3.9 out of 5 stars (1K) 200+ bought in past month Limited time deal Price, product page ₹365 ₹ 365 M.R.P: ₹1,999 M.R.P: ₹1,999 ₹1,999 (82% off) Save 5% 5% off coupon applied Save 5% with coupon FREE delivery Fri, 12 Jun on first order Or fastest delivery Tomorrow 8 am - 12 pm Add to "
Amazon,watches,Fastrack,89500.0,,,,4.3,None,False,Unknown,False,https://www.amazon.in/Fastrack-Tees-Analog-Unisex-Adult-Watch-68011PP08/dp/B099WR4WHC/ref=sr_1_9?dib=eyJ2IjoiMSJ9.0HCAKqzW1C1uLSdCwiMdjoC3MkX_hRJ3nu4fa0m5yBoVqPx4T8TcaCGRqU0k88Bh1XDI1gWRy2RwBcUhQ03-gVYeCEN2udRRaMUNtVAnCknnSyOwjTBmfrr55qvzS41AvXEN0dEJyU8b-KlZ8iAtDrnRCZ-HhTSi81HqymZWDCwJVa9h1NpT2h3LV1RDUIQ5EaeQfhSYG-PhW5r3Zk-Y4beLTnU0ImSNe8PK-c2fcOwJhjrlVNNJsSgncZW4qTQMEU-nIF0-Frh2GveRvjESlWN2DbnUXylT-CjlmSxKjQI.f1dbkixm88xQlsnpQHKuixQZVHgUQc5oQy6ZVzZPC94&dib_tag=se&keywords=watches&qid=1781073342&sr=8-9,"Fastrack Tees Analog Grey Dial Unisex-Adult Watch-68011PP08 4.3 4.3 out of 5 stars (2.7K) 2K+ bought in past month Price, product page ₹895 ₹ 895 Up to 5% back with Amazon Pay ICICI card Up to 5% back with Amazon Pay IC... FREE delivery Fri, 12 Jun Or fastest delivery Tomorrow 8 am - 12 pm Add to cart"
Amazon,watches,Casio,189400.0,1895.0,,-187505.0,4.4,None,False,Unknown,False,https://www.amazon.in/Casio-Vintage-Digital-Grey-Watch-A158WA-1Q/dp/B000GAYQJ0/ref=sr_1_10?dib=eyJ2IjoiMSJ9.0HCAKqzW1C1uLSdCwiMdjoC3MkX_hRJ3nu4fa0m5yBoVqPx4T8TcaCGRqU0k88Bh1XDI1gWRy2RwBcUhQ03-gVYeCEN2udRRaMUNtVAnCknnSyOwjTBmfrr55qvzS41AvXEN0dEJyU8b-KlZ8iAtDrnRCZ-HhTSi81HqymZWDCwJVa9h1NpT2h3LV1RDUIQ5EaeQfhSYG-PhW5r3Zk-Y4beLTnU0ImSNe8PK-c2fcOwJhjrlVNNJsSgncZW4qTQMEU-nIF0-Frh2GveRvjESlWN2DbnUXylT-CjlmSxKjQI.f1dbkixm88xQlsnpQHKuixQZVHgUQc5oQy6ZVzZPC94&dib_tag=se&keywords=watches&qid=1781073342&sr=8-10,"Casio Vintage A-158WA-1Q Digital Grey Dial Unisex Watch Silver Metal Strap (D011) 4.4 4.4 out of 5 stars (57.1K) 5K+ bought in past month Price, product page ₹1,894 ₹ 1,894 M.R.P: ₹1,895 M.R.P: ₹1,895 ₹1,895 Up to 5% back with Amazon Pay ICICI card Up to 5% back with Amazon Pay IC... FREE delivery Sat, 13 Jun Or fastest delivery Today 4 pm - 8 pm Add to cart"
Amazon,watches,Titan,169500.0,1995.0,15.0,-167505.0,4.4,None,False,Unknown,False,https://www.amazon.in/Titan-Karishma-Stainless-Watch-NL1639SM02-NN1639SM02/dp/B00ISNVQMW/ref=sr_1_11?dib=eyJ2IjoiMSJ9.0HCAKqzW1C1uLSdCwiMdjoC3MkX_hRJ3nu4fa0m5yBoVqPx4T8TcaCGRqU0k88Bh1XDI1gWRy2RwBcUhQ03-gVYeCEN2udRRaMUNtVAnCknnSyOwjTBmfrr55qvzS41AvXEN0dEJyU8b-KlZ8iAtDrnRCZ-HhTSi81HqymZWDCwJVa9h1NpT2h3LV1RDUIQ5EaeQfhSYG-PhW5r3Zk-Y4beLTnU0ImSNe8PK-c2fcOwJhjrlVNNJsSgncZW4qTQMEU-nIF0-Frh2GveRvjESlWN2DbnUXylT-CjlmSxKjQI.f1dbkixm88xQlsnpQHKuixQZVHgUQc5oQy6ZVzZPC94&dib_tag=se&keywords=watches&qid=1781073342&sr=8-11,"Titan Karishma Analog Black Dial Men's Watch -NM1639SM02 / NL1639SM02 4.4 4.4 out of 5 stars (3.4K) 2K+ bought in past month Price, product page ₹1,695 ₹ 1,695 M.R.P: ₹1,995 M.R.P: ₹1,995 ₹1,995 (15% off) Up to 5% back with Amazon Pay ICICI card Up to 5% back with Amazon Pay IC... FREE delivery Fri, 12 Jun Or fastest delivery Today 4 pm - 8 pm Add to cart"
Amazon,watches,SELLORIA,17900.0,1499.0,88.0,-16401.0,3.8,Limited Time Deal,True,Unknown,True,https://www.amazon.in/SELLORIA-Shockproof-Multi-Functional-Waterproof-Resistance/dp/B09CHJ5RWK/ref=sr_1_12?dib=eyJ2IjoiMSJ9.0HCAKqzW1C1uLSdCwiMdjoC3MkX_hRJ3nu4fa0m5yBoVqPx4T8TcaCGRqU0k88Bh1XDI1gWRy2RwBcUhQ03-gVYeCEN2udRRaMUNtVAnCknnSyOwjTBmfrr55qvzS41AvXEN0dEJyU8b-KlZ8iAtDrnRCZ-HhTSi81HqymZWDCwJVa9h1NpT2h3LV1RDUIQ5EaeQfhSYG-PhW5r3Zk-Y4beLTnU0ImSNe8PK-c2fcOwJhjrlVNNJsSgncZW4qTQMEU-nIF0-Frh2GveRvjESlWN2DbnUXylT-CjlmSxKjQI.f1dbkixm88xQlsnpQHKuixQZVHgUQc5oQy6ZVzZPC94&dib_tag=se&keywords=watches&qid=1781073342&sr=8-12,"SELLORIA Silicone Digital Watch Shockproof Multi-Functional Automatic Black Color Strap Waterproof Digital Sports Watch for Men Pack of 1, Water Resistance 3.8 3.8 out of 5 stars (1.9K) 1K+ bought in past month Limited time deal Price, product page ₹179 ₹ 179 M.R.P: ₹1,499 M.R.P: ₹1,499 ₹1,499 (88% off) Save 3% 3% off coupon applied Save 3% with coupon FREE delivery Sun, 14 Jun on first order Add "
Amazon,watches,TIMEX,104400.0,1895.0,45.0,-102505.0,4.1,Limited Time Deal,True,Unknown,False,https://www.amazon.in/TIMEX-Leather-Tw00Zr262E-Color-Brown-Color-Blue/dp/B07H3K85H5/ref=sr_1_13?dib=eyJ2IjoiMSJ9.0HCAKqzW1C1uLSdCwiMdjoC3MkX_hRJ3nu4fa0m5yBoVqPx4T8TcaCGRqU0k88Bh1XDI1gWRy2RwBcUhQ03-gVYeCEN2udRRaMUNtVAnCknnSyOwjTBmfrr55qvzS41AvXEN0dEJyU8b-KlZ8iAtDrnRCZ-HhTSi81HqymZWDCwJVa9h1NpT2h3LV1RDUIQ5EaeQfhSYG-PhW5r3Zk-Y4beLTnU0ImSNe8PK-c2fcOwJhjrlVNNJsSgncZW4qTQMEU-nIF0-Frh2GveRvjESlWN2DbnUXylT-CjlmSxKjQI.f1dbkixm88xQlsnpQHKuixQZVHgUQc5oQy6ZVzZPC94&dib_tag=se&keywords=watches&qid=1781073342&sr=8-13,"TIMEX Classics Analog Watch for Men with Round Dial & Water Resistant Man's Wrist Watches 4.1 4.1 out of 5 stars (24.5K) 1K+ bought in past month Limited time deal Price, product page ₹1,044 ₹ 1,044 M.R.P: ₹1,895 M.R.P: ₹1,895 ₹1,895 (45% off) Up to 5% back with Amazon Pay ICICI card Up to 5% back with Amazon Pay IC... FREE delivery Fri, 12 Jun Or fastest delivery Today 4 pm - 8 pm Add to cart"
Amazon,watches,Titan,362500.0,3995.0,9.0,-358505.0,4.2,None,False,Unknown,False,https://www.amazon.in/Titan-Analog-Black-Dial-Watch-1806NM01/dp/B091Q7JNTC/ref=sr_1_14?dib=eyJ2IjoiMSJ9.0HCAKqzW1C1uLSdCwiMdjoC3MkX_hRJ3nu4fa0m5yBoVqPx4T8TcaCGRqU0k88Bh1XDI1gWRy2RwBcUhQ03-gVYeCEN2udRRaMUNtVAnCknnSyOwjTBmfrr55qvzS41AvXEN0dEJyU8b-KlZ8iAtDrnRCZ-HhTSi81HqymZWDCwJVa9h1NpT2h3LV1RDUIQ5EaeQfhSYG-PhW5r3Zk-Y4beLTnU0ImSNe8PK-c2fcOwJhjrlVNNJsSgncZW4qTQMEU-nIF0-Frh2GveRvjESlWN2DbnUXylT-CjlmSxKjQI.f1dbkixm88xQlsnpQHKuixQZVHgUQc5oQy6ZVzZPC94&dib_tag=se&keywords=watches&qid=1781073342&sr=8-14,"Titan Titan Minimalist Quartz Analog with Date Black Dial Black Metal Strap Watch For Men - NT1806NM01 4.2 4.2 out of 5 stars (854) 800+ bought in past month Price, product page ₹3,625 ₹ 3,625 M.R.P: ₹3,995 M.R.P: ₹3,995 ₹3,995 (9% off) Up to 5% back with Amazon Pay ICICI card Up to 5% back with Amazon Pay IC... FREE delivery Fri, 12 Jun Or fastest delivery Today 4 pm - 8 pm Add to cart"
Amazon,watches,Fastrack,94500.0,995.0,5.0,-93505.0,4.1,None,False,Unknown,False,https://www.amazon.in/Fastrack-Analog-Black-Unisex-Adult-Watch-38024PP25/dp/B099WNYHY2/ref=sr_1_15?dib=eyJ2IjoiMSJ9.0HCAKqzW1C1uLSdCwiMdjoC3MkX_hRJ3nu4fa0m5yBoVqPx4T8TcaCGRqU0k88Bh1XDI1gWRy2RwBcUhQ03-gVYeCEN2udRRaMUNtVAnCknnSyOwjTBmfrr55qvzS41AvXEN0dEJyU8b-KlZ8iAtDrnRCZ-HhTSi81HqymZWDCwJVa9h1NpT2h3LV1RDUIQ5EaeQfhSYG-PhW5r3Zk-Y4beLTnU0ImSNe8PK-c2fcOwJhjrlVNNJsSgncZW4qTQMEU-nIF0-Frh2GveRvjESlWN2DbnUXylT-CjlmSxKjQI.f1dbkixm88xQlsnpQHKuixQZVHgUQc5oQy6ZVzZPC94&dib_tag=se&keywords=watches&qid=1781073342&sr=8-15,"Fastrack Analog Unisex-Adult Watch 4.1 4.1 out of 5 stars (15.8K) 1K+ bought in past month Price, product page ₹945 ₹ 945 M.R.P: ₹995 M.R.P: ₹995 ₹995 (5% off) Up to 5% back with Amazon Pay ICICI card Up to 5% back with Amazon Pay IC... FREE delivery Fri, 12 Jun Or fastest delivery Today 4 pm - 8 pm Add to cart"
Amazon,watches,Fire-Boltt,159900.0,14999.0,89.0,-144901.0,4.0,None,False,Unknown,True,https://www.amazon.in/Fire-Boltt-Stainless-Bluetooth-Monitoring-Assistant/dp/B0CG1VX5P4/ref=sr_1_16?dib=eyJ2IjoiMSJ9.0HCAKqzW1C1uLSdCwiMdjoC3MkX_hRJ3nu4fa0m5yBoVqPx4T8TcaCGRqU0k88Bh1XDI1gWRy2RwBcUhQ03-gVYeCEN2udRRaMUNtVAnCknnSyOwjTBmfrr55qvzS41AvXEN0dEJyU8b-KlZ8iAtDrnRCZ-HhTSi81HqymZWDCwJVa9h1NpT2h3LV1RDUIQ5EaeQfhSYG-PhW5r3Zk-Y4beLTnU0ImSNe8PK-c2fcOwJhjrlVNNJsSgncZW4qTQMEU-nIF0-Frh2GveRvjESlWN2DbnUXylT-CjlmSxKjQI.f1dbkixm88xQlsnpQHKuixQZVHgUQc5oQy6ZVzZPC94&dib_tag=se&keywords=watches&qid=1781073342&sr=8-16,"Fire-Boltt Fire-Boltt Talk Round Smart Watch 1.39″ TFT Display with Bluetooth Calling, Dual Button, Voice Assistance, SPO₂ & Heart Rate Monitor, 120+ Sports Modes, Metal Smartwatch for Men & Women - Silver 4.0 4.0 out of 5 stars (61.8K) 1K+ bought in past month Price, product page ₹1,599 ₹ 1,599 M.R.P: ₹14,999 M.R.P: ₹14,999 ₹14,999 (89% off) Up to 5% back with Amazon Pay ICICI card Up to 5% back "
Amazon,watches,boAt,139900.0,6999.0,80.0,-132901.0,4.1,None,False,Unknown,True,https://www.amazon.in/Wave-Smartwatch-Animated-Functional-Multiple/dp/B0FLF38P8G/ref=sr_1_17?dib=eyJ2IjoiMSJ9.0HCAKqzW1C1uLSdCwiMdjoC3MkX_hRJ3nu4fa0m5yBoVqPx4T8TcaCGRqU0k88Bh1XDI1gWRy2RwBcUhQ03-gVYeCEN2udRRaMUNtVAnCknnSyOwjTBmfrr55qvzS41AvXEN0dEJyU8b-KlZ8iAtDrnRCZ-HhTSi81HqymZWDCwJVa9h1NpT2h3LV1RDUIQ5EaeQfhSYG-PhW5r3Zk-Y4beLTnU0ImSNe8PK-c2fcOwJhjrlVNNJsSgncZW4qTQMEU-nIF0-Frh2GveRvjESlWN2DbnUXylT-CjlmSxKjQI.f1dbkixm88xQlsnpQHKuixQZVHgUQc5oQy6ZVzZPC94&dib_tag=se&keywords=watches&qid=1781073342&sr=8-17,"boAt Boat Wave Call 3 Smartwatch 1.83” HD Display with Animated Watch Faces; BT Calling, Functional Crown, Multiple Sports Modes, IP68, HR, SpO2 Monitor, Smart Watches for Men & Women (Spring Blossom) 4.1 4.1 out of 5 stars (26K) 1K+ bought in past month Price, product page ₹1,399 ₹ 1,399 M.R.P: ₹6,999 M.R.P: ₹6,999 ₹6,999 (80% off) Up to 5% back with Amazon Pay ICICI card Up to 5% back with Amazo"
Amazon,watches,Casio,299500.0,,,,4.4,None,False,Unknown,False,https://www.amazon.in/Casio-Enticer-Analog-Watch-MTP-VD01D-1EVUDF-A1362/dp/B07C9GY2YY/ref=sr_1_18?dib=eyJ2IjoiMSJ9.0HCAKqzW1C1uLSdCwiMdjoC3MkX_hRJ3nu4fa0m5yBoVqPx4T8TcaCGRqU0k88Bh1XDI1gWRy2RwBcUhQ03-gVYeCEN2udRRaMUNtVAnCknnSyOwjTBmfrr55qvzS41AvXEN0dEJyU8b-KlZ8iAtDrnRCZ-HhTSi81HqymZWDCwJVa9h1NpT2h3LV1RDUIQ5EaeQfhSYG-PhW5r3Zk-Y4beLTnU0ImSNe8PK-c2fcOwJhjrlVNNJsSgncZW4qTQMEU-nIF0-Frh2GveRvjESlWN2DbnUXylT-CjlmSxKjQI.f1dbkixm88xQlsnpQHKuixQZVHgUQc5oQy6ZVzZPC94&dib_tag=se&keywords=watches&qid=1781073342&sr=8-18,"Casio Casio Enticer Analog Black Dial Men's Watch (MTP-VD01D-1EVUDF, A1362, Silver) 4.4 4.4 out of 5 stars (9.7K) 400+ bought in past month Price, product page ₹2,995 ₹ 2,995 Up to 5% back with Amazon Pay ICICI card Up to 5% back with Amazon Pay IC... FREE delivery 14 - 15 Jun Add to cart"
Amazon,watches,London Fog,139900.0,2950.0,53.0,-136950.0,4.3,None,False,Unknown,False,https://www.amazon.in/London-Fog-Collection-Stainless-Resistant/dp/B0GKGL6MM6/ref=sr_1_19?dib=eyJ2IjoiMSJ9.0HCAKqzW1C1uLSdCwiMdjoC3MkX_hRJ3nu4fa0m5yBoVqPx4T8TcaCGRqU0k88Bh1XDI1gWRy2RwBcUhQ03-gVYeCEN2udRRaMUNtVAnCknnSyOwjTBmfrr55qvzS41AvXEN0dEJyU8b-KlZ8iAtDrnRCZ-HhTSi81HqymZWDCwJVa9h1NpT2h3LV1RDUIQ5EaeQfhSYG-PhW5r3Zk-Y4beLTnU0ImSNe8PK-c2fcOwJhjrlVNNJsSgncZW4qTQMEU-nIF0-Frh2GveRvjESlWN2DbnUXylT-CjlmSxKjQI.f1dbkixm88xQlsnpQHKuixQZVHgUQc5oQy6ZVzZPC94&dib_tag=se&keywords=watches&qid=1781073342&sr=8-19,"London Fog Regent Collection Analog Quartz Watch for Men with Round Dial and Stainless Steel Strap, Metal Case, Date Display, Luminous Hands & Hour Markers, Water Resistant 4.3 4.3 out of 5 stars (155) 500+ bought in past month Price, product page ₹1,399 ₹ 1,399 M.R.P: ₹2,950 M.R.P: ₹2,950 ₹2,950 (53% off) Up to 5% back with Amazon Pay ICICI card Up to 5% back with Amazon Pay IC... FREE delivery F"
Amazon,watches,Samsung,4299900.0,69999.0,39.0,-4229901.0,4.5,None,False,Unknown,False,https://www.amazon.in/Samsung-Watch-Ultra-Silver-Processor/dp/B0DKFTDXMK/ref=sr_1_20?dib=eyJ2IjoiMSJ9.0HCAKqzW1C1uLSdCwiMdjoC3MkX_hRJ3nu4fa0m5yBoVqPx4T8TcaCGRqU0k88Bh1XDI1gWRy2RwBcUhQ03-gVYeCEN2udRRaMUNtVAnCknnSyOwjTBmfrr55qvzS41AvXEN0dEJyU8b-KlZ8iAtDrnRCZ-HhTSi81HqymZWDCwJVa9h1NpT2h3LV1RDUIQ5EaeQfhSYG-PhW5r3Zk-Y4beLTnU0ImSNe8PK-c2fcOwJhjrlVNNJsSgncZW4qTQMEU-nIF0-Frh2GveRvjESlWN2DbnUXylT-CjlmSxKjQI.f1dbkixm88xQlsnpQHKuixQZVHgUQc5oQy6ZVzZPC94&dib_tag=se&keywords=watches&qid=1781073342&sr=8-20,"Samsung Samsung Galaxy Watch Ultra (47mm, LTE, Silver) with Upto 100h battery | 3nm Processor | Dual GPS | Quick Button/Siren | Sapphire Glass & Titanium | 10ATM & IP68 | BP & ECG Monitor |Energy Score & AGEs 4.5 4.5 out of 5 stars (157) Price, product page ₹42,999 ₹ 42,999 M.R.P: ₹69,999 M.R.P: ₹69,999 ₹69,999 (39% off) Up to 5% back with Amazon Pay ICICI card Up to 5% back with Amazon Pay IC... "
Amazon,watches,boAt,149900.0,8499.0,82.0,-141401.0,3.8,None,False,Unknown,True,https://www.amazon.in/sspa/click?ie=UTF8&spc=MTo4ODU4MTIzOTA4NjI5NzQ1OjE3ODEwNzMzNDI6c3BfbXRmOjMwMDk5NDE1NjUwMTEzMjo6MDo6&url=%2FboAt-Lunar-Discovery-Navigation-Bluetooth%2Fdp%2FB0DFYKMR8T%2Fref%3Dsr_1_21_sspa%3Fdib%3DeyJ2IjoiMSJ9.0HCAKqzW1C1uLSdCwiMdjoC3MkX_hRJ3nu4fa0m5yBoVqPx4T8TcaCGRqU0k88Bh1XDI1gWRy2RwBcUhQ03-gVYeCEN2udRRaMUNtVAnCknnSyOwjTBmfrr55qvzS41AvXEN0dEJyU8b-KlZ8iAtDrnRCZ-HhTSi81HqymZWDCwJVa9h1NpT2h3LV1RDUIQ5EaeQfhSYG-PhW5r3Zk-Y4beLTnU0ImSNe8PK-c2fcOwJhjrlVNNJsSgncZW4qTQMEU-nIF0-Frh2GveRvjESlWN2DbnUXylT-CjlmSxKjQI.f1dbkixm88xQlsnpQHKuixQZVHgUQc5oQy6ZVzZPC94%26dib_tag%3Dse%26keywords%3Dwatches%26qid%3D1781073342%26sr%3D8-21-spons%26aref%3DpaH8ditueh%26sp_csd%3Dd2lkZ2V0TmFtZT1zcF9tdGY%26psc%3D1&aref=paH8ditueh&sp_cr=ZAZ,"Sponsored Sponsored You are seeing this ad based on the product’s relevance to your search query. Let us know boAt Boat Lunar Discovery w/ 1.39"" (3.5 cm) HD Display, Turn-by-Turn Navigation, DIY Watch Face Studio, Bluetooth Calling, Emergency SOS, QR Tray, Smart Watch for Men & Women(Brown) 3.8 3.8 out of 5 stars (5.7K) 200+ bought in past month Price, product page ₹1,499 ₹ 1,499 M.R.P: ₹8,499 M.R"
Amazon,watches,Fire-Boltt,119900.0,14999.0,92.0,-104901.0,3.9,None,False,Unknown,True,https://www.amazon.in/sspa/click?ie=UTF8&spc=MTo4ODU4MTIzOTA4NjI5NzQ1OjE3ODEwNzMzNDI6c3BfbXRmOjMwMDQ0NzE3NjY5OTUzMjo6MDo6&url=%2FFire-Boltt-Launched-Display-Bluetooth-Assistance%2Fdp%2FB0C496V772%2Fref%3Dsr_1_22_sspa%3Fdib%3DeyJ2IjoiMSJ9.0HCAKqzW1C1uLSdCwiMdjoC3MkX_hRJ3nu4fa0m5yBoVqPx4T8TcaCGRqU0k88Bh1XDI1gWRy2RwBcUhQ03-gVYeCEN2udRRaMUNtVAnCknnSyOwjTBmfrr55qvzS41AvXEN0dEJyU8b-KlZ8iAtDrnRCZ-HhTSi81HqymZWDCwJVa9h1NpT2h3LV1RDUIQ5EaeQfhSYG-PhW5r3Zk-Y4beLTnU0ImSNe8PK-c2fcOwJhjrlVNNJsSgncZW4qTQMEU-nIF0-Frh2GveRvjESlWN2DbnUXylT-CjlmSxKjQI.f1dbkixm88xQlsnpQHKuixQZVHgUQc5oQy6ZVzZPC94%26dib_tag%3Dse%26keywords%3Dwatches%26qid%3D1781073342%26sr%3D8-22-spons%26aref%3DE3YqWhNiGU%26sp_csd%3Dd2lkZ2V0TmFtZT1zcF9tdGY%26psc%3D1&aref=E3YqWhNiGU&sp_cr=ZAZ,"Sponsored Sponsored You are seeing this ad based on the product’s relevance to your search query. Let us know Fire-Boltt Fire-Boltt Ninja Call Pro Max Bluetooth Calling Smart Watch, 2.01"" HD Display, 120+ Sports Modes, Health Suite, AI Voice Assistance, SpO2 & Heart Rate Monitor Smartwatch for Men & Women - Grey 3.9 3.9 out of 5 stars (1.3L) 500+ bought in past month Price, product page ₹1,199 ₹ 1"
Amazon,watches,GOBOULT,299900.0,8999.0,67.0,-290901.0,4.3,None,False,Unknown,False,https://www.amazon.in/sspa/click?ie=UTF8&spc=MTo4ODU4MTIzOTA4NjI5NzQ1OjE3ODEwNzMzNDI6c3BfbXRmOjMwMTEzMTgyNjA2MzQzMjo6MDo6&url=%2FGOBOULT-Saber-Functional-Watchfaces-Brightness%2Fdp%2FB0G3PVS17V%2Fref%3Dsr_1_24_sspa%3Fdib%3DeyJ2IjoiMSJ9.0HCAKqzW1C1uLSdCwiMdjoC3MkX_hRJ3nu4fa0m5yBoVqPx4T8TcaCGRqU0k88Bh1XDI1gWRy2RwBcUhQ03-gVYeCEN2udRRaMUNtVAnCknnSyOwjTBmfrr55qvzS41AvXEN0dEJyU8b-KlZ8iAtDrnRCZ-HhTSi81HqymZWDCwJVa9h1NpT2h3LV1RDUIQ5EaeQfhSYG-PhW5r3Zk-Y4beLTnU0ImSNe8PK-c2fcOwJhjrlVNNJsSgncZW4qTQMEU-nIF0-Frh2GveRvjESlWN2DbnUXylT-CjlmSxKjQI.f1dbkixm88xQlsnpQHKuixQZVHgUQc5oQy6ZVzZPC94%26dib_tag%3Dse%26keywords%3Dwatches%26qid%3D1781073342%26sr%3D8-24-spons%26aref%3DLvzztedRVP%26sp_csd%3Dd2lkZ2V0TmFtZT1zcF9tdGY%26psc%3D1&aref=LvzztedRVP&sp_cr=ZAZ,"Sponsored Sponsored You are seeing this ad based on the product’s relevance to your search query. Let us know GOBOULT GOBOULT Saber Smart Watch 1.43'' AMOLED Display, Functional Rotating Bezel, AOD, BT Calling, 200+Watchfaces, 700 Nits Brightness, AI Voice Assistant, SpO2 Monitoring, 120+ Sports Mode (Titanium) 4.3 4.3 out of 5 stars (206) 100+ bought in past month Price, product page ₹2,999 ₹ 2,9"
Amazon,watches,Casio,399500.0,,,,4.5,None,False,Unknown,False,https://www.amazon.in/Casio-Enticer-Analog-Green-MTP-1302PD-3AVEF/dp/B0BRP4LVN2/ref=sr_1_25?dib=eyJ2IjoiMSJ9.0HCAKqzW1C1uLSdCwiMdjoC3MkX_hRJ3nu4fa0m5yBoVqPx4T8TcaCGRqU0k88Bh1XDI1gWRy2RwBcUhQ03-gVYeCEN2udRRaMUNtVAnCknnSyOwjTBmfrr55qvzS41AvXEN0dEJyU8b-KlZ8iAtDrnRCZ-HhTSi81HqymZWDCwJVa9h1NpT2h3LV1RDUIQ5EaeQfhSYG-PhW5r3Zk-Y4beLTnU0ImSNe8PK-c2fcOwJhjrlVNNJsSgncZW4qTQMEU-nIF0-Frh2GveRvjESlWN2DbnUXylT-CjlmSxKjQI.f1dbkixm88xQlsnpQHKuixQZVHgUQc5oQy6ZVzZPC94&dib_tag=se&keywords=watches&qid=1781073342&sr=8-25,"Casio Casio Enticer Men Analog Green Dial Men MTP-1302PD-3AVEF (A2262) 4.5 4.5 out of 5 stars (11.9K) 600+ bought in past month Price, product page ₹3,995 ₹ 3,995 Up to 5% back with Amazon Pay ICICI card Up to 5% back with Amazon Pay IC... FREE delivery Fri, 12 Jun Or fastest delivery Today 4 pm - 8 pm Add to cart"
Amazon,watches,Fastrack,149400.0,,,,4.4,None,False,Unknown,False,https://www.amazon.in/Fastrack-Analog-Blue-Casual-Watch/dp/B0C1C3Y31H/ref=sr_1_26?dib=eyJ2IjoiMSJ9.0HCAKqzW1C1uLSdCwiMdjoC3MkX_hRJ3nu4fa0m5yBoVqPx4T8TcaCGRqU0k88Bh1XDI1gWRy2RwBcUhQ03-gVYeCEN2udRRaMUNtVAnCknnSyOwjTBmfrr55qvzS41AvXEN0dEJyU8b-KlZ8iAtDrnRCZ-HhTSi81HqymZWDCwJVa9h1NpT2h3LV1RDUIQ5EaeQfhSYG-PhW5r3Zk-Y4beLTnU0ImSNe8PK-c2fcOwJhjrlVNNJsSgncZW4qTQMEU-nIF0-Frh2GveRvjESlWN2DbnUXylT-CjlmSxKjQI.f1dbkixm88xQlsnpQHKuixQZVHgUQc5oQy6ZVzZPC94&dib_tag=se&keywords=watches&qid=1781073342&sr=8-26,"Fastrack Fastrack Men Stunners Quartz Analog Blue Dial Silver Metal Strap Watch - 3278SM03 4.4 4.4 out of 5 stars (369) 900+ bought in past month Price, product page ₹1,494 ₹ 1,494 Up to 5% back with Amazon Pay ICICI card Up to 5% back with Amazon Pay IC... FREE delivery Fri, 12 Jun Or fastest delivery Today 4 pm - 8 pm Add to cart"
Amazon,watches,Casio,129500.0,,,,4.5,None,False,Unknown,False,https://www.amazon.in/Casio-Vintage-Digital-Black-Watch/dp/B00HFPIIOI/ref=sr_1_27?dib=eyJ2IjoiMSJ9.0HCAKqzW1C1uLSdCwiMdjoC3MkX_hRJ3nu4fa0m5yBoVqPx4T8TcaCGRqU0k88Bh1XDI1gWRy2RwBcUhQ03-gVYeCEN2udRRaMUNtVAnCknnSyOwjTBmfrr55qvzS41AvXEN0dEJyU8b-KlZ8iAtDrnRCZ-HhTSi81HqymZWDCwJVa9h1NpT2h3LV1RDUIQ5EaeQfhSYG-PhW5r3Zk-Y4beLTnU0ImSNe8PK-c2fcOwJhjrlVNNJsSgncZW4qTQMEU-nIF0-Frh2GveRvjESlWN2DbnUXylT-CjlmSxKjQI.f1dbkixm88xQlsnpQHKuixQZVHgUQc5oQy6ZVzZPC94&dib_tag=se&keywords=watches&qid=1781073342&sr=8-27,"Best seller in Watches Casio Youth Series Digital Black Dial Unisex Watch - F-91W-1Q(D002) 4.5 4.5 out of 5 stars (15.1K) 6K+ bought in past month Price, product page ₹1,295 ₹ 1,295 Up to 5% back with Amazon Pay ICICI card Up to 5% back with Amazon Pay IC... FREE delivery Mon, 15 Jun Add to cart"
Amazon,watches,Titan,265100.0,2795.0,5.0,-262305.0,4.4,None,False,Unknown,False,https://www.amazon.in/Titan-Analog-White-Dial-Watch-1802SL13/dp/B08JM2TNDQ/ref=sr_1_28?dib=eyJ2IjoiMSJ9.0HCAKqzW1C1uLSdCwiMdjoC3MkX_hRJ3nu4fa0m5yBoVqPx4T8TcaCGRqU0k88Bh1XDI1gWRy2RwBcUhQ03-gVYeCEN2udRRaMUNtVAnCknnSyOwjTBmfrr55qvzS41AvXEN0dEJyU8b-KlZ8iAtDrnRCZ-HhTSi81HqymZWDCwJVa9h1NpT2h3LV1RDUIQ5EaeQfhSYG-PhW5r3Zk-Y4beLTnU0ImSNe8PK-c2fcOwJhjrlVNNJsSgncZW4qTQMEU-nIF0-Frh2GveRvjESlWN2DbnUXylT-CjlmSxKjQI.f1dbkixm88xQlsnpQHKuixQZVHgUQc5oQy6ZVzZPC94&dib_tag=se&keywords=watches&qid=1781073342&sr=8-28,"Titan Titan Men's Classic Watch: Gradient Dial & Sleek Markings with Leather Strap-NS1802SL13 4.4 4.4 out of 5 stars (2.4K) 600+ bought in past month Price, product page ₹2,651 ₹ 2,651 M.R.P: ₹2,795 M.R.P: ₹2,795 ₹2,795 (5% off) Up to 5% back with Amazon Pay ICICI card Up to 5% back with Amazon Pay IC... FREE delivery Fri, 12 Jun Or fastest delivery Today 4 pm - 8 pm Add to cart"
Amazon,watches,Matrix,27500.0,1499.0,82.0,-26001.0,3.6,None,False,Unknown,True,https://www.amazon.in/Matrix-Sportz-Digital-Silicone-Strap/dp/B0DXB4Z651/ref=sr_1_29?dib=eyJ2IjoiMSJ9.0HCAKqzW1C1uLSdCwiMdjoC3MkX_hRJ3nu4fa0m5yBoVqPx4T8TcaCGRqU0k88Bh1XDI1gWRy2RwBcUhQ03-gVYeCEN2udRRaMUNtVAnCknnSyOwjTBmfrr55qvzS41AvXEN0dEJyU8b-KlZ8iAtDrnRCZ-HhTSi81HqymZWDCwJVa9h1NpT2h3LV1RDUIQ5EaeQfhSYG-PhW5r3Zk-Y4beLTnU0ImSNe8PK-c2fcOwJhjrlVNNJsSgncZW4qTQMEU-nIF0-Frh2GveRvjESlWN2DbnUXylT-CjlmSxKjQI.f1dbkixm88xQlsnpQHKuixQZVHgUQc5oQy6ZVzZPC94&dib_tag=se&keywords=watches&qid=1781073342&sr=8-29,"Matrix Sportz Digital Silicone Strap Watch for Boys & Girls 3.6 3.6 out of 5 stars (386) Price, product page ₹275 ₹ 275 M.R.P: ₹1,499 M.R.P: ₹1,499 ₹1,499 (82% off) Up to 5% back with Amazon Pay ICICI card Up to 5% back with Amazon Pay IC... FREE delivery Fri, 12 Jun on first order Or fastest delivery Tomorrow 8 am - 12 pm Add to cart"
Amazon,watches,CIGA Design,18300000.0,,,,5.0,Only 1 Left,True,Unknown,False,https://www.amazon.in/CIGA-Design-Mechanical-Automatic-Fluororubber/dp/B0FD367JCQ/ref=sr_1_30?dib=eyJ2IjoiMSJ9.0HCAKqzW1C1uLSdCwiMdjoC3MkX_hRJ3nu4fa0m5yBoVqPx4T8TcaCGRqU0k88Bh1XDI1gWRy2RwBcUhQ03-gVYeCEN2udRRaMUNtVAnCknnSyOwjTBmfrr55qvzS41AvXEN0dEJyU8b-KlZ8iAtDrnRCZ-HhTSi81HqymZWDCwJVa9h1NpT2h3LV1RDUIQ5EaeQfhSYG-PhW5r3Zk-Y4beLTnU0ImSNe8PK-c2fcOwJhjrlVNNJsSgncZW4qTQMEU-nIF0-Frh2GveRvjESlWN2DbnUXylT-CjlmSxKjQI.f1dbkixm88xQlsnpQHKuixQZVHgUQc5oQy6ZVzZPC94&dib_tag=se&keywords=watches&qid=1781073342&sr=8-30,"CIGA Design Mechanical Automatic Watch Blue Planet II · Black Star Edition, Titanium DLC Watch, Round Titanium Case, Black Hole Dial Design, Fluororubber Strap Gifts for Men and Women 5.0 5.0 out of 5 stars (1) Price, product page ₹1,83,000 ₹ 1,83,000 Up to 5% back with Amazon Pay ICICI card Up to 5% back with Amazon Pay IC... FREE delivery Sat, 13 Jun Or fastest delivery Fri, 12 Jun Only 1 left i"
Amazon,watches,Fossil,909600.0,12495.0,27.0,-897105.0,4.3,None,False,Unknown,False,https://www.amazon.in/Fossil-Chronograph-Black-Dial-Watch-CH2891/dp/B00DUCIMCI/ref=sr_1_31?dib=eyJ2IjoiMSJ9.0HCAKqzW1C1uLSdCwiMdjoC3MkX_hRJ3nu4fa0m5yBoVqPx4T8TcaCGRqU0k88Bh1XDI1gWRy2RwBcUhQ03-gVYeCEN2udRRaMUNtVAnCknnSyOwjTBmfrr55qvzS41AvXEN0dEJyU8b-KlZ8iAtDrnRCZ-HhTSi81HqymZWDCwJVa9h1NpT2h3LV1RDUIQ5EaeQfhSYG-PhW5r3Zk-Y4beLTnU0ImSNe8PK-c2fcOwJhjrlVNNJsSgncZW4qTQMEU-nIF0-Frh2GveRvjESlWN2DbnUXylT-CjlmSxKjQI.f1dbkixm88xQlsnpQHKuixQZVHgUQc5oQy6ZVzZPC94&dib_tag=se&keywords=watches&qid=1781073342&sr=8-31,"Fossil Fossil Chronograph Black Dial Men's Watch-CH2891 4.3 4.3 out of 5 stars (17.6K) 200+ bought in past month Price, product page ₹9,096 ₹ 9,096 M.R.P: ₹12,495 M.R.P: ₹12,495 ₹12,495 (27% off) Up to 5% back with Amazon Pay ICICI card Up to 5% back with Amazon Pay IC... FREE delivery Fri, 12 Jun Or fastest delivery Today 4 pm - 8 pm Add to cart"
Amazon,watches,Apple,7799900.0,84900.0,8.0,-7715000.0,4.4,Limited Time Deal,True,Unknown,False,https://www.amazon.in/Apple-Watch-Cellular-Titanium-Milanese/dp/B0FQFL8QLN/ref=sr_1_32?dib=eyJ2IjoiMSJ9.0HCAKqzW1C1uLSdCwiMdjoC3MkX_hRJ3nu4fa0m5yBoVqPx4T8TcaCGRqU0k88Bh1XDI1gWRy2RwBcUhQ03-gVYeCEN2udRRaMUNtVAnCknnSyOwjTBmfrr55qvzS41AvXEN0dEJyU8b-KlZ8iAtDrnRCZ-HhTSi81HqymZWDCwJVa9h1NpT2h3LV1RDUIQ5EaeQfhSYG-PhW5r3Zk-Y4beLTnU0ImSNe8PK-c2fcOwJhjrlVNNJsSgncZW4qTQMEU-nIF0-Frh2GveRvjESlWN2DbnUXylT-CjlmSxKjQI.f1dbkixm88xQlsnpQHKuixQZVHgUQc5oQy6ZVzZPC94&dib_tag=se&keywords=watches&qid=1781073342&sr=8-32,"Apple Apple Watch Series 11 GPS + Cellular 42mm Gold Titanium Case with Gold Milanese Loop 4.4 4.4 out of 5 stars (24) Limited time deal Price, product page ₹77,999 ₹ 77,999 M.R.P: ₹84,900 M.R.P: ₹84,900 ₹84,900 (8% off) Up to 5% back with Amazon Pay ICICI card Up to 5% back with Amazon Pay IC... FREE delivery Fri, 12 Jun Or fastest delivery Tomorrow 8 am - 12 pm See options"
Amazon,watches,Mathey-Tissot,7533000.0,81000.0,7.0,-7452000.0,,Only 2 Left,True,Unknown,False,https://www.amazon.in/Mathy-Tissot-Siwss-Mathy-Heart-Quartz/dp/B0GH1NFDV7/ref=sr_1_33?dib=eyJ2IjoiMSJ9.0HCAKqzW1C1uLSdCwiMdjoC3MkX_hRJ3nu4fa0m5yBoVqPx4T8TcaCGRqU0k88Bh1XDI1gWRy2RwBcUhQ03-gVYeCEN2udRRaMUNtVAnCknnSyOwjTBmfrr55qvzS41AvXEN0dEJyU8b-KlZ8iAtDrnRCZ-HhTSi81HqymZWDCwJVa9h1NpT2h3LV1RDUIQ5EaeQfhSYG-PhW5r3Zk-Y4beLTnU0ImSNe8PK-c2fcOwJhjrlVNNJsSgncZW4qTQMEU-nIF0-Frh2GveRvjESlWN2DbnUXylT-CjlmSxKjQI.f1dbkixm88xQlsnpQHKuixQZVHgUQc5oQy6ZVzZPC94&dib_tag=se&keywords=watches&qid=1781073342&sr=8-33,"Mathey-Tissot Mathy-Tissot Siwss Made Mathy I Open Heart Auto Quartz White Dial Watch for Men - EF1450ATBI Price, product page ₹75,330 ₹ 75,330 M.R.P: ₹81,000 M.R.P: ₹81,000 ₹81,000 (7% off) Up to 5% back with Amazon Pay ICICI card Up to 5% back with Amazon Pay IC... FREE delivery Fri, 12 Jun Or fastest delivery Tomorrow 8 am - 12 pm Only 2 left in stock. Add to cart"
Amazon,watches,Generic,24900.0,1249.0,80.0,-23651.0,5.0,None,False,Unknown,True,https://www.amazon.in/Non-Ticking-Stylish-Operated-Decorative-CRY_Wallclock_760/dp/B0GXV3N7MZ/ref=sr_1_34?dib=eyJ2IjoiMSJ9.0HCAKqzW1C1uLSdCwiMdjoC3MkX_hRJ3nu4fa0m5yBoVqPx4T8TcaCGRqU0k88Bh1XDI1gWRy2RwBcUhQ03-gVYeCEN2udRRaMUNtVAnCknnSyOwjTBmfrr55qvzS41AvXEN0dEJyU8b-KlZ8iAtDrnRCZ-HhTSi81HqymZWDCwJVa9h1NpT2h3LV1RDUIQ5EaeQfhSYG-PhW5r3Zk-Y4beLTnU0ImSNe8PK-c2fcOwJhjrlVNNJsSgncZW4qTQMEU-nIF0-Frh2GveRvjESlWN2DbnUXylT-CjlmSxKjQI.f1dbkixm88xQlsnpQHKuixQZVHgUQc5oQy6ZVzZPC94&dib_tag=se&keywords=watches&qid=1781073342&sr=8-34,"Generic Modern Wall Clock for Living Room | Silent Non-Ticking Analog Clock | Stylish Home Decor Clock for Bedroom| Battery Operated Decorative Wall Clock CRY_Wallclock_760 5.0 5.0 out of 5 stars (1) Price, product page ₹249 ₹ 249 M.R.P: ₹1,249 M.R.P: ₹1,249 ₹1,249 (80% off) Up to 5% back with Amazon Pay ICICI card Up to 5% back with Amazon Pay IC... FREE delivery Mon, 15 Jun Add to cart"
Amazon,watches,Fossil,1014600.0,14495.0,30.0,-1000105.0,4.3,None,False,Unknown,False,https://www.amazon.in/Fossil-Grant-Chronograph-Analog-Black/dp/B00BEU5CTE/ref=sr_1_35?dib=eyJ2IjoiMSJ9.0HCAKqzW1C1uLSdCwiMdjoC3MkX_hRJ3nu4fa0m5yBoVqPx4T8TcaCGRqU0k88Bh1XDI1gWRy2RwBcUhQ03-gVYeCEN2udRRaMUNtVAnCknnSyOwjTBmfrr55qvzS41AvXEN0dEJyU8b-KlZ8iAtDrnRCZ-HhTSi81HqymZWDCwJVa9h1NpT2h3LV1RDUIQ5EaeQfhSYG-PhW5r3Zk-Y4beLTnU0ImSNe8PK-c2fcOwJhjrlVNNJsSgncZW4qTQMEU-nIF0-Frh2GveRvjESlWN2DbnUXylT-CjlmSxKjQI.f1dbkixm88xQlsnpQHKuixQZVHgUQc5oQy6ZVzZPC94&dib_tag=se&keywords=watches&qid=1781073342&sr=8-35,"Fossil Fossil Grant Black Watch FS4832 4.3 4.3 out of 5 stars (2.8K) 100+ bought in past month Price, product page ₹10,146 ₹ 10,146 M.R.P: ₹14,495 M.R.P: ₹14,495 ₹14,495 (30% off) Up to 5% back with Amazon Pay ICICI card Up to 5% back with Amazon Pay IC... FREE delivery Fri, 12 Jun Or fastest delivery Today 4 pm - 8 pm Add to cart"
Amazon,watches,Titan,863400.0,9095.0,5.0,-854305.0,4.4,None,False,Unknown,False,https://www.amazon.in/Titan-Wedding-Bandhan-Unisexs-Watch-17752481KM01/dp/B07PY6CQYV/ref=sr_1_37?dib=eyJ2IjoiMSJ9.0HCAKqzW1C1uLSdCwiMdjoC3MkX_hRJ3nu4fa0m5yBoVqPx4T8TcaCGRqU0k88Bh1XDI1gWRy2RwBcUhQ03-gVYeCEN2udRRaMUNtVAnCknnSyOwjTBmfrr55qvzS41AvXEN0dEJyU8b-KlZ8iAtDrnRCZ-HhTSi81HqymZWDCwJVa9h1NpT2h3LV1RDUIQ5EaeQfhSYG-PhW5r3Zk-Y4beLTnU0ImSNe8PK-c2fcOwJhjrlVNNJsSgncZW4qTQMEU-nIF0-Frh2GveRvjESlWN2DbnUXylT-CjlmSxKjQI.f1dbkixm88xQlsnpQHKuixQZVHgUQc5oQy6ZVzZPC94&dib_tag=se&keywords=watches&qid=1781073342&sr=8-37,"Titan Titan Bandhan Quartz Analog with Date White Dial Two Toned Silver and Rose Gold Stainless Steel Strap Watch For Couple - NT17752481KM01 4.4 4.4 out of 5 stars (306) 300+ bought in past month Price, product page ₹8,634 ₹ 8,634 M.R.P: ₹9,095 M.R.P: ₹9,095 ₹9,095 (5% off) Up to 5% back with Amazon Pay ICICI card Up to 5% back with Amazon Pay IC... FREE delivery Fri, 12 Jun Or fastest delivery T"
Amazon,watches,Fossil,944700.0,13495.0,30.0,-931205.0,4.4,None,False,Unknown,False,https://www.amazon.in/Fossil-Riley-Analog-Womens-Watch-ES3466/dp/B00HVBJ6W4/ref=sr_1_38?dib=eyJ2IjoiMSJ9.0HCAKqzW1C1uLSdCwiMdjoC3MkX_hRJ3nu4fa0m5yBoVqPx4T8TcaCGRqU0k88Bh1XDI1gWRy2RwBcUhQ03-gVYeCEN2udRRaMUNtVAnCknnSyOwjTBmfrr55qvzS41AvXEN0dEJyU8b-KlZ8iAtDrnRCZ-HhTSi81HqymZWDCwJVa9h1NpT2h3LV1RDUIQ5EaeQfhSYG-PhW5r3Zk-Y4beLTnU0ImSNe8PK-c2fcOwJhjrlVNNJsSgncZW4qTQMEU-nIF0-Frh2GveRvjESlWN2DbnUXylT-CjlmSxKjQI.f1dbkixm88xQlsnpQHKuixQZVHgUQc5oQy6ZVzZPC94&dib_tag=se&keywords=watches&qid=1781073342&sr=8-38,"Fossil Riley Analog White & Beige Dial Women's Watch -ES3466 4.4 4.4 out of 5 stars (1.2K) 100+ bought in past month Price, product page ₹9,447 ₹ 9,447 M.R.P: ₹13,495 M.R.P: ₹13,495 ₹13,495 (30% off) Up to 5% back with Amazon Pay ICICI card Up to 5% back with Amazon Pay IC... FREE delivery Fri, 12 Jun Or fastest delivery Tomorrow 8 am - 12 pm Add to cart"
Amazon,watches,Apple,8990000.0,,,,5.0,None,False,Unknown,False,https://www.amazon.in/Apple-Cellular-Natural-Titanium-Alpine/dp/B0FQFZQMG5/ref=sr_1_39?dib=eyJ2IjoiMSJ9.0HCAKqzW1C1uLSdCwiMdjoC3MkX_hRJ3nu4fa0m5yBoVqPx4T8TcaCGRqU0k88Bh1XDI1gWRy2RwBcUhQ03-gVYeCEN2udRRaMUNtVAnCknnSyOwjTBmfrr55qvzS41AvXEN0dEJyU8b-KlZ8iAtDrnRCZ-HhTSi81HqymZWDCwJVa9h1NpT2h3LV1RDUIQ5EaeQfhSYG-PhW5r3Zk-Y4beLTnU0ImSNe8PK-c2fcOwJhjrlVNNJsSgncZW4qTQMEU-nIF0-Frh2GveRvjESlWN2DbnUXylT-CjlmSxKjQI.f1dbkixm88xQlsnpQHKuixQZVHgUQc5oQy6ZVzZPC94&dib_tag=se&keywords=watches&qid=1781073342&sr=8-39,"Apple Apple Watch Ultra 3 GPS + Cellular 49mm Natural Titanium Case with Light Blue Alpine Loop - Medium 5.0 5.0 out of 5 stars (5) Price, product page ₹89,900 ₹ 89,900 Save extra with No Cost EMI Save extra with No Cost EMI FREE delivery Mon, 15 Jun Or fastest delivery Tomorrow, 11 Jun Add to cart"
Amazon,watches,TIMEX,139700.0,2795.0,50.0,-136905.0,4.4,None,False,Unknown,False,https://www.amazon.in/TIMEX-Hands-Analog-Coloured-Quartz/dp/B0C3QQR4NY/ref=sr_1_40?dib=eyJ2IjoiMSJ9.0HCAKqzW1C1uLSdCwiMdjoC3MkX_hRJ3nu4fa0m5yBoVqPx4T8TcaCGRqU0k88Bh1XDI1gWRy2RwBcUhQ03-gVYeCEN2udRRaMUNtVAnCknnSyOwjTBmfrr55qvzS41AvXEN0dEJyU8b-KlZ8iAtDrnRCZ-HhTSi81HqymZWDCwJVa9h1NpT2h3LV1RDUIQ5EaeQfhSYG-PhW5r3Zk-Y4beLTnU0ImSNe8PK-c2fcOwJhjrlVNNJsSgncZW4qTQMEU-nIF0-Frh2GveRvjESlWN2DbnUXylT-CjlmSxKjQI.f1dbkixm88xQlsnpQHKuixQZVHgUQc5oQy6ZVzZPC94&dib_tag=se&keywords=watches&qid=1781073342&sr=8-40,"TIMEX TIMEX Analog Watch for Man with Black Round Dial & Rose Gold Stainless Steel Bracelet Band Water Resistant Men's Wrist Watches - TWTG73SMU04 4.4 4.4 out of 5 stars (304) 50+ bought in past month Price, product page ₹1,397 ₹ 1,397 M.R.P: ₹2,795 M.R.P: ₹2,795 ₹2,795 (50% off) Up to 5% back with Amazon Pay ICICI card Up to 5% back with Amazon Pay IC... FREE delivery Fri, 12 Jun Or fastest deliv"
Amazon,watches,Casio,899500.0,,,,4.3,None,False,Unknown,False,https://www.amazon.in/Casio-Analog-Digital-Black-Watch-GA-140-1A1DR-G975/dp/B07W57WXBM/ref=sr_1_41?dib=eyJ2IjoiMSJ9.0HCAKqzW1C1uLSdCwiMdjoC3MkX_hRJ3nu4fa0m5yBoVqPx4T8TcaCGRqU0k88Bh1XDI1gWRy2RwBcUhQ03-gVYeCEN2udRRaMUNtVAnCknnSyOwjTBmfrr55qvzS41AvXEN0dEJyU8b-KlZ8iAtDrnRCZ-HhTSi81HqymZWDCwJVa9h1NpT2h3LV1RDUIQ5EaeQfhSYG-PhW5r3Zk-Y4beLTnU0ImSNe8PK-c2fcOwJhjrlVNNJsSgncZW4qTQMEU-nIF0-Frh2GveRvjESlWN2DbnUXylT-CjlmSxKjQI.f1dbkixm88xQlsnpQHKuixQZVHgUQc5oQy6ZVzZPC94&dib_tag=se&keywords=watches&qid=1781073342&sr=8-41,"Casio G-Shock Casio GA-140-1A1DR Analog-Digital Black Dial Men Watch (G975) 4.3 4.3 out of 5 stars (868) 100+ bought in past month Price, product page ₹8,995 ₹ 8,995 Up to 5% back with Amazon Pay ICICI card Up to 5% back with Amazon Pay IC... FREE delivery Fri, 12 Jun Or fastest delivery Today 4 pm - 8 pm Add to cart"
Amazon,watches,Titan,322500.0,3695.0,13.0,-318805.0,4.2,None,False,Unknown,False,https://www.amazon.in/Titan-Karishma-Analog-Silver-Watch-1774BM01/dp/B07CQ2DBSN/ref=sr_1_43?dib=eyJ2IjoiMSJ9.0HCAKqzW1C1uLSdCwiMdjoC3MkX_hRJ3nu4fa0m5yBoVqPx4T8TcaCGRqU0k88Bh1XDI1gWRy2RwBcUhQ03-gVYeCEN2udRRaMUNtVAnCknnSyOwjTBmfrr55qvzS41AvXEN0dEJyU8b-KlZ8iAtDrnRCZ-HhTSi81HqymZWDCwJVa9h1NpT2h3LV1RDUIQ5EaeQfhSYG-PhW5r3Zk-Y4beLTnU0ImSNe8PK-c2fcOwJhjrlVNNJsSgncZW4qTQMEU-nIF0-Frh2GveRvjESlWN2DbnUXylT-CjlmSxKjQI.f1dbkixm88xQlsnpQHKuixQZVHgUQc5oQy6ZVzZPC94&dib_tag=se&keywords=watches&qid=1781073342&sr=8-43,"Titan Karishma Quartz Analog with Day and Date Silver Dial Two Toned Silver and Gold Stainless Steel Strap Watch for Men - NT1774BM01 4.2 4.2 out of 5 stars (1.1K) 300+ bought in past month Price, product page ₹3,225 ₹ 3,225 M.R.P: ₹3,695 M.R.P: ₹3,695 ₹3,695 (13% off) Up to 5% back with Amazon Pay ICICI card Up to 5% back with Amazon Pay IC... FREE delivery Fri, 12 Jun Or fastest delivery Today 4"
Amazon,watches,Titan,2658300.0,29695.0,10.0,-2628605.0,4.2,None,False,Unknown,False,https://www.amazon.in/Titan-Stainless-Watch-Men_90174Kd03-Bandcolor-Rose/dp/B0CSZ5HSQ7/ref=sr_1_44?dib=eyJ2IjoiMSJ9.0HCAKqzW1C1uLSdCwiMdjoC3MkX_hRJ3nu4fa0m5yBoVqPx4T8TcaCGRqU0k88Bh1XDI1gWRy2RwBcUhQ03-gVYeCEN2udRRaMUNtVAnCknnSyOwjTBmfrr55qvzS41AvXEN0dEJyU8b-KlZ8iAtDrnRCZ-HhTSi81HqymZWDCwJVa9h1NpT2h3LV1RDUIQ5EaeQfhSYG-PhW5r3Zk-Y4beLTnU0ImSNe8PK-c2fcOwJhjrlVNNJsSgncZW4qTQMEU-nIF0-Frh2GveRvjESlWN2DbnUXylT-CjlmSxKjQI.f1dbkixm88xQlsnpQHKuixQZVHgUQc5oQy6ZVzZPC94&dib_tag=se&keywords=watches&qid=1781073342&sr=8-44,"Titan Titan Ceramic Fusion Automatic Anthracite Dial Two Toned Rose Gold and Grey Stainless Steel Bracelet Watch for Men - NT90174KD03 4.2 4.2 out of 5 stars (78) Price, product page ₹26,583 ₹ 26,583 M.R.P: ₹29,695 M.R.P: ₹29,695 ₹29,695 (10% off) Save 15% 15% off coupon applied Save 15% with coupon FREE delivery Fri, 12 Jun Or fastest delivery Tomorrow, 11 Jun Add to cart"
Amazon,watches,Titan,543600.0,6395.0,15.0,-537205.0,4.4,None,False,Unknown,False,https://www.amazon.in/Titan-Analog-Blue-Dial-Watch/dp/B075P5L5D4/ref=sr_1_45?dib=eyJ2IjoiMSJ9.0HCAKqzW1C1uLSdCwiMdjoC3MkX_hRJ3nu4fa0m5yBoVqPx4T8TcaCGRqU0k88Bh1XDI1gWRy2RwBcUhQ03-gVYeCEN2udRRaMUNtVAnCknnSyOwjTBmfrr55qvzS41AvXEN0dEJyU8b-KlZ8iAtDrnRCZ-HhTSi81HqymZWDCwJVa9h1NpT2h3LV1RDUIQ5EaeQfhSYG-PhW5r3Zk-Y4beLTnU0ImSNe8PK-c2fcOwJhjrlVNNJsSgncZW4qTQMEU-nIF0-Frh2GveRvjESlWN2DbnUXylT-CjlmSxKjQI.f1dbkixm88xQlsnpQHKuixQZVHgUQc5oQy6ZVzZPC94&dib_tag=se&keywords=watches&qid=1781073342&sr=8-45,"Titan Workwear Quartz Multifunction Black Dial Brown Leather Strap Watch for Men - NT1733KL03 4.4 4.4 out of 5 stars (1.4K) 400+ bought in past month Price, product page ₹5,436 ₹ 5,436 M.R.P: ₹6,395 M.R.P: ₹6,395 ₹6,395 (15% off) Up to 5% back with Amazon Pay ICICI card Up to 5% back with Amazon Pay IC... FREE delivery Fri, 12 Jun Or fastest delivery Today 4 pm - 8 pm Add to cart"
Amazon,watches,Shocknshop,44900.0,1339.0,66.0,-43561.0,3.8,Limited Time Deal,True,Unknown,False,https://www.amazon.in/Shocknshop-Digital-Sports-Functional-WCH79/dp/B0BVZZ6PGZ/ref=sr_1_46?dib=eyJ2IjoiMSJ9.0HCAKqzW1C1uLSdCwiMdjoC3MkX_hRJ3nu4fa0m5yBoVqPx4T8TcaCGRqU0k88Bh1XDI1gWRy2RwBcUhQ03-gVYeCEN2udRRaMUNtVAnCknnSyOwjTBmfrr55qvzS41AvXEN0dEJyU8b-KlZ8iAtDrnRCZ-HhTSi81HqymZWDCwJVa9h1NpT2h3LV1RDUIQ5EaeQfhSYG-PhW5r3Zk-Y4beLTnU0ImSNe8PK-c2fcOwJhjrlVNNJsSgncZW4qTQMEU-nIF0-Frh2GveRvjESlWN2DbnUXylT-CjlmSxKjQI.f1dbkixm88xQlsnpQHKuixQZVHgUQc5oQy6ZVzZPC94&dib_tag=se&keywords=watches&qid=1781073342&sr=8-46,"Shocknshop Shocknshop Digital Sports Multi Functional Black Dial Watch for Men Boys -WCH79 (Blue) 3.8 3.8 out of 5 stars (738) 100+ bought in past month Limited time deal Price, product page ₹449 ₹ 449 M.R.P: ₹1,339 M.R.P: ₹1,339 ₹1,339 (66% off) Save 3% 3% off coupon applied Save 3% with coupon FREE delivery Fri, 12 Jun on first order Or fastest delivery Tomorrow 8 am - 12 pm Add to cart"
Amazon,watches,Apple,4299900.0,49900.0,14.0,-4250000.0,4.6,Limited Time Deal,True,Unknown,False,https://www.amazon.in/Apple-Watch-Black-Aluminium-Sport/dp/B0FQG8MSVT/ref=sr_1_47?dib=eyJ2IjoiMSJ9.0HCAKqzW1C1uLSdCwiMdjoC3MkX_hRJ3nu4fa0m5yBoVqPx4T8TcaCGRqU0k88Bh1XDI1gWRy2RwBcUhQ03-gVYeCEN2udRRaMUNtVAnCknnSyOwjTBmfrr55qvzS41AvXEN0dEJyU8b-KlZ8iAtDrnRCZ-HhTSi81HqymZWDCwJVa9h1NpT2h3LV1RDUIQ5EaeQfhSYG-PhW5r3Zk-Y4beLTnU0ImSNe8PK-c2fcOwJhjrlVNNJsSgncZW4qTQMEU-nIF0-Frh2GveRvjESlWN2DbnUXylT-CjlmSxKjQI.f1dbkixm88xQlsnpQHKuixQZVHgUQc5oQy6ZVzZPC94&dib_tag=se&keywords=watches&qid=1781073342&sr=8-47,"Apple Apple Watch Series 11 GPS 46mm Jet Black Aluminium Case with Black Sport Band - M/L 4.6 4.6 out of 5 stars (129) 200+ bought in past month Limited time deal Price, product page ₹42,999 ₹ 42,999 M.R.P: ₹49,900 M.R.P: ₹49,900 ₹49,900 (14% off) Up to 5% back with Amazon Pay ICICI card Up to 5% back with Amazon Pay IC... FREE delivery Fri, 12 Jun Or fastest delivery Tomorrow 8 am - 12 pm See opt"
Amazon,watches,Fastrack,45595.0,995.0,54.0,-44600.0,3.4,None,False,Unknown,False,https://www.amazon.in/Fastrack-Black-Silicon-Strap-Unisex/dp/B0GN95238K/ref=sr_1_50?dib=eyJ2IjoiMSJ9.0HCAKqzW1C1uLSdCwiMdjoC3MkX_hRJ3nu4fa0m5yBoVqPx4T8TcaCGRqU0k88Bh1XDI1gWRy2RwBcUhQ03-gVYeCEN2udRRaMUNtVAnCknnSyOwjTBmfrr55qvzS41AvXEN0dEJyU8b-KlZ8iAtDrnRCZ-HhTSi81HqymZWDCwJVa9h1NpT2h3LV1RDUIQ5EaeQfhSYG-PhW5r3Zk-Y4beLTnU0ImSNe8PK-c2fcOwJhjrlVNNJsSgncZW4qTQMEU-nIF0-Frh2GveRvjESlWN2DbnUXylT-CjlmSxKjQI.f1dbkixm88xQlsnpQHKuixQZVHgUQc5oQy6ZVzZPC94&dib_tag=se&keywords=watches&qid=1781073342&sr=8-50,"Fastrack Fastrack Tees Zine with Black Dial Black Silicon Strap Watch for Unisex - 38037PP24W 3.4 3.4 out of 5 stars (5) Price, product page ₹455.95 ₹ 455 . 95 M.R.P: ₹995 M.R.P: ₹995 ₹995 (54% off) Up to 5% back with Amazon Pay ICICI card Up to 5% back with Amazon Pay IC... FREE delivery Fri, 12 Jun on first order Or fastest delivery Tomorrow 8 am - 12 pm Add to cart"
Amazon,watches,Titan,749900.0,,,,4.1,None,False,Unknown,False,https://www.amazon.in/Titan-Silicone-Monitoring-Functional-Resistant/dp/B0FZTRZR3Z/ref=sr_1_51?dib=eyJ2IjoiMSJ9.0HCAKqzW1C1uLSdCwiMdjoC3MkX_hRJ3nu4fa0m5yBoVqPx4T8TcaCGRqU0k88Bh1XDI1gWRy2RwBcUhQ03-gVYeCEN2udRRaMUNtVAnCknnSyOwjTBmfrr55qvzS41AvXEN0dEJyU8b-KlZ8iAtDrnRCZ-HhTSi81HqymZWDCwJVa9h1NpT2h3LV1RDUIQ5EaeQfhSYG-PhW5r3Zk-Y4beLTnU0ImSNe8PK-c2fcOwJhjrlVNNJsSgncZW4qTQMEU-nIF0-Frh2GveRvjESlWN2DbnUXylT-CjlmSxKjQI.f1dbkixm88xQlsnpQHKuixQZVHgUQc5oQy6ZVzZPC94&dib_tag=se&keywords=watches&qid=1781073342&sr=8-51,"Titan Titan AiRA 1.70"" AMOLED Metal Case Square Display Smart Watch with Silicone Strap Stress Monitoring, 1000 Nits, Functional Crown, AI Enabled, IP68 Water Resistant Upto 7 Days Battery Life - Rose Gold 4.1 4.1 out of 5 stars (98) 100+ bought in past month Price, product page ₹7,499 ₹ 7,499 Up to 5% back with Amazon Pay ICICI card Up to 5% back with Amazon Pay IC... FREE delivery Fri, 12 Jun Or"
Amazon,watches,Fossil,2449500.0,,,,3.9,None,False,Unknown,False,https://www.amazon.in/Fossil-Analog-Multicolor-Dial-Watch-ME3256/dp/B0CPM115R4/ref=sr_1_52?dib=eyJ2IjoiMSJ9.0HCAKqzW1C1uLSdCwiMdjoC3MkX_hRJ3nu4fa0m5yBoVqPx4T8TcaCGRqU0k88Bh1XDI1gWRy2RwBcUhQ03-gVYeCEN2udRRaMUNtVAnCknnSyOwjTBmfrr55qvzS41AvXEN0dEJyU8b-KlZ8iAtDrnRCZ-HhTSi81HqymZWDCwJVa9h1NpT2h3LV1RDUIQ5EaeQfhSYG-PhW5r3Zk-Y4beLTnU0ImSNe8PK-c2fcOwJhjrlVNNJsSgncZW4qTQMEU-nIF0-Frh2GveRvjESlWN2DbnUXylT-CjlmSxKjQI.f1dbkixm88xQlsnpQHKuixQZVHgUQc5oQy6ZVzZPC94&dib_tag=se&keywords=watches&qid=1781073342&sr=8-52,"Fossil Fossil Bronson Black Watch ME3256 3.9 3.9 out of 5 stars (119) Price, product page ₹24,495 ₹ 24,495 Up to 5% back with Amazon Pay ICICI card Up to 5% back with Amazon Pay IC... FREE delivery Sun, 14 Jun Or fastest delivery Tomorrow, 11 Jun Add to cart"
Amazon,watches,Fastrack,85000.0,,,,4.1,None,False,Unknown,False,https://www.amazon.in/Fastrack-Mens-Analogue-Silicone-Watch/dp/B07FY9QNKF/ref=sr_1_53?dib=eyJ2IjoiMSJ9.0HCAKqzW1C1uLSdCwiMdjoC3MkX_hRJ3nu4fa0m5yBoVqPx4T8TcaCGRqU0k88Bh1XDI1gWRy2RwBcUhQ03-gVYeCEN2udRRaMUNtVAnCknnSyOwjTBmfrr55qvzS41AvXEN0dEJyU8b-KlZ8iAtDrnRCZ-HhTSi81HqymZWDCwJVa9h1NpT2h3LV1RDUIQ5EaeQfhSYG-PhW5r3Zk-Y4beLTnU0ImSNe8PK-c2fcOwJhjrlVNNJsSgncZW4qTQMEU-nIF0-Frh2GveRvjESlWN2DbnUXylT-CjlmSxKjQI.f1dbkixm88xQlsnpQHKuixQZVHgUQc5oQy6ZVzZPC94&dib_tag=se&keywords=watches&qid=1781073342&sr=8-53,"Fastrack Analog Unisex-Adult Watch 4.1 4.1 out of 5 stars (15.8K) 200+ bought in past month Price, product page ₹850 ₹ 850 Up to 5% back with Amazon Pay ICICI card Up to 5% back with Amazon Pay IC... FREE delivery Fri, 12 Jun Or fastest delivery Tomorrow 8 am - 12 pm Add to cart"
Amazon,watches,Fossil,1049500.0,,,,4.3,None,False,Unknown,False,https://www.amazon.in/Fossil-Pearson-Quartz-Leather-FS6138/dp/B0FCTY5WDQ/ref=sr_1_54?dib=eyJ2IjoiMSJ9.0HCAKqzW1C1uLSdCwiMdjoC3MkX_hRJ3nu4fa0m5yBoVqPx4T8TcaCGRqU0k88Bh1XDI1gWRy2RwBcUhQ03-gVYeCEN2udRRaMUNtVAnCknnSyOwjTBmfrr55qvzS41AvXEN0dEJyU8b-KlZ8iAtDrnRCZ-HhTSi81HqymZWDCwJVa9h1NpT2h3LV1RDUIQ5EaeQfhSYG-PhW5r3Zk-Y4beLTnU0ImSNe8PK-c2fcOwJhjrlVNNJsSgncZW4qTQMEU-nIF0-Frh2GveRvjESlWN2DbnUXylT-CjlmSxKjQI.f1dbkixm88xQlsnpQHKuixQZVHgUQc5oQy6ZVzZPC94&dib_tag=se&keywords=watches&qid=1781073342&sr=8-54,"Fossil Men's Watch, Pearson Multifunction Stainless Steel Watch for Men 4.3 4.3 out of 5 stars (121) 50+ bought in past month Price, product page ₹10,495 ₹ 10,495 Up to 5% back with Amazon Pay ICICI card Up to 5% back with Amazon Pay IC... FREE delivery 14 - 16 Jun Add to cart"
Amazon,watches,Titan,679600.0,7495.0,9.0,-672105.0,4.3,None,False,Unknown,False,https://www.amazon.in/Titan-Analog-Silver-Dial-Watch-1733KM03/dp/B0769KTM52/ref=sr_1_55?dib=eyJ2IjoiMSJ9.0HCAKqzW1C1uLSdCwiMdjoC3MkX_hRJ3nu4fa0m5yBoVqPx4T8TcaCGRqU0k88Bh1XDI1gWRy2RwBcUhQ03-gVYeCEN2udRRaMUNtVAnCknnSyOwjTBmfrr55qvzS41AvXEN0dEJyU8b-KlZ8iAtDrnRCZ-HhTSi81HqymZWDCwJVa9h1NpT2h3LV1RDUIQ5EaeQfhSYG-PhW5r3Zk-Y4beLTnU0ImSNe8PK-c2fcOwJhjrlVNNJsSgncZW4qTQMEU-nIF0-Frh2GveRvjESlWN2DbnUXylT-CjlmSxKjQI.f1dbkixm88xQlsnpQHKuixQZVHgUQc5oQy6ZVzZPC94&dib_tag=se&keywords=watches&qid=1781073342&sr=8-55,"Titan Neo Analog Silver Dial Men's Watch NN1733KM03/NP1733KM03 4.3 4.3 out of 5 stars (916) 100+ bought in past month Price, product page ₹6,796 ₹ 6,796 M.R.P: ₹7,495 M.R.P: ₹7,495 ₹7,495 (9% off) Up to 5% back with Amazon Pay ICICI card Up to 5% back with Amazon Pay IC... FREE delivery Fri, 12 Jun Or fastest delivery Today 4 pm - 8 pm Add to cart"
Amazon,watches,Generic,39800.0,1999.0,80.0,-37801.0,,None,False,Unknown,True,https://www.amazon.in/sspa/click?ie=UTF8&spc=MTo4ODU4MTIzOTA4NjI5NzQ1OjE3ODEwNzMzNDI6c3BfYnRmOjMwMDk1MDkzMjk0MTEzMjo6MDo6&url=%2FFAB196-Flexible-Butterfly-Compatible-Replacement%2Fdp%2FB0D1CL52Q3%2Fref%3Dsr_1_57_sspa%3Fdib%3DeyJ2IjoiMSJ9.0HCAKqzW1C1uLSdCwiMdjoC3MkX_hRJ3nu4fa0m5yBoVqPx4T8TcaCGRqU0k88Bh1XDI1gWRy2RwBcUhQ03-gVYeCEN2udRRaMUNtVAnCknnSyOwjTBmfrr55qvzS41AvXEN0dEJyU8b-KlZ8iAtDrnRCZ-HhTSi81HqymZWDCwJVa9h1NpT2h3LV1RDUIQ5EaeQfhSYG-PhW5r3Zk-Y4beLTnU0ImSNe8PK-c2fcOwJhjrlVNNJsSgncZW4qTQMEU-nIF0-Frh2GveRvjESlWN2DbnUXylT-CjlmSxKjQI.f1dbkixm88xQlsnpQHKuixQZVHgUQc5oQy6ZVzZPC94%26dib_tag%3Dse%26keywords%3Dwatches%26qid%3D1781073342%26sr%3D8-57-spons%26aref%3DESwbkqW1Z6%26sp_csd%3Dd2lkZ2V0TmFtZT1zcF9idGY%26psc%3D1&aref=ESwbkqW1Z6&sp_cr=ZAZ,"Sponsored Sponsored You are seeing this ad based on the product’s relevance to your search query. Let us know Generic SMART GADGET STORE FAB196 New Flexible Butterfly Ocean Sport Bands / Straps Compatible With Apple iWatch For Men Women Unisex, Replacement Strap 49mm 45mm 44mm 42mm For iWatch Series Ultra/8/7/6/5/4/3/2/1/SE/SE2【 👉 Only Strap for Apple iWatch ⌚ Watch NOT Included 】【 COMBO OF 2 】(BL"
Amazon,watches,V2A,69900.0,1499.0,53.0,-68401.0,,None,False,Unknown,False,https://www.amazon.in/sspa/click?ie=UTF8&spc=MTo4ODU4MTIzOTA4NjI5NzQ1OjE3ODEwNzMzNDI6c3BfYnRmOjMwMTAwODY4NjMyMDIzMjo6MDo6&url=%2FV2A-24202-Stopwatch-Backlight-Resistant%2Fdp%2FB0GRW6JRF7%2Fref%3Dsr_1_58_sspa%3Fdib%3DeyJ2IjoiMSJ9.0HCAKqzW1C1uLSdCwiMdjoC3MkX_hRJ3nu4fa0m5yBoVqPx4T8TcaCGRqU0k88Bh1XDI1gWRy2RwBcUhQ03-gVYeCEN2udRRaMUNtVAnCknnSyOwjTBmfrr55qvzS41AvXEN0dEJyU8b-KlZ8iAtDrnRCZ-HhTSi81HqymZWDCwJVa9h1NpT2h3LV1RDUIQ5EaeQfhSYG-PhW5r3Zk-Y4beLTnU0ImSNe8PK-c2fcOwJhjrlVNNJsSgncZW4qTQMEU-nIF0-Frh2GveRvjESlWN2DbnUXylT-CjlmSxKjQI.f1dbkixm88xQlsnpQHKuixQZVHgUQc5oQy6ZVzZPC94%26dib_tag%3Dse%26keywords%3Dwatches%26qid%3D1781073342%26sr%3D8-58-spons%26aref%3DIzdaCfJsQs%26sp_csd%3Dd2lkZ2V0TmFtZT1zcF9idGY%26psc%3D1&aref=IzdaCfJsQs&sp_cr=ZAZ,"Sponsored Sponsored You are seeing this ad based on the product’s relevance to your search query. Let us know V2A Nova 24202 Digital Boys Watch Age 4–8 Years | Paint Splatter Sport Design | Alarm Stopwatch Backlight Day-Date | TPU Strap | 30M Water Resistant | Gift for Children Price, product page ₹699 ₹ 699 M.R.P: ₹1,499 M.R.P: ₹1,499 ₹1,499 (53% off) Up to 5% back with Amazon Pay ICICI card Up t"
Amazon,watches,V2A,89900.0,2499.0,64.0,-87401.0,4.0,None,False,Unknown,False,https://www.amazon.in/sspa/click?ie=UTF8&spc=MTo4ODU4MTIzOTA4NjI5NzQ1OjE3ODEwNzMzNDI6c3BfYnRmOjMwMDg5NDI4MTk5MTUzMjo6MDo6&url=%2FV2A-Military-Chronograph-Analogue-Digital%2Fdp%2FB09N2651TH%2Fref%3Dsr_1_60_sspa%3Fdib%3DeyJ2IjoiMSJ9.0HCAKqzW1C1uLSdCwiMdjoC3MkX_hRJ3nu4fa0m5yBoVqPx4T8TcaCGRqU0k88Bh1XDI1gWRy2RwBcUhQ03-gVYeCEN2udRRaMUNtVAnCknnSyOwjTBmfrr55qvzS41AvXEN0dEJyU8b-KlZ8iAtDrnRCZ-HhTSi81HqymZWDCwJVa9h1NpT2h3LV1RDUIQ5EaeQfhSYG-PhW5r3Zk-Y4beLTnU0ImSNe8PK-c2fcOwJhjrlVNNJsSgncZW4qTQMEU-nIF0-Frh2GveRvjESlWN2DbnUXylT-CjlmSxKjQI.f1dbkixm88xQlsnpQHKuixQZVHgUQc5oQy6ZVzZPC94%26dib_tag%3Dse%26keywords%3Dwatches%26qid%3D1781073342%26sr%3D8-60-spons%26aref%3DOZ390LJCQh%26sp_csd%3Dd2lkZ2V0TmFtZT1zcF9idGY%26psc%3D1&aref=OZ390LJCQh&sp_cr=ZAZ,"Sponsored Sponsored You are seeing this ad based on the product’s relevance to your search query. Let us know V2A Military Green Chronograph Analogue and Digital Sports Watch for Men and Boys 4.0 4.0 out of 5 stars (1.5K) 200+ bought in past month Price, product page ₹899 ₹ 899 M.R.P: ₹2,499 M.R.P: ₹2,499 ₹2,499 (64% off) Up to 5% back with Amazon Pay ICICI card Up to 5% back with Amazon Pay IC..."
Amazon,watches,Fastrack,179900.0,2499.0,28.0,-177401.0,4.3,None,False,Unknown,False,https://www.amazon.in/sspa/click?ie=UTF8&spc=MTo1OTA2ODYwMzY5OTQ5ODY0OjE3ODEwNzM0MDI6c3BfYXRmX25leHQ6MzAxMDIwMTQzMTU4NTMyOjowOjo&url=%2FFastrack-Jupiter-Display-Charging-Calling%2Fdp%2FB0GLP3FDQ7%2Fref%3Dsr_1_51_sspa%3Fdib%3DeyJ2IjoiMSJ9.3d0XjQsl4gqt1NnuSQaTvv1nXAD5ruVcLBWs9WdhNZyieOd8l24O1N080Ld_sRFsIE6Pkgl3DpU4AhRwHq3bmzXISoUx3MOJffo4_gCaftnmlkc5GHHzd6vI6BxUSDRSF4fC5o3IMp1n-Jwv8kjnko07iVru7tmX6sJuLTiMN9ydZGOn9faF1RxfbqMq4tXIvUBu9csqcIdhjUKs3Li1k0pZMOCZ32dywMfy2VXGlmI2pTIiZa7q5HcUXMEMDW1UeCH4IETPt98DZP5HirnlpU1fcbhSJ-brxXxTKeh962A.SUBc9pG7oJKy2Y1OZiHbdWKvUmrGokJIzrTUnUe7QnM%26dib_tag%3Dse%26keywords%3Dwatches%26qid%3D1781073401%26aref%3DXyomIHwWWp%26sp_csd%3Dd2lkZ2V0TmFtZT1zcF9hdGZfbmV4dA%26psc%3D1&aref=XyomIHwWWp&sp_cr=ZAZ,"Sponsored Sponsored You are seeing this ad based on the product’s relevance to your search query. Let us know Fastrack Fastrack Jupiter R3 1.38"" Ultra UV Round Display with Nitro Fast Charging,Single Sync BT Calling, HRM, SPO2, Upto 5 Days Battery Life Smart Watch for Man & Woman - Sage Green 4.3 4.3 out of 5 stars (69) 300+ bought in past month Price, product page ₹1,799 ₹ 1,799 M.R.P: ₹2,499 M.R"
Amazon,watches,BENYAR,297700.0,4990.0,40.0,-292710.0,4.1,None,False,Unknown,False,https://www.amazon.in/sspa/click?ie=UTF8&spc=MTo1OTA2ODYwMzY5OTQ5ODY0OjE3ODEwNzM0MDI6c3BfYXRmX25leHQ6MzAwOTAyMzcwODkxNDMyOjowOjo&url=%2FBENYAR-Chronograph-Business-Waterproof-Black-Gold%2Fdp%2FB09JGMMZJX%2Fref%3Dsr_1_52_sspa%3Fdib%3DeyJ2IjoiMSJ9.3d0XjQsl4gqt1NnuSQaTvv1nXAD5ruVcLBWs9WdhNZyieOd8l24O1N080Ld_sRFsIE6Pkgl3DpU4AhRwHq3bmzXISoUx3MOJffo4_gCaftnmlkc5GHHzd6vI6BxUSDRSF4fC5o3IMp1n-Jwv8kjnko07iVru7tmX6sJuLTiMN9ydZGOn9faF1RxfbqMq4tXIvUBu9csqcIdhjUKs3Li1k0pZMOCZ32dywMfy2VXGlmI2pTIiZa7q5HcUXMEMDW1UeCH4IETPt98DZP5HirnlpU1fcbhSJ-brxXxTKeh962A.SUBc9pG7oJKy2Y1OZiHbdWKvUmrGokJIzrTUnUe7QnM%26dib_tag%3Dse%26keywords%3Dwatches%26qid%3D1781073401%26aref%3DXgfaM8RMwB%26sp_csd%3Dd2lkZ2V0TmFtZT1zcF9hdGZfbmV4dA%26psc%3D1&aref=XgfaM8RMwB&sp_cr=ZAZ,"Sponsored Sponsored You are seeing this ad based on the product’s relevance to your search query. Let us know BENYAR Wrist Watches for Men Leather Strap Analog Chronograph Fashion Business Sport Design Mens Watch 30M Waterproof Stylish Elegant Gifts for Men 4.1 4.1 out of 5 stars (331) Price, product page ₹2,977 ₹ 2,977 M.R.P: ₹4,990 M.R.P: ₹4,990 ₹4,990 (40% off) Up to 5% back with Amazon Pay ICI"
Amazon,watches,Casio,579400.0,5795.0,,-573605.0,4.4,None,False,Unknown,False,https://www.amazon.in/Casio-Enticer-Multi-Watch-MTP-1374L-1AVDF-A834/dp/B00GRROOOS/ref=sr_1_53?dib=eyJ2IjoiMSJ9.3d0XjQsl4gqt1NnuSQaTvv1nXAD5ruVcLBWs9WdhNZyieOd8l24O1N080Ld_sRFsIE6Pkgl3DpU4AhRwHq3bmzXISoUx3MOJffo4_gCaftnmlkc5GHHzd6vI6BxUSDRSF4fC5o3IMp1n-Jwv8kjnko07iVru7tmX6sJuLTiMN9ydZGOn9faF1RxfbqMq4tXIvUBu9csqcIdhjUKs3Li1k0pZMOCZ32dywMfy2VXGlmI2pTIiZa7q5HcUXMEMDW1UeCH4IETPt98DZP5HirnlpU1fcbhSJ-brxXxTKeh962A.SUBc9pG7oJKy2Y1OZiHbdWKvUmrGokJIzrTUnUe7QnM&dib_tag=se&keywords=watches&qid=1781073401,"Casio Casio Enticer Chronograph Black Dial Men's Watch - MTP-1374L-1AVDF (A834) 4.4 4.4 out of 5 stars (7.5K) 100+ bought in past month Price, product page ₹5,794 ₹ 5,794 M.R.P: ₹5,795 M.R.P: ₹5,795 ₹5,795 Up to 5% back with Amazon Pay ICICI card Up to 5% back with Amazon Pay IC... FREE delivery Fri, 12 Jun Or fastest delivery Today 4 pm - 8 pm Add to cart"
Amazon,watches,Casio,919400.0,9195.0,,-910205.0,4.5,None,False,Unknown,False,https://www.amazon.in/Casio-Analog-Digital-Black-Watch-GA-2100-1ADR-G986/dp/B07YCS8NFP/ref=sr_1_56?dib=eyJ2IjoiMSJ9.3d0XjQsl4gqt1NnuSQaTvv1nXAD5ruVcLBWs9WdhNZyieOd8l24O1N080Ld_sRFsIE6Pkgl3DpU4AhRwHq3bmzXISoUx3MOJffo4_gCaftnmlkc5GHHzd6vI6BxUSDRSF4fC5o3IMp1n-Jwv8kjnko07iVru7tmX6sJuLTiMN9ydZGOn9faF1RxfbqMq4tXIvUBu9csqcIdhjUKs3Li1k0pZMOCZ32dywMfy2VXGlmI2pTIiZa7q5HcUXMEMDW1UeCH4IETPt98DZP5HirnlpU1fcbhSJ-brxXxTKeh962A.SUBc9pG7oJKy2Y1OZiHbdWKvUmrGokJIzrTUnUe7QnM&dib_tag=se&keywords=watches&qid=1781073401,"Casio Analog-Digital Black Dial Men's Watch-GA-2100-1ADR (G986) 4.5 4.5 out of 5 stars (661) Price, product page ₹9,194 ₹ 9,194 M.R.P: ₹9,195 M.R.P: ₹9,195 ₹9,195 Up to 5% back with Amazon Pay ICICI card Up to 5% back with Amazon Pay IC... FREE delivery Fri, 12 Jun Or fastest delivery Tomorrow 8 am - 12 pm Add to cart"
Amazon,watches,Fastrack,159500.0,,,,4.2,None,False,Unknown,False,https://www.amazon.in/Fastrack-Trendies-Analog-Black-Watch-38058PP03/dp/B08K9946WZ/ref=sr_1_57?dib=eyJ2IjoiMSJ9.3d0XjQsl4gqt1NnuSQaTvv1nXAD5ruVcLBWs9WdhNZyieOd8l24O1N080Ld_sRFsIE6Pkgl3DpU4AhRwHq3bmzXISoUx3MOJffo4_gCaftnmlkc5GHHzd6vI6BxUSDRSF4fC5o3IMp1n-Jwv8kjnko07iVru7tmX6sJuLTiMN9ydZGOn9faF1RxfbqMq4tXIvUBu9csqcIdhjUKs3Li1k0pZMOCZ32dywMfy2VXGlmI2pTIiZa7q5HcUXMEMDW1UeCH4IETPt98DZP5HirnlpU1fcbhSJ-brxXxTKeh962A.SUBc9pG7oJKy2Y1OZiHbdWKvUmrGokJIzrTUnUe7QnM&dib_tag=se&keywords=watches&qid=1781073401,"Fastrack Trendies Analog Black Dial Men's Watch-38058PP03/NP38058PP03 4.2 4.2 out of 5 stars (616) 200+ bought in past month Price, product page ₹1,595 ₹ 1,595 Up to 5% back with Amazon Pay ICICI card Up to 5% back with Amazon Pay IC... FREE delivery Fri, 12 Jun Or fastest delivery Today 4 pm - 8 pm Add to cart"
Amazon,watches,Seiko,2700000.0,,,,4.6,None,False,Unknown,False,https://www.amazon.in/Seiko-Analog-Green-Dial-Watch-SRPD63K1/dp/B07WGN85VN/ref=sr_1_60?dib=eyJ2IjoiMSJ9.3d0XjQsl4gqt1NnuSQaTvv1nXAD5ruVcLBWs9WdhNZyieOd8l24O1N080Ld_sRFsIE6Pkgl3DpU4AhRwHq3bmzXISoUx3MOJffo4_gCaftnmlkc5GHHzd6vI6BxUSDRSF4fC5o3IMp1n-Jwv8kjnko07iVru7tmX6sJuLTiMN9ydZGOn9faF1RxfbqMq4tXIvUBu9csqcIdhjUKs3Li1k0pZMOCZ32dywMfy2VXGlmI2pTIiZa7q5HcUXMEMDW1UeCH4IETPt98DZP5HirnlpU1fcbhSJ-brxXxTKeh962A.SUBc9pG7oJKy2Y1OZiHbdWKvUmrGokJIzrTUnUe7QnM&dib_tag=se&keywords=watches&qid=1781073401,"Seiko Seiko Stainless Steel Analog Green Dial Men Watch-Srpd63K1, Bandcolor-Silver 4.6 4.6 out of 5 stars (4.8K) Price, product page ₹27,000 ₹ 27,000 Up to 5% back with Amazon Pay ICICI card Up to 5% back with Amazon Pay IC... FREE delivery Fri, 12 Jun Or fastest delivery Tomorrow 8 am - 12 pm Add to cart"
Amazon,watches,TIMEX,521600.0,8695.0,40.0,-512905.0,4.9,None,False,Unknown,False,https://www.amazon.in/TIMEX-Round-Black-Analog-Watch/dp/B0GTZL2ZWS/ref=sr_1_61?dib=eyJ2IjoiMSJ9.3d0XjQsl4gqt1NnuSQaTvv1nXAD5ruVcLBWs9WdhNZyieOd8l24O1N080Ld_sRFsIE6Pkgl3DpU4AhRwHq3bmzXISoUx3MOJffo4_gCaftnmlkc5GHHzd6vI6BxUSDRSF4fC5o3IMp1n-Jwv8kjnko07iVru7tmX6sJuLTiMN9ydZGOn9faF1RxfbqMq4tXIvUBu9csqcIdhjUKs3Li1k0pZMOCZ32dywMfy2VXGlmI2pTIiZa7q5HcUXMEMDW1UeCH4IETPt98DZP5HirnlpU1fcbhSJ-brxXxTKeh962A.SUBc9pG7oJKy2Y1OZiHbdWKvUmrGokJIzrTUnUe7QnM&dib_tag=se&keywords=watches&qid=1781073401,"TIMEX Round 42mm Dial Analog Men Watch 4.9 4.9 out of 5 stars (23) 50+ bought in past month Price, product page ₹5,216 ₹ 5,216 M.R.P: ₹8,695 M.R.P: ₹8,695 ₹8,695 (40% off) Up to 5% back with Amazon Pay ICICI card Up to 5% back with Amazon Pay IC... FREE delivery Fri, 12 Jun Or fastest delivery Tomorrow 8 am - 12 pm Add to cart"
Amazon,watches,Casio,946500.0,9495.0,,-937005.0,4.4,None,False,Unknown,False,https://www.amazon.in/Casio-G-Shock-Analog-Digital-Black-Watch-GA-100-1A1DR/dp/B003MPAE7O/ref=sr_1_62?dib=eyJ2IjoiMSJ9.3d0XjQsl4gqt1NnuSQaTvv1nXAD5ruVcLBWs9WdhNZyieOd8l24O1N080Ld_sRFsIE6Pkgl3DpU4AhRwHq3bmzXISoUx3MOJffo4_gCaftnmlkc5GHHzd6vI6BxUSDRSF4fC5o3IMp1n-Jwv8kjnko07iVru7tmX6sJuLTiMN9ydZGOn9faF1RxfbqMq4tXIvUBu9csqcIdhjUKs3Li1k0pZMOCZ32dywMfy2VXGlmI2pTIiZa7q5HcUXMEMDW1UeCH4IETPt98DZP5HirnlpU1fcbhSJ-brxXxTKeh962A.SUBc9pG7oJKy2Y1OZiHbdWKvUmrGokJIzrTUnUe7QnM&dib_tag=se&keywords=watches&qid=1781073401,"Casio G-Shock GA-100-1A1DR Analog-Digital Black Dial Men Watch Black Resin Strap (G270) 4.4 4.4 out of 5 stars (849) Price, product page ₹9,465 ₹ 9,465 M.R.P: ₹9,495 M.R.P: ₹9,495 ₹9,495 Up to 5% back with Amazon Pay ICICI card Up to 5% back with Amazon Pay IC... FREE delivery Fri, 12 Jun Or fastest delivery Tomorrow 8 am - 12 pm Add to cart"
Amazon,watches,Casio,599500.0,,,,4.5,None,False,Unknown,False,https://www.amazon.in/Casio-Enticer-MTP-B185D-1AVDF-Analog-A2465/dp/B0FD3K34NJ/ref=sr_1_64?dib=eyJ2IjoiMSJ9.3d0XjQsl4gqt1NnuSQaTvv1nXAD5ruVcLBWs9WdhNZyieOd8l24O1N080Ld_sRFsIE6Pkgl3DpU4AhRwHq3bmzXISoUx3MOJffo4_gCaftnmlkc5GHHzd6vI6BxUSDRSF4fC5o3IMp1n-Jwv8kjnko07iVru7tmX6sJuLTiMN9ydZGOn9faF1RxfbqMq4tXIvUBu9csqcIdhjUKs3Li1k0pZMOCZ32dywMfy2VXGlmI2pTIiZa7q5HcUXMEMDW1UeCH4IETPt98DZP5HirnlpU1fcbhSJ-brxXxTKeh962A.SUBc9pG7oJKy2Y1OZiHbdWKvUmrGokJIzrTUnUe7QnM&dib_tag=se&keywords=watches&qid=1781073401,"Casio Casio Enticer Men MTP-B185D-1AVDF Analog Black Dial Men (A2465) 4.5 4.5 out of 5 stars (141) Price, product page ₹5,995 ₹ 5,995 Up to 5% back with Amazon Pay ICICI card Up to 5% back with Amazon Pay IC... FREE delivery Fri, 12 Jun Or fastest delivery Tomorrow 8 am - 12 pm Add to cart"
Amazon,watches,Titan,721100.0,8495.0,15.0,-712605.0,4.4,None,False,Unknown,False,https://www.amazon.in/Titan-Analog-NM1734KM02-NN1734KM02-NP1734KM02/dp/B0769L2TZM/ref=sr_1_65?dib=eyJ2IjoiMSJ9.3d0XjQsl4gqt1NnuSQaTvv1nXAD5ruVcLBWs9WdhNZyieOd8l24O1N080Ld_sRFsIE6Pkgl3DpU4AhRwHq3bmzXISoUx3MOJffo4_gCaftnmlkc5GHHzd6vI6BxUSDRSF4fC5o3IMp1n-Jwv8kjnko07iVru7tmX6sJuLTiMN9ydZGOn9faF1RxfbqMq4tXIvUBu9csqcIdhjUKs3Li1k0pZMOCZ32dywMfy2VXGlmI2pTIiZa7q5HcUXMEMDW1UeCH4IETPt98DZP5HirnlpU1fcbhSJ-brxXxTKeh962A.SUBc9pG7oJKy2Y1OZiHbdWKvUmrGokJIzrTUnUe7QnM&dib_tag=se&keywords=watches&qid=1781073401,"Titan Neo Analog Blue Dial Men's Watch-NM1734KM02 / NL1734KM02/NP1734KM02 4.4 4.4 out of 5 stars (608) 50+ bought in past month Price, product page ₹7,211 ₹ 7,211 M.R.P: ₹8,495 M.R.P: ₹8,495 ₹8,495 (15% off) Up to 5% back with Amazon Pay ICICI card Up to 5% back with Amazon Pay IC... FREE delivery Fri, 12 Jun Or fastest delivery Today 4 pm - 8 pm Add to cart"
Amazon,watches,Fastrack,191500.0,2695.0,29.0,-188805.0,4.3,None,False,Unknown,False,https://www.amazon.in/Fastrack-Trendies-Digital-Silicone-Guys-NS38045PP03/dp/B079VTDT5G/ref=sr_1_66?dib=eyJ2IjoiMSJ9.3d0XjQsl4gqt1NnuSQaTvv1nXAD5ruVcLBWs9WdhNZyieOd8l24O1N080Ld_sRFsIE6Pkgl3DpU4AhRwHq3bmzXISoUx3MOJffo4_gCaftnmlkc5GHHzd6vI6BxUSDRSF4fC5o3IMp1n-Jwv8kjnko07iVru7tmX6sJuLTiMN9ydZGOn9faF1RxfbqMq4tXIvUBu9csqcIdhjUKs3Li1k0pZMOCZ32dywMfy2VXGlmI2pTIiZa7q5HcUXMEMDW1UeCH4IETPt98DZP5HirnlpU1fcbhSJ-brxXxTKeh962A.SUBc9pG7oJKy2Y1OZiHbdWKvUmrGokJIzrTUnUe7QnM&dib_tag=se&keywords=watches&qid=1781073401,"Fastrack Trendies Analog Black Dial Men's Watch NM38045PP03/NN38045PP03 4.3 4.3 out of 5 stars (2.8K) 200+ bought in past month Price, product page ₹1,915 ₹ 1,915 M.R.P: ₹2,695 M.R.P: ₹2,695 ₹2,695 (29% off) Up to 5% back with Amazon Pay ICICI card Up to 5% back with Amazon Pay IC... FREE delivery Fri, 12 Jun Or fastest delivery Tomorrow 8 am - 12 pm Add to cart"
Amazon,watches,FEICE,3149900.0,99999.0,69.0,-3049901.0,3.4,Limited Time Deal,True,Unknown,False,https://www.amazon.in/FEICE-Waterproof-Wristwatch-Tourbillon-FM666/dp/B0C7C5L58J/ref=sr_1_68?dib=eyJ2IjoiMSJ9.3d0XjQsl4gqt1NnuSQaTvv1nXAD5ruVcLBWs9WdhNZyieOd8l24O1N080Ld_sRFsIE6Pkgl3DpU4AhRwHq3bmzXISoUx3MOJffo4_gCaftnmlkc5GHHzd6vI6BxUSDRSF4fC5o3IMp1n-Jwv8kjnko07iVru7tmX6sJuLTiMN9ydZGOn9faF1RxfbqMq4tXIvUBu9csqcIdhjUKs3Li1k0pZMOCZ32dywMfy2VXGlmI2pTIiZa7q5HcUXMEMDW1UeCH4IETPt98DZP5HirnlpU1fcbhSJ-brxXxTKeh962A.SUBc9pG7oJKy2Y1OZiHbdWKvUmrGokJIzrTUnUe7QnM&dib_tag=se&keywords=watches&qid=1781073401,"FEICE Watches for Men Automatic Skeleton Watch Waterproof Mineral Glass Japanese Movement Supercar Wristwatch Anti Shock Business Tourbillon FM666 3.4 3.4 out of 5 stars (81) Limited time deal Price, product page ₹31,499 ₹ 31,499 M.R.P: ₹99,999 M.R.P: ₹99,999 ₹99,999 (69% off) Save 5% 5% off coupon applied Save 5% with coupon FREE delivery Sat, 13 Jun Or fastest delivery Tomorrow, 11 Jun Add to ca"
Amazon,watches,Fire-Boltt,109900.0,12499.0,91.0,-97401.0,3.7,Only 2 Left,True,Unknown,True,https://www.amazon.in/sspa/click?ie=UTF8&spc=MTo1OTA2ODYwMzY5OTQ5ODY0OjE3ODEwNzM0MDI6c3BfbXRmOjMwMDQ3MzkwMjU1ODYzMjo6MDo6&url=%2FFire-Boltt-Stainless-Bluetooth-Assistant-Monitoring%2Fdp%2FB0DTB2VQFZ%2Fref%3Dsr_1_72_sspa%3Fdib%3DeyJ2IjoiMSJ9.3d0XjQsl4gqt1NnuSQaTvv1nXAD5ruVcLBWs9WdhNZyieOd8l24O1N080Ld_sRFsIE6Pkgl3DpU4AhRwHq3bmzXISoUx3MOJffo4_gCaftnmlkc5GHHzd6vI6BxUSDRSF4fC5o3IMp1n-Jwv8kjnko07iVru7tmX6sJuLTiMN9ydZGOn9faF1RxfbqMq4tXIvUBu9csqcIdhjUKs3Li1k0pZMOCZ32dywMfy2VXGlmI2pTIiZa7q5HcUXMEMDW1UeCH4IETPt98DZP5HirnlpU1fcbhSJ-brxXxTKeh962A.SUBc9pG7oJKy2Y1OZiHbdWKvUmrGokJIzrTUnUe7QnM%26dib_tag%3Dse%26keywords%3Dwatches%26qid%3D1781073401%26aref%3DObawv7KHOY%26sp_csd%3Dd2lkZ2V0TmFtZT1zcF9tdGY%26psc%3D1&aref=Obawv7KHOY&sp_cr=ZAZ,"Sponsored Sponsored You are seeing this ad based on the product’s relevance to your search query. Let us know Fire-Boltt Fire‑Boltt Phoenix Pro Round Smart Watch 1.39″ Display with Bluetooth Calling,AI Voice Assistant,SpO2 & Heart Rate Monitor, 120+ Sports Modes,IP67 Waterproof Metal Smart Watch for Men & Women - Silver 3.7 3.7 out of 5 stars (6.8K) 1K+ bought in past month Limited time deal Price"
Amazon,watches,Fossil,1449500.0,,,,4.4,None,False,Unknown,False,https://www.amazon.in/Fossil-Multicolor-Quartz-Stainless-Watch/dp/B0FCVPBY7Y/ref=sr_1_73?dib=eyJ2IjoiMSJ9.3d0XjQsl4gqt1NnuSQaTvv1nXAD5ruVcLBWs9WdhNZyieOd8l24O1N080Ld_sRFsIE6Pkgl3DpU4AhRwHq3bmzXISoUx3MOJffo4_gCaftnmlkc5GHHzd6vI6BxUSDRSF4fC5o3IMp1n-Jwv8kjnko07iVru7tmX6sJuLTiMN9ydZGOn9faF1RxfbqMq4tXIvUBu9csqcIdhjUKs3Li1k0pZMOCZ32dywMfy2VXGlmI2pTIiZa7q5HcUXMEMDW1UeCH4IETPt98DZP5HirnlpU1fcbhSJ-brxXxTKeh962A.SUBc9pG7oJKy2Y1OZiHbdWKvUmrGokJIzrTUnUe7QnM&dib_tag=se&keywords=watches&qid=1781073401,"Fossil Men's Watch, Grant Quartz Stainless Steel Chronograph Watch for Men 4.4 4.4 out of 5 stars (29) Price, product page ₹14,495 ₹ 14,495 Up to 5% back with Amazon Pay ICICI card Up to 5% back with Amazon Pay IC... FREE delivery Fri, 12 Jun Or fastest delivery Tomorrow 8 am - 12 pm Add to cart"
Amazon,watches,Titan,637100.0,7695.0,17.0,-629405.0,4.4,None,False,Unknown,False,https://www.amazon.in/Titan-Analog-Black-Watch-NL1805NM01-NP1805NM01/dp/B07MXKMWT5/ref=sr_1_75?dib=eyJ2IjoiMSJ9.3d0XjQsl4gqt1NnuSQaTvv1nXAD5ruVcLBWs9WdhNZyieOd8l24O1N080Ld_sRFsIE6Pkgl3DpU4AhRwHq3bmzXISoUx3MOJffo4_gCaftnmlkc5GHHzd6vI6BxUSDRSF4fC5o3IMp1n-Jwv8kjnko07iVru7tmX6sJuLTiMN9ydZGOn9faF1RxfbqMq4tXIvUBu9csqcIdhjUKs3Li1k0pZMOCZ32dywMfy2VXGlmI2pTIiZa7q5HcUXMEMDW1UeCH4IETPt98DZP5HirnlpU1fcbhSJ-brxXxTKeh962A.SUBc9pG7oJKy2Y1OZiHbdWKvUmrGokJIzrTUnUe7QnM&dib_tag=se&keywords=watches&qid=1781073401,"Titan Analogue Men's Watch (Black Dial Black Colored Strap)/NP1805NM01 4.4 4.4 out of 5 stars (1.4K) 100+ bought in past month Price, product page ₹6,371 ₹ 6,371 M.R.P: ₹7,695 M.R.P: ₹7,695 ₹7,695 (17% off) Up to 5% back with Amazon Pay ICICI card Up to 5% back with Amazon Pay IC... FREE delivery Fri, 12 Jun Or fastest delivery Tomorrow 8 am - 12 pm Add to cart"
Amazon,watches,Fossil,1199500.0,,,,4.3,None,False,Unknown,False,https://www.amazon.in/Fossil-Analog-Black-Dial-Watch-FS6135/dp/B0FCVFWFS4/ref=sr_1_77?dib=eyJ2IjoiMSJ9.3d0XjQsl4gqt1NnuSQaTvv1nXAD5ruVcLBWs9WdhNZyieOd8l24O1N080Ld_sRFsIE6Pkgl3DpU4AhRwHq3bmzXISoUx3MOJffo4_gCaftnmlkc5GHHzd6vI6BxUSDRSF4fC5o3IMp1n-Jwv8kjnko07iVru7tmX6sJuLTiMN9ydZGOn9faF1RxfbqMq4tXIvUBu9csqcIdhjUKs3Li1k0pZMOCZ32dywMfy2VXGlmI2pTIiZa7q5HcUXMEMDW1UeCH4IETPt98DZP5HirnlpU1fcbhSJ-brxXxTKeh962A.SUBc9pG7oJKy2Y1OZiHbdWKvUmrGokJIzrTUnUe7QnM&dib_tag=se&keywords=watches&qid=1781073401,"Fossil Men's Watch, Pearson Multifunction Stainless Steel Watch for Men 4.3 4.3 out of 5 stars (121) Price, product page ₹11,995 ₹ 11,995 Up to 5% back with Amazon Pay ICICI card Up to 5% back with Amazon Pay IC... FREE delivery Fri, 12 Jun Or fastest delivery Tomorrow 8 am - 12 pm Add to cart"
Amazon,watches,Fossil,909700.0,12995.0,30.0,-896705.0,4.4,None,False,Unknown,False,https://www.amazon.in/Fossil-Grant-Analog-Blue-Watch-FS5151/dp/B017SN1OI8/ref=sr_1_78?dib=eyJ2IjoiMSJ9.3d0XjQsl4gqt1NnuSQaTvv1nXAD5ruVcLBWs9WdhNZyieOd8l24O1N080Ld_sRFsIE6Pkgl3DpU4AhRwHq3bmzXISoUx3MOJffo4_gCaftnmlkc5GHHzd6vI6BxUSDRSF4fC5o3IMp1n-Jwv8kjnko07iVru7tmX6sJuLTiMN9ydZGOn9faF1RxfbqMq4tXIvUBu9csqcIdhjUKs3Li1k0pZMOCZ32dywMfy2VXGlmI2pTIiZa7q5HcUXMEMDW1UeCH4IETPt98DZP5HirnlpU1fcbhSJ-brxXxTKeh962A.SUBc9pG7oJKy2Y1OZiHbdWKvUmrGokJIzrTUnUe7QnM&dib_tag=se&keywords=watches&qid=1781073401,"Fossil Analog Blue Dial Men's Watch - FS5151 4.4 4.4 out of 5 stars (3.4K) 50+ bought in past month Price, product page ₹9,097 ₹ 9,097 M.R.P: ₹12,995 M.R.P: ₹12,995 ₹12,995 (30% off) Up to 5% back with Amazon Pay ICICI card Up to 5% back with Amazon Pay IC... FREE delivery Fri, 12 Jun Or fastest delivery Tomorrow 8 am - 12 pm Add to cart"
Amazon,watches,Giordano,399900.0,11950.0,67.0,-387950.0,4.2,None,False,Unknown,False,https://www.amazon.in/Giordano-Function-Square-Stainless-Display/dp/B0FFBD2VLT/ref=sr_1_80?dib=eyJ2IjoiMSJ9.3d0XjQsl4gqt1NnuSQaTvv1nXAD5ruVcLBWs9WdhNZyieOd8l24O1N080Ld_sRFsIE6Pkgl3DpU4AhRwHq3bmzXISoUx3MOJffo4_gCaftnmlkc5GHHzd6vI6BxUSDRSF4fC5o3IMp1n-Jwv8kjnko07iVru7tmX6sJuLTiMN9ydZGOn9faF1RxfbqMq4tXIvUBu9csqcIdhjUKs3Li1k0pZMOCZ32dywMfy2VXGlmI2pTIiZa7q5HcUXMEMDW1UeCH4IETPt98DZP5HirnlpU1fcbhSJ-brxXxTKeh962A.SUBc9pG7oJKy2Y1OZiHbdWKvUmrGokJIzrTUnUe7QnM&dib_tag=se&keywords=watches&qid=1781073401,"Giordano Multi Function Watch for Men with Square Dial, Stainless Steel Strap and Date Display 4.2 4.2 out of 5 stars (69) 100+ bought in past month Price, product page ₹3,999 ₹ 3,999 M.R.P: ₹11,950 M.R.P: ₹11,950 ₹11,950 (67% off) Up to 5% back with Amazon Pay ICICI card Up to 5% back with Amazon Pay IC... FREE delivery Fri, 12 Jun Or fastest delivery Today 4 pm - 8 pm Add to cart"
Amazon,watches,Casio,119500.0,,,,4.4,None,False,Unknown,False,https://www.amazon.in/Casio-Youth-MQ-24-7B2LDF-Analog-Unisex/dp/B008MHYH0C/ref=sr_1_82?dib=eyJ2IjoiMSJ9.3d0XjQsl4gqt1NnuSQaTvv1nXAD5ruVcLBWs9WdhNZyieOd8l24O1N080Ld_sRFsIE6Pkgl3DpU4AhRwHq3bmzXISoUx3MOJffo4_gCaftnmlkc5GHHzd6vI6BxUSDRSF4fC5o3IMp1n-Jwv8kjnko07iVru7tmX6sJuLTiMN9ydZGOn9faF1RxfbqMq4tXIvUBu9csqcIdhjUKs3Li1k0pZMOCZ32dywMfy2VXGlmI2pTIiZa7q5HcUXMEMDW1UeCH4IETPt98DZP5HirnlpU1fcbhSJ-brxXxTKeh962A.SUBc9pG7oJKy2Y1OZiHbdWKvUmrGokJIzrTUnUe7QnM&dib_tag=se&keywords=watches&qid=1781073401,"Casio Youth MQ-24-7B2LDF Analog White Watch Unisex (A2530) 4.4 4.4 out of 5 stars (345) 200+ bought in past month Price, product page ₹1,195 ₹ 1,195 Up to 5% back with Amazon Pay ICICI card Up to 5% back with Amazon Pay IC... FREE delivery Mon, 15 Jun Or fastest delivery Tomorrow, 11 Jun Add to cart"
Amazon,watches,TIMEX,162175.0,2495.0,35.0,-159680.0,4.2,None,False,Unknown,False,https://www.amazon.in/TIMEX-White-Round-Analog-Watch/dp/B0DLBDP6K8/ref=sr_1_83?dib=eyJ2IjoiMSJ9.3d0XjQsl4gqt1NnuSQaTvv1nXAD5ruVcLBWs9WdhNZyieOd8l24O1N080Ld_sRFsIE6Pkgl3DpU4AhRwHq3bmzXISoUx3MOJffo4_gCaftnmlkc5GHHzd6vI6BxUSDRSF4fC5o3IMp1n-Jwv8kjnko07iVru7tmX6sJuLTiMN9ydZGOn9faF1RxfbqMq4tXIvUBu9csqcIdhjUKs3Li1k0pZMOCZ32dywMfy2VXGlmI2pTIiZa7q5HcUXMEMDW1UeCH4IETPt98DZP5HirnlpU1fcbhSJ-brxXxTKeh962A.SUBc9pG7oJKy2Y1OZiHbdWKvUmrGokJIzrTUnUe7QnM&dib_tag=se&keywords=watches&qid=1781073401,"TIMEX Analog Watch for Men with Round Dial & Water Resistant Man's Wrist Watches 4.2 4.2 out of 5 stars (53) 100+ bought in past month Price, product page ₹1,621.75 ₹ 1,621 . 75 M.R.P: ₹2,495 M.R.P: ₹2,495 ₹2,495 (35% off) Up to 5% back with Amazon Pay ICICI card Up to 5% back with Amazon Pay IC... FREE delivery Fri, 12 Jun Or fastest delivery Tomorrow 8 am - 12 pm Add to cart"
Amazon,watches,Armani Exchange,1199500.0,,,,4.2,None,False,Unknown,False,https://www.amazon.in/Armani-Exchange-Hampton-Analog-Watch-AX2103/dp/B00786VYGS/ref=sr_1_84?dib=eyJ2IjoiMSJ9.3d0XjQsl4gqt1NnuSQaTvv1nXAD5ruVcLBWs9WdhNZyieOd8l24O1N080Ld_sRFsIE6Pkgl3DpU4AhRwHq3bmzXISoUx3MOJffo4_gCaftnmlkc5GHHzd6vI6BxUSDRSF4fC5o3IMp1n-Jwv8kjnko07iVru7tmX6sJuLTiMN9ydZGOn9faF1RxfbqMq4tXIvUBu9csqcIdhjUKs3Li1k0pZMOCZ32dywMfy2VXGlmI2pTIiZa7q5HcUXMEMDW1UeCH4IETPt98DZP5HirnlpU1fcbhSJ-brxXxTKeh962A.SUBc9pG7oJKy2Y1OZiHbdWKvUmrGokJIzrTUnUe7QnM&dib_tag=se&keywords=watches&qid=1781073401,"Armani Exchange Armani Exchange Hampton Analog Black Dial Silver Band Men's Stainless Steel Watch-AX2103 4.2 4.2 out of 5 stars (1.5K) Price, product page ₹11,995 ₹ 11,995 Up to 5% back with Amazon Pay ICICI card Up to 5% back with Amazon Pay IC... FREE delivery Fri, 12 Jun Or fastest delivery Tomorrow 8 am - 12 pm Add to cart"
Amazon,watches,Fastrack,209500.0,,,,4.0,None,False,Unknown,False,https://www.amazon.in/Fastrack-Stunners-Special-Quartz-Leather/dp/B0DVGW3MFW/ref=sr_1_85?dib=eyJ2IjoiMSJ9.3d0XjQsl4gqt1NnuSQaTvv1nXAD5ruVcLBWs9WdhNZyieOd8l24O1N080Ld_sRFsIE6Pkgl3DpU4AhRwHq3bmzXISoUx3MOJffo4_gCaftnmlkc5GHHzd6vI6BxUSDRSF4fC5o3IMp1n-Jwv8kjnko07iVru7tmX6sJuLTiMN9ydZGOn9faF1RxfbqMq4tXIvUBu9csqcIdhjUKs3Li1k0pZMOCZ32dywMfy2VXGlmI2pTIiZa7q5HcUXMEMDW1UeCH4IETPt98DZP5HirnlpU1fcbhSJ-brxXxTKeh962A.SUBc9pG7oJKy2Y1OZiHbdWKvUmrGokJIzrTUnUe7QnM&dib_tag=se&keywords=watches&qid=1781073401,"Fastrack Fastrack Stunners X Special Edition Quartz Blue Dial Leather Analog Watch for Men 4.0 4.0 out of 5 stars (135) 100+ bought in past month Price, product page ₹2,095 ₹ 2,095 Up to 5% back with Amazon Pay ICICI card Up to 5% back with Amazon Pay IC... FREE delivery Fri, 12 Jun Or fastest delivery Tomorrow 8 am - 12 pm Add to cart"
Amazon,watches,Armani Exchange,804600.0,9995.0,19.0,-794605.0,4.2,None,False,Unknown,False,https://www.amazon.in/Armani-Exchange-Analog-Black-Watch-AX1343/dp/B0846PJPW9/ref=sr_1_86?dib=eyJ2IjoiMSJ9.3d0XjQsl4gqt1NnuSQaTvv1nXAD5ruVcLBWs9WdhNZyieOd8l24O1N080Ld_sRFsIE6Pkgl3DpU4AhRwHq3bmzXISoUx3MOJffo4_gCaftnmlkc5GHHzd6vI6BxUSDRSF4fC5o3IMp1n-Jwv8kjnko07iVru7tmX6sJuLTiMN9ydZGOn9faF1RxfbqMq4tXIvUBu9csqcIdhjUKs3Li1k0pZMOCZ32dywMfy2VXGlmI2pTIiZa7q5HcUXMEMDW1UeCH4IETPt98DZP5HirnlpU1fcbhSJ-brxXxTKeh962A.SUBc9pG7oJKy2Y1OZiHbdWKvUmrGokJIzrTUnUe7QnM&dib_tag=se&keywords=watches&qid=1781073401,"Armani Exchange Armani Exchange Black Dial Analog Men's Watch 4.2 4.2 out of 5 stars (3.9K) 50+ bought in past month Price, product page ₹8,046 ₹ 8,046 M.R.P: ₹9,995 M.R.P: ₹9,995 ₹9,995 (19% off) Up to 5% back with Amazon Pay ICICI card Up to 5% back with Amazon Pay IC... FREE delivery Fri, 12 Jun Or fastest delivery Tomorrow 8 am - 12 pm Add to cart"
Amazon,watches,Titan,537200.0,5745.0,6.0,-531455.0,4.4,None,False,Unknown,False,https://www.amazon.in/Titan-Analog-Black-Dial-Watch-NK1733KM01/dp/B01LZPW4SV/ref=sr_1_88?dib=eyJ2IjoiMSJ9.3d0XjQsl4gqt1NnuSQaTvv1nXAD5ruVcLBWs9WdhNZyieOd8l24O1N080Ld_sRFsIE6Pkgl3DpU4AhRwHq3bmzXISoUx3MOJffo4_gCaftnmlkc5GHHzd6vI6BxUSDRSF4fC5o3IMp1n-Jwv8kjnko07iVru7tmX6sJuLTiMN9ydZGOn9faF1RxfbqMq4tXIvUBu9csqcIdhjUKs3Li1k0pZMOCZ32dywMfy2VXGlmI2pTIiZa7q5HcUXMEMDW1UeCH4IETPt98DZP5HirnlpU1fcbhSJ-brxXxTKeh962A.SUBc9pG7oJKy2Y1OZiHbdWKvUmrGokJIzrTUnUe7QnM&dib_tag=se&keywords=watches&qid=1781073401,"Titan Men's Metropolitan Luxe: Multifunction dark grey Dial with Two-Tone Stainless Steel Bracelet Watch-NS1733KM01 4.4 4.4 out of 5 stars (993) 100+ bought in past month Price, product page ₹5,372 ₹ 5,372 M.R.P: ₹5,745 M.R.P: ₹5,745 ₹5,745 (6% off) Up to 5% back with Amazon Pay ICICI card Up to 5% back with Amazon Pay IC... FREE delivery Fri, 12 Jun Or fastest delivery Tomorrow 8 am - 12 pm Add t"
Amazon,watches,Fastrack,349900.0,5499.0,36.0,-344401.0,4.3,None,False,Unknown,False,https://www.amazon.in/Fastrack-Resolution-SingleSync-Assistant-Smartwatch/dp/B0DGGW3K23/ref=sr_1_89?dib=eyJ2IjoiMSJ9.3d0XjQsl4gqt1NnuSQaTvv1nXAD5ruVcLBWs9WdhNZyieOd8l24O1N080Ld_sRFsIE6Pkgl3DpU4AhRwHq3bmzXISoUx3MOJffo4_gCaftnmlkc5GHHzd6vI6BxUSDRSF4fC5o3IMp1n-Jwv8kjnko07iVru7tmX6sJuLTiMN9ydZGOn9faF1RxfbqMq4tXIvUBu9csqcIdhjUKs3Li1k0pZMOCZ32dywMfy2VXGlmI2pTIiZa7q5HcUXMEMDW1UeCH4IETPt98DZP5HirnlpU1fcbhSJ-brxXxTKeh962A.SUBc9pG7oJKy2Y1OZiHbdWKvUmrGokJIzrTUnUe7QnM&dib_tag=se&keywords=watches&qid=1781073401,"Fastrack Fastrack Astor FR2 Pro 1.43"" AMOLED Stainless Steel Smart Watch with SpO2, Heart Rate, BT Calling, Adaptive AOD,Functional Crown, AI Voice Assistant – Smartwatch for Stylish Professionals (Rose Gold) 4.3 4.3 out of 5 stars (1.4K) 400+ bought in past month Price, product page ₹3,499 ₹ 3,499 M.R.P: ₹5,499 M.R.P: ₹5,499 ₹5,499 (36% off) Up to 5% back with Amazon Pay ICICI card Up to 5% back "
Amazon,watches,TIMEX,419700.0,8395.0,50.0,-411305.0,4.3,Limited Time Deal,True,Unknown,False,https://www.amazon.in/TIMEX-Analog-Silver-Stainless-Bracelet/dp/B0F9YQ9T7W/ref=sr_1_90?dib=eyJ2IjoiMSJ9.3d0XjQsl4gqt1NnuSQaTvv1nXAD5ruVcLBWs9WdhNZyieOd8l24O1N080Ld_sRFsIE6Pkgl3DpU4AhRwHq3bmzXISoUx3MOJffo4_gCaftnmlkc5GHHzd6vI6BxUSDRSF4fC5o3IMp1n-Jwv8kjnko07iVru7tmX6sJuLTiMN9ydZGOn9faF1RxfbqMq4tXIvUBu9csqcIdhjUKs3Li1k0pZMOCZ32dywMfy2VXGlmI2pTIiZa7q5HcUXMEMDW1UeCH4IETPt98DZP5HirnlpU1fcbhSJ-brxXxTKeh962A.SUBc9pG7oJKy2Y1OZiHbdWKvUmrGokJIzrTUnUe7QnM&dib_tag=se&keywords=watches&qid=1781073401,"TIMEX Analog Watch for Men Available in Multicolor Dial & Silver Stainless Steel Bracelet Band - Water Resistant Wrist Watches 4.3 4.3 out of 5 stars (154) 50+ bought in past month Limited time deal Price, product page ₹4,197 ₹ 4,197 M.R.P: ₹8,395 M.R.P: ₹8,395 ₹8,395 (50% off) Up to 5% back with Amazon Pay ICICI card Up to 5% back with Amazon Pay IC... FREE delivery Fri, 12 Jun Or fastest deliver"
Amazon,watches,Giordano,469900.0,9990.0,53.0,-459910.0,4.3,None,False,Unknown,False,https://www.amazon.in/Giordano-Multifunction-Watch-Sub-Dials-Resistant/dp/B0F1K9D5DM/ref=sr_1_91?dib=eyJ2IjoiMSJ9.3d0XjQsl4gqt1NnuSQaTvv1nXAD5ruVcLBWs9WdhNZyieOd8l24O1N080Ld_sRFsIE6Pkgl3DpU4AhRwHq3bmzXISoUx3MOJffo4_gCaftnmlkc5GHHzd6vI6BxUSDRSF4fC5o3IMp1n-Jwv8kjnko07iVru7tmX6sJuLTiMN9ydZGOn9faF1RxfbqMq4tXIvUBu9csqcIdhjUKs3Li1k0pZMOCZ32dywMfy2VXGlmI2pTIiZa7q5HcUXMEMDW1UeCH4IETPt98DZP5HirnlpU1fcbhSJ-brxXxTKeh962A.SUBc9pG7oJKy2Y1OZiHbdWKvUmrGokJIzrTUnUe7QnM&dib_tag=se&keywords=watches&qid=1781073401,"Giordano Multifunction Watch for Men with Day, Date, and 24-Hour Sub-Dial, Water Resistant Square Dial Unique Design 4.3 4.3 out of 5 stars (78) Ends in 11:53:06 Price, product page ₹4,699 ₹ 4,699 M.R.P: ₹9,990 M.R.P: ₹9,990 ₹9,990 (53% off) Up to 5% back with Amazon Pay ICICI card Up to 5% back with Amazon Pay IC... FREE delivery Fri, 12 Jun Or fastest delivery Tomorrow 8 am - 12 pm Add to cart"
Amazon,watches,London Fog,189900.0,3990.0,52.0,-185910.0,4.1,None,False,Unknown,False,https://www.amazon.in/London-Fog-Collection-Chronograph-LFM10003-02/dp/B0GKGZ2JDY/ref=sr_1_92?dib=eyJ2IjoiMSJ9.3d0XjQsl4gqt1NnuSQaTvv1nXAD5ruVcLBWs9WdhNZyieOd8l24O1N080Ld_sRFsIE6Pkgl3DpU4AhRwHq3bmzXISoUx3MOJffo4_gCaftnmlkc5GHHzd6vI6BxUSDRSF4fC5o3IMp1n-Jwv8kjnko07iVru7tmX6sJuLTiMN9ydZGOn9faF1RxfbqMq4tXIvUBu9csqcIdhjUKs3Li1k0pZMOCZ32dywMfy2VXGlmI2pTIiZa7q5HcUXMEMDW1UeCH4IETPt98DZP5HirnlpU1fcbhSJ-brxXxTKeh962A.SUBc9pG7oJKy2Y1OZiHbdWKvUmrGokJIzrTUnUe7QnM&dib_tag=se&keywords=watches&qid=1781073401,"London Fog Bond Collection Analog Quartz Watch for Men with Round Dial and Silicone Strap, Metal Case with Tachymeter Bezel, Chronograph Function, Date Display, Luminous Hands & Hour Markers, Water Resistant 4.1 4.1 out of 5 stars (49) 50+ bought in past month Price, product page ₹1,899 ₹ 1,899 M.R.P: ₹3,990 M.R.P: ₹3,990 ₹3,990 (52% off) Up to 5% back with Amazon Pay ICICI card Up to 5% back with"
Amazon,watches,Giordano,379900.0,11990.0,68.0,-367910.0,4.3,None,False,Unknown,False,https://www.amazon.in/Giordano-Analog-Watch-Men-Skeleton-Style/dp/B0F9WLH2S7/ref=sr_1_93?dib=eyJ2IjoiMSJ9.3d0XjQsl4gqt1NnuSQaTvv1nXAD5ruVcLBWs9WdhNZyieOd8l24O1N080Ld_sRFsIE6Pkgl3DpU4AhRwHq3bmzXISoUx3MOJffo4_gCaftnmlkc5GHHzd6vI6BxUSDRSF4fC5o3IMp1n-Jwv8kjnko07iVru7tmX6sJuLTiMN9ydZGOn9faF1RxfbqMq4tXIvUBu9csqcIdhjUKs3Li1k0pZMOCZ32dywMfy2VXGlmI2pTIiZa7q5HcUXMEMDW1UeCH4IETPt98DZP5HirnlpU1fcbhSJ-brxXxTKeh962A.SUBc9pG7oJKy2Y1OZiHbdWKvUmrGokJIzrTUnUe7QnM&dib_tag=se&keywords=watches&qid=1781073401,"Giordano Analog Watch for Men - Skeleton-Style Dial | Brushed Steel Case with Silicone Strap 4.3 4.3 out of 5 stars (106) Price, product page ₹3,799 ₹ 3,799 M.R.P: ₹11,990 M.R.P: ₹11,990 ₹11,990 (68% off) Up to 5% back with Amazon Pay ICICI card Up to 5% back with Amazon Pay IC... FREE delivery Fri, 12 Jun Or fastest delivery Tomorrow 8 am - 12 pm Add to cart"
Amazon,watches,Titan,503500.0,6295.0,20.0,-497205.0,4.3,None,False,Unknown,False,https://www.amazon.in/Titan-Analog-NM1734WL01-NN1734WL01-NP1734WL01/dp/B0768YSHWF/ref=sr_1_94?dib=eyJ2IjoiMSJ9.3d0XjQsl4gqt1NnuSQaTvv1nXAD5ruVcLBWs9WdhNZyieOd8l24O1N080Ld_sRFsIE6Pkgl3DpU4AhRwHq3bmzXISoUx3MOJffo4_gCaftnmlkc5GHHzd6vI6BxUSDRSF4fC5o3IMp1n-Jwv8kjnko07iVru7tmX6sJuLTiMN9ydZGOn9faF1RxfbqMq4tXIvUBu9csqcIdhjUKs3Li1k0pZMOCZ32dywMfy2VXGlmI2pTIiZa7q5HcUXMEMDW1UeCH4IETPt98DZP5HirnlpU1fcbhSJ-brxXxTKeh962A.SUBc9pG7oJKy2Y1OZiHbdWKvUmrGokJIzrTUnUe7QnM&dib_tag=se&keywords=watches&qid=1781073401,"Titan Neo Analog Blue Dial Men's Watch - NN1733KL03/NP1733KL03 4.3 4.3 out of 5 stars (571) 50+ bought in past month Price, product page ₹5,035 ₹ 5,035 M.R.P: ₹6,295 M.R.P: ₹6,295 ₹6,295 (20% off) Up to 5% back with Amazon Pay ICICI card Up to 5% back with Amazon Pay IC... FREE delivery Fri, 12 Jun Or fastest delivery Tomorrow 8 am - 12 pm Add to cart"
Amazon,watches,SKMEI,99900.0,2399.0,58.0,-97501.0,4.3,None,False,Unknown,False,https://www.amazon.in/SKMEI-Digital-Black-White-Water-Resistant-Scratch-Resistant-1299/dp/B07WN2SRM6/ref=sr_1_95?dib=eyJ2IjoiMSJ9.3d0XjQsl4gqt1NnuSQaTvv1nXAD5ruVcLBWs9WdhNZyieOd8l24O1N080Ld_sRFsIE6Pkgl3DpU4AhRwHq3bmzXISoUx3MOJffo4_gCaftnmlkc5GHHzd6vI6BxUSDRSF4fC5o3IMp1n-Jwv8kjnko07iVru7tmX6sJuLTiMN9ydZGOn9faF1RxfbqMq4tXIvUBu9csqcIdhjUKs3Li1k0pZMOCZ32dywMfy2VXGlmI2pTIiZa7q5HcUXMEMDW1UeCH4IETPt98DZP5HirnlpU1fcbhSJ-brxXxTKeh962A.SUBc9pG7oJKy2Y1OZiHbdWKvUmrGokJIzrTUnUe7QnM&dib_tag=se&keywords=watches&qid=1781073401,"SKMEI Wrist Watch for Men, Digital Sports Waterproof Watch with Dual Time Chronograph Countdown Alarm Backlight 4.3 4.3 out of 5 stars (1.2K) Price, product page ₹999 ₹ 999 M.R.P: ₹2,399 M.R.P: ₹2,399 ₹2,399 (58% off) Up to 5% back with Amazon Pay ICICI card Up to 5% back with Amazon Pay IC... FREE delivery Sat, 13 Jun Or fastest delivery Tomorrow, 11 Jun Add to cart"
Amazon,watches,NAVIFORCE,269900.0,4999.0,46.0,-264901.0,4.2,None,False,Unknown,False,https://www.amazon.in/NAVIFORCE-NF8052-Luminous-Barrel-Shaped-Silicon/dp/B0D5TZQKJB/ref=sr_1_96?dib=eyJ2IjoiMSJ9.3d0XjQsl4gqt1NnuSQaTvv1nXAD5ruVcLBWs9WdhNZyieOd8l24O1N080Ld_sRFsIE6Pkgl3DpU4AhRwHq3bmzXISoUx3MOJffo4_gCaftnmlkc5GHHzd6vI6BxUSDRSF4fC5o3IMp1n-Jwv8kjnko07iVru7tmX6sJuLTiMN9ydZGOn9faF1RxfbqMq4tXIvUBu9csqcIdhjUKs3Li1k0pZMOCZ32dywMfy2VXGlmI2pTIiZa7q5HcUXMEMDW1UeCH4IETPt98DZP5HirnlpU1fcbhSJ-brxXxTKeh962A.SUBc9pG7oJKy2Y1OZiHbdWKvUmrGokJIzrTUnUe7QnM&dib_tag=se&keywords=watches&qid=1781073401,"NAVIFORCE NF8052 Luminous Hollow Dial Barrel-Shaped Silicon Strap Sports Watch 4.2 4.2 out of 5 stars (171) Price, product page ₹2,699 ₹ 2,699 M.R.P: ₹4,999 M.R.P: ₹4,999 ₹4,999 (46% off) Up to 5% back with Amazon Pay ICICI card Up to 5% back with Amazon Pay IC... FREE delivery Mon, 15 Jun Add to cart"
Amazon,watches,OnePlus,1149500.0,27999.0,59.0,-1121501.0,4.4,None,False,Unknown,False,https://www.amazon.in/OnePlus-Snapdragon-Stainless-Frequency-Bluetooth/dp/B0CVQDZWVX/ref=sr_1_97?dib=eyJ2IjoiMSJ9.3d0XjQsl4gqt1NnuSQaTvv1nXAD5ruVcLBWs9WdhNZyieOd8l24O1N080Ld_sRFsIE6Pkgl3DpU4AhRwHq3bmzXISoUx3MOJffo4_gCaftnmlkc5GHHzd6vI6BxUSDRSF4fC5o3IMp1n-Jwv8kjnko07iVru7tmX6sJuLTiMN9ydZGOn9faF1RxfbqMq4tXIvUBu9csqcIdhjUKs3Li1k0pZMOCZ32dywMfy2VXGlmI2pTIiZa7q5HcUXMEMDW1UeCH4IETPt98DZP5HirnlpU1fcbhSJ-brxXxTKeh962A.SUBc9pG7oJKy2Y1OZiHbdWKvUmrGokJIzrTUnUe7QnM&dib_tag=se&keywords=watches&qid=1781073401,"OnePlus OnePlus Watch 2 with Wear OS 4,Snapdragon W5 Chipset,Upto 100hrs battery life,1.43’’ AMOLED Display, Stainless Steel & Sapphire Crystal build,Dual Frequency GPS, 5 ATM, IP68 & BT Calling (Black Steel) 4.4 4.4 out of 5 stars (780) 300+ bought in past month Price, product page ₹11,495 ₹ 11,495 M.R.P: ₹27,999 M.R.P: ₹27,999 ₹27,999 (59% off) Up to 5% back with Amazon Pay ICICI card Up to 5% b"
Amazon,watches,Fastrack,77854.0,995.0,22.0,-76859.0,3.8,None,False,Unknown,False,https://www.amazon.in/Fastrack-Green-Silicon-Strap-Unisex/dp/B0GN8Y84N6/ref=sr_1_98?dib=eyJ2IjoiMSJ9.3d0XjQsl4gqt1NnuSQaTvv1nXAD5ruVcLBWs9WdhNZyieOd8l24O1N080Ld_sRFsIE6Pkgl3DpU4AhRwHq3bmzXISoUx3MOJffo4_gCaftnmlkc5GHHzd6vI6BxUSDRSF4fC5o3IMp1n-Jwv8kjnko07iVru7tmX6sJuLTiMN9ydZGOn9faF1RxfbqMq4tXIvUBu9csqcIdhjUKs3Li1k0pZMOCZ32dywMfy2VXGlmI2pTIiZa7q5HcUXMEMDW1UeCH4IETPt98DZP5HirnlpU1fcbhSJ-brxXxTKeh962A.SUBc9pG7oJKy2Y1OZiHbdWKvUmrGokJIzrTUnUe7QnM&dib_tag=se&keywords=watches&qid=1781073401,"Fastrack Fastrack Tees Zine with Dark Green Dial Dark Green Silicon Strap Watch for Unisex - 38145PP07W 3.8 3.8 out of 5 stars (6) Price, product page ₹778.54 ₹ 778 . 54 M.R.P: ₹995 M.R.P: ₹995 ₹995 (22% off) Up to 5% back with Amazon Pay ICICI card Up to 5% back with Amazon Pay IC... FREE delivery Fri, 12 Jun Or fastest delivery Tomorrow 8 am - 12 pm Add to cart"
Amazon,watches,Fastrack,177400.0,2535.0,30.0,-174865.0,4.1,None,False,Unknown,False,https://www.amazon.in/Fastrack-Arcane-Quartz-Analog-Stainless/dp/B0GJZSNNJR/ref=sr_1_99?dib=eyJ2IjoiMSJ9.3d0XjQsl4gqt1NnuSQaTvv1nXAD5ruVcLBWs9WdhNZyieOd8l24O1N080Ld_sRFsIE6Pkgl3DpU4AhRwHq3bmzXISoUx3MOJffo4_gCaftnmlkc5GHHzd6vI6BxUSDRSF4fC5o3IMp1n-Jwv8kjnko07iVru7tmX6sJuLTiMN9ydZGOn9faF1RxfbqMq4tXIvUBu9csqcIdhjUKs3Li1k0pZMOCZ32dywMfy2VXGlmI2pTIiZa7q5HcUXMEMDW1UeCH4IETPt98DZP5HirnlpU1fcbhSJ-brxXxTKeh962A.SUBc9pG7oJKy2Y1OZiHbdWKvUmrGokJIzrTUnUe7QnM&dib_tag=se&keywords=watches&qid=1781073401,"Fastrack Fastrack Vyb Arcane with Quartz Analog Black+Coffee Dial Coffee Brown Stainless Steel Strap Watch for Men - FV30047QM01W 4.1 4.1 out of 5 stars (11) 50+ bought in past month Price, product page ₹1,774 ₹ 1,774 M.R.P: ₹2,535 M.R.P: ₹2,535 ₹2,535 (30% off) Save 10% 10% off coupon applied Save 10% with coupon FREE delivery Fri, 12 Jun Or fastest delivery Tomorrow 8 am - 12 pm Add to cart"
Amazon,watches,Casio,779400.0,7795.0,,-771605.0,4.4,None,False,Unknown,False,https://www.amazon.in/Casio-Edifice-Chronograph-Black-Watch/dp/B00E12A9D6/ref=sr_1_100?dib=eyJ2IjoiMSJ9.3d0XjQsl4gqt1NnuSQaTvv1nXAD5ruVcLBWs9WdhNZyieOd8l24O1N080Ld_sRFsIE6Pkgl3DpU4AhRwHq3bmzXISoUx3MOJffo4_gCaftnmlkc5GHHzd6vI6BxUSDRSF4fC5o3IMp1n-Jwv8kjnko07iVru7tmX6sJuLTiMN9ydZGOn9faF1RxfbqMq4tXIvUBu9csqcIdhjUKs3Li1k0pZMOCZ32dywMfy2VXGlmI2pTIiZa7q5HcUXMEMDW1UeCH4IETPt98DZP5HirnlpU1fcbhSJ-brxXxTKeh962A.SUBc9pG7oJKy2Y1OZiHbdWKvUmrGokJIzrTUnUe7QnM&dib_tag=se&keywords=watches&qid=1781073401,"Casio Edifice Chronograph Black Dial Men's Watch - EFR-526L-1AVUDF (EX096) 4.4 4.4 out of 5 stars (805) 50+ bought in past month Price, product page ₹7,794 ₹ 7,794 M.R.P: ₹7,795 M.R.P: ₹7,795 ₹7,795 Up to 5% back with Amazon Pay ICICI card Up to 5% back with Amazon Pay IC... FREE delivery Fri, 12 Jun Or fastest delivery Tomorrow 8 am - 12 pm Add to cart"
Amazon,watches,TIMEX,774750.0,15495.0,50.0,-759255.0,4.4,None,False,Unknown,False,https://www.amazon.in/TIMEX-Automatic-Leather-Resistant-Watches/dp/B0FKZK7QQ2/ref=sr_1_101?dib=eyJ2IjoiMSJ9.3d0XjQsl4gqt1NnuSQaTvv1nXAD5ruVcLBWs9WdhNZyieOd8l24O1N080Ld_sRFsIE6Pkgl3DpU4AhRwHq3bmzXISoUx3MOJffo4_gCaftnmlkc5GHHzd6vI6BxUSDRSF4fC5o3IMp1n-Jwv8kjnko07iVru7tmX6sJuLTiMN9ydZGOn9faF1RxfbqMq4tXIvUBu9csqcIdhjUKs3Li1k0pZMOCZ32dywMfy2VXGlmI2pTIiZa7q5HcUXMEMDW1UeCH4IETPt98DZP5HirnlpU1fcbhSJ-brxXxTKeh962A.SUBc9pG7oJKy2Y1OZiHbdWKvUmrGokJIzrTUnUe7QnM&dib_tag=se&keywords=watches&qid=1781073401,"TIMEX Automatic Watch for Man with Blue Round Dial & Blue Leather Strap Band Water Resistant Men's Wrist Watches 4.4 4.4 out of 5 stars (185) 50+ bought in past month Price, product page ₹7,747.50 ₹ 7,747 . 50 M.R.P: ₹15,495 M.R.P: ₹15,495 ₹15,495 (50% off) Up to 5% back with Amazon Pay ICICI card Up to 5% back with Amazon Pay IC... FREE delivery Fri, 12 Jun Or fastest delivery Tomorrow 8 am - 12 "
Amazon,watches,Armani Exchange,1049600.0,14995.0,30.0,-1034605.0,4.4,None,False,Unknown,False,https://www.amazon.in/Armani-Exchange-Analog-Black-Watch-AX2600/dp/B01MYXWDF4/ref=sr_1_103?dib=eyJ2IjoiMSJ9.3d0XjQsl4gqt1NnuSQaTvv1nXAD5ruVcLBWs9WdhNZyieOd8l24O1N080Ld_sRFsIE6Pkgl3DpU4AhRwHq3bmzXISoUx3MOJffo4_gCaftnmlkc5GHHzd6vI6BxUSDRSF4fC5o3IMp1n-Jwv8kjnko07iVru7tmX6sJuLTiMN9ydZGOn9faF1RxfbqMq4tXIvUBu9csqcIdhjUKs3Li1k0pZMOCZ32dywMfy2VXGlmI2pTIiZa7q5HcUXMEMDW1UeCH4IETPt98DZP5HirnlpU1fcbhSJ-brxXxTKeh962A.SUBc9pG7oJKy2Y1OZiHbdWKvUmrGokJIzrTUnUe7QnM&dib_tag=se&keywords=watches&qid=1781073401,"Armani Exchange Armani Exchange Mens Drexler Stainless Steel Chronograph Watch - AX2600 (Black_Free Size) 4.4 4.4 out of 5 stars (1.4K) Price, product page ₹10,496 ₹ 10,496 M.R.P: ₹14,995 M.R.P: ₹14,995 ₹14,995 (30% off) Up to 5% back with Amazon Pay ICICI card Up to 5% back with Amazon Pay IC... FREE delivery Fri, 12 Jun Or fastest delivery Tomorrow 8 am - 12 pm Add to cart"
Amazon,watches,Casio,269500.0,,,,4.5,None,False,Unknown,False,https://www.amazon.in/Casio-Vintage-Digital-Multi-Colour-Watch-A168WA-1WDF/dp/B00JAK1PMI/ref=sr_1_104?dib=eyJ2IjoiMSJ9.3d0XjQsl4gqt1NnuSQaTvv1nXAD5ruVcLBWs9WdhNZyieOd8l24O1N080Ld_sRFsIE6Pkgl3DpU4AhRwHq3bmzXISoUx3MOJffo4_gCaftnmlkc5GHHzd6vI6BxUSDRSF4fC5o3IMp1n-Jwv8kjnko07iVru7tmX6sJuLTiMN9ydZGOn9faF1RxfbqMq4tXIvUBu9csqcIdhjUKs3Li1k0pZMOCZ32dywMfy2VXGlmI2pTIiZa7q5HcUXMEMDW1UeCH4IETPt98DZP5HirnlpU1fcbhSJ-brxXxTKeh962A.SUBc9pG7oJKy2Y1OZiHbdWKvUmrGokJIzrTUnUe7QnM&dib_tag=se&keywords=watches&qid=1781073401,"Casio Unisex Vintage A168WA-1WDF Black Digital Dial Silver Stainless Steel Band D131 4.5 4.5 out of 5 stars (4.7K) 900+ bought in past month Price, product page ₹2,695 ₹ 2,695 Up to 5% back with Amazon Pay ICICI card Up to 5% back with Amazon Pay IC... FREE delivery Fri, 12 Jun Or fastest delivery Today 4 pm - 8 pm Add to cart"
Amazon,watches,Fastrack,249900.0,4999.0,50.0,-244901.0,4.1,None,False,Unknown,False,https://www.amazon.in/sspa/click?ie=UTF8&spc=MTo1OTA2ODYwMzY5OTQ5ODY0OjE3ODEwNzM0MDI6c3BfYnRmOjMwMDM0NjgyOTU1NDIzMjo6MDo6&url=%2FFastrack-Assistance-Functional-SingleSync-Smartwatch%2Fdp%2FB0DB5XSKLJ%2Fref%3Dsr_1_106_sspa%3Fdib%3DeyJ2IjoiMSJ9.3d0XjQsl4gqt1NnuSQaTvv1nXAD5ruVcLBWs9WdhNZyieOd8l24O1N080Ld_sRFsIE6Pkgl3DpU4AhRwHq3bmzXISoUx3MOJffo4_gCaftnmlkc5GHHzd6vI6BxUSDRSF4fC5o3IMp1n-Jwv8kjnko07iVru7tmX6sJuLTiMN9ydZGOn9faF1RxfbqMq4tXIvUBu9csqcIdhjUKs3Li1k0pZMOCZ32dywMfy2VXGlmI2pTIiZa7q5HcUXMEMDW1UeCH4IETPt98DZP5HirnlpU1fcbhSJ-brxXxTKeh962A.SUBc9pG7oJKy2Y1OZiHbdWKvUmrGokJIzrTUnUe7QnM%26dib_tag%3Dse%26keywords%3Dwatches%26qid%3D1781073401%26aref%3D6e3yoEGIjM%26sp_csd%3Dd2lkZ2V0TmFtZT1zcF9idGY%26psc%3D1&aref=6e3yoEGIjM&sp_cr=ZAZ,"Sponsored Sponsored You are seeing this ad based on the product’s relevance to your search query. Let us know Fastrack Fastrack Astor FS1 Pro Smart Watch, 1.97"" AMOLED Display, Bluetooth Calling, 100+ Sports Modes, SpO2 & Heart Rate Monitoring, Women's Health, IP68, Up to 5 Days Battery, Functional Crown (Black) 4.1 4.1 out of 5 stars (1.7K) 900+ bought in past month Price, product page ₹2,499 ₹ 2"
Amazon,watches,Fossil,1119700.0,15995.0,30.0,-1103705.0,4.1,None,False,Unknown,False,https://www.amazon.in/sspa/click?ie=UTF8&spc=MTo1OTA2ODYwMzY5OTQ5ODY0OjE3ODEwNzM0MDI6c3BfYnRmOjMwMDY1MzkxNDUzMDEzMjo6MDo6&url=%2FFossil-Nate-Chronograph-Black-Watch-JR1401%2Fdp%2FB008AXYWHQ%2Fref%3Dsr_1_107_sspa%3Fdib%3DeyJ2IjoiMSJ9.3d0XjQsl4gqt1NnuSQaTvv1nXAD5ruVcLBWs9WdhNZyieOd8l24O1N080Ld_sRFsIE6Pkgl3DpU4AhRwHq3bmzXISoUx3MOJffo4_gCaftnmlkc5GHHzd6vI6BxUSDRSF4fC5o3IMp1n-Jwv8kjnko07iVru7tmX6sJuLTiMN9ydZGOn9faF1RxfbqMq4tXIvUBu9csqcIdhjUKs3Li1k0pZMOCZ32dywMfy2VXGlmI2pTIiZa7q5HcUXMEMDW1UeCH4IETPt98DZP5HirnlpU1fcbhSJ-brxXxTKeh962A.SUBc9pG7oJKy2Y1OZiHbdWKvUmrGokJIzrTUnUe7QnM%26dib_tag%3Dse%26keywords%3Dwatches%26qid%3D1781073401%26aref%3DT72rye1x9v%26sp_csd%3Dd2lkZ2V0TmFtZT1zcF9idGY%26psc%3D1&aref=T72rye1x9v&sp_cr=ZAZ,"Sponsored Sponsored You are seeing this ad based on the product’s relevance to your search query. Let us know Fossil Nate Chronograph Analog Black Dial Grey Band Men's Watch 4.1 4.1 out of 5 stars (11.5K) 200+ bought in past month Price, product page ₹11,197 ₹ 11,197 M.R.P: ₹15,995 M.R.P: ₹15,995 ₹15,995 (30% off) Up to 5% back with Amazon Pay ICICI card Up to 5% back with Amazon Pay IC... FREE de"
Amazon,watches,KENNETH COLE,1120000.0,14000.0,20.0,-1106000.0,5.0,Only 2 Left,True,Unknown,False,https://www.amazon.in/sspa/click?ie=UTF8&spc=MTo1OTA2ODYwMzY5OTQ5ODY0OjE3ODEwNzM0MDI6c3BfYnRmOjMwMTA1ODUwNDMxNDgzMjo6MDo6&url=%2FKenneth-Cole-Analog-Brown-Watch-KCWGA2221602MN%2Fdp%2FB0BHW669F4%2Fref%3Dsr_1_108_sspa%3Fdib%3DeyJ2IjoiMSJ9.3d0XjQsl4gqt1NnuSQaTvv1nXAD5ruVcLBWs9WdhNZyieOd8l24O1N080Ld_sRFsIE6Pkgl3DpU4AhRwHq3bmzXISoUx3MOJffo4_gCaftnmlkc5GHHzd6vI6BxUSDRSF4fC5o3IMp1n-Jwv8kjnko07iVru7tmX6sJuLTiMN9ydZGOn9faF1RxfbqMq4tXIvUBu9csqcIdhjUKs3Li1k0pZMOCZ32dywMfy2VXGlmI2pTIiZa7q5HcUXMEMDW1UeCH4IETPt98DZP5HirnlpU1fcbhSJ-brxXxTKeh962A.SUBc9pG7oJKy2Y1OZiHbdWKvUmrGokJIzrTUnUe7QnM%26dib_tag%3Dse%26keywords%3Dwatches%26qid%3D1781073401%26aref%3De3Vf8c6tRR%26sp_csd%3Dd2lkZ2V0TmFtZT1zcF9idGY%26psc%3D1&aref=e3Vf8c6tRR&sp_cr=ZAZ,"Sponsored Sponsored You are seeing this ad based on the product’s relevance to your search query. Let us know KENNETH COLE Analog Grey Dial Watch for Men-NEKCWGA2221602MN 5.0 5.0 out of 5 stars (3) Price, product page ₹11,200 ₹ 11,200 M.R.P: ₹14,000 M.R.P: ₹14,000 ₹14,000 (20% off) Up to 5% back with Amazon Pay ICICI card Up to 5% back with Amazon Pay IC... FREE delivery Fri, 12 Jun Or fastest del"
Amazon,watches,Fastrack,161900.0,2499.0,35.0,-159401.0,4.3,None,False,Unknown,False,https://www.amazon.in/sspa/click?ie=UTF8&spc=MTo0OTU2NjU0MjUzNjA4NzExOjE3ODEwNzM0NTI6c3BfYXRmX25leHQ6MzAxMDIwMTQzMTU4NDMyOjowOjo&url=%2FFastrack-Jupiter-Display-Charging-Calling%2Fdp%2FB0GLPF5GBP%2Fref%3Dsr_1_97_sspa%3Fdib%3DeyJ2IjoiMSJ9.WVbXAO6ONMxBsNJwrKO0MT-jNzYDClq9Ldb7y6NWMhNZdvmYe0eWkxJFzBtRefshBGXSWIdOcoO8oC8ElmC4pcF-FxRAZHmjn9pSOM2d7xZAFTyphMVBtaqA31L_Muv2fK_8o3ZVaNQ7AkuN41abTw_9_Qhx9B4F60aPlP56FRYW6BOURqNLNhbrX13hJ6aV5ePeIeXF8gOQkan_gXvqWS1uL43KrDiuPNKp9GykjUZSOlVFI_D8wgxyVSoCmDcafsG8a8xdlzYZC1MdAa0TXta33fmdKrKSlXSdAD-GVPI.FFui_3Hja9dCYP_RSgjG5vJMv81xzOnYrFypiEeNfz0%26dib_tag%3Dse%26keywords%3Dwatches%26qid%3D1781073452%26aref%3DoHWx6whXXM%26sp_csd%3Dd2lkZ2V0TmFtZT1zcF9hdGZfbmV4dA%26psc%3D1&aref=oHWx6whXXM&sp_cr=ZAZ,"Sponsored Sponsored You are seeing this ad based on the product’s relevance to your search query. Let us know Fastrack Fastrack Jupiter R3 1.38"" Ultra UV Round Display with Nitro Fast Charging,Single Sync BT Calling, HRM, SPO2, Upto 5 Days Battery Life Smart Watch for Man & Woman - Black 4.3 4.3 out of 5 stars (69) 900+ bought in past month Price, product page ₹1,619 ₹ 1,619 M.R.P: ₹2,499 M.R.P: ₹"
Amazon,watches,TIMEX,159000.0,2695.0,41.0,-156305.0,4.3,None,False,Unknown,False,https://www.amazon.in/sspa/click?ie=UTF8&spc=MTo0OTU2NjU0MjUzNjA4NzExOjE3ODEwNzM0NTI6c3BfYXRmX25leHQ6MzAwNDU2NTUzNDk0NDMyOjowOjo&url=%2FTimex-Analog-Rose-Womens-Watch-TWEL11817%2Fdp%2FB07QQ18SN3%2Fref%3Dsr_1_99_sspa%3Fdib%3DeyJ2IjoiMSJ9.WVbXAO6ONMxBsNJwrKO0MT-jNzYDClq9Ldb7y6NWMhNZdvmYe0eWkxJFzBtRefshBGXSWIdOcoO8oC8ElmC4pcF-FxRAZHmjn9pSOM2d7xZAFTyphMVBtaqA31L_Muv2fK_8o3ZVaNQ7AkuN41abTw_9_Qhx9B4F60aPlP56FRYW6BOURqNLNhbrX13hJ6aV5ePeIeXF8gOQkan_gXvqWS1uL43KrDiuPNKp9GykjUZSOlVFI_D8wgxyVSoCmDcafsG8a8xdlzYZC1MdAa0TXta33fmdKrKSlXSdAD-GVPI.FFui_3Hja9dCYP_RSgjG5vJMv81xzOnYrFypiEeNfz0%26dib_tag%3Dse%26keywords%3Dwatches%26qid%3D1781073452%26aref%3DTEj2RJdwah%26sp_csd%3Dd2lkZ2V0TmFtZT1zcF9hdGZfbmV4dA%26psc%3D1&aref=TEj2RJdwah&sp_cr=ZAZ,"Sponsored Sponsored You are seeing this ad based on the product’s relevance to your search query. Let us know TIMEX Analog Watch for Women with Round Dial & Water Resistant Women's Wrist Watches 4.3 4.3 out of 5 stars (830) 300+ bought in past month Price, product page ₹1,590 ₹ 1,590 M.R.P: ₹2,695 M.R.P: ₹2,695 ₹2,695 (41% off) Up to 5% back with Amazon Pay ICICI card Up to 5% back with Amazon Pay"
Amazon,watches,Fastrack,179100.0,2560.0,30.0,-176540.0,4.7,None,False,Unknown,False,https://www.amazon.in/Fastrack-Challenger-Quartz-Analog-Stainless/dp/B0GK13HW33/ref=sr_1_101?dib=eyJ2IjoiMSJ9.WVbXAO6ONMxBsNJwrKO0MT-jNzYDClq9Ldb7y6NWMhNZdvmYe0eWkxJFzBtRefshBGXSWIdOcoO8oC8ElmC4pcF-FxRAZHmjn9pSOM2d7xZAFTyphMVBtaqA31L_Muv2fK_8o3ZVaNQ7AkuN41abTw_9_Qhx9B4F60aPlP56FRYW6BOURqNLNhbrX13hJ6aV5ePeIeXF8gOQkan_gXvqWS1uL43KrDiuPNKp9GykjUZSOlVFI_D8wgxyVSoCmDcafsG8a8xdlzYZC1MdAa0TXta33fmdKrKSlXSdAD-GVPI.FFui_3Hja9dCYP_RSgjG5vJMv81xzOnYrFypiEeNfz0&dib_tag=se&keywords=watches&qid=1781073452,"Fastrack Fastrack Vyb Challenger with Quartz Analog Black Dial Black Stainless Steel Strap Watch for Men - FV30045NM01W 4.7 4.7 out of 5 stars (24) Price, product page ₹1,791 ₹ 1,791 M.R.P: ₹2,560 M.R.P: ₹2,560 ₹2,560 (30% off) Save 10% 10% off coupon applied Save 10% with coupon FREE delivery Fri, 12 Jun Or fastest delivery Tomorrow 8 am - 12 pm Add to cart"
Amazon,watches,Armani Exchange,2399500.0,,,,4.4,None,False,Unknown,False,https://www.amazon.in/Armani-Exchange-Stainless-Analog-Watch-AX2457/dp/B0D84R8WYY/ref=sr_1_104?dib=eyJ2IjoiMSJ9.WVbXAO6ONMxBsNJwrKO0MT-jNzYDClq9Ldb7y6NWMhNZdvmYe0eWkxJFzBtRefshBGXSWIdOcoO8oC8ElmC4pcF-FxRAZHmjn9pSOM2d7xZAFTyphMVBtaqA31L_Muv2fK_8o3ZVaNQ7AkuN41abTw_9_Qhx9B4F60aPlP56FRYW6BOURqNLNhbrX13hJ6aV5ePeIeXF8gOQkan_gXvqWS1uL43KrDiuPNKp9GykjUZSOlVFI_D8wgxyVSoCmDcafsG8a8xdlzYZC1MdAa0TXta33fmdKrKSlXSdAD-GVPI.FFui_3Hja9dCYP_RSgjG5vJMv81xzOnYrFypiEeNfz0&dib_tag=se&keywords=watches&qid=1781073452,"Armani Exchange A|X Automatic Watches for Men, Stainless Steel Watch 4.4 4.4 out of 5 stars (72) Price, product page ₹23,995 ₹ 23,995 Up to 5% back with Amazon Pay ICICI card Up to 5% back with Amazon Pay IC... FREE delivery Fri, 12 Jun Or fastest delivery Tomorrow 8 am - 12 pm Add to cart"
Amazon,watches,Sonata,169500.0,2425.0,30.0,-167075.0,4.2,None,False,Unknown,False,https://www.amazon.in/Sonata-Quartz-White-Metal-Women-SP80083WM01W/dp/B0DDTY8VKV/ref=sr_1_106?dib=eyJ2IjoiMSJ9.WVbXAO6ONMxBsNJwrKO0MT-jNzYDClq9Ldb7y6NWMhNZdvmYe0eWkxJFzBtRefshBGXSWIdOcoO8oC8ElmC4pcF-FxRAZHmjn9pSOM2d7xZAFTyphMVBtaqA31L_Muv2fK_8o3ZVaNQ7AkuN41abTw_9_Qhx9B4F60aPlP56FRYW6BOURqNLNhbrX13hJ6aV5ePeIeXF8gOQkan_gXvqWS1uL43KrDiuPNKp9GykjUZSOlVFI_D8wgxyVSoCmDcafsG8a8xdlzYZC1MdAa0TXta33fmdKrKSlXSdAD-GVPI.FFui_3Hja9dCYP_RSgjG5vJMv81xzOnYrFypiEeNfz0&dib_tag=se&keywords=watches&qid=1781073452,"Sonata Sonata Poze Quartz White MOP Dial Rose Gold Metal Strap for Women-SP80083WM01W 4.2 4.2 out of 5 stars (105) 100+ bought in past month Price, product page ₹1,695 ₹ 1,695 M.R.P: ₹2,425 M.R.P: ₹2,425 ₹2,425 (30% off) Up to 5% back with Amazon Pay ICICI card Up to 5% back with Amazon Pay IC... FREE delivery Fri, 12 Jun Or fastest delivery Tomorrow 8 am - 12 pm Add to cart"
Amazon,watches,Titan,1687600.0,18385.0,8.0,-1669215.0,4.5,None,False,Unknown,False,https://www.amazon.in/Titan-Green-Analog-Watch-Men-NR90110WL04/dp/B09ZHW84SN/ref=sr_1_107?dib=eyJ2IjoiMSJ9.WVbXAO6ONMxBsNJwrKO0MT-jNzYDClq9Ldb7y6NWMhNZdvmYe0eWkxJFzBtRefshBGXSWIdOcoO8oC8ElmC4pcF-FxRAZHmjn9pSOM2d7xZAFTyphMVBtaqA31L_Muv2fK_8o3ZVaNQ7AkuN41abTw_9_Qhx9B4F60aPlP56FRYW6BOURqNLNhbrX13hJ6aV5ePeIeXF8gOQkan_gXvqWS1uL43KrDiuPNKp9GykjUZSOlVFI_D8wgxyVSoCmDcafsG8a8xdlzYZC1MdAa0TXta33fmdKrKSlXSdAD-GVPI.FFui_3Hja9dCYP_RSgjG5vJMv81xzOnYrFypiEeNfz0&dib_tag=se&keywords=watches&qid=1781073452,"Titan Titan Green Dial Analog Watch for Men-NR90110WL04 4.5 4.5 out of 5 stars (128) Price, product page ₹16,876 ₹ 16,876 M.R.P: ₹18,385 M.R.P: ₹18,385 ₹18,385 (8% off) Up to 5% back with Amazon Pay ICICI card Up to 5% back with Amazon Pay IC... FREE delivery Fri, 12 Jun Or fastest delivery Tomorrow 8 am - 12 pm Add to cart"
Amazon,watches,Fastrack,209200.0,2990.0,30.0,-206210.0,4.2,None,False,Unknown,False,https://www.amazon.in/Fastrack-Nimbus-Stainless-Material-Watches/dp/B0FLTYW32K/ref=sr_1_111?dib=eyJ2IjoiMSJ9.WVbXAO6ONMxBsNJwrKO0MT-jNzYDClq9Ldb7y6NWMhNZdvmYe0eWkxJFzBtRefshBGXSWIdOcoO8oC8ElmC4pcF-FxRAZHmjn9pSOM2d7xZAFTyphMVBtaqA31L_Muv2fK_8o3ZVaNQ7AkuN41abTw_9_Qhx9B4F60aPlP56FRYW6BOURqNLNhbrX13hJ6aV5ePeIeXF8gOQkan_gXvqWS1uL43KrDiuPNKp9GykjUZSOlVFI_D8wgxyVSoCmDcafsG8a8xdlzYZC1MdAa0TXta33fmdKrKSlXSdAD-GVPI.FFui_3Hja9dCYP_RSgjG5vJMv81xzOnYrFypiEeNfz0&dib_tag=se&keywords=watches&qid=1781073452,"Fastrack Fastrack Vyb 6.0 Nimbus Quartz Navy Blue Round Dial Men's Watch | Stainless Steel Strap Material Analog | Guys Analog Watches - FV30032KM01 4.2 4.2 out of 5 stars (43) Price, product page ₹2,092 ₹ 2,092 M.R.P: ₹2,990 M.R.P: ₹2,990 ₹2,990 (30% off) Up to 5% back with Amazon Pay ICICI card Up to 5% back with Amazon Pay IC... FREE delivery Fri, 12 Jun Or fastest delivery Tomorrow 8 am - 12 p"
Amazon,watches,Fastrack,216600.0,3095.0,30.0,-213505.0,4.0,None,False,Unknown,False,https://www.amazon.in/Fastrack-Analog-Brown-Dial-Watch-NP3039SM10/dp/B0BRXNB2BS/ref=sr_1_113?dib=eyJ2IjoiMSJ9.WVbXAO6ONMxBsNJwrKO0MT-jNzYDClq9Ldb7y6NWMhNZdvmYe0eWkxJFzBtRefshBGXSWIdOcoO8oC8ElmC4pcF-FxRAZHmjn9pSOM2d7xZAFTyphMVBtaqA31L_Muv2fK_8o3ZVaNQ7AkuN41abTw_9_Qhx9B4F60aPlP56FRYW6BOURqNLNhbrX13hJ6aV5ePeIeXF8gOQkan_gXvqWS1uL43KrDiuPNKp9GykjUZSOlVFI_D8wgxyVSoCmDcafsG8a8xdlzYZC1MdAa0TXta33fmdKrKSlXSdAD-GVPI.FFui_3Hja9dCYP_RSgjG5vJMv81xzOnYrFypiEeNfz0&dib_tag=se&keywords=watches&qid=1781073452,"Fastrack Fastrack Hit List Analog Watch with Day and Date Black Dial Silver Stainless Steel Strap Watch for Guys - NT3039SM10 4.0 4.0 out of 5 stars (253) 50+ bought in past month Price, product page ₹2,166 ₹ 2,166 M.R.P: ₹3,095 M.R.P: ₹3,095 ₹3,095 (30% off) Up to 5% back with Amazon Pay ICICI card Up to 5% back with Amazon Pay IC... FREE delivery Sat, 13 Jun Add to cart"
Amazon,watches,Titan,1249500.0,12995.0,4.0,-1236505.0,3.9,None,False,Unknown,False,https://www.amazon.in/Titan-Stainless-Assistant-Measurement-Functional/dp/B0F4KDD5BS/ref=sr_1_116?dib=eyJ2IjoiMSJ9.WVbXAO6ONMxBsNJwrKO0MT-jNzYDClq9Ldb7y6NWMhNZdvmYe0eWkxJFzBtRefshBGXSWIdOcoO8oC8ElmC4pcF-FxRAZHmjn9pSOM2d7xZAFTyphMVBtaqA31L_Muv2fK_8o3ZVaNQ7AkuN41abTw_9_Qhx9B4F60aPlP56FRYW6BOURqNLNhbrX13hJ6aV5ePeIeXF8gOQkan_gXvqWS1uL43KrDiuPNKp9GykjUZSOlVFI_D8wgxyVSoCmDcafsG8a8xdlzYZC1MdAa0TXta33fmdKrKSlXSdAD-GVPI.FFui_3Hja9dCYP_RSgjG5vJMv81xzOnYrFypiEeNfz0&dib_tag=se&keywords=watches&qid=1781073452,"Titan Titan Heritage 1.43"" AMOLED Stainless Steel Bracelet Smart Watch for Men, BT Calling, Voice Assistant, Quick Health Measurement, Functional Crown, 3D UI, 60Hz Display, Fast Charging (Blue) 3.9 3.9 out of 5 stars (370) 50+ bought in past month Price, product page ₹12,495 ₹ 12,495 M.R.P: ₹12,995 M.R.P: ₹12,995 ₹12,995 (4% off) Up to 5% back with Amazon Pay ICICI card Up to 5% back with Amazon "
Amazon,watches,Carlington,189900.0,2999.0,37.0,-186901.0,3.4,None,False,Unknown,False,https://www.amazon.in/sspa/click?ie=UTF8&spc=MTo0OTU2NjU0MjUzNjA4NzExOjE3ODEwNzM0NTI6c3BfbXRmOjMwMTA4NjU5MzkxNzEzMjo6MDo6&url=%2FCarlington-Velocity-Analog-Digital-Stopwatch-Resiatant%2Fdp%2FB0GCN51HGQ%2Fref%3Dsr_1_117_sspa%3Fdib%3DeyJ2IjoiMSJ9.WVbXAO6ONMxBsNJwrKO0MT-jNzYDClq9Ldb7y6NWMhNZdvmYe0eWkxJFzBtRefshBGXSWIdOcoO8oC8ElmC4pcF-FxRAZHmjn9pSOM2d7xZAFTyphMVBtaqA31L_Muv2fK_8o3ZVaNQ7AkuN41abTw_9_Qhx9B4F60aPlP56FRYW6BOURqNLNhbrX13hJ6aV5ePeIeXF8gOQkan_gXvqWS1uL43KrDiuPNKp9GykjUZSOlVFI_D8wgxyVSoCmDcafsG8a8xdlzYZC1MdAa0TXta33fmdKrKSlXSdAD-GVPI.FFui_3Hja9dCYP_RSgjG5vJMv81xzOnYrFypiEeNfz0%26dib_tag%3Dse%26keywords%3Dwatches%26qid%3D1781073452%26aref%3D8HD1oBAQ6e%26sp_csd%3Dd2lkZ2V0TmFtZT1zcF9tdGY%26psc%3D1&aref=8HD1oBAQ6e&sp_cr=ZAZ,"Sponsored Sponsored You are seeing this ad based on the product’s relevance to your search query. Let us know Carlington Velocity Series Analog-Digital Sports Watches for Men and Boys with Alarm, Stopwatch, Backlit Display, Dualtime, Silicone Rubber Strap, Water & Shock Resiatant - CT_8121 3.4 3.4 out of 5 stars (14) 50+ bought in past month Price, product page ₹1,899 ₹ 1,899 M.R.P: ₹2,999 M.R.P: "
Amazon,watches,Carlington,79900.0,4999.0,84.0,-74901.0,3.4,Limited Time Deal,True,Unknown,True,https://www.amazon.in/sspa/click?ie=UTF8&spc=MTo0OTU2NjU0MjUzNjA4NzExOjE3ODEwNzM0NTI6c3BfbXRmOjMwMDU5ODEwMjg3NTQzMjo6MDo6&url=%2FCarlington-Green-Legacy-Watches-Silicone%2Fdp%2FB0DZT886FK%2Fref%3Dsr_1_118_sspa%3Fdib%3DeyJ2IjoiMSJ9.WVbXAO6ONMxBsNJwrKO0MT-jNzYDClq9Ldb7y6NWMhNZdvmYe0eWkxJFzBtRefshBGXSWIdOcoO8oC8ElmC4pcF-FxRAZHmjn9pSOM2d7xZAFTyphMVBtaqA31L_Muv2fK_8o3ZVaNQ7AkuN41abTw_9_Qhx9B4F60aPlP56FRYW6BOURqNLNhbrX13hJ6aV5ePeIeXF8gOQkan_gXvqWS1uL43KrDiuPNKp9GykjUZSOlVFI_D8wgxyVSoCmDcafsG8a8xdlzYZC1MdAa0TXta33fmdKrKSlXSdAD-GVPI.FFui_3Hja9dCYP_RSgjG5vJMv81xzOnYrFypiEeNfz0%26dib_tag%3Dse%26keywords%3Dwatches%26qid%3D1781073452%26aref%3DcVz3QM4Vhg%26sp_csd%3Dd2lkZ2V0TmFtZT1zcF9tdGY%26psc%3D1&aref=cVz3QM4Vhg&sp_cr=ZAZ,"Sponsored Sponsored You are seeing this ad based on the product’s relevance to your search query. Let us know Carlington Legacy Series Analog Wrist Watches & Silicone Strap for Women - CT 9911 3.4 3.4 out of 5 stars (22) Limited time deal Price, product page ₹799 ₹ 799 M.R.P: ₹4,999 M.R.P: ₹4,999 ₹4,999 (84% off) Up to 5% back with Amazon Pay ICICI card Up to 5% back with Amazon Pay IC... FREE del"
Amazon,watches,Carlington,99900.0,2499.0,60.0,-97401.0,4.1,None,False,Unknown,False,https://www.amazon.in/sspa/click?ie=UTF8&spc=MTo0OTU2NjU0MjUzNjA4NzExOjE3ODEwNzM0NTI6c3BfbXRmOjMwMDkxOTE0MDgxOTMzMjo6MDo6&url=%2FCarlington-Aristocrat-Watches-Premium-Leather%2Fdp%2FB0GCS8PQPK%2Fref%3Dsr_1_119_sspa%3Fdib%3DeyJ2IjoiMSJ9.WVbXAO6ONMxBsNJwrKO0MT-jNzYDClq9Ldb7y6NWMhNZdvmYe0eWkxJFzBtRefshBGXSWIdOcoO8oC8ElmC4pcF-FxRAZHmjn9pSOM2d7xZAFTyphMVBtaqA31L_Muv2fK_8o3ZVaNQ7AkuN41abTw_9_Qhx9B4F60aPlP56FRYW6BOURqNLNhbrX13hJ6aV5ePeIeXF8gOQkan_gXvqWS1uL43KrDiuPNKp9GykjUZSOlVFI_D8wgxyVSoCmDcafsG8a8xdlzYZC1MdAa0TXta33fmdKrKSlXSdAD-GVPI.FFui_3Hja9dCYP_RSgjG5vJMv81xzOnYrFypiEeNfz0%26dib_tag%3Dse%26keywords%3Dwatches%26qid%3D1781073452%26aref%3DTZfH1RGRdx%26sp_csd%3Dd2lkZ2V0TmFtZT1zcF9tdGY%26psc%3D1&aref=TZfH1RGRdx&sp_cr=ZAZ,"Sponsored Sponsored You are seeing this ad based on the product’s relevance to your search query. Let us know Carlington Aristocrat Series Analog Watches for Men with Premium Leather Strap - CT 1077 4.1 4.1 out of 5 stars (9) Price, product page ₹999 ₹ 999 M.R.P: ₹2,499 M.R.P: ₹2,499 ₹2,499 (60% off) Up to 5% back with Amazon Pay ICICI card Up to 5% back with Amazon Pay IC... FREE delivery Fri, 12"
Amazon,watches,Seiko,1484900.0,16500.0,10.0,-1468400.0,4.5,Limited Time Deal,True,Unknown,False,https://www.amazon.in/SEIKO-Mens-Collection-Analog-Watch-SUR399P1/dp/B08T66D22Z/ref=sr_1_123?dib=eyJ2IjoiMSJ9.WVbXAO6ONMxBsNJwrKO0MT-jNzYDClq9Ldb7y6NWMhNZdvmYe0eWkxJFzBtRefshBGXSWIdOcoO8oC8ElmC4pcF-FxRAZHmjn9pSOM2d7xZAFTyphMVBtaqA31L_Muv2fK_8o3ZVaNQ7AkuN41abTw_9_Qhx9B4F60aPlP56FRYW6BOURqNLNhbrX13hJ6aV5ePeIeXF8gOQkan_gXvqWS1uL43KrDiuPNKp9GykjUZSOlVFI_D8wgxyVSoCmDcafsG8a8xdlzYZC1MdAa0TXta33fmdKrKSlXSdAD-GVPI.FFui_3Hja9dCYP_RSgjG5vJMv81xzOnYrFypiEeNfz0&dib_tag=se&keywords=watches&qid=1781073452,"Seiko Men's Collection - SUR399P1 4.5 4.5 out of 5 stars (137) Limited time deal Price, product page ₹14,849 ₹ 14,849 M.R.P: ₹16,500 M.R.P: ₹16,500 ₹16,500 (10% off) Up to 5% back with Amazon Pay ICICI card Up to 5% back with Amazon Pay IC... FREE delivery Fri, 12 Jun Or fastest delivery Tomorrow 8 am - 12 pm Add to cart"
Amazon,watches,GOLDENIZE FASHION,27900.0,599.0,53.0,-27301.0,3.8,None,False,Unknown,False,https://www.amazon.in/Goldenize-Fashion-Stylish-Waterproof-Rectangular/dp/B0CSKJK6MX/ref=sr_1_124?dib=eyJ2IjoiMSJ9.WVbXAO6ONMxBsNJwrKO0MT-jNzYDClq9Ldb7y6NWMhNZdvmYe0eWkxJFzBtRefshBGXSWIdOcoO8oC8ElmC4pcF-FxRAZHmjn9pSOM2d7xZAFTyphMVBtaqA31L_Muv2fK_8o3ZVaNQ7AkuN41abTw_9_Qhx9B4F60aPlP56FRYW6BOURqNLNhbrX13hJ6aV5ePeIeXF8gOQkan_gXvqWS1uL43KrDiuPNKp9GykjUZSOlVFI_D8wgxyVSoCmDcafsG8a8xdlzYZC1MdAa0TXta33fmdKrKSlXSdAD-GVPI.FFui_3Hja9dCYP_RSgjG5vJMv81xzOnYrFypiEeNfz0&dib_tag=se&keywords=watches&qid=1781073452,"GOLDENIZE FASHION Stylish Waterproof Kids Digital Date and Time Black Pink Square Rectangular Display Watch for Kids Unisex Digital Watch for Baby Boys & Girls Kid | Pack of 2 3.8 3.8 out of 5 stars (1.4K) Price, product page ₹279 ₹ 279 M.R.P: ₹599 M.R.P: ₹599 ₹599 (53% off) Save 3% 3% off coupon applied Save 3% with coupon FREE delivery Mon, 15 Jun Add to cart"
Amazon,watches,TIMEX,279175.0,4295.0,35.0,-274880.0,3.9,None,False,Unknown,False,https://www.amazon.in/TIMEX-Stainless-Bracelet-Resistant-Watches/dp/B0FLXPJHNQ/ref=sr_1_128?dib=eyJ2IjoiMSJ9.WVbXAO6ONMxBsNJwrKO0MT-jNzYDClq9Ldb7y6NWMhNZdvmYe0eWkxJFzBtRefshBGXSWIdOcoO8oC8ElmC4pcF-FxRAZHmjn9pSOM2d7xZAFTyphMVBtaqA31L_Muv2fK_8o3ZVaNQ7AkuN41abTw_9_Qhx9B4F60aPlP56FRYW6BOURqNLNhbrX13hJ6aV5ePeIeXF8gOQkan_gXvqWS1uL43KrDiuPNKp9GykjUZSOlVFI_D8wgxyVSoCmDcafsG8a8xdlzYZC1MdAa0TXta33fmdKrKSlXSdAD-GVPI.FFui_3Hja9dCYP_RSgjG5vJMv81xzOnYrFypiEeNfz0&dib_tag=se&keywords=watches&qid=1781073452,"TIMEX Analog Watch for Man with Round Dial & Water Resistant Men's Wrist Watches 3.9 3.9 out of 5 stars (27) Price, product page ₹2,791.75 ₹ 2,791 . 75 M.R.P: ₹4,295 M.R.P: ₹4,295 ₹4,295 (35% off) Up to 5% back with Amazon Pay ICICI card Up to 5% back with Amazon Pay IC... FREE delivery Fri, 12 Jun Or fastest delivery Tomorrow 8 am - 12 pm Add to cart"
Amazon,watches,TIMEX,262400.0,4195.0,37.0,-258205.0,4.3,None,False,Unknown,False,https://www.amazon.in/Timex-Grey-Round-Analog-Watch/dp/B07B9KFLYJ/ref=sr_1_129?dib=eyJ2IjoiMSJ9.WVbXAO6ONMxBsNJwrKO0MT-jNzYDClq9Ldb7y6NWMhNZdvmYe0eWkxJFzBtRefshBGXSWIdOcoO8oC8ElmC4pcF-FxRAZHmjn9pSOM2d7xZAFTyphMVBtaqA31L_Muv2fK_8o3ZVaNQ7AkuN41abTw_9_Qhx9B4F60aPlP56FRYW6BOURqNLNhbrX13hJ6aV5ePeIeXF8gOQkan_gXvqWS1uL43KrDiuPNKp9GykjUZSOlVFI_D8wgxyVSoCmDcafsG8a8xdlzYZC1MdAa0TXta33fmdKrKSlXSdAD-GVPI.FFui_3Hja9dCYP_RSgjG5vJMv81xzOnYrFypiEeNfz0&dib_tag=se&keywords=watches&qid=1781073452,"TIMEX Analog Watch for Men with Round Dial & Water Resistant Man's Wrist Watches 4.3 4.3 out of 5 stars (1K) 100+ bought in past month Price, product page ₹2,624 ₹ 2,624 M.R.P: ₹4,195 M.R.P: ₹4,195 ₹4,195 (37% off) Up to 5% back with Amazon Pay ICICI card Up to 5% back with Amazon Pay IC... FREE delivery Fri, 12 Jun Or fastest delivery Tomorrow 8 am - 12 pm Add to cart"
Amazon,watches,Casio,949400.0,9495.0,,-939905.0,4.5,None,False,Unknown,False,https://www.amazon.in/Casio-G-Shock-Analog-Digital-Watch-GA-100-1A4DR-G272/dp/B003CJ94IA/ref=sr_1_130?dib=eyJ2IjoiMSJ9.WVbXAO6ONMxBsNJwrKO0MT-jNzYDClq9Ldb7y6NWMhNZdvmYe0eWkxJFzBtRefshBGXSWIdOcoO8oC8ElmC4pcF-FxRAZHmjn9pSOM2d7xZAFTyphMVBtaqA31L_Muv2fK_8o3ZVaNQ7AkuN41abTw_9_Qhx9B4F60aPlP56FRYW6BOURqNLNhbrX13hJ6aV5ePeIeXF8gOQkan_gXvqWS1uL43KrDiuPNKp9GykjUZSOlVFI_D8wgxyVSoCmDcafsG8a8xdlzYZC1MdAa0TXta33fmdKrKSlXSdAD-GVPI.FFui_3Hja9dCYP_RSgjG5vJMv81xzOnYrFypiEeNfz0&dib_tag=se&keywords=watches&qid=1781073452,"Casio GA-100-1A4DR G-Shock Watch (G272) 4.5 4.5 out of 5 stars (436) Price, product page ₹9,494 ₹ 9,494 M.R.P: ₹9,495 M.R.P: ₹9,495 ₹9,495 Up to 5% back with Amazon Pay ICICI card Up to 5% back with Amazon Pay IC... FREE delivery Fri, 12 Jun Or fastest delivery Tomorrow 8 am - 12 pm Add to cart"
Amazon,watches,TIMEX,214100.0,3295.0,35.0,-210805.0,4.1,None,False,Unknown,False,https://www.amazon.in/Premium-Quality-Analog-Coloured-Quartz/dp/B07BH5X8HB/ref=sr_1_133?dib=eyJ2IjoiMSJ9.WVbXAO6ONMxBsNJwrKO0MT-jNzYDClq9Ldb7y6NWMhNZdvmYe0eWkxJFzBtRefshBGXSWIdOcoO8oC8ElmC4pcF-FxRAZHmjn9pSOM2d7xZAFTyphMVBtaqA31L_Muv2fK_8o3ZVaNQ7AkuN41abTw_9_Qhx9B4F60aPlP56FRYW6BOURqNLNhbrX13hJ6aV5ePeIeXF8gOQkan_gXvqWS1uL43KrDiuPNKp9GykjUZSOlVFI_D8wgxyVSoCmDcafsG8a8xdlzYZC1MdAa0TXta33fmdKrKSlXSdAD-GVPI.FFui_3Hja9dCYP_RSgjG5vJMv81xzOnYrFypiEeNfz0&dib_tag=se&keywords=watches&qid=1781073452,"TIMEX Analog Watch for Man with White Round Dial & Brown Leather Strap Band Water Resistant Men's Wrist Watches - TW000U927 4.1 4.1 out of 5 stars (693) 200+ bought in past month Price, product page ₹2,141 ₹ 2,141 M.R.P: ₹3,295 M.R.P: ₹3,295 ₹3,295 (35% off) Up to 5% back with Amazon Pay ICICI card Up to 5% back with Amazon Pay IC... FREE delivery Fri, 12 Jun Or fastest delivery Tomorrow, 11 Jun A"
Amazon,watches,Titan,823600.0,9045.0,9.0,-814555.0,4.4,None,False,Unknown,False,https://www.amazon.in/Titan-Octane-NM90086SM01-NN90086SM01-NP90086SM01/dp/B07BBFYGF3/ref=sr_1_134?dib=eyJ2IjoiMSJ9.WVbXAO6ONMxBsNJwrKO0MT-jNzYDClq9Ldb7y6NWMhNZdvmYe0eWkxJFzBtRefshBGXSWIdOcoO8oC8ElmC4pcF-FxRAZHmjn9pSOM2d7xZAFTyphMVBtaqA31L_Muv2fK_8o3ZVaNQ7AkuN41abTw_9_Qhx9B4F60aPlP56FRYW6BOURqNLNhbrX13hJ6aV5ePeIeXF8gOQkan_gXvqWS1uL43KrDiuPNKp9GykjUZSOlVFI_D8wgxyVSoCmDcafsG8a8xdlzYZC1MdAa0TXta33fmdKrKSlXSdAD-GVPI.FFui_3Hja9dCYP_RSgjG5vJMv81xzOnYrFypiEeNfz0&dib_tag=se&keywords=watches&qid=1781073452,"Titan Titan Octane Chronograph Black Dial Men Watch -NM90086SM01 / NL90086SM01/NP90086SM01 4.4 4.4 out of 5 stars (305) Price, product page ₹8,236 ₹ 8,236 M.R.P: ₹9,045 M.R.P: ₹9,045 ₹9,045 (9% off) Up to 5% back with Amazon Pay ICICI card Up to 5% back with Amazon Pay IC... FREE delivery Sat, 13 Jun Or fastest delivery Tomorrow, 11 Jun Add to cart"
Amazon,watches,Titan,1979500.0,,,,4.6,None,False,Unknown,False,https://www.amazon.in/Titan-Phoenix-Skeletal-Automatic-Leather/dp/B0F3J6MMNG/ref=sr_1_135?dib=eyJ2IjoiMSJ9.WVbXAO6ONMxBsNJwrKO0MT-jNzYDClq9Ldb7y6NWMhNZdvmYe0eWkxJFzBtRefshBGXSWIdOcoO8oC8ElmC4pcF-FxRAZHmjn9pSOM2d7xZAFTyphMVBtaqA31L_Muv2fK_8o3ZVaNQ7AkuN41abTw_9_Qhx9B4F60aPlP56FRYW6BOURqNLNhbrX13hJ6aV5ePeIeXF8gOQkan_gXvqWS1uL43KrDiuPNKp9GykjUZSOlVFI_D8wgxyVSoCmDcafsG8a8xdlzYZC1MdAa0TXta33fmdKrKSlXSdAD-GVPI.FFui_3Hja9dCYP_RSgjG5vJMv81xzOnYrFypiEeNfz0&dib_tag=se&keywords=watches&qid=1781073452,"Titan Titan Phoenix Skeletal Automatic Analog with Gun Dial Brown Leather Strap Watch for Men - 90223WL01 4.6 4.6 out of 5 stars (58) Price, product page ₹19,795 ₹ 19,795 Up to 5% back with Amazon Pay ICICI card Up to 5% back with Amazon Pay IC... FREE delivery Fri, 12 Jun Or fastest delivery Tomorrow 8 am - 12 pm Add to cart"
Amazon,watches,Titan,279500.0,,,,4.2,Only 1 Left,True,Unknown,False,https://www.amazon.in/Titan-Leather-Casual-Watch-Color-Black/dp/B0CR3YH64G/ref=sr_1_137?dib=eyJ2IjoiMSJ9.WVbXAO6ONMxBsNJwrKO0MT-jNzYDClq9Ldb7y6NWMhNZdvmYe0eWkxJFzBtRefshBGXSWIdOcoO8oC8ElmC4pcF-FxRAZHmjn9pSOM2d7xZAFTyphMVBtaqA31L_Muv2fK_8o3ZVaNQ7AkuN41abTw_9_Qhx9B4F60aPlP56FRYW6BOURqNLNhbrX13hJ6aV5ePeIeXF8gOQkan_gXvqWS1uL43KrDiuPNKp9GykjUZSOlVFI_D8wgxyVSoCmDcafsG8a8xdlzYZC1MdAa0TXta33fmdKrKSlXSdAD-GVPI.FFui_3Hja9dCYP_RSgjG5vJMv81xzOnYrFypiEeNfz0&dib_tag=se&keywords=watches&qid=1781073452,"Titan Titan Karishma Quartz Analog Green Dial Black Leather Strap Watch for Men - NT1825SL16 4.2 4.2 out of 5 stars (216) Price, product page ₹2,795 ₹ 2,795 Up to 5% back with Amazon Pay ICICI card Up to 5% back with Amazon Pay IC... FREE delivery Sun, 14 Jun Or fastest delivery Sat, 13 Jun Only 1 left in stock. Add to cart"
Amazon,watches,Casio,1399500.0,,,,4.2,None,False,Unknown,False,https://www.amazon.in/Casio-Stopwatch-Chronograph-EFR-539BK-1AVUDF-EX187/dp/B00KR9NT5C/ref=sr_1_138?dib=eyJ2IjoiMSJ9.WVbXAO6ONMxBsNJwrKO0MT-jNzYDClq9Ldb7y6NWMhNZdvmYe0eWkxJFzBtRefshBGXSWIdOcoO8oC8ElmC4pcF-FxRAZHmjn9pSOM2d7xZAFTyphMVBtaqA31L_Muv2fK_8o3ZVaNQ7AkuN41abTw_9_Qhx9B4F60aPlP56FRYW6BOURqNLNhbrX13hJ6aV5ePeIeXF8gOQkan_gXvqWS1uL43KrDiuPNKp9GykjUZSOlVFI_D8wgxyVSoCmDcafsG8a8xdlzYZC1MdAa0TXta33fmdKrKSlXSdAD-GVPI.FFui_3Hja9dCYP_RSgjG5vJMv81xzOnYrFypiEeNfz0&dib_tag=se&keywords=watches&qid=1781073452,"Casio Casio EFR539BK-1A Men's Watch 4.2 4.2 out of 5 stars (2.7K) 50+ bought in past month Price, product page ₹13,995 ₹ 13,995 Up to 5% back with Amazon Pay ICICI card Up to 5% back with Amazon Pay IC... FREE delivery Fri, 12 Jun Or fastest delivery Tomorrow 8 am - 12 pm Add to cart"
Amazon,watches,Fastrack,144000.0,1495.0,4.0,-142505.0,4.2,None,False,Unknown,False,https://www.amazon.in/Fastrack-Stunners-Quartz-Leather-Guys-NR3291SL02/dp/B0BHTJCPFQ/ref=sr_1_142?dib=eyJ2IjoiMSJ9.WVbXAO6ONMxBsNJwrKO0MT-jNzYDClq9Ldb7y6NWMhNZdvmYe0eWkxJFzBtRefshBGXSWIdOcoO8oC8ElmC4pcF-FxRAZHmjn9pSOM2d7xZAFTyphMVBtaqA31L_Muv2fK_8o3ZVaNQ7AkuN41abTw_9_Qhx9B4F60aPlP56FRYW6BOURqNLNhbrX13hJ6aV5ePeIeXF8gOQkan_gXvqWS1uL43KrDiuPNKp9GykjUZSOlVFI_D8wgxyVSoCmDcafsG8a8xdlzYZC1MdAa0TXta33fmdKrKSlXSdAD-GVPI.FFui_3Hja9dCYP_RSgjG5vJMv81xzOnYrFypiEeNfz0&dib_tag=se&keywords=watches&qid=1781073452,"Fastrack Fastrack Stunners Quartz Analog Silver Dial Brown Leather Strap Watch for Guys - NR3291SL02​ 4.2 4.2 out of 5 stars (368) 100+ bought in past month Price, product page ₹1,440 ₹ 1,440 M.R.P: ₹1,495 M.R.P: ₹1,495 ₹1,495 (4% off) Up to 5% back with Amazon Pay ICICI card Up to 5% back with Amazon Pay IC... FREE delivery Fri, 12 Jun Or fastest delivery Tomorrow 8 am - 12 pm Add to cart"
Amazon,watches,Fastrack,211800.0,2820.0,25.0,-208980.0,,None,False,Unknown,False,https://www.amazon.in/Fastrack-Mirage-Quartz-Analog-Burgundy/dp/B0H1WQRVL3/ref=sr_1_143?dib=eyJ2IjoiMSJ9.WVbXAO6ONMxBsNJwrKO0MT-jNzYDClq9Ldb7y6NWMhNZdvmYe0eWkxJFzBtRefshBGXSWIdOcoO8oC8ElmC4pcF-FxRAZHmjn9pSOM2d7xZAFTyphMVBtaqA31L_Muv2fK_8o3ZVaNQ7AkuN41abTw_9_Qhx9B4F60aPlP56FRYW6BOURqNLNhbrX13hJ6aV5ePeIeXF8gOQkan_gXvqWS1uL43KrDiuPNKp9GykjUZSOlVFI_D8wgxyVSoCmDcafsG8a8xdlzYZC1MdAa0TXta33fmdKrKSlXSdAD-GVPI.FFui_3Hja9dCYP_RSgjG5vJMv81xzOnYrFypiEeNfz0&dib_tag=se&keywords=watches&qid=1781073452,"Fastrack Vyb Mirage with Quartz Analog Watch for Women Price, product page ₹2,118 ₹ 2,118 M.R.P: ₹2,820 M.R.P: ₹2,820 ₹2,820 (25% off) Up to 5% back with Amazon Pay ICICI card Up to 5% back with Amazon Pay IC... FREE delivery Fri, 12 Jun Or fastest delivery Tomorrow 8 am - 12 pm Add to cart"
Amazon,watches,Fossil,1349500.0,,,,4.8,None,False,Unknown,False,https://www.amazon.in/Fossil-Stainless-Analog-Womens-Watch-Es5362/dp/B0D93652ZY/ref=sr_1_144?dib=eyJ2IjoiMSJ9.WVbXAO6ONMxBsNJwrKO0MT-jNzYDClq9Ldb7y6NWMhNZdvmYe0eWkxJFzBtRefshBGXSWIdOcoO8oC8ElmC4pcF-FxRAZHmjn9pSOM2d7xZAFTyphMVBtaqA31L_Muv2fK_8o3ZVaNQ7AkuN41abTw_9_Qhx9B4F60aPlP56FRYW6BOURqNLNhbrX13hJ6aV5ePeIeXF8gOQkan_gXvqWS1uL43KrDiuPNKp9GykjUZSOlVFI_D8wgxyVSoCmDcafsG8a8xdlzYZC1MdAa0TXta33fmdKrKSlXSdAD-GVPI.FFui_3Hja9dCYP_RSgjG5vJMv81xzOnYrFypiEeNfz0&dib_tag=se&keywords=watches&qid=1781073452,"Fossil Women's Watch, Harlow Three-Hand Stainless Steel Bracelet Watch for Women 4.8 4.8 out of 5 stars (73) Price, product page ₹13,495 ₹ 13,495 Up to 5% back with Amazon Pay ICICI card Up to 5% back with Amazon Pay IC... FREE delivery Fri, 12 Jun Or fastest delivery Tomorrow 8 am - 12 pm Add to cart"
Amazon,watches,Invicta,849500.0,23500.0,64.0,-826000.0,4.5,None,False,Unknown,False,https://www.amazon.in/Invicta-Stainless-Steel-Analog-Silver/dp/B0C9XLRQH8/ref=sr_1_145?dib=eyJ2IjoiMSJ9.WVbXAO6ONMxBsNJwrKO0MT-jNzYDClq9Ldb7y6NWMhNZdvmYe0eWkxJFzBtRefshBGXSWIdOcoO8oC8ElmC4pcF-FxRAZHmjn9pSOM2d7xZAFTyphMVBtaqA31L_Muv2fK_8o3ZVaNQ7AkuN41abTw_9_Qhx9B4F60aPlP56FRYW6BOURqNLNhbrX13hJ6aV5ePeIeXF8gOQkan_gXvqWS1uL43KrDiuPNKp9GykjUZSOlVFI_D8wgxyVSoCmDcafsG8a8xdlzYZC1MdAa0TXta33fmdKrKSlXSdAD-GVPI.FFui_3Hja9dCYP_RSgjG5vJMv81xzOnYrFypiEeNfz0&dib_tag=se&keywords=watches&qid=1781073452,"Invicta Invicta Pro Diver Analog Silver Dial Men's Watch - 40010 4.5 4.5 out of 5 stars (32) Price, product page ₹8,495 ₹ 8,495 M.R.P: ₹23,500 M.R.P: ₹23,500 ₹23,500 (64% off) Save ₹400 ₹400 off coupon applied Save ₹400 with coupon FREE delivery Fri, 12 Jun Or fastest delivery Tomorrow 8 am - 12 pm Add to cart"
Amazon,watches,Casio,899400.0,8995.0,,-890405.0,4.4,None,False,Unknown,False,https://www.amazon.in/Casio-Analog-Digital-Black-Watch-GA-140-1A4DR-G976/dp/B07W3QG6KQ/ref=sr_1_146?dib=eyJ2IjoiMSJ9.WVbXAO6ONMxBsNJwrKO0MT-jNzYDClq9Ldb7y6NWMhNZdvmYe0eWkxJFzBtRefshBGXSWIdOcoO8oC8ElmC4pcF-FxRAZHmjn9pSOM2d7xZAFTyphMVBtaqA31L_Muv2fK_8o3ZVaNQ7AkuN41abTw_9_Qhx9B4F60aPlP56FRYW6BOURqNLNhbrX13hJ6aV5ePeIeXF8gOQkan_gXvqWS1uL43KrDiuPNKp9GykjUZSOlVFI_D8wgxyVSoCmDcafsG8a8xdlzYZC1MdAa0TXta33fmdKrKSlXSdAD-GVPI.FFui_3Hja9dCYP_RSgjG5vJMv81xzOnYrFypiEeNfz0&dib_tag=se&keywords=watches&qid=1781073452,"Casio G-Shock GA-140-1A4DR Analog-Digital Black Dial Men Watch Black Resin Strap (G976) 4.4 4.4 out of 5 stars (641) Price, product page ₹8,994 ₹ 8,994 M.R.P: ₹8,995 M.R.P: ₹8,995 ₹8,995 Save extra with No Cost EMI Save extra with No Cost EMI FREE delivery Fri, 12 Jun Or fastest delivery Tomorrow 8 am - 12 pm Add to cart"
Amazon,watches,TIMEX,292175.0,4495.0,35.0,-287680.0,4.4,None,False,Unknown,False,https://www.amazon.in/TIMEX-Analog-Leather-Resistant-Watches/dp/B0FLXMD1BM/ref=sr_1_147?dib=eyJ2IjoiMSJ9.WVbXAO6ONMxBsNJwrKO0MT-jNzYDClq9Ldb7y6NWMhNZdvmYe0eWkxJFzBtRefshBGXSWIdOcoO8oC8ElmC4pcF-FxRAZHmjn9pSOM2d7xZAFTyphMVBtaqA31L_Muv2fK_8o3ZVaNQ7AkuN41abTw_9_Qhx9B4F60aPlP56FRYW6BOURqNLNhbrX13hJ6aV5ePeIeXF8gOQkan_gXvqWS1uL43KrDiuPNKp9GykjUZSOlVFI_D8wgxyVSoCmDcafsG8a8xdlzYZC1MdAa0TXta33fmdKrKSlXSdAD-GVPI.FFui_3Hja9dCYP_RSgjG5vJMv81xzOnYrFypiEeNfz0&dib_tag=se&keywords=watches&qid=1781073452,"TIMEX Analog Watch for Man with Round Dial & Water Resistant Men's Wrist Watches 4.4 4.4 out of 5 stars (76) 100+ bought in past month Price, product page ₹2,921.75 ₹ 2,921 . 75 M.R.P: ₹4,495 M.R.P: ₹4,495 ₹4,495 (35% off) Up to 5% back with Amazon Pay ICICI card Up to 5% back with Amazon Pay IC... FREE delivery Fri, 12 Jun Or fastest delivery Tomorrow 8 am - 12 pm Add to cart"
Amazon,watches,London Fog,144900.0,2990.0,52.0,-141910.0,4.2,None,False,Unknown,False,https://www.amazon.in/London-Fog-Carnaby-Collection-Stainless/dp/B0GKGWYKG3/ref=sr_1_148?dib=eyJ2IjoiMSJ9.WVbXAO6ONMxBsNJwrKO0MT-jNzYDClq9Ldb7y6NWMhNZdvmYe0eWkxJFzBtRefshBGXSWIdOcoO8oC8ElmC4pcF-FxRAZHmjn9pSOM2d7xZAFTyphMVBtaqA31L_Muv2fK_8o3ZVaNQ7AkuN41abTw_9_Qhx9B4F60aPlP56FRYW6BOURqNLNhbrX13hJ6aV5ePeIeXF8gOQkan_gXvqWS1uL43KrDiuPNKp9GykjUZSOlVFI_D8wgxyVSoCmDcafsG8a8xdlzYZC1MdAa0TXta33fmdKrKSlXSdAD-GVPI.FFui_3Hja9dCYP_RSgjG5vJMv81xzOnYrFypiEeNfz0&dib_tag=se&keywords=watches&qid=1781073452,"London Fog Carnaby Collection Analog Watch for Men with Round Dial, Day & Date Display, Quartz Movement, Stainless Steel Strap & Water Resistant - LFM10008 4.2 4.2 out of 5 stars (42) 50+ bought in past month Price, product page ₹1,449 ₹ 1,449 M.R.P: ₹2,990 M.R.P: ₹2,990 ₹2,990 (52% off) Up to 5% back with Amazon Pay ICICI card Up to 5% back with Amazon Pay IC... FREE delivery Fri, 12 Jun Or faste"
Amazon,watches,CIGA Design,16150000.0,,,,,Only 1 Left,True,Unknown,False,https://www.amazon.in/CIGA-Design-Automatic-Walker-Analog/dp/B0G39VHLVZ/ref=sr_1_149?dib=eyJ2IjoiMSJ9.WVbXAO6ONMxBsNJwrKO0MT-jNzYDClq9Ldb7y6NWMhNZdvmYe0eWkxJFzBtRefshBGXSWIdOcoO8oC8ElmC4pcF-FxRAZHmjn9pSOM2d7xZAFTyphMVBtaqA31L_Muv2fK_8o3ZVaNQ7AkuN41abTw_9_Qhx9B4F60aPlP56FRYW6BOURqNLNhbrX13hJ6aV5ePeIeXF8gOQkan_gXvqWS1uL43KrDiuPNKp9GykjUZSOlVFI_D8wgxyVSoCmDcafsG8a8xdlzYZC1MdAa0TXta33fmdKrKSlXSdAD-GVPI.FFui_3Hja9dCYP_RSgjG5vJMv81xzOnYrFypiEeNfz0&dib_tag=se&keywords=watches&qid=1781073452,"CIGA Design Automatic Moon Walker Edition Analog Men Watch - U055-TIGR-6B Price, product page ₹1,61,500 ₹ 1,61,500 Up to 5% back with Amazon Pay ICICI card Up to 5% back with Amazon Pay IC... FREE delivery Fri, 12 Jun Or fastest delivery Tomorrow, 11 Jun Only 1 left in stock. Add to cart"
Amazon,watches,Titan,298500.0,3295.0,9.0,-295205.0,4.3,None,False,Unknown,False,https://www.amazon.in/Titan-Analog-Stainless-Watch-NL1650YM04-NP1650YM04/dp/B00ULPQTXQ/ref=sr_1_150?dib=eyJ2IjoiMSJ9.WVbXAO6ONMxBsNJwrKO0MT-jNzYDClq9Ldb7y6NWMhNZdvmYe0eWkxJFzBtRefshBGXSWIdOcoO8oC8ElmC4pcF-FxRAZHmjn9pSOM2d7xZAFTyphMVBtaqA31L_Muv2fK_8o3ZVaNQ7AkuN41abTw_9_Qhx9B4F60aPlP56FRYW6BOURqNLNhbrX13hJ6aV5ePeIeXF8gOQkan_gXvqWS1uL43KrDiuPNKp9GykjUZSOlVFI_D8wgxyVSoCmDcafsG8a8xdlzYZC1MdAa0TXta33fmdKrKSlXSdAD-GVPI.FFui_3Hja9dCYP_RSgjG5vJMv81xzOnYrFypiEeNfz0&dib_tag=se&keywords=watches&qid=1781073452,"Titan Titan Analog Gold Dial Men's Watch-NM1650YM04 / NL1650YM04/NP1650YM04 4.3 4.3 out of 5 stars (1.8K) 100+ bought in past month Price, product page ₹2,985 ₹ 2,985 M.R.P: ₹3,295 M.R.P: ₹3,295 ₹3,295 (9% off) Up to 5% back with Amazon Pay ICICI card Up to 5% back with Amazon Pay IC... FREE delivery Fri, 12 Jun Or fastest delivery Tomorrow 8 am - 12 pm Add to cart"
Amazon,watches,Calvin Klein,1117100.0,15960.0,30.0,-1101140.0,4.0,Only 1 Left,True,Unknown,False,https://www.amazon.in/Calvin-Klein-Analog-Unisexs-Watch-25200346/dp/B0CBSF5VW5/ref=sr_1_151?dib=eyJ2IjoiMSJ9.WVbXAO6ONMxBsNJwrKO0MT-jNzYDClq9Ldb7y6NWMhNZdvmYe0eWkxJFzBtRefshBGXSWIdOcoO8oC8ElmC4pcF-FxRAZHmjn9pSOM2d7xZAFTyphMVBtaqA31L_Muv2fK_8o3ZVaNQ7AkuN41abTw_9_Qhx9B4F60aPlP56FRYW6BOURqNLNhbrX13hJ6aV5ePeIeXF8gOQkan_gXvqWS1uL43KrDiuPNKp9GykjUZSOlVFI_D8wgxyVSoCmDcafsG8a8xdlzYZC1MdAa0TXta33fmdKrKSlXSdAD-GVPI.FFui_3Hja9dCYP_RSgjG5vJMv81xzOnYrFypiEeNfz0&dib_tag=se&keywords=watches&qid=1781073452,"Calvin Klein Iconic Qtz Basic Round Dial Unisex Watch 4.0 4.0 out of 5 stars (1) Price, product page ₹11,171 ₹ 11,171 M.R.P: ₹15,960 M.R.P: ₹15,960 ₹15,960 (30% off) Up to 5% back with Amazon Pay ICICI card Up to 5% back with Amazon Pay IC... FREE delivery Mon, 15 Jun Or fastest delivery Tomorrow, 11 Jun Only 1 left in stock. Add to cart"
Amazon,watches,TIMEX,169900.0,3095.0,45.0,-166805.0,4.2,None,False,Unknown,False,https://www.amazon.in/TIMEX-Stainless-Bracelet-Resistant-Watches/dp/B09W2DPG7F/ref=sr_1_152?dib=eyJ2IjoiMSJ9.WVbXAO6ONMxBsNJwrKO0MT-jNzYDClq9Ldb7y6NWMhNZdvmYe0eWkxJFzBtRefshBGXSWIdOcoO8oC8ElmC4pcF-FxRAZHmjn9pSOM2d7xZAFTyphMVBtaqA31L_Muv2fK_8o3ZVaNQ7AkuN41abTw_9_Qhx9B4F60aPlP56FRYW6BOURqNLNhbrX13hJ6aV5ePeIeXF8gOQkan_gXvqWS1uL43KrDiuPNKp9GykjUZSOlVFI_D8wgxyVSoCmDcafsG8a8xdlzYZC1MdAa0TXta33fmdKrKSlXSdAD-GVPI.FFui_3Hja9dCYP_RSgjG5vJMv81xzOnYrFypiEeNfz0&dib_tag=se&keywords=watches&qid=1781073452,"TIMEX TIMEX Analog Watch for Man with Black Round Dial & Silver Stainless Steel Bracelet Band Water Resistant Men's Wrist Watches - TWHG35SMU07 4.2 4.2 out of 5 stars (745) 50+ bought in past month Price, product page ₹1,699 ₹ 1,699 M.R.P: ₹3,095 M.R.P: ₹3,095 ₹3,095 (45% off) Up to 5% back with Amazon Pay ICICI card Up to 5% back with Amazon Pay IC... FREE delivery Fri, 12 Jun Or fastest delivery"
Amazon,watches,KENNETH COLE,2349900.0,,,,,None,False,Unknown,False,https://www.amazon.in/sspa/click?ie=UTF8&spc=MTo0OTU2NjU0MjUzNjA4NzExOjE3ODEwNzM0NTI6c3BfYnRmOjMwMTA1ODUwNDMxNTYzMjo6MDo6&url=%2FKenneth-Automatic-White-Silicon-Strap%2Fdp%2FB0GQGNF4Z9%2Fref%3Dsr_1_155_sspa%3Fdib%3DeyJ2IjoiMSJ9.WVbXAO6ONMxBsNJwrKO0MT-jNzYDClq9Ldb7y6NWMhNZdvmYe0eWkxJFzBtRefshBGXSWIdOcoO8oC8ElmC4pcF-FxRAZHmjn9pSOM2d7xZAFTyphMVBtaqA31L_Muv2fK_8o3ZVaNQ7AkuN41abTw_9_Qhx9B4F60aPlP56FRYW6BOURqNLNhbrX13hJ6aV5ePeIeXF8gOQkan_gXvqWS1uL43KrDiuPNKp9GykjUZSOlVFI_D8wgxyVSoCmDcafsG8a8xdlzYZC1MdAa0TXta33fmdKrKSlXSdAD-GVPI.FFui_3Hja9dCYP_RSgjG5vJMv81xzOnYrFypiEeNfz0%26dib_tag%3Dse%26keywords%3Dwatches%26qid%3D1781073452%26aref%3DPf1V0Excy7%26sp_csd%3Dd2lkZ2V0TmFtZT1zcF9idGY%26psc%3D1&aref=Pf1V0Excy7&sp_cr=ZAZ,"Sponsored Sponsored You are seeing this ad based on the product’s relevance to your search query. Let us know KENNETH COLE Kenneth Cole Automatic with Gun Dial White Silicon Strap Watch for Men - KCWGZ0099205MN Price, product page ₹23,499 ₹ 23,499 Up to 5% back with Amazon Pay ICICI card Up to 5% back with Amazon Pay IC... FREE delivery Fri, 12 Jun Or fastest delivery Tomorrow 8 am - 12 pm Add to "
Amazon,watches,Fossil,1349400.0,13495.0,,-1335905.0,4.6,Only 4 Left,True,Unknown,False,https://www.amazon.in/sspa/click?ie=UTF8&spc=MTo0OTU2NjU0MjUzNjA4NzExOjE3ODEwNzM0NTI6c3BfYnRmOjMwMDY1MzkxNDUyNTEzMjo6MDo6&url=%2FFossil-Analog-Black-Dial-Watch-FS6099%2Fdp%2FB0DSBQT612%2Fref%3Dsr_1_156_sspa%3Fdib%3DeyJ2IjoiMSJ9.WVbXAO6ONMxBsNJwrKO0MT-jNzYDClq9Ldb7y6NWMhNZdvmYe0eWkxJFzBtRefshBGXSWIdOcoO8oC8ElmC4pcF-FxRAZHmjn9pSOM2d7xZAFTyphMVBtaqA31L_Muv2fK_8o3ZVaNQ7AkuN41abTw_9_Qhx9B4F60aPlP56FRYW6BOURqNLNhbrX13hJ6aV5ePeIeXF8gOQkan_gXvqWS1uL43KrDiuPNKp9GykjUZSOlVFI_D8wgxyVSoCmDcafsG8a8xdlzYZC1MdAa0TXta33fmdKrKSlXSdAD-GVPI.FFui_3Hja9dCYP_RSgjG5vJMv81xzOnYrFypiEeNfz0%26dib_tag%3Dse%26keywords%3Dwatches%26qid%3D1781073452%26aref%3DDQ1n9bjUPF%26sp_csd%3Dd2lkZ2V0TmFtZT1zcF9idGY%26psc%3D1&aref=DQ1n9bjUPF&sp_cr=ZAZ,"Sponsored Sponsored You are seeing this ad based on the product’s relevance to your search query. Let us know Fossil Men's Watch, Machine Stainless Steel Chronograph Watch for Men 4.6 4.6 out of 5 stars (51) Price, product page ₹13,494 ₹ 13,494 M.R.P: ₹13,495 M.R.P: ₹13,495 ₹13,495 Up to 5% back with Amazon Pay ICICI card Up to 5% back with Amazon Pay IC... FREE delivery Fri, 12 Jun Or fastest del"
Myntra,shoes,CULT Men Running Shoes,2441.0,4069.0,40.0,1628.0,4.4,None,False,No,False,https://www.myntra.com/sports-shoes/cult/cult-men-strix-running-shoes----blackblue/33384081/buy,4.4 | 264 AD CULT Men Running Shoes Sizes: UK9 Rs. 2441 Rs. 4069 (40% OFF) VIEW SIMILAR wishlist Select a size UK9
Myntra,shoes,Reebok Women Adapt-OgBolt Train Shoes,1889.0,2999.0,37.0,1110.0,4.3,None,False,No,False,https://www.myntra.com/sports-shoes/reebok/reebok-women-adapt-og-bolt-training-shoes/37051488/buy,4.3 | 476 AD Reebok Women Adapt-OgBolt Train Shoes Sizes: UK7 Rs. 1889 Rs. 2999 (37% OFF) VIEW SIMILAR wishlist Select a size UK7
Myntra,shoes,HRX by Hrithik Roshan Unisex Back To School Shoes,979.0,3699.0,73.5,2720.0,4.3,None,False,No,True,https://www.myntra.com/casual-shoes/hrx+by+hrithik+roshan/hrx-by-hrithik-roshan-unisex-back-to-school-shoes/29553912/buy,4.3 | 3k HRX by Hrithik Roshan Unisex Back To School Shoes Sizes: UK5 Rs. 979 Rs. 3699 (Rs. 2720 OFF) VIEW SIMILAR wishlist Select a size UK5
Myntra,shoes,HOOH Now Comfort in Fashion Girls Frozen Printed Sneakers,379.0,1299.0,71.0,920.0,4.3,None,False,No,True,https://www.myntra.com/casual-shoes/hooh+now+comfort+in+fashion/hooh-now-comfort-in-fashion-girls-frozen-printed-sneakers/39078573/buy,4.3 | 885 HOOH Now Comfort in Fashion Girls Frozen Printed Sneakers Sizes: 6-6.5Y Rs. 379 Rs. 1299 (71% OFF) VIEW SIMILAR wishlist Select a size 6-6.5Y
Myntra,shoes,Campus Women PU Sneakers,1299.0,2799.0,54.0,1500.0,4.7,None,False,No,False,https://www.myntra.com/casual-shoes/campus/campus-ambit-women-pu-sneakers/41198819/buy,4.7 | 163 AD NEW Campus Women PU Sneakers Sizes: UK8 Rs. 1299 Rs. 2799 (54% OFF) VIEW SIMILAR wishlist Select a size UK8
Myntra,shoes,HRX by Hrithik Roshan Unisex Running Shoes,1116.0,2999.0,62.8,1883.0,4.3,None,False,No,False,https://www.myntra.com/sports-shoes/hrx+by+hrithik+roshan/hrx-by-hrithik-roshan-unisex-mesh-running-non-marking-shoes/32085907/buy,4.3 | 5.1k HRX by Hrithik Roshan Unisex Running Shoes Sizes: UK3 Rs. 1116 Rs. 2999 (Rs. 1883 OFF) VIEW SIMILAR wishlist Select a size UK3
Myntra,shoes,Stylegalaxy Women T Strap Flats,549.0,1799.0,69.0,1250.0,,None,False,No,False,https://www.myntra.com/flats/stylegalaxy/stylegalaxy-women-embellished-party-t-strap-flats/42095253/buy,NEW Stylegalaxy Women T Strap Flats Sizes: UK9 Rs. 549 Rs. 1799 (69% OFF) VIEW SIMILAR wishlist Select a size UK9
Myntra,shoes,Lotto Men Impulso Citta Sneakers,1478.0,4499.0,67.0,3021.0,4.3,None,False,No,False,https://www.myntra.com/casual-shoes/lotto/lotto-men-impulso-citta-black-sneakers/36474506/buy,4.3 | 252 AD Lotto Men Impulso Citta Sneakers Sizes: UK6 Rs. 1478 Rs. 4499 (67% OFF) VIEW SIMILAR wishlist Select a size UK6
Myntra,shoes,Puma Skyrocket Lite 2 Running Shoes,2849.0,4999.0,43.0,2150.0,4.3,None,False,No,False,https://www.myntra.com/sports-shoes/puma/puma-skyrocket-lite-2-running-shoes/41856885/buy,4.3 | 250 Puma Skyrocket Lite 2 Running Shoes Sizes: UK11 Rs. 2849 Rs. 4999 (43% OFF) VIEW SIMILAR wishlist Select a size UK11
Myntra,shoes,mothercare Infants Round Toe Booties,599.0,999.0,40.0,400.0,3.3,Only Few Left,True,No,False,https://www.myntra.com/booties/mothercare/mothercare-infants-round-toe-booties/40843964/buy,3.3 | 6 NEW mothercare Infants Round Toe Booties Sizes: 12-18M Rs. 599 Rs. 999 (40% OFF) Only Few Left! VIEW SIMILAR wishlist Select a size 12-18M
Myntra,shoes,Lotto Men Impulso Citta Sneaker,1478.0,4499.0,67.0,3021.0,4.3,None,False,No,False,https://www.myntra.com/casual-shoes/lotto/lotto-men-impulso-citta-black-sneakers/36717180/buy,4.3 | 245 AD Lotto Men Impulso Citta Sneaker Sizes: UK8 Rs. 1478 Rs. 4499 (67% OFF) VIEW SIMILAR wishlist Select a size UK8
Myntra,shoes,aadi Mid-Top Chelsea Boots,553.0,1999.0,72.0,1446.0,4.2,None,False,No,True,https://www.myntra.com/boots/aadi/aadi-men-platform-round-toe-mid-top-chelsea-boots/30757071/buy,4.2 | 13.9k aadi Mid-Top Chelsea Boots Sizes: UK9 Rs. 553 Rs. 1999 (72% OFF) VIEW SIMILAR wishlist Select a size UK9
Myntra,shoes,Stylegalaxy Women Open Toe Flats,549.0,1799.0,69.0,1250.0,,None,False,No,False,https://www.myntra.com/flats/stylegalaxy/stylegalaxy-women-open-toe-flats/42095244/buy,NEW Stylegalaxy Women Open Toe Flats Sizes: UK9 Rs. 549 Rs. 1799 (69% OFF) VIEW SIMILAR wishlist Select a size UK9
Myntra,shoes,ASICS Men Court Reflex Tennis Shoes,2699.0,5999.0,55.0,3300.0,4.4,None,False,No,False,https://www.myntra.com/sports-shoes/asics/asics-men-court-reflex-tennis-shoes/32283940/buy,4.4 | 450 AD ASICS Men Court Reflex Tennis Shoes Sizes: UK9 Rs. 2699 Rs. 5999 (55% OFF) VIEW SIMILAR wishlist Select a size UK9
Myntra,shoes,HOOH Now Comfort in Fashion Unisex Kids Printed Sneakers,420.0,1299.0,68.0,879.0,4.5,None,False,No,False,https://www.myntra.com/casual-shoes/hooh+now+comfort+in+fashion/hooh-now-comfort-in-fashion-unisex-kids-printed-sneakers/40798374/buy,4.5 | 505 NEW HOOH Now Comfort in Fashion Unisex Kids Printed Sneakers Sizes: 12-18M Rs. 420 Rs. 1299 (68% OFF) VIEW SIMILAR wishlist Select a size 12-18M
Myntra,shoes,KIDSUN Unisex Kids Cotton Booties,349.0,699.0,50.0,350.0,4.5,None,False,No,False,https://www.myntra.com/booties/kidsun/kidsun-kids-cotton-booties/38706707/buy,4.5 | 24 KIDSUN Unisex Kids Cotton Booties Sizes: 6-12M Rs. 349 Rs. 699 (50% OFF) VIEW SIMILAR wishlist Select a size 6-12M
Myntra,shoes,Puma Galaxis Pro Running Shoes,2799.0,6999.0,60.0,4200.0,4.3,None,False,No,False,https://www.myntra.com/sports-shoes/puma/puma-galaxis-pro-men-performance-boost-running-shoes/32682454/buy,4.3 | 5.3k AD Puma Galaxis Pro Running Shoes Sizes: UK8 Rs. 2799 Rs. 6999 (60% OFF) VIEW SIMILAR wishlist Select a size UK8
Myntra,shoes,HRX by Hrithik Roshan Women Running Shoes,1599.0,6699.0,76.1,5100.0,4.5,None,False,No,True,https://www.myntra.com/sports-shoes/hrx+by+hrithik+roshan/hrx-by-hrithik-roshan-women-mesh-running-non-marking-shoes/40138773/buy,4.5 | 360 HRX by Hrithik Roshan Women Running Shoes Sizes: UK3 Rs. 1599 Rs. 6699 (Rs. 5100 OFF) VIEW SIMILAR wishlist Select a size UK3
Myntra,shoes,Stylegalaxy Women T Strap Flats,593.0,1799.0,67.0,1206.0,,None,False,No,False,https://www.myntra.com/flats/stylegalaxy/stylegalaxy-women-embellished-party-open-toe-flats/42095251/buy,NEW Stylegalaxy Women T Strap Flats Sizes: UK6 Rs. 593 Rs. 1799 (67% OFF) VIEW SIMILAR wishlist Select a size UK6
Myntra,shoes,Puma Skyrocket Lite Running Shoes,2099.0,4999.0,58.0,2900.0,4.5,None,False,No,False,https://www.myntra.com/sports-shoes/puma/puma-skyrocket-lite-men-running-shoes/32588864/buy,4.5 | 1.7k AD Puma Skyrocket Lite Running Shoes Sizes: UK7 Rs. 2099 Rs. 4999 (58% OFF) VIEW SIMILAR wishlist Select a size UK7
Myntra,shoes,WROGN Men Walking Shoes,1074.0,2499.0,57.0,1425.0,4.4,None,False,No,False,https://www.myntra.com/sports-shoes/wrogn/wrogn-men-woven-design-walking-shoes/30191552/buy,4.4 | 92 WROGN Men Walking Shoes Sizes: UK10 Rs. 1074 Rs. 2499 (57% OFF) VIEW SIMILAR wishlist Select a size UK10
Myntra,shoes,Sole Saga Block Mary Janes with Buckles,692.0,2499.0,72.0,1807.0,4.5,None,False,No,True,https://www.myntra.com/heels/sole+saga/sole-saga-women-block-mary-janes-with-buckles/36820976/buy,4.5 | 3.3k Sole Saga Block Mary Janes with Buckles Sizes: UK4 Rs. 692 Rs. 2499 (72% OFF) VIEW SIMILAR wishlist Select a size UK4
Myntra,shoes,House of Pataudi Men Slip-On Formal Shoes,1199.0,4685.0,74.4,3486.0,4.1,None,False,No,True,https://www.myntra.com/formal-shoes/house+of+pataudi/house-of-pataudi-men-round-toe-slip-on-formal-shoes/38737952/buy,4.1 | 216 AD House of Pataudi Men Slip-On Formal Shoes Sizes: UK7 Rs. 1199 Rs. 4685 (Rs. 3486 OFF) VIEW SIMILAR wishlist Select a size UK7
Myntra,shoes,DUOSOFT Women Ballerinas,332.0,1799.0,82.0,1467.0,4.2,None,False,No,True,https://www.myntra.com/ballerinas/duosoft/duosoft-women-ballerinas/41294310/buy,4.2 | 21 NEW DUOSOFT Women Ballerinas Sizes: UK7 Rs. 332 Rs. 1799 (82% OFF) VIEW SIMILAR wishlist Select a size UK7
Myntra,shoes,Truffle Collection Party Slim Heeled Mules,1299.0,2599.0,50.0,1300.0,,None,False,No,False,https://www.myntra.com/heels/truffle+collection/truffle-collection-party-slim-heeled-mules/42080205/buy,Truffle Collection Party Slim Heeled Mules Sizes: UK3 Rs. 1299 Rs. 2599 (50% OFF) VIEW SIMILAR wishlist Select a size UK3
Myntra,shoes,Liberty Women Walking Shoes,999.0,3199.0,69.0,2200.0,4.3,Only Few Left,True,No,False,https://www.myntra.com/sports-shoes/liberty/liberty-women-walking-shoes/28164812/buy,4.3 | 3.4k AD Liberty Women Walking Shoes Sizes: UK7 Rs. 999 Rs. 3199 (69% OFF) Only Few Left! VIEW SIMILAR wishlist Select a size UK7
Myntra,shoes,HERE&NOW Men Chelsea Boots,483.0,3230.0,85.0,2747.0,4.2,None,False,No,True,https://www.myntra.com/boots/here%26now/herenow-men-chelsea-boots/38243432/buy,4.2 | 756 HERE&NOW Men Chelsea Boots Sizes: UK6 Rs. 483 Rs. 3230 (Rs. 2747 OFF) VIEW SIMILAR wishlist Select a size UK6
Myntra,shoes,Crazyly Boys Colourblocked Sneakers,407.0,2199.0,81.5,1792.0,4.4,None,False,No,True,https://www.myntra.com/casual-shoes/crazyly/crazyly-boys-colourblocked-sneakers/39696369/buy,4.4 | 136 Crazyly Boys Colourblocked Sneakers Sizes: 3-3.5Y Rs. 407 Rs. 2199 (Rs. 1792 OFF) VIEW SIMILAR wishlist Select a size 3-3.5Y
Myntra,shoes,Sparx Men Training or Gym Shoes,1104.0,1299.0,15.0,195.0,,None,False,No,False,https://www.myntra.com/sports-shoes/sparx/sparx-men-mesh-training-or-gym-non-marking-shoes/41216169/buy,AD NEW Sparx Men Training or Gym Shoes Sizes: UK9 Rs. 1104 Rs. 1299 (15% OFF) VIEW SIMILAR wishlist Select a size UK9
Myntra,shoes,Shoetopia Pointed Toe Slingback Flats,469.0,999.0,53.0,530.0,4.1,None,False,No,False,https://www.myntra.com/flats/shoetopia/shoetopia-girls-pointed-toe-slingback-flats/22041124/buy,4.1 | 151 Shoetopia Pointed Toe Slingback Flats Sizes: 13-14Y Rs. 469 Rs. 999 (53% OFF) VIEW SIMILAR wishlist Select a size 13-14Y
Myntra,shoes,Metro Women Synthetic Casual Shoes,1221.0,1490.0,18.0,269.0,,None,False,No,False,https://www.myntra.com/casual-shoes/metro/metro-women-mules/41940089/buy,NEW Metro Women Synthetic Casual Shoes Sizes: UK7 Rs. 1221 Rs. 1490 (18% OFF) VIEW SIMILAR wishlist Select a size UK7
Myntra,shoes,Field Care Men Lace-up Boots,1527.0,3499.0,56.0,1972.0,,None,False,No,False,https://www.myntra.com/formal-shoes/field+care/field-care-men-black-lace-up-boots/35957758/buy,AD Field Care Men Lace-up Boots Sizes: UK5 Rs. 1527 Rs. 3499 (56% OFF) VIEW SIMILAR wishlist Select a size UK5
Myntra,shoes,Shoetopia Girls Block Sandals,559.0,999.0,44.0,440.0,,None,False,No,False,https://www.myntra.com/heels/shoetopia/shoetopia-girls-block-sandals/33039671/buy,4 | 37 Shoetopia Girls Block Sandals Sizes: 13-14Y Rs. 559 Rs. 999 (44% OFF) VIEW SIMILAR wishlist Select a size 13-14Y
Myntra,shoes,bacca bucci Women Sneakers,1518.0,2999.0,49.0,1481.0,,None,False,No,False,https://www.myntra.com/casual-shoes/bacca+bucci/bacca-bucci-women-sneakers/41566798/buy,AD NEW bacca bucci Women Sneakers Sizes: UK4 Rs. 1518 Rs. 2999 (49% OFF) VIEW SIMILAR wishlist Select a size UK4
Myntra,shoes,toothless Kids Girls Rose Gold Flats,647.0,1799.0,64.0,1152.0,4.3,None,False,No,False,https://www.myntra.com/flats/toothless/toothless-girls-rose-gold-cushioned-sole-open-toe-comfortable-daily-wear-flat-sandals/31430946/buy,4.3 | 518 toothless Kids Girls Rose Gold Flats Sizes: 5.5-6Y Rs. 647 Rs. 1799 (64% OFF) VIEW SIMILAR wishlist Select a size 5.5-6Y
Myntra,shoes,ASICS Unisex Tiger Runner II Shoes,2799.0,6999.0,60.0,4200.0,4.6,Only Few Left,True,No,False,https://www.myntra.com/sports-shoes/asics/asics-unisex-tiger-runner-ii-shoes/32284259/buy,4.6 | 68 AD ASICS Unisex Tiger Runner II Shoes Sizes: UK7 Rs. 2799 Rs. 6999 (60% OFF) Only Few Left! VIEW SIMILAR wishlist Select a size UK7
Myntra,shoes,BAESD Girls Round Toe Ballerinas,466.0,649.0,28.0,183.0,4.4,Only Few Left,True,No,False,https://www.myntra.com/ballerinas/baesd/baesd-girls-round-toe-ballerinas/27025490/buy,4.4 | 40 BAESD Girls Round Toe Ballerinas Sizes: 4-4.5Y Rs. 466 Rs. 649 (28% OFF) Only Few Left! VIEW SIMILAR wishlist Select a size 4-4.5Y
Myntra,shoes,DUOSOFT Women Ballerinas,336.0,1799.0,81.0,1463.0,4.2,None,False,No,True,https://www.myntra.com/ballerinas/duosoft/duosoft-women-ballerinas/41294311/buy,4.2 | 16 NEW DUOSOFT Women Ballerinas Sizes: UK5 Rs. 336 Rs. 1799 (81% OFF) VIEW SIMILAR wishlist Select a size UK5
Myntra,shoes,BOLDFIT Men Running Shoes,999.0,2999.0,66.7,2000.0,4.1,None,False,No,False,https://www.myntra.com/sports-shoes/boldfit/boldfit-men-black-ignitr-running--walking-sports-shoes/31445189/buy,4.1 | 519 AD BOLDFIT Men Running Shoes Sizes: UK9 Rs. 999 Rs. 2999 (Rs. 2000 OFF) VIEW SIMILAR wishlist Select a size UK9
Myntra,shoes,Denill Women Open Toe Flats,274.0,2499.0,89.0,2225.0,4.2,Only Few Left,True,No,True,https://www.myntra.com/flats/denill/denill-women-printed-velvet-open-toe-flats-with-buckles/30655108/buy,4.2 | 8.7k Denill Women Open Toe Flats Sizes: UK4 Rs. 274 Rs. 2499 (89% OFF) Only Few Left! VIEW SIMILAR wishlist Select a size UK4
Myntra,shoes,Reebok Men Glide Low Sports Shoes,2799.0,6999.0,60.0,4200.0,,None,False,No,False,https://www.myntra.com/sports-shoes/reebok/reebok-men-glide-low-lace-up-sports-shoes/41288410/buy,AD NEW Reebok Men Glide Low Sports Shoes Sizes: UK7 Rs. 2799 Rs. 6999 (60% OFF) VIEW SIMILAR wishlist Select a size UK7
Myntra,shoes,max Casual Mojaris With Bows,539.0,599.0,10.0,60.0,4.5,None,False,No,False,https://www.myntra.com/flats/max/max-girls-solid-casual-mojaris-with-bows/35319546/buy,4.5 | 108 max Casual Mojaris With Bows Sizes: 3-3.5Y Rs. 539 Rs. 599 (10% OFF) VIEW SIMILAR wishlist Select a size 3-3.5Y
Myntra,shoes,JM Looks Comfortable Sole heels,879.0,1995.0,56.0,1116.0,4.4,None,False,No,False,https://www.myntra.com/heels/jm+looks/jm-looks-women-fashion-comfortable-sole-heels/33168621/buy,4.4 | 39 JM Looks Comfortable Sole heels Sizes: 12Y Rs. 879 Rs. 1995 (56% OFF) VIEW SIMILAR wishlist Select a size 12Y
Myntra,shoes,House of Pataudi Men Derbys Formal Shoes,1198.0,4999.0,76.0,3801.0,4.1,None,False,No,True,https://www.myntra.com/formal-shoes/house+of+pataudi/house-of-pataudi-men-round-toe-lace-ups-derbys-formal-shoes/41005170/buy,4.1 | 31 AD NEW House of Pataudi Men Derbys Formal Shoes Sizes: UK8 Rs. 1198 Rs. 4999 (76% OFF) VIEW SIMILAR wishlist Select a size UK8
Myntra,shoes,Decathlon Boys Football Sports Shoes,1799.0,2999.0,40.0,1200.0,,None,False,No,False,https://www.myntra.com/sports-shoes/decathlon/decathlon-kipsta---kids-neon-green-160-mg-traction-football-boots/39778396/buy,Decathlon Boys Football Sports Shoes Sizes: 5.5-6Y Rs. 1799 Rs. 2999 (40% OFF) VIEW SIMILAR wishlist Select a size 5.5-6Y
Myntra,shoes,Minesole Girls Textured PU Casual Shoes,485.0,1299.0,63.0,814.0,,Only Few Left,True,No,False,https://www.myntra.com/casual-shoes/minesole/minesole-girls-textured-pu-casual-shoes/42125000/buy,Minesole Girls Textured PU Casual Shoes Sizes: 6-9M Rs. 485 Rs. 1299 (63% OFF) Only Few Left! VIEW SIMILAR wishlist Select a size 6-9M
Myntra,shoes,House of Pataudi Men Leather Formal Oxfords,1224.0,3499.0,65.0,2275.0,4.4,None,False,No,False,https://www.myntra.com/formal-shoes/house+of+pataudi/house-of-pataudi-men-leather-formal-oxfords/24651578/buy,4.4 | 1.4k AD House of Pataudi Men Leather Formal Oxfords Sizes: UK7 Rs. 1224 Rs. 3499 (Rs. 2275 OFF) VIEW SIMILAR wishlist Select a size UK7
Myntra,shoes,toothless Kids Girls Butterfly Ballerina,755.0,1799.0,58.0,1044.0,4.3,None,False,No,False,https://www.myntra.com/ballerinas/toothless/toothless-girls-pink-butterfly-design-lightweight-durable-design-occasion-wear-ballerinas/31439321/buy,4.3 | 684 toothless Kids Girls Butterfly Ballerina Sizes: 9-10Y Rs. 755 Rs. 1799 (58% OFF) VIEW SIMILAR wishlist Select a size 9-10Y
Myntra,shoes,Lotto Men Impulso OG Sneakers,1393.0,3999.0,65.0,2606.0,4.3,None,False,No,False,https://www.myntra.com/casual-shoes/lotto/lotto-men-impulso-og-navy-blue-sneakers/36717205/buy,4.3 | 82 AD Lotto Men Impulso OG Sneakers Sizes: UK8 Rs. 1393 Rs. 3999 (65% OFF) VIEW SIMILAR wishlist Select a size UK8
Myntra,shoes,NEEMANS Men Sneakers,949.0,2099.0,55.0,1150.0,4.3,None,False,No,False,https://www.myntra.com/casual-shoes/neemans/neemans-men-colourblocked-sneakers/41358993/buy,4.3 | 1.8k AD NEEMANS Men Sneakers Sizes: UK10 Rs. 949 Rs. 2099 (55% OFF) VIEW SIMILAR wishlist Select a size UK10
Myntra,watches,French Connection Women Stainless Steel Watch,1890.0,6750.0,72.0,4860.0,4.4,None,False,No,True,https://www.myntra.com/watches/french+connection/french-connection-women-embellished-dial--stainless-steel-analogue-watch-fcn0118usm/31581921/buy,4.4 | 72 AD French Connection Women Stainless Steel Watch Sizes: Onesize Rs. 1890 Rs. 6750 (72% OFF) VIEW SIMILAR wishlist Select a size Onesize
Myntra,watches,French Connection Men Watch Gift Set,1946.0,6950.0,72.0,5004.0,4.1,None,False,No,True,https://www.myntra.com/watch-gift-set/french+connection/french-connection-men-analogue-watch-with-leather-bracelet/25759576/buy,4.1 | 103 AD French Connection Men Watch Gift Set Sizes: Onesize Rs. 1946 Rs. 6950 (72% OFF) VIEW SIMILAR wishlist Select a size Onesize
Myntra,watches,HMXT Men Leather Straps Watch,905.0,2199.0,59.0,1294.0,,None,False,No,False,https://www.myntra.com/watches/hmxt/hmxt-men-dial--leather-straps-analogue-watch-hmxt-168/33071642/buy,HMXT Men Leather Straps Watch Sizes: Onesize Rs. 905 Rs. 2199 (59% OFF) VIEW SIMILAR wishlist Select a size Onesize
Myntra,watches,CASIO Stainless Steel Straps Watch,26995.0,,,,3.5,None,False,Unknown,False,https://www.myntra.com/watches/casio/casio-g-shock-gm-110bd-1a9dr-black-analog-digital-dial-stainless-steel-band-g1688/35017948/buy,3.5 | 6 CASIO Stainless Steel Straps Watch Sizes: Onesize Rs. 26995 VIEW SIMILAR wishlist Select a size Onesize
Myntra,watches,French Connection Women Analog Watch,1870.0,5500.0,66.0,3630.0,4.3,Only Few Left,True,No,False,https://www.myntra.com/watches/french+connection/french-connection-women-dial--statement-bracelet-style-straps-analogue-watch-fcn0188nrtm/37995082/buy,4.3 | 12 AD French Connection Women Analog Watch Sizes: Onesize Rs. 1870 Rs. 5500 (66% OFF) Only Few Left! VIEW SIMILAR wishlist Select a size Onesize
Myntra,watches,Fossil Men Automatic Motion Watch,21995.0,,,,4.2,None,False,Unknown,False,https://www.myntra.com/watches/fossil/fossil-men-black-dial--grey-straps-analogue-automatic-motion-powered-watch-me3218/17161942/buy,4.2 | 31 Fossil Men Automatic Motion Watch Sizes: Onesize Rs. 21995 VIEW SIMILAR wishlist Select a size Onesize
Myntra,watches,SEIKO Men Analogue Automatic Watch,27000.0,30000.0,10.0,3000.0,,Only Few Left,True,No,False,https://www.myntra.com/watches/seiko/seiko-men-bracelet-style-straps-analogue-automatic-motion-powered-watch-srpd51k1/29370414/buy,SEIKO Men Analogue Automatic Watch Sizes: Onesize Rs. 27000 Rs. 30000 (10% OFF) Only Few Left! VIEW SIMILAR wishlist Select a size Onesize
Myntra,watches,GIORDANO Men Bracelet Analogue Watch,1999.0,5450.0,63.0,3451.0,4.6,None,False,No,False,https://www.myntra.com/watches/giordano/giordano-men-dial--bracelet-style-straps-analogue-watch-gz-50103-02-blue/31386088/buy,4.6 | 60 AD GIORDANO Men Bracelet Analogue Watch Sizes: Onesize Rs. 1999 Rs. 5450 (63% OFF) VIEW SIMILAR wishlist Select a size Onesize
Myntra,watches,SWADESI STUFF Men Analogue Watch,449.0,2995.0,85.0,2546.0,,None,False,No,True,https://www.myntra.com/watches/swadesi+stuff/swadesi-stuff-men-analogue-watch-sds-168-green-9/36197224/buy,SWADESI STUFF Men Analogue Watch Sizes: Onesize Rs. 449 Rs. 2995 (85% OFF) VIEW SIMILAR wishlist Select a size Onesize
Myntra,watches,CASIO Analogue and Digital Watch,21995.0,,,,4.2,None,False,Unknown,False,https://www.myntra.com/watches/casio/casio-g-shock-gm-110d-8adr-silver-analog-digital-dial-stainless-steel-band-g1687/35017936/buy,4.2 | 9 CASIO Analogue and Digital Watch Sizes: Onesize Rs. 21995 VIEW SIMILAR wishlist Select a size Onesize
Myntra,watches,French Connection Women Premium Watch,2142.0,5950.0,64.0,3808.0,4.7,Only Few Left,True,No,False,https://www.myntra.com/watches/french+connection/french-connection-women-embellished-dial--stainless-steel-bracelet-style-straps-analogue-watch-fcu13rgm/40204458/buy,4.7 | 6 AD French Connection Women Premium Watch Sizes: Onesize Rs. 2142 Rs. 5950 (64% OFF) Only Few Left! VIEW SIMILAR wishlist Select a size Onesize
Myntra,watches,SHRINATHJI GROUPS Men Leather Straps Watch,1169.0,5999.0,81.0,4830.0,,None,False,No,True,https://www.myntra.com/watches/shrinathji+groups/shrinathji-groups-men-dial--leather-straps-analogue-watch-lr05-lr59/42089843/buy,NEW SHRINATHJI GROUPS Men Leather Straps Watch Sizes: Onesize Rs. 1169 Rs. 5999 (81% OFF) VIEW SIMILAR wishlist Select a size Onesize
Myntra,watches,SWADESI STUFF Men Watch,449.0,2995.0,85.0,2546.0,,None,False,No,True,https://www.myntra.com/watches/swadesi+stuff/swadesi-stuff-men-dial--straps-analogue-watch-sds-168-red/36197058/buy,SWADESI STUFF Men Watch Sizes: Onesize Rs. 449 Rs. 2995 (85% OFF) VIEW SIMILAR wishlist Select a size Onesize
Myntra,watches,Daniel Hechter Men Octagon Dial Watch,1799.0,4950.0,64.0,3151.0,4.6,None,False,No,False,https://www.myntra.com/watches/daniel+hechter/daniel-hechter-paris-rivoli-collection-watch-with-octagon-dial--silicon-band/36801339/buy,4.6 | 21 AD Daniel Hechter Men Octagon Dial Watch Sizes: Onesize Rs. 1799 Rs. 4950 (64% OFF) VIEW SIMILAR wishlist Select a size Onesize
Myntra,watches,Timex Women Floral Analogue Watch,2660.0,3695.0,28.0,1035.0,4.6,Only Few Left,True,No,False,https://www.myntra.com/watches/timex/timex-women-floral-textured-dial-analogue-watch---twel107smu25/35898569/buy,4.6 | 22 Timex Women Floral Analogue Watch Sizes: Onesize Rs. 2660 Rs. 3695 (28% OFF) Only Few Left! VIEW SIMILAR wishlist Select a size Onesize
Myntra,watches,Timex Women Floral Analogue Watch,1782.0,3495.0,49.0,1713.0,4.5,Only Few Left,True,No,False,https://www.myntra.com/watches/timex/timex-women-floral-textured-dial-analogue-watch---twel107smu22/35898567/buy,4.5 | 8 Timex Women Floral Analogue Watch Sizes: Onesize Rs. 1782 Rs. 3495 (49% OFF) Only Few Left! VIEW SIMILAR wishlist Select a size Onesize
Myntra,watches,French Connection Stainless Steel Analogue Watch,1677.0,6450.0,74.0,4773.0,,None,False,No,True,https://www.myntra.com/watches/french+connection/french-connection-women-stainless-steel-analogue-watch-fcn0115urgm/31581919/buy,4 | 35 AD French Connection Stainless Steel Analogue Watch Sizes: Onesize Rs. 1677 Rs. 6450 (74% OFF) VIEW SIMILAR wishlist Select a size Onesize
Myntra,watches,Naviforce Men Stainless Steel Straps Chronograph Watch,3095.0,8155.0,62.0,5060.0,4.6,None,False,No,False,https://www.myntra.com/watches/naviforce/naviforce-men-embellished-dial--stainless-steel-straps-analogue-chronograph-watch-nf8066b-rg-b/32884271/buy,4.6 | 31 Naviforce Men Stainless Steel Straps Chronograph Watch Sizes: Onesize Rs. 3095 Rs. 8155 (62% OFF) VIEW SIMILAR wishlist Select a size Onesize
Myntra,watches,GIORDANO Women Watch Gift Set,3299.0,7250.0,54.0,3951.0,3.9,Only Few Left,True,No,False,https://www.myntra.com/watch-gift-set/giordano/giordano-analog-watch-with-for-women--cut-glass-square-dial-and-stainless-steel-strap/37137777/buy,3.9 | 14 AD GIORDANO Women Watch Gift Set Sizes: Onesize Rs. 3299 Rs. 7250 (54% OFF) Only Few Left! VIEW SIMILAR wishlist Select a size Onesize
Myntra,watches,DIESEL Men Stainless Steel Watch,32495.0,,,,,None,False,Unknown,False,https://www.myntra.com/watches/diesel/diesel-men-dial--stainless-steel-straps-analogue-watch-dz7487/32580957/buy,DIESEL Men Stainless Steel Watch Sizes: Onesize Rs. 32495 VIEW SIMILAR wishlist Select a size Onesize
Myntra,watches,GIORDANO Men Stainless Steel Straps Watch,1799.0,7450.0,76.0,5651.0,,None,False,No,True,https://www.myntra.com/watches/giordano/giordano-men-printed-dial--stainless-steel-wrap-around-straps-analogue-watch-gz-50115-22/32550535/buy,AD GIORDANO Men Stainless Steel Straps Watch Sizes: Onesize Rs. 1799 Rs. 7450 (76% OFF) VIEW SIMILAR wishlist Select a size Onesize
Myntra,watches,DIESEL Men Chronograph Watch,32495.0,,,,,Only Few Left,True,Unknown,False,https://www.myntra.com/watches/diesel/diesel-men-mr-daddy-slim-analogue-chronograph-watch-dz7487i/33198303/buy,DIESEL Men Chronograph Watch Sizes: Onesize Rs. 32495 Only Few Left! VIEW SIMILAR wishlist Select a size Onesize
Myntra,watches,D'SIGNER Men Stainless Steel Watch,11996.0,14995.0,20.0,2999.0,,Only Few Left,True,No,False,https://www.myntra.com/watches/d%27signer/dsigner-men-stainless-steel-bracelet-style-analogue-multi-function-watch-916sbtm2g/37160827/buy,D'SIGNER Men Stainless Steel Watch Sizes: Onesize Rs. 11996 Rs. 14995 (20% OFF) Only Few Left! VIEW SIMILAR wishlist Select a size Onesize
Myntra,watches,French Connection Men Leather Straps Watch,2205.0,5250.0,58.0,3045.0,4.1,Only Few Left,True,No,False,https://www.myntra.com/watches/french+connection/french-connection-men-embellished-dial--leather-analogue-watch-fcn0148ul/33743938/buy,4.1 | 29 AD French Connection Men Leather Straps Watch Sizes: Onesize Rs. 2205 Rs. 5250 (58% OFF) Only Few Left! VIEW SIMILAR wishlist Select a size Onesize
Myntra,watches,Invicta Men Analogue Watch,8820.0,24000.0,63.0,15180.0,,Only Few Left,True,No,False,https://www.myntra.com/watches/invicta/invicta-racing-men-dial--straps-analogue-watch-48872-/34845713/buy,Invicta Men Analogue Watch Sizes: Onesize Rs. 8820 Rs. 24000 (63% OFF) Only Few Left! VIEW SIMILAR wishlist Select a size Onesize
Myntra,watches,Naviforce Men Stainless Steel Straps Chronograph Watch,3532.0,8155.0,57.0,4623.0,4.6,None,False,No,False,https://www.myntra.com/watches/naviforce/naviforce-men-patterned-dial--stainless-steel-straps-analogue-chronograph-watch-nf8066b-gn-b/32884267/buy,4.6 | 23 Naviforce Men Stainless Steel Straps Chronograph Watch Sizes: Onesize Rs. 3532 Rs. 8155 (57% OFF) VIEW SIMILAR wishlist Select a size Onesize
Myntra,watches,French Connection Men Leather Straps Watch,1199.0,5450.0,78.0,4251.0,4.3,None,False,No,True,https://www.myntra.com/watches/french+connection/french-connection-men-dial--leather-wrap-around-straps-analogue-watch-fcn0148nl/33743944/buy,4.3 | 45 AD French Connection Men Leather Straps Watch Sizes: Onesize Rs. 1199 Rs. 5450 (78% OFF) VIEW SIMILAR wishlist Select a size Onesize
Myntra,watches,Naviforce Men Stainless Steel Straps Chronograph Watch,3496.0,8155.0,57.0,4659.0,4.4,None,False,No,False,https://www.myntra.com/watches/naviforce/naviforce-men-embellished-dial--stainless-steel-straps-analogue-chronograph-watch-nf8066b-b-b/32884270/buy,4.4 | 19 Naviforce Men Stainless Steel Straps Chronograph Watch Sizes: Onesize Rs. 3496 Rs. 8155 (57% OFF) VIEW SIMILAR wishlist Select a size Onesize
Myntra,watches,SWADESI STUFF Bracelet Style Analogue Watch,449.0,2995.0,85.0,2546.0,,None,False,No,True,https://www.myntra.com/watches/swadesi+stuff/swadesi-stuff-men-round-dial--bracelet-style-straps-analogue-watch-sds-168-black-9/36197232/buy,SWADESI STUFF Bracelet Style Analogue Watch Sizes: Onesize Rs. 449 Rs. 2995 (85% OFF) VIEW SIMILAR wishlist Select a size Onesize
Myntra,watches,Daniel Hechter Paris watch,1999.0,4950.0,60.0,2951.0,,None,False,No,False,https://www.myntra.com/watches/daniel+hechter/daniel-hechter-men-dial--straps-analogue-date-aperture-watch-dhm1003-08/39442786/buy,4 | 6 AD Daniel Hechter Paris watch Sizes: Onesize Rs. 1999 Rs. 4950 (60% OFF) VIEW SIMILAR wishlist Select a size Onesize
Myntra,watches,SHRINATHJI GROUPS Men Watch,1169.0,5999.0,81.0,4830.0,,None,False,No,True,https://www.myntra.com/watches/shrinathji+groups/shrinathji-groups-men-dial--straps-analogue-watch-lr17-lr125/42092007/buy,NEW SHRINATHJI GROUPS Men Watch Sizes: Onesize Rs. 1169 Rs. 5999 (81% OFF) VIEW SIMILAR wishlist Select a size Onesize
Myntra,watches,Daniel Hechter Daniel hechter analoge watch,1999.0,4450.0,55.0,2451.0,,None,False,No,False,https://www.myntra.com/watches/daniel+hechter/daniel-hechter-men-patterned-dial--straps-analogue-date-aperture-watch-dhm1008-02x/42693613/buy,AD Daniel Hechter Daniel hechter analoge watch Sizes: Onesize Rs. 1999 Rs. 4450 (55% OFF) VIEW SIMILAR wishlist Select a size Onesize
Myntra,watches,SWADESI STUFF Men Dial & Straps Watch,449.0,2995.0,85.0,2546.0,4.5,None,False,No,True,https://www.myntra.com/watches/swadesi+stuff/swadesi-stuff-men-dial--straps-analogue-watch-sds-168-blue/36197063/buy,4.5 | 15 SWADESI STUFF Men Dial & Straps Watch Sizes: Onesize Rs. 449 Rs. 2995 (85% OFF) VIEW SIMILAR wishlist Select a size Onesize
Myntra,watches,D'SIGNER Men Multi Function Watch,11996.0,14995.0,20.0,2999.0,,Only Few Left,True,No,False,https://www.myntra.com/watches/d%27signer/dsigner-men-stainless-steel-bracelet-style-straps-analogue-multi-function-watch-916blm5g/37160832/buy,D'SIGNER Men Multi Function Watch Sizes: Onesize Rs. 11996 Rs. 14995 (20% OFF) Only Few Left! VIEW SIMILAR wishlist Select a size Onesize
Myntra,watches,French Connection Women Premium Watch,1995.0,5250.0,62.0,3255.0,,Only Few Left,True,No,False,https://www.myntra.com/watches/french+connection/french-connection-women-dial--leather-straps-analogue-watch-fcu13grl/40204448/buy,AD French Connection Women Premium Watch Sizes: Onesize Rs. 1995 Rs. 5250 (62% OFF) Only Few Left! VIEW SIMILAR wishlist Select a size Onesize
Myntra,watches,GIORDANO Women Analogue Watch,1999.0,7390.0,73.0,5391.0,4.1,None,False,No,True,https://www.myntra.com/watches/giordano/giordano-eleganza-collection-women-round-diamond-set-with-metal-strap-analog-watch/30137431/buy,4.1 | 21 AD GIORDANO Women Analogue Watch Sizes: Onesize Rs. 1999 Rs. 7390 (73% OFF) VIEW SIMILAR wishlist Select a size Onesize
Myntra,watches,D'SIGNER Bracelet Style Analogue Watch,11996.0,14995.0,20.0,2999.0,,None,False,No,False,https://www.myntra.com/watches/d%27signer/dsigner-men-stainless-steel-bracelet-style-straps-analogue-multi-function-watch-916bm3g/37160829/buy,D'SIGNER Bracelet Style Analogue Watch Sizes: Onesize Rs. 11996 Rs. 14995 (20% OFF) VIEW SIMILAR wishlist Select a size Onesize
Myntra,watches,SHRINATHJI GROUPS Men Date Aperture Watch,1169.0,5999.0,81.0,4830.0,,None,False,No,True,https://www.myntra.com/watches/shrinathji+groups/shrinathji-groups-men-printed-dial--straps-analogue-date-aperture-watch-lr07-lr142/42091488/buy,NEW SHRINATHJI GROUPS Men Date Aperture Watch Sizes: Onesize Rs. 1169 Rs. 5999 (81% OFF) VIEW SIMILAR wishlist Select a size Onesize
Myntra,watches,SANSIMAYO Men Quartz Analogue Watch,6680.0,,,,,None,False,Unknown,False,https://www.myntra.com/watches/sansimayo/sansimayo-uicto-men-quartz-analogue-watch-sm-m-168-br-g-g/36616168/buy,SANSIMAYO Men Quartz Analogue Watch Sizes: Onesize Rs. 6680 VIEW SIMILAR wishlist Select a size Onesize
Myntra,watches,LONDON FOG London Fog Oxford Watch,1449.0,2990.0,52.0,1541.0,,None,False,No,False,https://www.myntra.com/watches/london+fog/london-fog-men-dial--stainless-steel-bracelet-style-straps-analogue-watch-lfm10008-22/40327494/buy,AD LONDON FOG London Fog Oxford Watch Sizes: Onesize Rs. 1449 Rs. 2990 (52% OFF) VIEW SIMILAR wishlist Select a size Onesize
Myntra,watches,SANSIMAYO Men Watch,6680.0,,,,,None,False,Unknown,False,https://www.myntra.com/watches/sansimayo/sansimayo-uicto-men-dial--bracelet-style-straps-analogue-watch-sm-m-168-b-g-b/36616166/buy,SANSIMAYO Men Watch Sizes: Onesize Rs. 6680 VIEW SIMILAR wishlist Select a size Onesize
Myntra,watches,SWADESI STUFF Men Patterned Dial Watch,449.0,2995.0,85.0,2546.0,,None,False,No,True,https://www.myntra.com/watches/swadesi+stuff/swadesi-stuff-men-patterned-dial--bracelet-style-straps-analogue-watch-sds-168-red-9/36197233/buy,SWADESI STUFF Men Patterned Dial Watch Sizes: Onesize Rs. 449 Rs. 2995 (85% OFF) VIEW SIMILAR wishlist Select a size Onesize
Myntra,watches,Daniel Hechter Men Watch,2199.0,4899.0,55.0,2700.0,4.2,None,False,No,False,https://www.myntra.com/watches/daniel+hechter/daniel-hechter-men-bracelet-style-straps-analogue-watch-dhm1021-01/36689156/buy,4.2 | 16 AD Daniel Hechter Men Watch Sizes: Onesize Rs. 2199 Rs. 4899 (55% OFF) VIEW SIMILAR wishlist Select a size Onesize
Myntra,watches,French Connection Men Reset Time Watch,1155.0,5250.0,78.0,4095.0,4.3,None,False,No,True,https://www.myntra.com/watches/french+connection/french-connection-men-dial--around-straps-reset-time-analogue-watch-fcn0148brl/33743941/buy,4.3 | 57 AD French Connection Men Reset Time Watch Sizes: Onesize Rs. 1155 Rs. 5250 (78% OFF) VIEW SIMILAR wishlist Select a size Onesize
Myntra,watches,French Connection Women Analogue Watch,1812.0,7250.0,75.0,5438.0,4.3,None,False,No,True,https://www.myntra.com/watches/french+connection/french-connection-women-embellished-dial-analogue-watch-fcn054c/25825864/buy,4.3 | 339 AD French Connection Women Analogue Watch Sizes: Onesize Rs. 1812 Rs. 7250 (75% OFF) VIEW SIMILAR wishlist Select a size Onesize
Myntra,watches,LONDON FOG London Fog Oxford Watch,1899.0,3990.0,52.0,2091.0,4.8,None,False,No,False,https://www.myntra.com/watches/london+fog/london-fog-men-embellished-dial--straps-analogue-chronograph-watch-lfm10003-02/40327470/buy,4.8 | 5 AD LONDON FOG London Fog Oxford Watch Sizes: Onesize Rs. 1899 Rs. 3990 (52% OFF) VIEW SIMILAR wishlist Select a size Onesize
Myntra,watches,French Connection Women Straps Watch,1741.0,6450.0,73.0,4709.0,3.9,Only Few Left,True,No,True,https://www.myntra.com/watches/french+connection/french-connection-women-embellished-dial--bracelet-style-straps-analogue-watch-fcn0117sm-u/31581915/buy,3.9 | 16 AD French Connection Women Straps Watch Sizes: Onesize Rs. 1741 Rs. 6450 (73% OFF) Only Few Left! VIEW SIMILAR wishlist Select a size Onesize
Myntra,watches,French Connection Men Analogue  Watch,2086.0,7450.0,72.0,5364.0,4.4,None,False,No,True,https://www.myntra.com/watches/french+connection/french-connection-men-stainless-steel-straps-analogue-watch-fcw08gm/26467308/buy,4.4 | 17 AD French Connection Men Analogue  Watch Sizes: Onesize Rs. 2086 Rs. 7450 (72% OFF) VIEW SIMILAR wishlist Select a size Onesize
Myntra,watches,French Connection Men Analog Watch Gift Set,2465.0,7250.0,66.0,4785.0,4.3,None,False,No,False,https://www.myntra.com/watch-gift-set/french+connection/french-connection-men-analog-watch-with-bracelet-gift-set-fcw01gm/25670850/buy,4.3 | 123 AD French Connection Men Analog Watch Gift Set Sizes: Onesize Rs. 2465 Rs. 7250 (66% OFF) VIEW SIMILAR wishlist Select a size Onesize
Myntra,watches,SALTY Square Dial Analogue Watch,1395.0,3098.0,55.0,1703.0,,Only Few Left,True,No,False,https://www.myntra.com/watches/salty/salty-women-square-dial-analogue-watch-wt-s-0006-s-bu/36018735/buy,AD SALTY Square Dial Analogue Watch Sizes: Onesize Rs. 1395 Rs. 3098 (55% OFF) Only Few Left! VIEW SIMILAR wishlist Select a size Onesize
Myntra,bags,ZOUK Women Structured Tote Bag,1695.0,5465.0,69.0,3770.0,4.6,None,False,No,False,https://www.myntra.com/handbags/zouk/zouk--women-printed-structured-tote-bag/30944250/buy,4.6 | 4.7k AD ZOUK Women Structured Tote Bag Sizes: Onesize Rs. 1695 Rs. 5465 (69% OFF) VIEW SIMILAR wishlist Select a size Onesize
Myntra,bags,Exotic Women Textured Shoulder Bag,1709.0,5999.0,72.0,4290.0,4.2,None,False,No,True,https://www.myntra.com/handbags/exotic/exotic-women-textured-structured-shoulder-bag/36079985/buy,4.2 | 82 AD Exotic Women Textured Shoulder Bag Sizes: L Rs. 1709 Rs. 5999 (72% OFF) VIEW SIMILAR wishlist Select a size L
Myntra,bags,WROGN Unisex Duffle Bag 40 L,958.0,3999.0,76.0,3041.0,4.5,None,False,No,True,https://www.myntra.com/duffel-bag/wrogn/wrogn-large-sports-or-gym-duffel-bag-40-l/34177555/buy,4.5 | 64 WROGN Unisex Duffle Bag 40 L Sizes: Onesize Rs. 958 Rs. 3999 (76% OFF) VIEW SIMILAR wishlist Select a size Onesize
Myntra,bags,Mast & Harbour Unisex Textured Laptop Bag,699.0,2499.0,72.0,1800.0,,None,False,No,True,https://www.myntra.com/laptop-bag/mast+%26+harbour/mast--harbour-unisex-textured-laptop-bag/39416959/buy,"4 | 7 Mast & Harbour Unisex Textured Laptop Bag Sizes: Upto 14"" Rs. 699 Rs. 2499 (Rs. 1800 OFF) VIEW SIMILAR wishlist Select a size Upto 14"""
Myntra,bags,Safari Zuno Suitcase,1549.0,9899.0,84.4,8350.0,4.3,None,False,No,True,https://www.myntra.com/trolley-bag/safari/safari-zuno-champagne-hard-sided-8-wheel-cabin-trolley-bag-suitcase/41463731/buy,4.3 | 925 AD Safari Zuno Suitcase Sizes: S Rs. 1549 Rs. 9899 (Rs. 8350 OFF) VIEW SIMILAR wishlist Select a size S
Myntra,bags,Jack & Jones Shopper Sling Bag,699.0,999.0,30.0,300.0,4.3,None,False,No,False,https://www.myntra.com/handbags/jack+%26+jones/jack--jones-printed-shopper-sling-bag/30737856/buy,4.3 | 816 Jack & Jones Shopper Sling Bag Sizes: Onesize Rs. 699 Rs. 999 (30% OFF) VIEW SIMILAR wishlist Select a size Onesize
Myntra,bags,WROGN Unisex Backpack with USB Port 23L,524.0,3499.0,85.0,2975.0,4.3,None,False,No,True,https://www.myntra.com/backpacks/wrogn/wrogn-unisex-backpack-with-usb-charging-port-23l/23849642/buy,4.3 | 9.7k WROGN Unisex Backpack with USB Port 23L Sizes: 40 L Rs. 524 Rs. 3499 (85% OFF) VIEW SIMILAR wishlist Select a size 40 L
Myntra,bags,ZOUK Structured Handheld Bag,1515.0,5249.0,71.0,3734.0,4.6,None,False,No,True,https://www.myntra.com/handbags/zouk/zouk-floral-structured-handheld-bag/24921374/buy,4.6 | 3.7k AD ZOUK Structured Handheld Bag Sizes: Onesize Rs. 1515 Rs. 5249 (71% OFF) VIEW SIMILAR wishlist Select a size Onesize
Myntra,bags,Marks & Spencer Women Leather Foldover Clutch,1249.0,2499.0,50.0,1250.0,4.4,None,False,No,False,https://www.myntra.com/clutches/marks+%26+spencer/marks--spencer-small-leather-foldover-purse/32185572/buy,4.4 | 11 Marks & Spencer Women Leather Foldover Clutch Sizes: Onesize Rs. 1249 Rs. 2499 (50% OFF) VIEW SIMILAR wishlist Select a size Onesize
Myntra,bags,WROGN X fwd Unisex Backpacks 45 L,719.0,3599.0,80.0,2880.0,4.5,Only Few Left,True,No,True,https://www.myntra.com/backpacks/wrogn+x+fwd/wrogn-x-fwd-unisex-ergonomic-shoulder-strap-backpack-up-to-18-inch-45-l/28966610/buy,4.5 | 1.6k WROGN X fwd Unisex Backpacks 45 L Sizes: Onesize Rs. 719 Rs. 3599 (Rs. 2880 OFF) Only Few Left! VIEW SIMILAR wishlist Select a size Onesize
Myntra,bags,ZOUK Printed Leather Shoulder Bag,1499.0,4863.0,69.2,3364.0,4.6,None,False,No,False,https://www.myntra.com/handbags/zouk/zouk-women-handicraft-fabric--vegan-leather-shoulder-tote-bag/12643220/buy,4.6 | 17.5k AD ZOUK Printed Leather Shoulder Bag Sizes: Onesize Rs. 1499 Rs. 4863 (Rs. 3364 OFF) VIEW SIMILAR wishlist Select a size Onesize
Myntra,bags,MomsyStore Women Leather Backpacks,999.0,2799.0,64.0,1800.0,,None,False,No,False,https://www.myntra.com/backpacks/momsystore/momsystore-women-graphic-backpack/41919451/buy,MomsyStore Women Leather Backpacks Sizes: Onesize Rs. 999 Rs. 2799 (64% OFF) VIEW SIMILAR wishlist Select a size Onesize
Myntra,bags,Gulaab Jaipur Cotton Quilted Tote Bag,1099.0,2399.0,54.0,1300.0,4.2,None,False,No,False,https://www.myntra.com/handbags/gulaab+jaipur/gulaab-jaipur-animal-printed-cotton-quilted-tote-bag/34361096/buy,4.2 | 6 Gulaab Jaipur Cotton Quilted Tote Bag Sizes: Onesize Rs. 1099 Rs. 2399 (54% OFF) VIEW SIMILAR wishlist Select a size Onesize
Myntra,bags,Safari Zuno Suitcase,1999.0,11999.0,83.3,10000.0,4.3,None,False,No,True,https://www.myntra.com/trolley-bag/safari/safari-zuno-champagne-hard-sided-8-wheel-medium-trolley-bag-suitcase/41463732/buy,4.3 | 1.6k AD Safari Zuno Suitcase Sizes: M Rs. 1999 Rs. 11999 (Rs. 10000 OFF) VIEW SIMILAR wishlist Select a size M
Myntra,bags,Levis Sling Bag,1516.0,3369.0,55.0,1853.0,,None,False,No,False,https://www.myntra.com/handbags/levis/levis-unisex-black-solid-crossbody-bag/37531852/buy,Levis Sling Bag Sizes: Onesize Rs. 1516 Rs. 3369 (55% OFF) VIEW SIMILAR wishlist Select a size Onesize
Myntra,bags,Allen Solly Herringbone Printed Backpack,1443.0,3799.0,62.0,2356.0,4.6,Only Few Left,True,No,False,https://www.myntra.com/backpacks/allen+solly/allen-solly-women-herringbone-printed-backpack/30918883/buy,4.6 | 146 Allen Solly Herringbone Printed Backpack Sizes: Onesize Rs. 1443 Rs. 3799 (62% OFF) Only Few Left! VIEW SIMILAR wishlist Select a size Onesize
Myntra,bags,Wildcraft Women Graphic Backpack,397.0,1599.0,75.2,1202.0,4.4,None,False,No,True,https://www.myntra.com/backpacks/wildcraft/wildcraft-women-blue-graphic-backpack/10293735/buy,4.4 | 54.9k AD Wildcraft Women Graphic Backpack Sizes: Onesize Rs. 397 Rs. 1599 (Rs. 1202 OFF) VIEW SIMILAR wishlist Select a size Onesize
Myntra,bags,SWISS HORN Men Chest Backpack,599.0,1999.0,70.0,1400.0,4.4,None,False,No,True,https://www.myntra.com/handbags/swiss+horn/swiss-horn-men-antitheft-waterproof-chest-backpack/35277390/buy,4.4 | 257 SWISS HORN Men Chest Backpack Sizes: Onesize Rs. 599 Rs. 1999 (70% OFF) VIEW SIMILAR wishlist Select a size Onesize
Myntra,bags,SPOTIC Men Textured Sling Bag,497.0,2499.0,80.0,2002.0,4.3,None,False,No,True,https://www.myntra.com/handbags/spotic/spotic-men-textured-crossbody-sling-bag/31818228/buy,4.3 | 106 SPOTIC Men Textured Sling Bag Sizes: S Rs. 497 Rs. 2499 (80% OFF) VIEW SIMILAR wishlist Select a size S
Myntra,bags,DailyObjects Beige Pedal Daypack,1349.0,2499.0,46.0,1150.0,4.5,None,False,No,False,https://www.myntra.com/backpacks/dailyobjects/dailyobjects-beige-pedal-daypack/26292760/buy,4.5 | 1.2k AD DailyObjects Beige Pedal Daypack Sizes: Onesize Rs. 1349 Rs. 2499 (46% OFF) VIEW SIMILAR wishlist Select a size Onesize
Myntra,bags,PROGONE ENTERPRISE Men Solid Crossbody Backpack,561.0,2500.0,78.0,1939.0,4.2,None,False,No,True,https://www.myntra.com/backpacks/progone+enterprise/progone-enterprise-men-solid-crossbody-compact-travel-backpack/36786056/buy,4.2 | 499 PROGONE ENTERPRISE Men Solid Crossbody Backpack Sizes: Onesize Rs. 561 Rs. 2500 (78% OFF) VIEW SIMILAR wishlist Select a size Onesize
Myntra,bags,Spinsell Women Leather Backpacks,999.0,1999.0,50.0,1000.0,,None,False,No,False,https://www.myntra.com/backpacks/spinsell/spinsell-women-graphic-backpack/41920832/buy,Spinsell Women Leather Backpacks Sizes: Onesize Rs. 999 Rs. 1999 (50% OFF) VIEW SIMILAR wishlist Select a size Onesize
Myntra,bags,IRTH by House of Titan Reese Cherry Red Sling Bag,1747.0,3495.0,50.0,1748.0,4.9,None,False,No,False,https://www.myntra.com/handbags/irth+by+house+of+titan/irth-by-house-of-titan-reese-cherry-red-sling-bag/39233961/buy,4.9 | 24 AD IRTH by House of Titan Reese Cherry Red Sling Bag Sizes: S Rs. 1747 Rs. 3495 (50% OFF) VIEW SIMILAR wishlist Select a size S
Myntra,bags,Jack & Jones Structured Sling Bag,999.0,,,,4.3,Only Few Left,True,Unknown,False,https://www.myntra.com/handbags/jack+%26+jones/jack--jones-printed-structured-sling-bag/30737860/buy,4.3 | 816 Jack & Jones Structured Sling Bag Sizes: Onesize Rs. 999 Only Few Left! VIEW SIMILAR wishlist Select a size Onesize
Myntra,bags,Caprese Structured Satchel & Quilted,699.0,3499.0,80.0,2800.0,4.5,Only Few Left,True,No,True,https://www.myntra.com/handbags/caprese/caprese-structured-satchel-with-quilted/36734660/buy,4.5 | 76 AD Caprese Structured Satchel & Quilted Sizes: M Rs. 699 Rs. 3499 (80% OFF) Only Few Left! VIEW SIMILAR wishlist Select a size M
Myntra,bags,UnfoldSelf Sling Clutch,749.0,3999.0,81.0,3250.0,,Only Few Left,True,No,True,https://www.myntra.com/clutches/unfoldself/unfoldself-mini-pearls-kundan-clutch/42546126/buy,UnfoldSelf Sling Clutch Sizes: Onesize Rs. 749 Rs. 3999 (81% OFF) Only Few Left! VIEW SIMILAR wishlist Select a size Onesize
Myntra,bags,Safari Hard-Sided Medium Trolley Bag,2149.0,11999.0,82.0,9850.0,4.2,None,False,No,True,https://www.myntra.com/trolley-bag/safari/safari-luma-neo-printed-hard-sided-medium-trolley-bag/36105030/buy,4.2 | 182 Safari Hard-Sided Medium Trolley Bag Sizes: M Rs. 2149 Rs. 11999 (82% OFF) VIEW SIMILAR wishlist Select a size M
Myntra,bags,Exotic Structured Handheld Bag,1099.0,2299.0,52.0,1200.0,4.7,None,False,No,False,https://www.myntra.com/handbags/exotic/exotic-printed-structured-handheld-bag/41897745/buy,4.7 | 10 AD Exotic Structured Handheld Bag Sizes: S/M Rs. 1099 Rs. 2299 (52% OFF) VIEW SIMILAR wishlist Select a size S/M
Myntra,bags,Alt by Zouk Leather Bucket Handheld Bag,1214.0,3356.0,64.0,2142.0,4.5,None,False,No,False,https://www.myntra.com/handbags/alt+by+zouk/alt-by-zouk--kashmir-blooms-floral-printed-leather-bucket-handheld-bag/34008214/buy,4.5 | 299 Alt by Zouk Leather Bucket Handheld Bag Sizes: Onesize Rs. 1214 Rs. 3356 (64% OFF) VIEW SIMILAR wishlist Select a size Onesize
Myntra,bags,Alt by Zouk Floral Leather Handheld Bag,1214.0,3356.0,64.0,2142.0,4.5,None,False,No,False,https://www.myntra.com/handbags/alt+by+zouk/alt-by-zouk--floral-printed-leather-half-moon-handheld-bag/34008218/buy,4.5 | 304 Alt by Zouk Floral Leather Handheld Bag Sizes: Onesize Rs. 1214 Rs. 3356 (64% OFF) VIEW SIMILAR wishlist Select a size Onesize
Myntra,bags,Safari Set Of 2 Trolley Suitcase,3749.0,19898.0,81.2,16149.0,4.4,None,False,No,True,https://www.myntra.com/trolley-bag/safari/safari-accent-green-set-of-2-hard-side-8-wheel-cabin--medium-trolley-bag-suitcase/30096882/buy,4.4 | 1.9k AD Safari Set Of 2 Trolley Suitcase Sizes: Pack Rs. 3749 Rs. 19898 (Rs. 16149 OFF) VIEW SIMILAR wishlist Select a size Pack
Myntra,bags,uppercase Flux Sling Bag for Men & Women,1199.0,1500.0,20.0,301.0,,None,False,No,False,https://www.myntra.com/handbags/uppercase/uppercase-sling-bag/42076396/buy,NEW uppercase Flux Sling Bag for Men & Women Sizes: Onesize Rs. 1199 Rs. 1500 (20% OFF) VIEW SIMILAR wishlist Select a size Onesize
Myntra,bags,FOR THE BEAUTIFUL YOU Embroidered Box Clutch,1080.0,2499.0,57.0,1419.0,4.5,None,False,No,False,https://www.myntra.com/clutches/for+the+beautiful+you/for-the-beautiful-you-embroidered-box-clutch/36979256/buy,4.5 | 337 FOR THE BEAUTIFUL YOU Embroidered Box Clutch Sizes: Onesize Rs. 1080 Rs. 2499 (57% OFF) VIEW SIMILAR wishlist Select a size Onesize
Myntra,bags,Metro PU Structured Handheld Bag with Tasselled,996.0,2490.0,60.0,1494.0,4.6,None,False,No,False,https://www.myntra.com/handbags/metro/metro-green-pu-structured-handheld-bag-with-tasselled/18784474/buy,4.6 | 1.9k AD Metro PU Structured Handheld Bag with Tasselled Sizes: Onesize Rs. 996 Rs. 2490 (60% OFF) VIEW SIMILAR wishlist Select a size Onesize
Myntra,bags,DailyObjects Shopper Shoulder Bag with Quilted,1699.0,2299.0,26.0,600.0,4.6,None,False,No,False,https://www.myntra.com/handbags/dailyobjects/dailyobjects-ivory-march-crossbody-bag-large/30075258/buy,4.6 | 328 DailyObjects Shopper Shoulder Bag with Quilted Sizes: M Rs. 1699 Rs. 2299 (26% OFF) VIEW SIMILAR wishlist Select a size M
Myntra,bags,HAYSCH PU Shoulder Bag,999.0,,,,,None,False,Unknown,False,https://www.myntra.com/handbags/haysch/haysch-printed-pu-shoulder-bag/39200009/buy,HAYSCH PU Shoulder Bag Sizes: Onesize Rs. 999 VIEW SIMILAR wishlist Select a size Onesize
Myntra,bags,ZOUK Women Vegan Leather Backpack,1259.0,6998.0,82.0,5739.0,4.6,None,False,No,True,https://www.myntra.com/backpacks/zouk/zouk--women-ethnic-printed-vegan-leather-backpack-with-compression-straps-up-to-16-inch/26630110/buy,4.6 | 3.5k AD ZOUK Women Vegan Leather Backpack Sizes: Onesize Rs. 1259 Rs. 6998 (82% OFF) VIEW SIMILAR wishlist Select a size Onesize
Myntra,bags,Puma Academy Portable Bag,649.0,1299.0,50.0,650.0,3.9,None,False,No,False,https://www.myntra.com/handbags/puma/puma-academy-portable-bag/35360811/buy,3.9 | 305 Puma Academy Portable Bag Sizes: Onesize Rs. 649 Rs. 1299 (50% OFF) VIEW SIMILAR wishlist Select a size Onesize
Myntra,bags,Puma Phase Kids' Small Backpack,809.0,1799.0,55.0,990.0,3.9,None,False,No,False,https://www.myntra.com/backpacks/puma/puma-phase-kids-lightweight-small-backpack/38043973/buy,3.9 | 299 Puma Phase Kids' Small Backpack Sizes: Onesize Rs. 809 Rs. 1799 (55% OFF) VIEW SIMILAR wishlist Select a size Onesize
Myntra,bags,Exotic Structured Shoulder Bag,1623.0,3999.0,59.0,2376.0,,None,False,No,False,https://www.myntra.com/handbags/exotic/exotic-sling-bag/41486129/buy,AD NEW Exotic Structured Shoulder Bag Sizes: S/M Rs. 1623 Rs. 3999 (59% OFF) VIEW SIMILAR wishlist Select a size S/M
Myntra,bags,Wildcraft Unisex My Style 2 Backpack,436.0,1499.0,70.9,1063.0,4.3,None,False,No,True,https://www.myntra.com/backpacks/wildcraft/wildcraft-unisex-black-my-style-2-backpack/14480070/buy,4.3 | 12.2k Wildcraft Unisex My Style 2 Backpack Sizes: Onesize Rs. 436 Rs. 1499 (Rs. 1063 OFF) VIEW SIMILAR wishlist Select a size Onesize
Myntra,bags,MomsyStore Women PU Backpacks,999.0,2199.0,55.0,1200.0,,None,False,No,False,https://www.myntra.com/backpacks/momsystore/momsystore-women-graphic-backpack/41918950/buy,MomsyStore Women PU Backpacks Sizes: Onesize Rs. 999 Rs. 2199 (55% OFF) VIEW SIMILAR wishlist Select a size Onesize
Myntra,bags,Assembly Hard Cabin-Sized Trolley Bag,3399.0,6249.0,46.0,2850.0,4.5,None,False,No,False,https://www.myntra.com/trolley-bag/assembly/assembly-textured-360-degree-rotation-hard-cabin-sized-trolley-bag-40l/20702948/buy,4.5 | 270 AD Assembly Hard Cabin-Sized Trolley Bag Sizes: S Rs. 3399 Rs. 6249 (46% OFF) VIEW SIMILAR wishlist Select a size S
Myntra,bags,Police PU Sling Bag,1499.0,2999.0,50.0,1500.0,4.4,None,False,No,False,https://www.myntra.com/handbags/police/police-textured-pu-sling-bag/42349735/buy,4.4 | 7 Police PU Sling Bag Sizes: Onesize Rs. 1499 Rs. 2999 (50% OFF) VIEW SIMILAR wishlist Select a size Onesize
Myntra,bags,MuscleBlaze Large Sports or Gym Duffel Bag,999.0,1649.0,39.0,650.0,4.6,None,False,No,False,https://www.myntra.com/duffel-bag/muscleblaze/muscleblaze-large-sports-or-gym-duffel-bag/28551402/buy,4.6 | 630 MuscleBlaze Large Sports or Gym Duffel Bag Sizes: Onesize Rs. 999 Rs. 1649 (39% OFF) VIEW SIMILAR wishlist Select a size Onesize
Myntra,bags,AMERICAN TOURISTER Hard Medium Trolley Suitcase,3099.0,8780.0,64.7,5681.0,4.5,None,False,No,False,https://www.myntra.com/trolley-bag/american+tourister/american-tourister-charcoal-grey-solid-hard-barcelona-medium-trolley-suitcase---69-cm/12299168/buy,4.5 | 692 AD AMERICAN TOURISTER Hard Medium Trolley Suitcase Sizes: M Rs. 3099 Rs. 8780 (Rs. 5681 OFF) VIEW SIMILAR wishlist Select a size M
Myntra,bags,Mochi Unisex Textured Laptop Bag,1194.0,1990.0,40.0,796.0,4.6,None,False,No,False,https://www.myntra.com/laptop-bag/mochi/mochi-unisex-textured-laptop-bag/31537044/buy,"4.6 | 928 Mochi Unisex Textured Laptop Bag Sizes: 18"" and Above Rs. 1194 Rs. 1990 (40% OFF) VIEW SIMILAR wishlist Select a size 18"" and Above"
Myntra,bags,WROGN Backpack with USB Port 31L,559.0,3499.0,84.0,2940.0,4.3,None,False,No,True,https://www.myntra.com/backpacks/wrogn/wrogn-brand-logo-laptop-backpack-with-usb-charging-port-31l/22226446/buy,4.3 | 9.7k WROGN Backpack with USB Port 31L Sizes: 40 L Rs. 559 Rs. 3499 (Rs. 2940 OFF) VIEW SIMILAR wishlist Select a size 40 L
Myntra,bags,Mochi Structured Sling Bag,1259.0,2290.0,45.0,1031.0,4.7,None,False,No,False,https://www.myntra.com/handbags/mochi/mochi-structured-sling-bag/31164142/buy,4.7 | 313 AD Mochi Structured Sling Bag Sizes: Onesize Rs. 1259 Rs. 2290 (45% OFF) VIEW SIMILAR wishlist Select a size Onesize
Myntra,bags,Mochi Shopper Handheld Bag,801.0,2290.0,65.0,1489.0,4.5,Only Few Left,True,No,False,https://www.myntra.com/handbags/mochi/mochi-blue-shopper-handheld-bag/17392834/buy,4.5 | 1.1k AD Mochi Shopper Handheld Bag Sizes: Onesize Rs. 801 Rs. 2290 (65% OFF) Only Few Left! VIEW SIMILAR wishlist Select a size Onesize
Myntra,bags,ZOUK Structured Jute Shoulder Bag,1399.0,4248.0,67.1,2849.0,4.6,Only Few Left,True,No,False,https://www.myntra.com/handbags/zouk/zouk-floral-printed-structured-jute-shoulder-bag/25485604/buy,4.6 | 5.8k AD ZOUK Structured Jute Shoulder Bag Sizes: Onesize Rs. 1399 Rs. 4248 (Rs. 2849 OFF) Only Few Left! VIEW SIMILAR wishlist Select a size Onesize
Myntra,bags,Allen Solly Animal Textured Sling Bag,1063.0,2799.0,62.0,1736.0,4.3,None,False,No,False,https://www.myntra.com/handbags/allen+solly/allen-solly-crocodile-textured-pu-structured-sling-bag/21609840/buy,4.3 | 367 AD Allen Solly Animal Textured Sling Bag Sizes: Onesize Rs. 1063 Rs. 2799 (62% OFF) VIEW SIMILAR wishlist Select a size Onesize
Myntra,bags,AMERICAN TOURISTER UPLAND Hard Cabin Trolley Bag,2249.0,7190.0,68.7,4941.0,4.4,None,False,No,False,https://www.myntra.com/trolley-bag/american+tourister/american-tourister-upland-textured-hard-cabin-trolley-bag/21684972/buy,4.4 | 928 AD AMERICAN TOURISTER UPLAND Hard Cabin Trolley Bag Sizes: S Rs. 2249 Rs. 7190 (Rs. 4941 OFF) VIEW SIMILAR wishlist Select a size S
Myntra,bags,ZOUK Gwalior Weaves Essential Bag,1695.0,5465.0,69.0,3770.0,4.6,None,False,No,False,https://www.myntra.com/handbags/zouk/zouk-gwalior-weaves-office-essential-tote-bag/30944242/buy,4.6 | 222 AD ZOUK Gwalior Weaves Essential Bag Sizes: Onesize Rs. 1695 Rs. 5465 (69% OFF) VIEW SIMILAR wishlist Select a size Onesize
Myntra,bags,LOUIS POLO Cabin Trolley Suitcase,1749.0,9099.0,80.8,7350.0,4.8,None,False,No,True,https://www.myntra.com/trolley-bag/louis+polo/louis-polo-veezoom-textured-360-degree-rotation-cabin-trolley-suitcase---47-l/40284515/buy,4.8 | 8 AD LOUIS POLO Cabin Trolley Suitcase Sizes: S Rs. 1749 Rs. 9099 (Rs. 7350 OFF) VIEW SIMILAR wishlist Select a size S
Myntra,bags,MIRAGGIO Mini Sling Bag,1649.0,2999.0,45.0,1350.0,,None,False,No,False,https://www.myntra.com/handbags/miraggio/miraggio-animal-pu-bucket-sling-bag-with-bow-detail/38838122/buy,AD MIRAGGIO Mini Sling Bag Sizes: S Rs. 1649 Rs. 2999 (45% OFF) VIEW SIMILAR wishlist Select a size S
Myntra,bags,DailyObjects Navy Pedal Daypack,1349.0,2343.0,42.0,994.0,4.4,None,False,No,False,https://www.myntra.com/backpacks/dailyobjects/dailyobjects-navy-pedal-daypack/42464263/buy,4.4 | 1.2k AD DailyObjects Navy Pedal Daypack Sizes: Onesize Rs. 1349 Rs. 2343 (42% OFF) VIEW SIMILAR wishlist Select a size Onesize
Myntra,clothing,PILOLO Boys Mid-Rise Shorts,593.0,749.0,21.0,156.0,,None,False,No,False,https://www.myntra.com/shorts/pilolo/pilolo-boys-regular-fit-mid-rise-cotton-shorts/32579400/buy,AD PILOLO Boys Mid-Rise Shorts Sizes: 5-6Y Rs. 593 Rs. 749 (21% OFF) VIEW SIMILAR wishlist Select a size 5-6Y
Myntra,clothing,FEMEA Women Shrug,799.0,1499.0,47.0,700.0,4.9,Only Few Left,True,No,False,https://www.myntra.com/shrug/femea/femea-women-shrug/32935142/buy,4.9 | 7 AD FEMEA Women Shrug Sizes: Onesize Rs. 799 Rs. 1499 (47% OFF) Only Few Left! VIEW SIMILAR wishlist Select a size Onesize
Myntra,clothing,DEL LUNA Girls Pack Of 2 Clothing Set,448.0,2499.0,82.0,2051.0,,None,False,No,True,https://www.myntra.com/clothing-set/del+luna/del-luna-girls-pack-of-2-checked-clothing-set/33923146/buy,DEL LUNA Girls Pack Of 2 Clothing Set Sizes: 12-18M Rs. 448 Rs. 2499 (82% OFF) VIEW SIMILAR wishlist Select a size 12-18M
Myntra,clothing,ELPIXIE FASHION Boys White Clothing Set,440.0,1099.0,60.0,659.0,4.2,None,False,No,False,https://www.myntra.com/clothing-set/elpixie+fashion/elpixie-fashion-boys-white-clothing-set/35200048/buy,4.2 | 69 ELPIXIE FASHION Boys White Clothing Set Sizes: 4-5Y Rs. 440 Rs. 1099 (60% OFF) VIEW SIMILAR wishlist Select a size 4-5Y
Myntra,clothing,Nautica Pure Cotton Casual Shirt,991.0,1599.0,38.0,608.0,4.3,None,False,No,False,https://www.myntra.com/shirts/nautica/nautica-pure-cotton-tartan-checks-casual-shirt/26569810/buy,4.3 | 218 AD Nautica Pure Cotton Casual Shirt Sizes: 42 Rs. 991 Rs. 1599 (38% OFF) VIEW SIMILAR wishlist Select a size 42
Myntra,clothing,CLOTHING VEDA Men Short Kurta,494.0,2549.0,81.0,2055.0,,None,False,No,True,https://www.myntra.com/kurtas/clothing+veda/clothing-veda-men-kurta/42648146/buy,CLOTHING VEDA Men Short Kurta Sizes: S Rs. 494 Rs. 2549 (81% OFF) VIEW SIMILAR wishlist Select a size S
Myntra,clothing,DEL LUNA Girls Pack of 2 Clothing Set,448.0,2499.0,82.0,2051.0,,None,False,No,True,https://www.myntra.com/clothing-set/del+luna/del-luna-girls-pack-of-2-checked--clothing-set/33721864/buy,DEL LUNA Girls Pack of 2 Clothing Set Sizes: 1-2Y Rs. 448 Rs. 2499 (82% OFF) VIEW SIMILAR wishlist Select a size 1-2Y
Myntra,clothing,RAREISM Women Ronokya Shrug,899.0,1999.0,55.0,1100.0,3.9,None,False,No,False,https://www.myntra.com/shrug/rareism/rareism-women-beige-plain-relaxed-fit-34th-sleeve-collarless-shrug/36672876/buy,3.9 | 7 AD RAREISM Women Ronokya Shrug Sizes: S Rs. 899 Rs. 1999 (55% OFF) VIEW SIMILAR wishlist Select a size S
Myntra,clothing,JIM Trend Unisex Silver Clothing Set,272.0,499.0,45.0,227.0,4.3,None,False,No,False,https://www.myntra.com/clothing-set/jim+trend/jim-trend-unisex-silver-clothing-set/35217217/buy,4.3 | 186 JIM Trend Unisex Silver Clothing Set Sizes: 0-6M Rs. 272 Rs. 499 (45% OFF) VIEW SIMILAR wishlist Select a size 0-6M
Myntra,clothing,HELLCAT Boys Pack of 3 Clothing Sets,648.0,4497.0,86.0,3849.0,3.8,None,False,No,True,https://www.myntra.com/clothing-set/hellcat/hellcat-boys-pack-of-3-printed-clothing-sets/28315932/buy,3.8 | 273 HELLCAT Boys Pack of 3 Clothing Sets Sizes: 1-2Y Rs. 648 Rs. 4497 (86% OFF) VIEW SIMILAR wishlist Select a size 1-2Y
Myntra,clothing,Globus Women Printed Basic Jumpsuit,1079.0,1999.0,46.0,920.0,4.4,Only Few Left,True,No,False,https://www.myntra.com/jumpsuit/globus/globus-abstract-print-wrap-v-neck-waist-tie-up-flared-hem-fusion-jumpsuit/30658303/buy,4.4 | 1.2k AD Globus Women Printed Basic Jumpsuit Sizes: XS Rs. 1079 Rs. 1999 (46% OFF) Only Few Left! VIEW SIMILAR wishlist Select a size XS
Myntra,clothing,KUNDAN SULZ GWALIOR Striped Blazer Clothing Fabric,749.0,1299.0,42.0,550.0,,None,False,No,False,https://www.myntra.com/clothing-fabric/kundan+sulz+gwalior/kundan-sulz-gwalior-men-striped-blazer-clothing-fabric/42174205/buy,KUNDAN SULZ GWALIOR Striped Blazer Clothing Fabric Sizes: Onesize Rs. 749 Rs. 1299 (42% OFF) VIEW SIMILAR wishlist Select a size Onesize
Myntra,clothing,ELPIXIE FASHION Unisex Green Clothing Set,300.0,999.0,70.0,699.0,4.2,None,False,No,True,https://www.myntra.com/clothing-set/elpixie+fashion/elpixie-fashion-unisex-green-clothing-set/35199954/buy,4.2 | 2k ELPIXIE FASHION Unisex Green Clothing Set Sizes: 12-18M Rs. 300 Rs. 999 (70% OFF) VIEW SIMILAR wishlist Select a size 12-18M
Myntra,clothing,RARE ONES Boys Printed Cotton T-shirt,499.0,999.0,50.0,500.0,4.9,None,False,No,False,https://www.myntra.com/tshirts/rare+ones/rare-ones-boys-graphic-printed-cotton-t-shirt/37259911/buy,4.9 | 8 AD RARE ONES Boys Printed Cotton T-shirt Sizes: 9-10Y Rs. 499 Rs. 999 (50% OFF) VIEW SIMILAR wishlist Select a size 9-10Y
Myntra,clothing,ELPIXIE FASHION Unisex Black Clothing Set,480.0,1199.0,60.0,719.0,4.4,None,False,No,False,https://www.myntra.com/clothing-set/elpixie+fashion/elpixie-fashion-unisex-black-clothing-set/35200000/buy,4.4 | 34 ELPIXIE FASHION Unisex Black Clothing Set Sizes: 7-8Y Rs. 480 Rs. 1199 (60% OFF) VIEW SIMILAR wishlist Select a size 7-8Y
Myntra,clothing,UnaOne Women Shrug,879.0,1999.0,56.0,1120.0,3.9,None,False,No,False,https://www.myntra.com/shrug/unaone/unaone-women-tasselled-shrug/39104399/buy,3.9 | 23 AD UnaOne Women Shrug Sizes: Onesize Rs. 879 Rs. 1999 (56% OFF) VIEW SIMILAR wishlist Select a size Onesize
Myntra,clothing,ELPIXIE FASHION Girls Pink Clothing Set,417.0,1099.0,62.0,682.0,3.9,None,False,No,False,https://www.myntra.com/clothing-set/elpixie+fashion/elpixie-fashion-girls-pink-clothing-set/35199982/buy,3.9 | 136 ELPIXIE FASHION Girls Pink Clothing Set Sizes: 6-12M Rs. 417 Rs. 1099 (62% OFF) VIEW SIMILAR wishlist Select a size 6-12M
Myntra,clothing,Globus Shoulder Straps Basic Jumpsuit,1053.0,1699.0,38.0,646.0,4.3,Only Few Left,True,No,False,https://www.myntra.com/jumpsuit/globus/globus-black-shoulder-straps-sleeveless-basic-jumpsuit/29066902/buy,4.3 | 358 AD Globus Shoulder Straps Basic Jumpsuit Sizes: XL Rs. 1053 Rs. 1699 (38% OFF) Only Few Left! VIEW SIMILAR wishlist Select a size XL
Myntra,clothing,KUNDAN SULZ GWALIOR Solid Shirt and Trousers Clothing Fabric,799.0,1499.0,47.0,700.0,,None,False,No,False,https://www.myntra.com/clothing-fabric/kundan+sulz+gwalior/kundan-sulz-gwalior-men-solid-shirt-and-trousers-clothing-fabric/42174211/buy,KUNDAN SULZ GWALIOR Solid Shirt and Trousers Clothing Fabric Sizes: Onesize Rs. 799 Rs. 1499 (47% OFF) VIEW SIMILAR wishlist Select a size Onesize
Myntra,clothing,Enamor Cotton T-Shirt Bra - A077,1029.0,1099.0,6.0,70.0,4.6,None,False,No,False,https://www.myntra.com/bra/enamor/enamor-women-bamboo-cotton-full-support-everyday-t-shirt-bra---a077/23532380/buy,4.6 | 8.1k AD Enamor Cotton T-Shirt Bra - A077 Sizes: 32C Rs. 1029 Rs. 1099 (6% OFF) VIEW SIMILAR wishlist Select a size 32C
Myntra,clothing,KIDNIP Boys Printed Clothing Set,486.0,1449.0,66.0,963.0,4.5,Only Few Left,True,No,False,https://www.myntra.com/clothing-set/kidnip/kidnip-boys-pure-cotton-printed-clothing-set/36388810/buy,4.5 | 123 KIDNIP Boys Printed Clothing Set Sizes: 6-12M Rs. 486 Rs. 1449 (66% OFF) Only Few Left! VIEW SIMILAR wishlist Select a size 6-12M
Myntra,clothing,Enamor Bra Solid,799.0,,,,4.4,None,False,Unknown,False,https://www.myntra.com/bra/enamor/enamor-ultra-smoothening-t-shirt-bra-a027/30489251/buy,4.4 | 1.9k AD Enamor Bra Solid Sizes: 36B Rs. 799 VIEW SIMILAR wishlist Select a size 36B
Myntra,clothing,J&JP Girls Clothing Set,419.0,1499.0,72.0,1080.0,,None,False,No,True,https://www.myntra.com/clothing-set/j%26jp/jjp-girls-clothing-set/34294669/buy,4 | 90 J&JP Girls Clothing Set Sizes: 8-9Y Rs. 419 Rs. 1499 (72% OFF) VIEW SIMILAR wishlist Select a size 8-9Y
Myntra,clothing,Sangria Boys Shirt Collar Clothing Set,899.0,2499.0,64.0,1600.0,,None,False,No,False,https://www.myntra.com/clothing-set/sangria/sangria-boys-shirt-collar---clothing-set/40619915/buy,NEW Sangria Boys Shirt Collar Clothing Set Sizes: 5-6Y Rs. 899 Rs. 2499 (Rs. 1600 OFF) VIEW SIMILAR wishlist Select a size 5-6Y
Myntra,clothing,Virgio Women Tie-Up Shrug,799.0,1290.0,38.0,491.0,3.1,None,False,No,False,https://www.myntra.com/shrug/virgio/virgio-women-cotton-round-neck-crop-length-solid-puff-sleeves-top/32327115/buy,3.1 | 25 AD Virgio Women Tie-Up Shrug Sizes: S Rs. 799 Rs. 1290 (38% OFF) VIEW SIMILAR wishlist Select a size S
Myntra,clothing,Aarya Designer Girls Printed Clothing Set,480.0,1499.0,68.0,1019.0,4.2,None,False,No,False,https://www.myntra.com/co-ords/aarya+designer/aarya-designer-girls-printed-clothing-set/38853620/buy,4.2 | 37 Aarya Designer Girls Printed Clothing Set Sizes: 5-6Y Rs. 480 Rs. 1499 (68% OFF) VIEW SIMILAR wishlist Select a size 5-6Y
Myntra,clothing,KUNDAN SULZ GWALIOR Men Polyester Clothing Fabric,799.0,1499.0,47.0,700.0,,None,False,No,False,https://www.myntra.com/clothing-fabric/kundan+sulz+gwalior/kundan-sulz-gwalior-men-solid-shirt-and-trousers-clothing-fabric/42174208/buy,KUNDAN SULZ GWALIOR Men Polyester Clothing Fabric Sizes: Onesize Rs. 799 Rs. 1499 (47% OFF) VIEW SIMILAR wishlist Select a size Onesize
Myntra,clothing,BABY HOME Pure Cotton Clothing Set,402.0,1299.0,69.0,897.0,3.8,None,False,No,False,https://www.myntra.com/clothing-set/baby+home/baby-home-boys-pure-cotton-clothing-set/35487050/buy,3.8 | 333 BABY HOME Pure Cotton Clothing Set Sizes: 0-1Y Rs. 402 Rs. 1299 (69% OFF) VIEW SIMILAR wishlist Select a size 0-1Y
Myntra,clothing,Blackberrys Men Chinos Trousers,1055.0,2199.0,52.0,1144.0,3.7,Only Few Left,True,No,False,https://www.myntra.com/trousers/blackberrys/blackberrys-men-chinos-trousers/41014261/buy,3.7 | 21 AD Blackberrys Men Chinos Trousers Sizes: 32 Rs. 1055 Rs. 2199 (52% OFF) Only Few Left! VIEW SIMILAR wishlist Select a size 32
Myntra,clothing,ACTLIVE Cotton Blend Clothing Set,366.0,999.0,63.0,633.0,4.1,None,False,No,False,https://www.myntra.com/clothing-set/actlive/actlive-boys-cotton-blend-clothing-set/35086867/buy,4.1 | 26 ACTLIVE Cotton Blend Clothing Set Sizes: 7-8Y Rs. 366 Rs. 999 (63% OFF) VIEW SIMILAR wishlist Select a size 7-8Y
Myntra,clothing,CLOTHING VEDA Mandarin Collar Kurta,493.0,2549.0,81.0,2056.0,3.9,None,False,No,True,https://www.myntra.com/kurtas/clothing+veda/clothing-veda-mandarin-collar-roll-up-sleeves-kurta/40941773/buy,3.9 | 33 NEW CLOTHING VEDA Mandarin Collar Kurta Sizes: M Rs. 493 Rs. 2549 (81% OFF) VIEW SIMILAR wishlist Select a size M
Myntra,clothing,Kraus Jeans Women Skinny Fit High-Rise Jeans,918.0,2295.0,60.0,1377.0,4.5,None,False,No,False,https://www.myntra.com/jeans/kraus+jeans/kraus-jeans-women-skinny-fit-high-rise-light-fade-jeans/33061437/buy,4.5 | 13 AD Kraus Jeans Women Skinny Fit High-Rise Jeans Sizes: 34 Rs. 918 Rs. 2295 (60% OFF) VIEW SIMILAR wishlist Select a size 34
Myntra,clothing,Sangria Boys Shirt Collar Clothing Set,799.0,2499.0,68.0,1700.0,,Only Few Left,True,No,False,https://www.myntra.com/clothing-set/sangria/sangria-boys-printed-shirt-collar-clothing-set/40619919/buy,NEW Sangria Boys Shirt Collar Clothing Set Sizes: 1-2Y Rs. 799 Rs. 2499 (Rs. 1700 OFF) Only Few Left! VIEW SIMILAR wishlist Select a size 1-2Y
Myntra,clothing,Darelooks Premium Clothing Notched Lapel Casual Blazers,3499.0,6999.0,50.0,3500.0,,Only Few Left,True,No,False,https://www.myntra.com/blazers/darelooks+premium+clothing/darelooks-premium-clothing-self-design-notched-lapel-single-breasted-casual-blazers/42138272/buy,NEW Darelooks Premium Clothing Notched Lapel Casual Blazers Sizes: 38 Rs. 3499 Rs. 6999 (50% OFF) Only Few Left! VIEW SIMILAR wishlist Select a size 38
Myntra,clothing,Zivame Lightly Padded T-shirt Bra,439.0,1099.0,60.0,660.0,4.3,None,False,No,False,https://www.myntra.com/bra/zivame/zivame-beige-solid-underwired-lightly-padded-t-shirt-bra-zi1135core0nude/5460278/buy,4.3 | 21.4k AD Zivame Lightly Padded T-shirt Bra Sizes: 36C Rs. 439 Rs. 1099 (60% OFF) VIEW SIMILAR wishlist Select a size 36C
Myntra,clothing,KUNDAN SULZ GWALIOR Men Polyester Clothing Fabric,749.0,1299.0,42.0,550.0,,None,False,No,False,https://www.myntra.com/clothing-fabric/kundan+sulz+gwalior/kundan-sulz-gwalior-men-striped-blazer-clothing-fabric/42174209/buy,KUNDAN SULZ GWALIOR Men Polyester Clothing Fabric Sizes: Onesize Rs. 749 Rs. 1299 (42% OFF) VIEW SIMILAR wishlist Select a size Onesize
Myntra,clothing,LYRA Pure Cotton Sports Bra,283.0,399.0,29.0,116.0,,None,False,No,False,https://www.myntra.com/bra/lyra/lyra-combed-cotton-sweat-absorbent-stretchable-sports-bra/22099360/buy,4 | 171 AD LYRA Pure Cotton Sports Bra Sizes: XS Rs. 283 Rs. 399 (29% OFF) VIEW SIMILAR wishlist Select a size XS
Myntra,clothing,ECOLINE Clothing V-Neck Open Front Shrug,375.0,849.0,56.0,474.0,,None,False,No,False,https://www.myntra.com/shrug/ecoline+clothing/ecoline-clothing-eco-friendly-v-neck-open-front-shrug/32498828/buy,ECOLINE Clothing V-Neck Open Front Shrug Sizes: XS Rs. 375 Rs. 849 (56% OFF) VIEW SIMILAR wishlist Select a size XS
Myntra,clothing,DressBerry Self Design Heavily Padded Bra,566.0,2179.0,74.0,1613.0,3.2,None,False,No,True,https://www.myntra.com/bra/dressberry/dressberry-butterfly-self-design-medium-coverage-padded-bra-dbss26wbrarval5-02a/39508322/buy,3.2 | 5 AD DressBerry Self Design Heavily Padded Bra Sizes: 30 Rs. 566 Rs. 2179 (74% OFF) VIEW SIMILAR wishlist Select a size 30
Myntra,clothing,Anthrilo T-Shirt & Shorts Clothing Set,566.0,1899.0,70.0,1333.0,4.7,None,False,No,True,https://www.myntra.com/clothing-set/anthrilo/anthrilo-kids-printed-t-shirt-shorts-clothing-set/33242868/buy,4.7 | 118 Anthrilo T-Shirt & Shorts Clothing Set Sizes: 6-12M Rs. 566 Rs. 1899 (70% OFF) VIEW SIMILAR wishlist Select a size 6-12M
Myntra,clothing,TODOS Pure Cotton Clothing Set,339.0,998.0,66.0,659.0,4.6,Only Few Left,True,No,False,https://www.myntra.com/clothing-set/todos/todos-green-pure-cotton-clothing-set/35171691/buy,4.6 | 167 TODOS Pure Cotton Clothing Set Sizes: 6-12M Rs. 339 Rs. 998 (66% OFF) Only Few Left! VIEW SIMILAR wishlist Select a size 6-12M
Myntra,clothing,Enamor Lightly Padded Bra,799.0,,,,4.5,None,False,Unknown,False,https://www.myntra.com/bra/enamor/enamor-medium-impact-cotton-padded-wire-free-full-coverage-comfort-sports-bra-sb38/30602662/buy,4.5 | 2.7k AD Enamor Lightly Padded Bra Sizes: S Rs. 799 VIEW SIMILAR wishlist Select a size S
Myntra,clothing,DEL LUNA Girls Pack Of 2 Clothing Set,2499.0,,,,,None,False,Unknown,False,https://www.myntra.com/clothing-set/del+luna/del-luna-girls-pack-of-2-halter-neck-clothing-set/34013452/buy,DEL LUNA Girls Pack Of 2 Clothing Set Sizes: 3-4Y Rs. 2499 VIEW SIMILAR wishlist Select a size 3-4Y
Myntra,clothing,Dhanoo fashion Girls Printed Clothing Set,593.0,799.0,26.0,206.0,,None,False,No,False,https://www.myntra.com/clothing-set/dhanoo+fashion/dhanoo-fashion-girls-printed-top-and-bottom-clothing-set/41868307/buy,3 | 36 NEW Dhanoo fashion Girls Printed Clothing Set Sizes: 3-4Y Rs. 593 Rs. 799 (26% OFF) VIEW SIMILAR wishlist Select a size 3-4Y
Myntra,clothing,Googo Gaaga Boys Printed Clothing Set,398.0,1400.0,72.0,1002.0,4.4,None,False,No,True,https://www.myntra.com/clothing-set/googo+gaaga/googo-gaaga-boys-printed-t-shirt--shorts-clothing-set/28935878/buy,4.4 | 5.8k Googo Gaaga Boys Printed Clothing Set Sizes: 6-7Y Rs. 398 Rs. 1400 (72% OFF) VIEW SIMILAR wishlist Select a size 6-7Y
Myntra,clothing,Enamor Plus Size Seamless Bra,873.0,1589.0,45.0,716.0,4.5,None,False,No,False,https://www.myntra.com/bra/enamor/enamor-non-padded-wired-full-coverage-detachable-strap-for-multiway-styling-minimizer-bra-/25379318/buy,4.5 | 422 AD Enamor Plus Size Seamless Bra Sizes: 36G Rs. 873 Rs. 1589 (45% OFF) VIEW SIMILAR wishlist Select a size 36G
Myntra,clothing,DressBerry Lace Inserts Padded Bra,549.0,2499.0,78.0,1950.0,4.5,None,False,No,True,https://www.myntra.com/bra/dressberry/dressberry-floral-lace-inserts-medium-coverage-heavily-padded-bra-dbss26wbrarval5-03b/39508323/buy,4.5 | 10 AD DressBerry Lace Inserts Padded Bra Sizes: 30 Rs. 549 Rs. 2499 (78% OFF) VIEW SIMILAR wishlist Select a size 30
Myntra,clothing,Enamor Cotton T-Shirt Bra - A077,1022.0,1099.0,7.0,77.0,4.6,Only Few Left,True,No,False,https://www.myntra.com/bra/enamor/enamor-women-bamboo-cotton-full-support-everyday-t-shirt-bra---a077/23532378/buy,4.6 | 8.1k AD Enamor Cotton T-Shirt Bra - A077 Sizes: 34C Rs. 1022 Rs. 1099 (7% OFF) Only Few Left! VIEW SIMILAR wishlist Select a size 34C
Myntra,clothing,Enamor Bra Solid,1027.0,1869.0,45.0,842.0,4.2,None,False,No,False,https://www.myntra.com/bra/enamor/enamor-front-open-padded-wirefree-full-coverage-high-impact-sports-bra-sb29/30453259/buy,4.2 | 543 AD Enamor Bra Solid Sizes: 32C Rs. 1027 Rs. 1869 (45% OFF) VIEW SIMILAR wishlist Select a size 32C
Myntra,clothing,Blackberrys Men Chinos Trousers,1221.0,2599.0,53.0,1378.0,3.3,None,False,No,False,https://www.myntra.com/trousers/blackberrys/blackberrys-men-chinos-trousers/41014267/buy,3.3 | 7 AD Blackberrys Men Chinos Trousers Sizes: 32 Rs. 1221 Rs. 2599 (53% OFF) VIEW SIMILAR wishlist Select a size 32
Myntra,clothing,Thiya Boys Printed T-shirt & Shorts,350.0,1999.0,82.0,1649.0,4.1,None,False,No,True,https://www.myntra.com/clothing-set/thiya/thiya-boys-printed-t-shirt-with-shorts-clothing-set/31282000/buy,4.1 | 203 Thiya Boys Printed T-shirt & Shorts Sizes: 1-2Y Rs. 350 Rs. 1999 (82% OFF) VIEW SIMILAR wishlist Select a size 1-2Y
Myntra,sunglasses,Voyage Unisex Oval Sunglasses,900.0,3000.0,70.0,2100.0,4.4,None,False,No,True,https://www.myntra.com/sunglasses/voyage/voyage-unisex-oval-sunglasses-with-uv-protected-lens-b80580mg5182/26883092/buy,4.4 | 1.9k AD Voyage Unisex Oval Sunglasses Sizes: S Rs. 900 Rs. 3000 (70% OFF) VIEW SIMILAR wishlist Select a size S
Myntra,sunglasses,Voyage Women Square Sunglasses,744.0,3000.0,75.2,2256.0,4.5,None,False,No,True,https://www.myntra.com/sunglasses/voyage/voyage-women-square-sunglasses-with-uv-protected-lens-8926wmg2778/25286588/buy,4.5 | 2k AD Voyage Women Square Sunglasses Sizes: S Rs. 744 Rs. 3000 (Rs. 2256 OFF) VIEW SIMILAR wishlist Select a size S
Myntra,sunglasses,HRX by Hrithik Roshan Men Sunglasses,799.0,2897.0,72.0,2098.0,,None,False,No,True,https://www.myntra.com/sunglasses/hrx+by+hrithik+roshan/hrx-by-hrithik-roshan-men-black-lens--gunmetal-toned-aviator-sunglasses-with/39839268/buy,HRX by Hrithik Roshan Men Sunglasses Sizes: S Rs. 799 Rs. 2897 (72% OFF) VIEW SIMILAR wishlist Select a size S
Myntra,sunglasses,KIDSUN Kids UV Protect Oval Sunglass,379.0,999.0,62.0,620.0,4.6,None,False,No,False,https://www.myntra.com/sunglasses/kidsun/kidsun-kids-full-rim-uv-protection-oval-shape-sunglasses/37182795/buy,4.6 | 80 KIDSUN Kids UV Protect Oval Sunglass Sizes: M Rs. 379 Rs. 999 (62% OFF) VIEW SIMILAR wishlist Select a size M
Myntra,sunglasses,Vincent Chase Sunglasses UV Protected Lens,899.0,1999.0,55.0,1100.0,4.3,Only Few Left,True,No,False,https://www.myntra.com/sunglasses/vincent+chase/vincent-chase-by-lenskart-women-wayfarer-sunglasses-with-polarised-and-uv-protected-lens-135882/22460236/buy,4.3 | 110 AD Vincent Chase Sunglasses UV Protected Lens Sizes: L Rs. 899 Rs. 1999 (55% OFF) Only Few Left! VIEW SIMILAR wishlist Select a size L
Myntra,sunglasses,ZIKKU Babies Sunglasses 024 Months,976.0,1499.0,35.0,523.0,,None,False,No,False,https://www.myntra.com/sunglasses/zikku/zikku-unisex-kids-black-sunglasses-with/40697601/buy,NEW ZIKKU Babies Sunglasses 024 Months Sizes: S Rs. 976 Rs. 1499 (35% OFF) VIEW SIMILAR wishlist Select a size S
Myntra,sunglasses,ZIKKU Babies Sunglasses 310 Years,976.0,1499.0,35.0,523.0,4.2,None,False,No,False,https://www.myntra.com/sunglasses/zikku/zikku-unisex-kids-black-sunglasses-with/40698003/buy,4.2 | 5 ZIKKU Babies Sunglasses 310 Years Sizes: M Rs. 976 Rs. 1499 (35% OFF) VIEW SIMILAR wishlist Select a size M
Myntra,sunglasses,Voyage Women Rectangle Sunglasses with UV Protected Lens,738.0,1800.0,59.0,1062.0,4.4,None,False,No,False,https://www.myntra.com/sunglasses/voyage/voyage-women-black-lens-rectangle-sunglasses-with-uv-protected-lens-b80389mg3456c-/14582858/buy,4.4 | 2.7k AD Voyage Women Rectangle Sunglasses with UV Protected Lens Sizes: S Rs. 738 Rs. 1800 (59% OFF) VIEW SIMILAR wishlist Select a size S
Myntra,sunglasses,Provogue Men Fashion with Polarised and UV Protected Lens Sunglasses,439.0,1999.0,78.0,1560.0,3.9,None,False,No,True,https://www.myntra.com/sunglasses/provogue/provogue-men-black-fashion-with-sunglasses/35894836/buy,3.9 | 506 Provogue Men Fashion with Polarised and UV Protected Lens Sunglasses Sizes: L Rs. 439 Rs. 1999 (Rs. 1560 OFF) VIEW SIMILAR wishlist Select a size L
Myntra,sunglasses,SHOP FRENZY Unisex Kids Aviator Sunglasses with UV Protected Lens,412.0,1299.0,68.0,887.0,,None,False,No,False,https://www.myntra.com/sunglasses/shop+frenzy/shop-frenzy-unisex-kids-aviator-sunglasses-with-uv-protected-lens/32726201/buy,SHOP FRENZY Unisex Kids Aviator Sunglasses with UV Protected Lens Sizes: S Rs. 412 Rs. 1299 (68% OFF) VIEW SIMILAR wishlist Select a size S
Myntra,sunglasses,Voyage Unisex Wayfarer Sunglasses,840.0,3000.0,72.0,2160.0,4.2,None,False,No,True,https://www.myntra.com/sunglasses/voyage/voyage-unisex-wayfarer-sunglasses-with-polarised-and-uv-protected-lens-1031pmg3966z/29775356/buy,4.2 | 90 AD Voyage Unisex Wayfarer Sunglasses Sizes: S Rs. 840 Rs. 3000 (72% OFF) VIEW SIMILAR wishlist Select a size S
Myntra,sunglasses,Espee Women Sunglasses,869.0,2895.0,70.0,2026.0,,None,False,No,True,https://www.myntra.com/sunglasses/espee/espee-women-brown-lens-and-brown-square-full-rim-sunglasses-with-uv-protection/42079823/buy,Espee Women Sunglasses Sizes: M Rs. 869 Rs. 2895 (70% OFF) VIEW SIMILAR wishlist Select a size M
Myntra,sunglasses,HAYDEN haiza Men Rectangle Sunglasses,312.0,1999.0,84.0,1687.0,4.4,None,False,No,True,https://www.myntra.com/sunglasses/hayden+haiza/hayden-haiza-men-rectangle-sunglasses-with-polarised-lens-sunglasses-wood-cherry/36077440/buy,4.4 | 192 HAYDEN haiza Men Rectangle Sunglasses Sizes: S Rs. 312 Rs. 1999 (84% OFF) VIEW SIMILAR wishlist Select a size S
Myntra,sunglasses,Voyage Women Cateye Sunglasses,612.0,1800.0,66.0,1188.0,4.5,None,False,No,False,https://www.myntra.com/sunglasses/voyage/voyage-women-uv-protected-cateye-sunglasses-b6101mg3176/11392288/buy,4.5 | 5.6k AD Voyage Women Cateye Sunglasses Sizes: M Rs. 612 Rs. 1800 (66% OFF) VIEW SIMILAR wishlist Select a size M
Myntra,sunglasses,FUNGLASSES Unisex Rectangle Sunglasses,299.0,1999.0,85.0,1700.0,4.4,None,False,No,True,https://www.myntra.com/sunglasses/funglasses/funglasses-unisex-rectangle-sunglasses-with-uv-protected-lens/33202425/buy,4.4 | 918 FUNGLASSES Unisex Rectangle Sunglasses Sizes: M Rs. 299 Rs. 1999 (85% OFF) VIEW SIMILAR wishlist Select a size M
Myntra,sunglasses,HRX by Hrithik Roshan Men Sunglasses,807.0,2897.0,72.0,2090.0,3.8,None,False,No,True,https://www.myntra.com/sunglasses/hrx+by+hrithik+roshan/hrx-by-hrithik-roshan-men-green-lens--black-aviator-sunglasses-with/39839267/buy,3.8 | 5 HRX by Hrithik Roshan Men Sunglasses Sizes: S Rs. 807 Rs. 2897 (72% OFF) VIEW SIMILAR wishlist Select a size S
Myntra,sunglasses,Voyage UV Protected Sunglasses,900.0,3000.0,70.0,2100.0,4.3,None,False,No,True,https://www.myntra.com/sunglasses/voyage/voyage-polarised-and-uv-protected-lens-full-rim-round-sunglasses-3040mg3982z/22651492/buy,4.3 | 334 AD Voyage UV Protected Sunglasses Sizes: S Rs. 900 Rs. 3000 (70% OFF) VIEW SIMILAR wishlist Select a size S
Myntra,sunglasses,Voyage Oval Sunglass UV Protection,709.0,1800.0,60.6,1091.0,4.4,None,False,No,False,https://www.myntra.com/sunglasses/voyage/voyage-unisex-black-lens-oval-sunglasses-with-uv-protected-lens-2038mg3051c/14582818/buy,4.4 | 6.8k Voyage Oval Sunglass UV Protection Sizes: M Rs. 709 Rs. 1800 (Rs. 1091 OFF) VIEW SIMILAR wishlist Select a size M
Myntra,sunglasses,HAYDEN haiza Sunglasses UV Protected Lens,291.0,399.0,27.0,108.0,4.3,None,False,No,False,https://www.myntra.com/sunglasses/hayden+haiza/hayden-haiza-cateye-sunglasses-with-uv-protected-lens/32718234/buy,4.3 | 480 HAYDEN haiza Sunglasses UV Protected Lens Sizes: M Rs. 291 Rs. 399 (27% OFF) VIEW SIMILAR wishlist Select a size M
Myntra,sunglasses,Voyage Women Protected Sunglasses,690.0,3000.0,77.0,2310.0,4.4,None,False,No,True,https://www.myntra.com/sunglasses/voyage/voyage-women-grey-lens--gunmetal-toned-square-sunglasses-with-uv-protected-lens/24054980/buy,4.4 | 274 AD Voyage Women Protected Sunglasses Sizes: M Rs. 690 Rs. 3000 (77% OFF) VIEW SIMILAR wishlist Select a size M
Myntra,sunglasses,DukieKooky Unisex Kids Sunglasses,317.0,599.0,47.0,282.0,4.8,Only Few Left,True,No,False,https://www.myntra.com/sunglasses/dukiekooky/dukiekooky-unisex-kids-yellow-lens--red-sports-sunglasses-with/40004725/buy,4.8 | 8 DukieKooky Unisex Kids Sunglasses Sizes: M Rs. 317 Rs. 599 (47% OFF) Only Few Left! VIEW SIMILAR wishlist Select a size M
Myntra,sunglasses,Espee Women Sunglasses,879.0,2930.0,70.0,2051.0,,None,False,No,True,https://www.myntra.com/sunglasses/espee/espee-women-brown-lens-and-beige-butterfly-full-rim-sunglasses-with-uv-protection/42079844/buy,Espee Women Sunglasses Sizes: L Rs. 879 Rs. 2930 (70% OFF) VIEW SIMILAR wishlist Select a size L
Myntra,sunglasses,Voyage Unisex Square Sunglasses,709.0,1800.0,60.6,1091.0,4.3,None,False,No,False,https://www.myntra.com/sunglasses/voyage/voyage-unisex-square-sunglasses-58157mg2970/10748540/buy,4.3 | 8.9k AD Voyage Unisex Square Sunglasses Sizes: L Rs. 709 Rs. 1800 (Rs. 1091 OFF) VIEW SIMILAR wishlist Select a size L
Myntra,sunglasses,HRX by Hrithik Roshan Men Sunglasses,803.0,2897.0,72.0,2094.0,,None,False,No,True,https://www.myntra.com/sunglasses/hrx+by+hrithik+roshan/hrx-by-hrithik-roshan-men-blue-lens--gunmetal-toned-aviator-sunglasses-with/39839266/buy,HRX by Hrithik Roshan Men Sunglasses Sizes: S Rs. 803 Rs. 2897 (72% OFF) VIEW SIMILAR wishlist Select a size S
Myntra,sunglasses,SPADEACES UV Protected Aviator Sunglass,446.0,999.0,55.0,553.0,4.1,None,False,No,False,https://www.myntra.com/sunglasses/spadeaces/spadeaces-men-aviator-sunglasses-with-uv-protected-lens-silver-blue-rockk-squareeg/36285728/buy,4.1 | 253 SPADEACES UV Protected Aviator Sunglass Sizes: M Rs. 446 Rs. 999 (55% OFF) VIEW SIMILAR wishlist Select a size M
Myntra,sunglasses,Bershka Oval plastic sunglasses,1050.0,,,,4.8,None,False,Unknown,False,https://www.myntra.com/sunglasses/bershka/bershka-oval-plastic-sunglasses/39706976/buy,4.8 | 16 AD Bershka Oval plastic sunglasses Sizes: M Rs. 1050 VIEW SIMILAR wishlist Select a size M
Myntra,sunglasses,HRX by Hrithik Roshan Unisex Square Sunglasses,671.0,2399.0,72.0,1728.0,4.8,None,False,No,True,https://www.myntra.com/sunglasses/hrx+by+hrithik+roshan/hrx-by-hrithik-roshan-unisex-uv-protected-lens-square-sunglasses/41532885/buy,4.8 | 11 HRX by Hrithik Roshan Unisex Square Sunglasses Sizes: S Rs. 671 Rs. 2399 (72% OFF) VIEW SIMILAR wishlist Select a size S
Myntra,sunglasses,Jiebo Men Square Sunglasses,299.0,1599.0,81.0,1300.0,,None,False,No,True,https://www.myntra.com/sunglasses/jiebo/jiebo-men-green-lens--black-square-sunglasses-with/36668876/buy,3 | 6 Jiebo Men Square Sunglasses Sizes: L Rs. 299 Rs. 1599 (81% OFF) VIEW SIMILAR wishlist Select a size L
Myntra,sunglasses,Voyage UV Protected Lens Sunglasses,810.0,3000.0,73.0,2190.0,4.4,None,False,No,True,https://www.myntra.com/sunglasses/voyage/voyage-lens-wayfarer-sunglasses-with-polarised-and-uv-protected-lens-952pmg4114/23580092/buy,4.4 | 403 AD Voyage UV Protected Lens Sunglasses Sizes: L Rs. 810 Rs. 3000 (73% OFF) VIEW SIMILAR wishlist Select a size L
Myntra,sunglasses,H&M Oval Sunglasses,1299.0,,,,4.1,None,False,Unknown,False,https://www.myntra.com/sunglasses/h%26m/hm-oval-sunglasses/42121939/buy,4.1 | 19 NEW H&M Oval Sunglasses Sizes: M Rs. 1299 VIEW SIMILAR wishlist Select a size M
Myntra,sunglasses,Mast & Harbour Men Aviator Sunglasses,459.0,1999.0,77.0,1540.0,,None,False,No,True,https://www.myntra.com/sunglasses/mast+%26+harbour/mast--harbour-men-aviator-sunglasses-with-uv-protected-lens-mast-666/35519434/buy,4 | 61 Mast & Harbour Men Aviator Sunglasses Sizes: L Rs. 459 Rs. 1999 (Rs. 1540 OFF) VIEW SIMILAR wishlist Select a size L
Myntra,sunglasses,OKNO Unisex Square Sunglasses,951.0,3599.0,74.0,2648.0,4.4,None,False,No,True,https://www.myntra.com/sunglasses/okno/okno-unisex-square-sunglasses-with-polarised-and-uv-protected-lens/24365746/buy,4.4 | 112 AD OKNO Unisex Square Sunglasses Sizes: L Rs. 951 Rs. 3599 (74% OFF) VIEW SIMILAR wishlist Select a size L
Myntra,sunglasses,H&M Sunglasses,599.0,,,,,Only Few Left,True,Unknown,False,https://www.myntra.com/sunglasses/h%26m/hm-sunglasses/42121984/buy,NEW H&M Sunglasses Sizes: M Rs. 599 Only Few Left! VIEW SIMILAR wishlist Select a size M
Myntra,sunglasses,Disney Kids UV Protected Sunglasses,319.0,399.0,20.0,80.0,4.8,None,False,No,False,https://www.myntra.com/sunglasses/disney/disney-kids-oval-sunglasses-with-uv-protected-lens-tcsg0019/33664183/buy,4.8 | 25 Disney Kids UV Protected Sunglasses Sizes: S Rs. 319 Rs. 399 (20% OFF) VIEW SIMILAR wishlist Select a size S
Myntra,sunglasses,Voyage Unisex Rectangle Sunglasses with Polarised and UV,930.0,3000.0,69.0,2070.0,4.3,None,False,No,False,https://www.myntra.com/sunglasses/voyage/voyage-unisex-rectangle-sunglasses-with-polarised-and-uv-protected-lens/31642533/buy,4.3 | 159 AD Voyage Unisex Rectangle Sunglasses with Polarised and UV Sizes: M Rs. 930 Rs. 3000 (69% OFF) VIEW SIMILAR wishlist Select a size M
Myntra,sunglasses,GYNK Men Sunglasses,499.0,2999.0,83.0,2500.0,3.6,None,False,No,True,https://www.myntra.com/sunglasses/gynk/gynk-men-mirrored-lens--white-sports-sunglasses-with/39615781/buy,3.6 | 41 GYNK Men Sunglasses Sizes: M Rs. 499 Rs. 2999 (83% OFF) VIEW SIMILAR wishlist Select a size M
Myntra,sunglasses,Voyage Sunglasses-UV Protected Lens,780.0,3000.0,74.0,2220.0,4.4,None,False,No,True,https://www.myntra.com/sunglasses/voyage/voyage-wayfarer-sunglasses-with-uv-protected-lens-86575mg3913/21299952/buy,4.4 | 391 AD Voyage Sunglasses-UV Protected Lens Sizes: L Rs. 780 Rs. 3000 (74% OFF) VIEW SIMILAR wishlist Select a size L
Myntra,sunglasses,HAYDEN haiza Oval Sunglasses,329.0,599.0,45.0,270.0,4.5,None,False,No,False,https://www.myntra.com/sunglasses/hayden+haiza/hayden-haiza-oval-sunglasses-with-uv-protected-lens/32718236/buy,4.5 | 1.1k HAYDEN haiza Oval Sunglasses Sizes: M Rs. 329 Rs. 599 (45% OFF) VIEW SIMILAR wishlist Select a size M
Myntra,sunglasses,Artrue Unisex Sunglasses,329.0,1599.0,79.0,1270.0,4.4,None,False,No,True,https://www.myntra.com/sunglasses/artrue/artrue-unisex-black-lens--silver-toned-aviator-sunglasses-with/39389380/buy,4.4 | 208 Artrue Unisex Sunglasses Sizes: M Rs. 329 Rs. 1599 (79% OFF) VIEW SIMILAR wishlist Select a size M
Myntra,sunglasses,Fastrack Women Cateye Sunglasses,975.0,1300.0,25.0,325.0,4.7,None,False,No,False,https://www.myntra.com/sunglasses/fastrack/fastrack-women-cateye-sunglasses-with-uv-protected-lens-p381br1fv/30439248/buy,4.7 | 77 AD Fastrack Women Cateye Sunglasses Sizes: L Rs. 975 Rs. 1300 (25% OFF) VIEW SIMILAR wishlist Select a size L
Myntra,sunglasses,OUDI Women Cateye Sunglasses,899.0,3539.0,75.0,2640.0,,None,False,No,True,https://www.myntra.com/sunglasses/oudi/oudi-women-clear-lens--black-cateye-sunglasses-ougla818120191258/37579604/buy,OUDI Women Cateye Sunglasses Sizes: M Rs. 899 Rs. 3539 (75% OFF) VIEW SIMILAR wishlist Select a size M
Myntra,sunglasses,CORSICA Women Sunglasses,539.0,999.0,46.0,460.0,,None,False,No,False,https://www.myntra.com/sunglasses/corsica/corsica-women-brown-lens--gold-toned-cateye-sunglasses-with/42099993/buy,CORSICA Women Sunglasses Sizes: M Rs. 539 Rs. 999 (46% OFF) VIEW SIMILAR wishlist Select a size M
Myntra,sunglasses,Fastrack Men Square Sunglasses,712.0,950.0,25.0,238.0,4.1,Only Few Left,True,No,False,https://www.myntra.com/sunglasses/fastrack/fastrack-men-square-sunglasses-with-uv-protected-lens-p357bk1v/30439284/buy,4.1 | 94 AD Fastrack Men Square Sunglasses Sizes: M Rs. 712 Rs. 950 (25% OFF) Only Few Left! VIEW SIMILAR wishlist Select a size M
Myntra,sunglasses,IFLASH Unisex Round Sunglasses,299.0,1999.0,85.0,1700.0,4.2,None,False,No,True,https://www.myntra.com/sunglasses/iflash/iflash-unisex-round-sunglasses-with-uv-protected-lens-5888/36038549/buy,4.2 | 170 IFLASH Unisex Round Sunglasses Sizes: M Rs. 299 Rs. 1999 (85% OFF) VIEW SIMILAR wishlist Select a size M
Myntra,sunglasses,H&M Oval Sunglasses,799.0,,,,4.5,None,False,Unknown,False,https://www.myntra.com/sunglasses/h%26m/hm-oval-sunglasses-1274378001/33864937/buy,4.5 | 1.4k H&M Oval Sunglasses Sizes: M Rs. 799 VIEW SIMILAR wishlist Select a size M
Myntra,sunglasses,Voyage Women Oval Sunglasses,660.0,3000.0,78.0,2340.0,4.3,None,False,No,True,https://www.myntra.com/sunglasses/voyage/voyage-women-oval-sunglasses-with-uv-protected-lens-g15059mg4225/24054908/buy,4.3 | 280 AD Voyage Women Oval Sunglasses Sizes: M Rs. 660 Rs. 3000 (78% OFF) VIEW SIMILAR wishlist Select a size M
Myntra,sunglasses,SPADEACES Men Square Sunglasses,341.0,999.0,66.0,658.0,4.2,None,False,No,False,https://www.myntra.com/sunglasses/spadeaces/spadeaces-men-square-sunglasses-with-uv-protected-lens-sp-karan-gold-black/33776571/buy,4.2 | 167 SPADEACES Men Square Sunglasses Sizes: L Rs. 341 Rs. 999 (66% OFF) VIEW SIMILAR wishlist Select a size L
Myntra,sunglasses,HAYDEN haiza Women Square Sunglasses,275.0,1999.0,86.0,1724.0,,None,False,No,True,https://www.myntra.com/sunglasses/hayden+haiza/hayden-haiza-women-uv-protected-lens-square-sunglasses-rl-1/37528467/buy,4 | 384 HAYDEN haiza Women Square Sunglasses Sizes: M Rs. 275 Rs. 1999 (86% OFF) VIEW SIMILAR wishlist Select a size M
Myntra,sunglasses,Voyage Unisex Wayfarer Sunglasses with UV Protected Lens,780.0,3000.0,74.0,2220.0,4.4,None,False,No,True,https://www.myntra.com/sunglasses/voyage/voyage-unisex-black-lens--black-wayfarer-sunglasses-with-uv-protected-lens/18809060/buy,4.4 | 3.2k AD Voyage Unisex Wayfarer Sunglasses with UV Protected Lens Sizes: L Rs. 780 Rs. 3000 (74% OFF) VIEW SIMILAR wishlist Select a size L
Myntra,sunglasses,Voyage UV Protected Lens Sunglasses,809.0,3000.0,73.0,2191.0,,None,False,No,True,https://www.myntra.com/sunglasses/voyage/voyage-gunmetal-toned-wayfarer-sunglasses-with-polarised-and-uv-protected-lens-19072mg4142/23580180/buy,4 | 115 AD Voyage UV Protected Lens Sunglasses Sizes: M Rs. 809 Rs. 3000 (Rs. 2191 OFF) VIEW SIMILAR wishlist Select a size M
Myntra,sunglasses,Voyage Unisex Square Sunglasses,722.0,1800.0,59.9,1078.0,4.4,None,False,No,False,https://www.myntra.com/sunglasses/voyage/voyage-unisex-square-sunglasses-8926mg2778/10392515/buy,4.4 | 3.6k AD Voyage Unisex Square Sunglasses Sizes: S Rs. 722 Rs. 1800 (Rs. 1078 OFF) VIEW SIMILAR wishlist Select a size S
Myntra,sunglasses,Voyage Unisex Round UV Sunglasses,900.0,3000.0,70.0,2100.0,4.3,None,False,No,True,https://www.myntra.com/sunglasses/voyage/voyage-unisex-round-polarized-sunglasses-3040pmg3981b/32581623/buy,4.3 | 332 AD Voyage Unisex Round UV Sunglasses Sizes: S Rs. 900 Rs. 3000 (70% OFF) VIEW SIMILAR wishlist Select a size S
Myntra,sunglasses,MANGO Women Round Sunglasses,777.0,2590.0,70.0,1813.0,,Only Few Left,True,No,True,https://www.myntra.com/sunglasses/mango/mango-women-round-sunglasses-with-uv-protected-lens---17012544/35410824/buy,AD MANGO Women Round Sunglasses Sizes: M Rs. 777 Rs. 2590 (70% OFF) Only Few Left! VIEW SIMILAR wishlist Select a size M
Myntra,sunglasses,Voyage Unisex Round Sunglasses,702.0,1800.0,61.0,1098.0,,Only Few Left,True,No,False,https://www.myntra.com/sunglasses/voyage/voyage-unisex-round-sunglasses/10748658/buy,4 | 47 AD Voyage Unisex Round Sunglasses Sizes: M Rs. 702 Rs. 1800 (61% OFF) Only Few Left! VIEW SIMILAR wishlist Select a size M
Myntra,sunglasses,Voyage Unisex Wayfarer Sunglasses with UV Protected Lens,990.0,3000.0,67.0,2010.0,4.3,None,False,No,False,https://www.myntra.com/sunglasses/voyage/voyage-unisex-wayfarer-sunglasses-with-uv-protected-lens-58243mg4164/23523390/buy,4.3 | 146 AD Voyage Unisex Wayfarer Sunglasses with UV Protected Lens Sizes: M Rs. 990 Rs. 3000 (67% OFF) VIEW SIMILAR wishlist Select a size M
Myntra,sunglasses,Voyage Women Oval Sunglasses,854.0,3000.0,72.0,2146.0,4.4,None,False,No,True,https://www.myntra.com/sunglasses/voyage/voyage-women-oval-sunglasses-with-uv-protected-lens-a3173wmg6891/36538677/buy,4.4 | 95 AD Voyage Women Oval Sunglasses Sizes: L Rs. 854 Rs. 3000 (72% OFF) VIEW SIMILAR wishlist Select a size L
Ajio,shoes,NIKE,4348.0,8695.0,50.0,4347.0,2.8,None,False,No,False,https://www.ajio.com/nike-men-air-winflo-11-wide-running-shoes/p/469817394_orange?,"NEWSEASON Quick View NIKE Men Air Winflo 11 Wide Running Shoes 2.8 |   4 ₹4,348 ₹8,695 (50% off) Offer Price: ₹ 3,913"
Ajio,shoes,NIKE,4848.0,9695.0,50.0,4847.0,4.9,None,False,No,False,https://www.ajio.com/nike-men-air-winflo-11-running-shoes/p/469817444_white?,"NEWSEASON Quick View NIKE Men Air Winflo 11 Running Shoes 4.9 |   7 ₹4,848 ₹9,695 (50% off) Offer Price: ₹ 4,363"
Ajio,shoes,NIKE,2748.0,5495.0,50.0,2747.0,3.3,None,False,No,False,https://www.ajio.com/nike-sb-heritage-vulc-low-top-lace-up-casual-shoes/p/460846168_white?,"BESTSELLER Quick View NIKE SB Heritage Vulc Low-Top Lace-Up Casual Shoes 3.3 |   201 ₹2,748 ₹5,495 (50% off) Offer Price: ₹ 2,473"
Ajio,shoes,NIKE,5398.0,10795.0,50.0,5397.0,2.3,None,False,No,False,https://www.ajio.com/nike-men-air-max-dawn-running-shoes/p/469817379_blue?,"NEWSEASON Quick View NIKE Men Air Max Dawn Running Shoes 2.3 |   3 ₹5,398 ₹10,795 (50% off) Best Price ₹ 4,858"
Ajio,shoes,Skechers,2200.0,5499.0,60.0,3299.0,4.2,None,False,No,False,https://www.ajio.com/skechers-go-run-consistant-lace-up-shoes/p/469544798_black?,"BESTSELLER Quick View Skechers Go Run Consistant Lace-Up Shoes 4.2 |   230 ₹2,200 ₹5,499 (60% off) Offer Price: ₹ 1,700"
Ajio,shoes,Puma,3099.0,4999.0,38.0,1900.0,4.1,None,False,No,False,https://www.ajio.com/puma-men-low-top-lace-up-running-shoes/p/703425552_charcoal?,"BESTSELLER Quick View Puma Men Low-Top Lace-Up Running Shoes 4.1 |   215 ₹3,099 ₹4,999 (38% off) Offer Price: ₹ 2,479"
Ajio,shoes,NIKE,3148.0,6295.0,50.0,3147.0,4.2,None,False,No,False,https://www.ajio.com/nike-quest-5-lace-up-running-shoes/p/469180114_black?,"BESTSELLER Quick View NIKE Quest 5 Lace-Up Running Shoes 4.2 |   1K ₹3,148 ₹6,295 (50% off) Offer Price: ₹ 2,833"
Ajio,shoes,Lee Cooper,570.0,1899.0,70.0,1329.0,4.1,None,False,No,True,https://www.ajio.com/lee-cooper-men-lace-up-shoes/p/450157154_black?,"BESTSELLER Quick View Lee Cooper Men Lace-Up Shoes 4.1 |   132 ₹570 ₹1,899 (70% off) Offer Price: ₹ 399"
Ajio,shoes,NIKE,6097.0,9995.0,39.0,3898.0,3.9,None,False,No,False,https://www.ajio.com/nike-men-air-max-90-lace-up-up-sneakers/p/469764328_blackgrey?,"BESTSELLER Quick View NIKE Men Air Max 90 Lace-Up-Up Sneakers 3.9 |   197 ₹6,097 ₹9,995 (39% off)"
Ajio,shoes,NIKE,3548.0,7095.0,50.0,3547.0,3.5,None,False,No,False,https://www.ajio.com/nike-men-ebernon-low-premium-lace-up-sneakers/p/469749335_white?,"BESTSELLER Quick View NIKE Men Ebernon Low Premium Lace-Up Sneakers 3.5 |   229 ₹3,548 ₹7,095 (50% off) Offer Price: ₹ 3,193"
Ajio,shoes,NIKE,5948.0,11895.0,50.0,5947.0,,None,False,No,False,https://www.ajio.com/nike-air-zoom-pegasus-40-running-shoes/p/469581827_black?,"BESTSELLER Quick View NIKE Air Zoom Pegasus 40 Running Shoes 4 |   148 ₹5,948 ₹11,895 (50% off) Offer Price: ₹ 5,353"
Ajio,shoes,NIKE,4871.0,6495.0,25.0,1624.0,4.3,None,False,No,False,https://www.ajio.com/nike-men-court-vision-low-lace-up-sneakers/p/469811285_white?,"BESTSELLER Quick View NIKE Men Court Vision Low Lace-Up  Sneakers 4.3 |   16 ₹4,871 ₹6,495 (25% off) Offer Price: ₹ 4,384"
Ajio,shoes,RED TAPE,986.0,5799.0,83.0,4813.0,4.1,None,False,No,True,https://www.ajio.com/red-tape-men-round-toe-lace-up-sneakers-/p/700333424_grey?,"Quick View RED TAPE Men Round-Toe Lace-Up Sneakers 4.1 |   1K ₹986 ₹5,799 (83% off) Offer Price: ₹ 887"
Ajio,shoes,Adidas Kids,3299.0,,,,1.0,None,False,Unknown,False,https://www.ajio.com/adidas-kids-boys-kids-stunicon-1-0-k-slip-on-shoes/p/410263517_blackwhite?,"BESTSELLER Quick View Adidas Kids Boys Kids Stunicon 1.0 K Slip-On Shoes 3.9 |   196 ₹3,299"
Ajio,shoes,NIKE,7998.0,15995.0,50.0,7997.0,,None,False,No,False,https://www.ajio.com/nike-men-air-max-2017-running-shoes/p/469817364_black?,"NEWSEASON Quick View NIKE Men Air Max 2017 Running Shoes ₹7,998 ₹15,995 (50% off) Best Price ₹ 7,198"
Ajio,shoes,NIKE,4547.0,6495.0,30.0,1948.0,3.8,None,False,No,False,https://www.ajio.com/nike-men-court-vision-low-lace-up-sneakers/p/469811286_grey?,"BESTSELLER Quick View NIKE Men Court Vision Low Lace-Up  Sneakers 3.8 |   26 ₹4,547 ₹6,495 (30% off) Offer Price: ₹ 4,092"
Ajio,shoes,Bata,599.0,999.0,40.0,400.0,4.1,None,False,No,False,https://www.ajio.com/bata-boys-round-toe-slip-on-shoes/p/701982312_black?,BESTSELLER Quick View Bata Boys Round-Toe Slip-On Shoes 4.1 |   16 ₹599 ₹999 (40% off) Offer Price: ₹ 419
Ajio,shoes,MAX,399.0,279.0,,-120.0,,None,False,Unknown,False,https://www.ajio.com/max-girls-mid-top-lace-up-shoes/p/703475592_white?,BESTSELLER Quick View MAX Girls Mid-Top Lace-Up Shoes 5 |   2 ₹399 Offer Price: ₹ 279
Ajio,shoes,RED TAPE,1105.0,8499.0,87.0,7394.0,3.8,None,False,No,True,https://www.ajio.com/red-tape-men-round-toe-sneakers-with-lace-fastening-/p/702521017_black?,"BESTSELLER Quick View RED TAPE Men Round-Toe Sneakers with Lace Fastening 3.8 |   1.1K ₹1,105 ₹8,499 (87% off)"
Ajio,shoes,Puma,1620.0,5999.0,73.0,4379.0,,None,False,No,True,https://www.ajio.com/puma-men-9-t-lace-up-sneakers/p/469652848_black?,"BESTSELLER Quick View Puma Men 9-T Lace-Up Sneakers 4 |   70 ₹1,620 ₹5,999 (73% off) Offer Price: ₹ 1,200"
Ajio,shoes,NIKE,3248.0,6495.0,50.0,3247.0,,None,False,No,False,https://www.ajio.com/nike-sb-alleyoop-lace-up-sneakers/p/469812816_blue?,"BESTSELLER Quick View NIKE SB Alleyoop Lace-Up Sneakers 4 |   85 ₹3,248 ₹6,495 (50% off) Offer Price: ₹ 2,923"
Ajio,shoes,NIKE,3748.0,7495.0,50.0,3747.0,3.5,None,False,No,False,https://www.ajio.com/nike-men-air-max-alpha-trainer-5-football-shoes/p/469551502_black?,"Quick View NIKE Men Air Max Alpha Trainer 5 Football Shoes 3.5 |   14 ₹3,748 ₹7,495 (50% off) Offer Price: ₹ 3,373"
Ajio,shoes,Puma,3360.0,7999.0,58.0,4639.0,3.7,None,False,No,False,https://www.ajio.com/puma-conduct-pro-running-shoes/p/701157897_black?,"Quick View Puma Conduct Pro Running Shoes 3.7 |   14 ₹3,360 ₹7,999 (58% off) Offer Price: ₹ 2,856"
Ajio,shoes,CONVERSE,4799.0,3839.0,,-960.0,4.2,None,False,Unknown,False,https://www.ajio.com/converse-unisex-chuck-taylor-all-star-high-top-canvas-sneakers/p/700111742_black?,"BESTSELLER Quick View CONVERSE Unisex Chuck Taylor All Star High-Top Canvas Sneakers 4.2 |   582 ₹4,799 Offer Price: ₹ 3,839"
Ajio,shoes,NIKE,3987.0,5695.0,30.0,1708.0,3.7,None,False,No,False,https://www.ajio.com/nike-precision-vii-basketball-shoes/p/469647492_white?,"Quick View NIKE Precision VII Basketball Shoes 3.7 |   141 ₹3,987 ₹5,695 (30% off) Offer Price: ₹ 3,588"
Ajio,shoes,NIKE,6295.0,,,,3.1,None,False,Unknown,False,https://www.ajio.com/nike-men-precision-8-mid-basketball-shoes/p/469815074_white?,"Quick View NIKE Men Precision 8 Mid Basketball Shoes 3.1 |   7 ₹6,295"
Ajio,shoes,NIKE,4555.0,8595.0,47.0,4040.0,4.2,None,False,No,False,https://www.ajio.com/nike-men-killshot-2-leather-tennis-shoes/p/469759369_blackgrey?,"Quick View NIKE Men Killshot 2 Leather Tennis Shoes 4.2 |   49 ₹4,555 ₹8,595 (47% off)"
Ajio,shoes,Puma,2100.0,4999.0,58.0,2899.0,3.8,None,False,No,False,https://www.ajio.com/puma-skyrocket-lite-running-shoes/p/701216813_black?,"BESTSELLER Quick View Puma Skyrocket Lite Running Shoes 3.8 |   353 ₹2,100 ₹4,999 (58% off) Offer Price: ₹ 1,600"
Ajio,shoes,NIKE,7995.0,,,,4.3,None,False,Unknown,False,https://www.ajio.com/nike-men-p-6000-running-shoes/p/469815001_white?,"BESTSELLER Quick View NIKE Men P-6000 Running Shoes 4.3 |   17 ₹7,995"
Ajio,shoes,NIKE,8295.0,6221.0,,-2074.0,3.9,None,False,Unknown,False,https://www.ajio.com/nike-men-dunk-low-lace-up-sneakers/p/469811255_white?,"BESTSELLER Quick View NIKE Men Dunk Low Lace-Up  Sneakers 3.9 |   11 ₹8,295 Offer Price: ₹ 6,221"
Ajio,shoes,Puma,2480.0,7999.0,69.0,5519.0,4.5,None,False,No,False,https://www.ajio.com/puma-men-sneakers-with-synthetic-upper/p/701115736_white?,"BESTSELLER Quick View Puma Men Sneakers with Synthetic upper 4.5 |   2 ₹2,480 ₹7,999 (69% off) Offer Price: ₹ 1,980"
Ajio,shoes,RED TAPE,1040.0,6499.0,84.0,5459.0,2.6,None,False,No,True,https://www.ajio.com/red-tape-men-printed-round-toe-lace-up-sport-shoes/p/703438203_beige?,"Quick View RED TAPE Men Printed Round Toe Lace-Up Sport Shoes 2.6 |   9 ₹1,040 ₹6,499 (84% off) Offer Price: ₹ 975"
Ajio,shoes,Puma,1575.0,4499.0,65.0,2924.0,3.8,None,False,No,False,https://www.ajio.com/puma-smashic-comfort-casual-sneakers/p/465654605_white?,"Quick View Puma Smashic Comfort Casual Sneakers 3.8 |   14.8K ₹1,575 ₹4,499 (65% off) Offer Price: ₹ 1,103"
Ajio,shoes,Puma,2800.0,7999.0,65.0,5199.0,3.4,None,False,No,False,https://www.ajio.com/puma-fade-pro-running-shoes/p/701157678_white?,"Quick View Puma Fade Pro Running Shoes 3.4 |   68 ₹2,800 ₹7,999 (65% off) Offer Price: ₹ 2,300"
Ajio,shoes,ADIDAS,2332.0,5299.0,56.0,2967.0,4.3,None,False,No,False,https://www.ajio.com/adidas-men-aero-turbo-thrive-running-shoes/p/469802472_black?,"BESTSELLER Quick View ADIDAS Men Aero Turbo Thrive Running Shoes 4.3 |   25 ₹2,332 ₹5,299 (56% off) Offer Price: ₹ 1,832"
Ajio,shoes,Under Armour,4124.0,7499.0,45.0,3375.0,4.3,None,False,No,False,https://www.ajio.com/under-armour-men-lockdown-7-basketball-shoes/p/469797738_blue?,"Quick View Under Armour Men Lockdown 7 Basketball Shoes 4.3 |   7 ₹4,124 ₹7,499 (45% off) Offer Price: ₹ 3,624"
Ajio,shoes,Skechers,2460.0,5999.0,59.0,3539.0,4.4,None,False,No,False,https://www.ajio.com/skechers-men-go-run-consistent-shoes/p/450165634_gray?,"Quick View Skechers Men Go Run Consistent Shoes 4.4 |   64 ₹2,460 ₹5,999 (59% off)"
Ajio,shoes,ASICS,3000.0,5999.0,50.0,2999.0,,None,False,No,False,https://www.ajio.com/asics-men-gel-venture-9-running-shoes/p/469718516_darkblue?,"Quick View ASICS Men Gel-Venture 9 Running Shoes ₹3,000 ₹5,999 (50% off) Offer Price: ₹ 2,500"
Ajio,watches,Giordano,5499.0,14950.0,63.0,9451.0,2.3,None,False,No,False,https://www.ajio.com/giordano-men-analogue-watch/p/701648644_black?,"Quick View Giordano Men Analogue Watch 2.3 |   3 ₹5,499 ₹14,950 (63% off) Offer Price: ₹ 4,949"
Ajio,watches,SONATA,5195.0,4695.0,,-500.0,,None,False,Unknown,False,https://www.ajio.com/sonata-men-chronos-analogue-watch-77187km06/p/4935286630_multi?,"Quick View SONATA Men Chronos Analogue Watch-77187KM06 ₹5,195 Offer Price: ₹ 4,695"
Ajio,watches,French Connection,3177.0,8450.0,62.0,5273.0,,None,False,No,False,https://www.ajio.com/french-connection-women-fcm06rtm-chronograph-watch-with-metallic-strap-/p/701177167_silver?,"Quick View French Connection Women FCM06RTM Chronograph Watch with Metallic Strap ₹3,177 ₹8,450 (62% off) Offer Price: ₹ 2,677"
Ajio,watches,KOTTY,323.0,1899.0,83.0,1576.0,,None,False,No,True,https://www.ajio.com/kotty-men-regular-fit-shirt/p/700488184_beige?,"Quick View KOTTY Men regular fit shirt ₹323 ₹1,899 (83% off) Offer Price: ₹ 277"
Ajio,watches,Memoir,800.0,1199.0,33.0,399.0,,None,False,No,False,https://www.ajio.com/memoir-men-brass-bracelet/p/700743123_white?,"Quick View Memoir Men Brass Bracelet ₹800 ₹1,199 (33% off) Offer Price: ₹ 560"
Ajio,watches,Pierre Lanier,42995.0,41495.0,,-1500.0,,None,False,Unknown,False,https://www.ajio.com/pierre-lanier-men-automatic-analog-stainless-steel-watch-345a459/p/702507359_black?,"Quick View Pierre Lanier Men Automatic Analog Stainless Steel Watch 345A459 ₹42,995 Offer Price: ₹ 41,495"
Ajio,watches,TREX,364.0,1299.0,72.0,935.0,,None,False,No,True,https://www.ajio.com/trex-women-analogue-watch-with-stainless-steel-strap-305/p/703180373_rosegold?,"Quick View TREX Women Analogue Watch with Stainless Steel Strap- 305 ₹364 ₹1,299 (72% off) Offer Price: ₹ 260"
Ajio,watches,Minutiae,340.0,1999.0,83.0,1659.0,,None,False,No,True,https://www.ajio.com/minutiae-gold-plated-evil-eye-crystal-stud-designed-watch-charms/p/701492812_gold?,"Quick View Minutiae Gold-Plated Evil-Eye Crystal Stud Designed  Watch Charms ₹340 ₹1,999 (83% off) Offer Price: ₹ 291"
Ajio,watches,Louis Devin,598.0,2599.0,77.0,2001.0,,None,False,No,True,https://www.ajio.com/louis-devin-set-of-2-women-analogue-wrist-watch-ldcm-191-blk-grn-/p/701770752_black?,"Quick View Louis Devin Set of 2 Women Analogue Wrist Watch-LDCM-191-BLK-GRN ₹598 ₹2,599 (77% off) Offer Price: ₹ 520"
Ajio,watches,Miraggio,2599.0,3999.0,35.0,1400.0,4.5,None,False,No,False,https://www.ajio.com/miraggio-kate-structured-shoulder-tote-bag/p/466306493_black?,"BESTSELLER Quick View Miraggio Kate Structured Shoulder Tote Bag 4.5 |   479 ₹2,599 ₹3,999 (35% off) Offer Price: ₹ 2,099"
Ajio,watches,Olevs,6415.0,18329.0,65.0,11914.0,,None,False,No,False,https://www.ajio.com/olevs-men-water-resistant-chronograph-watch-2859/p/702753791_black?,"Quick View Olevs Men Water-Resistant Chronograph Watch-2859 ₹6,415 ₹18,329 (65% off) Offer Price: ₹ 5,915"
Ajio,watches,Mathey- Tissot,18000.0,30000.0,40.0,12000.0,,None,False,No,False,https://www.ajio.com/mathey-tissot-men-swiss-made-quartz-limited-edition-silver-bracelet-style-watch--d7917tv/p/702410149_silver?,"BESTSELLER Quick View Mathey- Tissot Men Swiss Made Quartz Limited Edition Silver Bracelet Style Watch - D7917TV ₹18,000 ₹30,000 (40% off) Offer Price: ₹ 16,200"
Ajio,watches,JUST CAVALLI,26600.0,33250.0,20.0,6650.0,,None,False,No,False,https://www.ajio.com/just-cavalli-women-spiral-wrist-watch-jc1l391m0035/p/702818265_rosegold?,"BESTSELLER Quick View JUST CAVALLI Women Spiral Wrist Watch-JC1L391M0035 ₹26,600 ₹33,250 (20% off) Offer Price: ₹ 23,940"
Ajio,watches,XAGO,1440.0,1600.0,10.0,160.0,,None,False,No,False,https://www.ajio.com/xago-gold-plated-drop-earrings/p/464971943_red?,"Quick View XAGO Gold-Plated Drop Earrings ₹1,440 ₹1,600 (10% off) Offer Price: ₹ 1,008"
Ajio,watches,Salty,2384.0,4499.0,47.0,2115.0,,None,False,No,False,https://www.ajio.com/salty-women-analogue-watch-with-jewellery-clasp--wt-s-0029-g-g/p/703398315_gold?,"NEW Quick View Salty Women Analogue Watch with Jewellery Clasp - WT-S-0029-G-G ₹2,384 ₹4,499 (47% off) Offer Price: ₹ 1,884"
Ajio,watches,TREX,300.0,999.0,70.0,699.0,3.3,None,False,No,True,https://www.ajio.com/trex-women-pack-of-2-printed-dial-analogue-watches-zzlyblack-grey1/p/700825196_multi?,Quick View TREX Women Pack of 2 Printed Dial Analogue Watches-ZZLYBLACK+GREY1 3.3 |   3 ₹300 ₹999 (70% off) Offer Price: ₹ 210
Ajio,watches,Daniel Klein,7595.0,10850.0,30.0,3255.0,,None,False,No,False,https://www.ajio.com/daniel-klein-men-analogue-watch/p/701550421_silver?,"Quick View Daniel Klein Men Analogue Watch ₹7,595 ₹10,850 (30% off) Offer Price: ₹ 6,836"
Ajio,watches,Crestello,480.0,1999.0,76.0,1519.0,3.3,None,False,No,True,https://www.ajio.com/crestello--men-analogue-watch/p/700989167_silver?,"Quick View Crestello Men  Analogue Watch 3.3 |   35 ₹480 ₹1,999 (76% off) Offer Price: ₹ 400"
Ajio,watches,TORNADO,19320.0,27600.0,30.0,8280.0,,None,False,No,False,https://www.ajio.com/tornado-men-analogue-wrist-watch-with-tang-buckle-closure-t25001-blbb/p/702844060_black?,"Quick View TORNADO Men Analogue Wrist Watch with Tang Buckle Closure-T25001-BLBB ₹19,320 ₹27,600 (30% off) Offer Price: ₹ 18,820"
Ajio,watches,Andamen,2394.0,3990.0,40.0,1596.0,,None,False,No,False,https://www.ajio.com/andamen-printed-regular-fit-cotton-shirt/p/467276665_green?,"Quick View Andamen Printed Regular Fit Cotton Shirt 4 |   2 ₹2,394 ₹3,990 (40% off) Offer Price: ₹ 2,155"
Ajio,watches,Joker & Witch,1900.0,7598.0,75.0,5698.0,,None,False,No,True,https://www.ajio.com/joker--witch-women-analogue-watch/p/701511260_rosegold?,"Quick View Joker & Witch Women Analogue Watch ₹1,900 ₹7,598 (75% off) Offer Price: ₹ 1,520"
Ajio,watches,Daniel Klein,10845.0,12050.0,10.0,1205.0,,None,False,No,False,https://www.ajio.com/daniel-klein-women-round-dial-analogue-watch/p/702310452_silver?,"Quick View Daniel Klein Women Round Dial Analogue Watch ₹10,845 ₹12,050 (10% off) Offer Price: ₹ 9,845"
Ajio,watches,VALLEY OF JEWELLERY (VOJ),330.0,3000.0,89.0,2670.0,,None,False,No,True,https://www.ajio.com/valley-of-jewellery-voj-women-silver-plated-necklace--earrings-set/p/700274296_silver?,"Quick View VALLEY OF JEWELLERY (VOJ) Women Silver-Plated Necklace & Earrings Set ₹330 ₹3,000 (89% off) Offer Price: ₹ 283"
Ajio,watches,THE BRO CODE,598.0,2599.0,77.0,2001.0,2.8,None,False,No,True,https://www.ajio.com/the-bro-code-combo-of-4-set/p/466245881_white?,"Quick View THE BRO CODE Combo of 4 Set 2.8 |   4 ₹598 ₹2,599 (77% off) Offer Price: ₹ 512"
Ajio,watches,LORENZ,549.0,1999.0,73.0,1450.0,,None,False,No,True,https://www.ajio.com/lorenz-mk-4044r-round-dial-analogue-watch/p/466248073_silver?,"Quick View LORENZ MK-4044R Round Dial Analogue Watch 4 |   25 ₹549 ₹1,999 (73% off) Offer Price: ₹ 400"
Ajio,watches,Joker & Witch,1400.0,5598.0,75.0,4198.0,,None,False,No,True,https://www.ajio.com/joker--witch-women-analogue-watch-with-bracelet/p/701507309_rosegold?,"Quick View Joker & Witch Women Analogue Watch with Bracelet ₹1,400 ₹5,598 (75% off) Offer Price: ₹ 1,120"
Ajio,watches,Daniel Klein,3465.0,5250.0,34.0,1785.0,,None,False,No,False,https://www.ajio.com/daniel-klein-dk-1-12335-6-water-resistant-analogue-watch/p/460606625_gunmetal?,"Quick View Daniel Klein DK.1.12335-6 Water-Resistant Analogue Watch 5 |   3 ₹3,465 ₹5,250 (34% off) Offer Price: ₹ 2,965"
Ajio,watches,Carlington,1000.0,4999.0,80.0,3999.0,,None,False,No,True,https://www.ajio.com/carlington-men-digital-watch/p/701543884_green?,"Quick View Carlington Men Digital Watch ₹1,000 ₹4,999 (80% off) Offer Price: ₹ 900"
Ajio,watches,FASTRACK,12995.0,12245.0,,-750.0,3.0,None,False,Unknown,False,https://www.ajio.com/fastrack-men-automatics-3-0-analog-watch-3333qm02/p/4935316470_multi?,"Quick View FASTRACK Men Automatics 3.0 Analog Watch-3333QM02 ₹12,995 Offer Price: ₹ 12,245"
Ajio,watches,Casio,6995.0,5995.0,,-1000.0,3.8,None,False,Unknown,False,https://www.ajio.com/casio-men-water-resistant-analogue-watch-mtp-b145d-2a2vdf/p/469595326_blue?,"Quick View Casio Men Water-Resistant Analogue Watch-MTP-B145D-2A2VDF 3.8 |   35 ₹6,995 Offer Price: ₹ 5,995"
Ajio,watches,Daniel Klein,5100.0,8500.0,40.0,3400.0,,None,False,No,False,https://www.ajio.com/daniel-klein-women-analogue-watch--dk-1-14154-5/p/703315961_brown?,"Quick View Daniel Klein Women Analogue Watch - DK.1.14154-5 ₹5,100 ₹8,500 (40% off) Offer Price: ₹ 4,590"
Ajio,watches,Swisstyle,399.0,2599.0,85.0,2200.0,,None,False,No,True,https://www.ajio.com/swisstyle-ht-gr353-blk-blk-round-dial-analogue-watch/p/466424585_black?,"Quick View Swisstyle HT-GR353-BLK-BLK Round-Dial Analogue Watch ₹399 ₹2,599 (85% off) Offer Price: ₹ 390"
Ajio,watches,Daniel Klein,7625.0,15250.0,50.0,7625.0,,None,False,No,False,https://www.ajio.com/daniel-klein-analogue-watch-with-deployant-clasp/p/467180343_gold?,"Quick View Daniel Klein Analogue Watch with Deployant Clasp ₹7,625 ₹15,250 (50% off) Offer Price: ₹ 6,863"
Ajio,watches,VALANOVA,31524.0,36507.0,14.0,4983.0,,None,False,No,False,https://www.ajio.com/valanova-women-diamond-studded-ring-agr0100b-byl/p/469648985_yellow?,"Quick View VALANOVA Women Diamond Studded Ring-AGR0100B-BYL ₹31,524 ₹36,507 (14% off) Offer Price: ₹ 30,894"
Ajio,watches,Olevs,4780.0,11949.0,60.0,7169.0,,None,False,No,False,https://www.ajio.com/olevs-men-wrist-watch-3655/p/702798703_silver?,"Quick View Olevs Men Wrist Watch-3655 ₹4,780 ₹11,949 (60% off) Offer Price: ₹ 4,280"
Ajio,watches,ABDESIGNS,600.0,1199.0,50.0,599.0,,None,False,No,False,https://www.ajio.com/abdesigns-women-gold-plated-beaded-link-bracelet/p/700109866_white?,"Quick View ABDESIGNS Women Gold-Plated Beaded Link Bracelet ₹600 ₹1,199 (50% off) Offer Price: ₹ 420"
Ajio,watches,Olevs,3660.0,9149.0,60.0,5489.0,,None,False,No,False,https://www.ajio.com/olevs-women-analogue-watch-with-water-resistance--3692/p/702798926_silver?,"Quick View Olevs Women Analogue Watch with Water Resistance - 3692 ₹3,660 ₹9,149 (60% off) Offer Price: ₹ 3,160"
Ajio,watches,Timex,2195.0,5995.0,63.0,3800.0,,None,False,No,False,https://www.ajio.com/timex-rectangle-wearable-gadgets/p/700922497_black?,"Quick View Timex Rectangle Wearable Gadgets ₹2,195 ₹5,995 (63% off) Offer Price: ₹ 1,976"
Ajio,watches,Ray-Ban,10488.0,12790.0,18.0,2302.0,,None,False,No,False,https://www.ajio.com/ray-ban-0rb385791963151-full-rim-square-sunglasses/p/460710020_gold?,"Quick View Ray-Ban 0RB385791963151 Full-Rim Square Sunglasses ₹10,488 ₹12,790 (18% off) Offer Price: ₹ 9,738"
Ajio,watches,Buda Jeans Co,735.0,3499.0,79.0,2764.0,,None,False,No,True,https://www.ajio.com/buda-jeans-co-men-round-dial-shape-wrist-watch/p/703174724_black?,"NEW Quick View Buda Jeans Co Men Round Dial Shape Wrist Watch ₹735 ₹3,499 (79% off) Offer Price: ₹ 662"
Ajio,watches,UNSIZED,2799.0,2299.0,,-500.0,,None,False,Unknown,False,https://www.ajio.com/unsized-men-regular-fit-shirt-with-spread-collar/p/466914259_pink?,"Quick View UNSIZED Men Regular Fit Shirt with Spread Collar ₹2,799 Offer Price: ₹ 2,299"
Ajio,watches,Casio,2995.0,2396.0,,-599.0,4.5,None,False,Unknown,False,https://www.ajio.com/casio-d097-youth-men-ae-1200wh-1avdf-digital-wrist-watch/p/4910101030_multi?,"Quick View Casio D097 Youth Men (AE-1200WH-1AVDF) Digital Wrist Watch 4.5 |   613 ₹2,995 Offer Price: ₹ 2,396"
Ajio,watches,Carlington,1020.0,2999.0,66.0,1979.0,4.1,None,False,No,False,https://www.ajio.com/carlington-men-digital-watch-endurance-1801-/p/702487726_black?,"BESTSELLER Quick View Carlington Men Digital Watch-Endurance 1801 4.1 |   50 ₹1,020 ₹2,999 (66% off) Offer Price: ₹ 714"
Ajio,watches,Giordano,6999.0,13995.0,50.0,6996.0,3.3,None,False,No,False,https://www.ajio.com/giordano-men-analogue-watch/p/701417974_multi?,"Quick View Giordano Men Analogue Watch 3.3 |   17 ₹6,999 ₹13,995 (50% off) Offer Price: ₹ 6,299"
Ajio,watches,LORENZ,499.0,1499.0,67.0,1000.0,3.9,None,False,No,False,https://www.ajio.com/lorenz-mk-4041r-round-shape-analogue-watch/p/466281394_black?,"Quick View LORENZ MK-4041R Round Shape Analogue Watch 3.9 |   348 ₹499 ₹1,499 (67% off) Offer Price: ₹ 349"
Ajio,watches,French Connection,2542.0,6950.0,63.0,4408.0,3.7,None,False,No,False,https://www.ajio.com/french-connection-women-green-dial-iris-analogue-watch--fcb5grl/p/700204894_green?,"Quick View French Connection Women Green Dial Iris Analogue Watch - FCB5GRL 3.7 |   9 ₹2,542 ₹6,950 (63% off) Offer Price: ₹ 2,042"
Ajio,watches,Haute Sauce,985.0,2188.0,55.0,1203.0,3.9,None,False,No,False,https://www.ajio.com/haute-sauce-hswc1093-stone-studded-analogue-watch-/p/465921935_gold?,"Quick View Haute Sauce HSWC1093 Stone-Studded Analogue Watch 3.9 |   56 ₹985 ₹2,188 (55% off) Offer Price: ₹ 690"
Ajio,watches,Louis Devin,480.0,1999.0,76.0,1519.0,3.2,None,False,No,True,https://www.ajio.com/louis-devin-ld-cp188-brw-bwch-women-round-analogue-watch/p/701756804_brown?,"BESTSELLER Quick View Louis Devin LD-CP188-BRW-BWCH Women Round Analogue Watch 3.2 |   26 ₹480 ₹1,999 (76% off) Offer Price: ₹ 400"
Ajio,watches,Maserati,15743.0,24220.0,35.0,8477.0,4.4,None,False,No,False,https://www.ajio.com/maserati-round-shaped-analogue-watch/p/463985435_black?,"Quick View Maserati Round-Shaped Analogue Watch 4.4 |   72 ₹15,743 ₹24,220 (35% off) Offer Price: ₹ 14,743"
Ajio,watches,Joker & Witch,1375.0,5499.0,75.0,4124.0,4.1,None,False,No,True,https://www.ajio.com/joker--witch-women-round-dial-analogue-watch-/p/701505723_gold?,"Quick View Joker & Witch Women Round Dial Analogue Watch 4.1 |   8 ₹1,375 ₹5,499 (75% off) Offer Price: ₹ 1,100"
Ajio,watches,GUESS,9347.0,16995.0,45.0,7648.0,,None,False,No,False,https://www.ajio.com/guess-water-resistant-chronograph-watch-gw0202g6/p/703373754_white?,"NEWSEASON Quick View GUESS Water-Resistant Chronograph Watch-GW0202G6 ₹9,347 ₹16,995 (45% off) Offer Price: ₹ 8,347"
Ajio,watches,Carlington,1410.0,2999.0,53.0,1589.0,3.7,None,False,No,False,https://www.ajio.com/carlington-men-round-dial-tang-buckle-watch/p/700915291_teal?,"BESTSELLER Quick View Carlington Men Round-Dial Tang Buckle Watch 3.7 |   112 ₹1,410 ₹2,999 (53% off) Offer Price: ₹ 987"
Ajio,watches,Joker & Witch,800.0,3199.0,75.0,2399.0,3.8,None,False,No,True,https://www.ajio.com/joker--witch-women-analogue-watch-with-leather-strap-amww639/p/466700931_beige?,"BESTSELLER Quick View Joker & Witch Women Analogue Watch with Leather Strap-AMWW639 3.8 |   24 ₹800 ₹3,199 (75% off) Offer Price: ₹ 640"
Ajio,watches,TITAN,8295.0,7295.0,,-1000.0,,None,False,Unknown,False,https://www.ajio.com/titan-men-water-resistant-analogue-watch-nu1805qm04/p/4935353490_multi?,"NEW Quick View TITAN Men Water-Resistant Analogue Watch-NU1805QM04 ₹8,295 Offer Price: ₹ 7,295"
Ajio,watches,Swisstyle,480.0,1999.0,76.0,1519.0,3.1,None,False,No,True,https://www.ajio.com/swisstyle-men-water-resistant-analogue-wrist-watch/p/701360492_silver?,"Quick View Swisstyle Men Water-Resistant Analogue Wrist Watch 3.1 |   34 ₹480 ₹1,999 (76% off) Offer Price: ₹ 400"
Ajio,watches,ARMANI EXCHANGE,15995.0,14396.0,,-1599.0,3.4,None,False,Unknown,False,https://www.ajio.com/armani-exchange-men-water-resistant-chronograph-watch-ax7165set/p/4934127120_multi?,"BESTSELLER Quick View ARMANI EXCHANGE Men Water-Resistant Chronograph Watch-AX7165SET 3.4 |   11 ₹15,995 Offer Price: ₹ 14,396"
Ajio,watches,GUESS,13747.0,24995.0,45.0,11248.0,,None,False,No,False,https://www.ajio.com/guess-gold-dial-chrono-watch--gw0048g2/p/703148597_black?,"Quick View GUESS Gold Dial Chrono Watch - GW0048G2 ₹13,747 ₹24,995 (45% off) Offer Price: ₹ 12,747"
Ajio,watches,FASTRACK,1995.0,2850.0,30.0,855.0,4.7,None,False,No,False,https://www.ajio.com/fastrack-men-water-resistance-analog-watch-fv30012qm01w/p/4935094610_multi?,"Quick View FASTRACK Men Water-Resistance Analog Watch-FV30012QM01W 4.7 |   10 ₹1,995 ₹2,850 (30% off) Offer Price: ₹ 1,495"
Ajio,watches,FOSSIL,7498.0,14995.0,50.0,7497.0,4.5,None,False,No,False,https://www.ajio.com/fossil-fs5830-everett-analogue-watch/p/469178299_gunmetal?,"Quick View FOSSIL FS5830 Everett Analogue Watch 4.5 |   4 ₹7,498 ₹14,995 (50% off) Offer Price: ₹ 6,498"
Ajio,watches,FASTRACK,1677.0,2490.0,33.0,813.0,4.7,None,False,No,False,https://www.ajio.com/fastrack-men-vyb-water-resistant-analogue-watch-fv30031km01w/p/469792547_blue?,"Quick View FASTRACK Men Vyb Water-Resistant Analogue Watch-FV30031KM01W 4.7 |   6 ₹1,677 ₹2,490 (33% off) Offer Price: ₹ 1,177"
Ajio,watches,TOMMY HILFIGER,6475.0,9250.0,30.0,2775.0,,None,False,No,False,https://www.ajio.com/tommy-hilfiger-men-water-resistant-analogue-watch-th1792200/p/4934868970_multi?,"Quick View TOMMY HILFIGER Men Water-Resistant Analogue Watch-TH1792200 ₹6,475 ₹9,250 (30% off) Offer Price: ₹ 5,475"
Ajio,watches,TITAN,3445.0,2756.0,,-689.0,3.3,None,False,Unknown,False,https://www.ajio.com/titan-men-analogue-watch-nu1825sm11/p/4935353750_multi?,"NEW Quick View TITAN Men Analogue Watch-NU1825SM11 3.3 |   4 ₹3,445 Offer Price: ₹ 2,756"
Ajio,watches,ARMANI EXCHANGE,11495.0,10495.0,,-1000.0,3.2,None,False,Unknown,False,https://www.ajio.com/armani-exchange-men-water-resistant-chronograph-watch-ax4167/p/4934126860_multi?,"BESTSELLER Quick View ARMANI EXCHANGE Men Water-Resistant Chronograph Watch-AX4167 3.2 |   15 ₹11,495 Offer Price: ₹ 10,495"
Ajio,watches,GUESS,8797.0,15995.0,45.0,7198.0,3.9,None,False,No,False,https://www.ajio.com/guess-men-analogue-watch/p/700769127_blue?,"Quick View GUESS Men Analogue Watch 3.9 |   34 ₹8,797 ₹15,995 (45% off) Offer Price: ₹ 7,797"
Ajio,watches,Louis Devin,460.0,1999.0,77.0,1539.0,4.2,None,False,No,True,https://www.ajio.com/louis-devin-women-analogue-wrist-watch-ld-ls193-slv-ch/p/702163983_silver?,"BESTSELLER Quick View Louis Devin Women Analogue Wrist Watch-LD-LS193-SLV-CH 4.2 |   24 ₹460 ₹1,999 (77% off) Offer Price: ₹ 400"
Ajio,watches,DANIEL HECHTER,3088.0,5450.0,43.0,2362.0,,None,False,No,False,https://www.ajio.com/daniel-hechter-men-analogue-wrist-watch-with-tang-buckle-closure-dhm1001/p/701417443_black?,"Quick View DANIEL HECHTER Men Analogue Wrist Watch with Tang Buckle Closure-DHM1001 4 |   101 ₹3,088 ₹5,450 (43% off) Offer Price: ₹ 2,588"
Ajio,watches,French Connection,4930.0,19999.0,75.0,15069.0,3.5,None,False,No,True,https://www.ajio.com/french-connection-men-black-dial-automatic-watch--fca05-5/p/467191457_rosegold?,"Quick View French Connection Men Black Dial Automatic Watch - FCA05-5 3.5 |   16 ₹4,930 ₹19,999 (75% off) Offer Price: ₹ 4,430"
Ajio,watches,Haute Sauce,637.0,1990.0,68.0,1353.0,3.2,None,False,No,False,https://www.ajio.com/haute-sauce-fw22-hswc1025-analogue-watch-with-stainless-steel-strap/p/464906682_silver?,"Quick View Haute Sauce FW22-HSWC1025 Analogue Watch with Stainless Steel Strap 3.2 |   36 ₹637 ₹1,990 (68% off) Offer Price: ₹ 446"
Ajio,watches,Joker & Witch,950.0,3799.0,75.0,2849.0,3.4,None,False,No,True,https://www.ajio.com/joker--witch-analogue-watch-with-square-dial/p/463414311_rosegold?,"Quick View Joker & Witch Analogue Watch with Square Dial 3.4 |   99 ₹950 ₹3,799 (75% off) Offer Price: ₹ 760"
Ajio,watches,UNITED COLORS OF BENETTON,1998.0,3995.0,50.0,1997.0,,None,False,No,False,https://www.ajio.com/united-colors-of-benetton--men-round-dial-analog-watch/p/701113068_silver?,"Quick View UNITED COLORS OF BENETTON Men  Round Dial Analog Watch ₹1,998 ₹3,995 (50% off) Offer Price: ₹ 1,498"
Ajio,watches,GUESS,11547.0,20995.0,45.0,9448.0,4.6,None,False,No,False,https://www.ajio.com/guess-men-analogue-watch--gw0265g2/p/700772390_gold?,"BESTSELLER Quick View GUESS Men Analogue Watch - GW0265G2 4.6 |   29 ₹11,547 ₹20,995 (45% off) Offer Price: ₹ 10,547"
Ajio,watches,Frank Time,687.0,1499.0,54.0,812.0,3.5,None,False,No,False,https://www.ajio.com/frank-time-men-ft-0049-sl-rectangular-shaped-analogue-watch-with-tang-buckle-closure/p/700355207_black?,"Quick View Frank Time Men FT-0049 SL Rectangular Shaped Analogue Watch with Tang Buckle Closure 3.5 |   11 ₹687 ₹1,499 (54% off) Offer Price: ₹ 481"
Ajio,watches,Carlington,1050.0,6999.0,85.0,5949.0,3.5,None,False,No,True,https://www.ajio.com/carlington-men-digital-wrist-watch--endurance-9145-black/p/701520704_black?,"BESTSELLER Quick View Carlington Men Digital Wrist Watch - Endurance 9145 Black 3.5 |   60 ₹1,050 ₹6,999 (85% off)"
Ajio,watches,Mathey- Tissot,21000.0,30000.0,30.0,9000.0,,None,False,No,False,https://www.ajio.com/mathey-tissot-men-swiss-made-quartz-multicolor-bracelet-style-watch--h453rn/p/702410006_multi?,"Quick View Mathey- Tissot Men Swiss Made Quartz Multicolor Bracelet Style Watch - H453RN ₹21,000 ₹30,000 (30% off) Offer Price: ₹ 18,900"
Ajio,watches,TREX,288.0,1029.0,72.0,741.0,3.6,None,False,No,True,https://www.ajio.com/trex-women-wrist-watches--lr/p/702660854_rosegold?,"Quick View TREX Women Wrist Watches - LR 3.6 |   39 ₹288 ₹1,029 (72% off) Offer Price: ₹ 206"
Ajio,watches,DANIEL HECHTER,3299.0,6450.0,49.0,3151.0,4.1,None,False,No,False,https://www.ajio.com/daniel-hechter-men-chronograph-watch-with-silicone-strap--dhm1007/p/701432816_green?,"Quick View DANIEL HECHTER Men Chronograph Watch with Silicone Strap - DHM1007 4.1 |   19 ₹3,299 ₹6,450 (49% off) Offer Price: ₹ 2,799"
Ajio,watches,FASTRACK,1750.0,2500.0,30.0,750.0,4.2,None,False,No,False,https://www.ajio.com/fastrack-women-water-resistance-analoug-watch-fv60045qm01w/p/4935094740_multi?,"Quick View FASTRACK Women Water-Resistance Analoug Watch-FV60045QM01W 4.2 |   5 ₹1,750 ₹2,500 (30% off) Offer Price: ₹ 1,250"
Ajio,watches,Swiss Military By Chrono,15960.0,26600.0,40.0,10640.0,,None,False,No,False,https://www.ajio.com/swiss-military-by-chrono-water-resistant-analogue-watch-sm34021-05/p/703312062_black?,"Quick View Swiss Military By Chrono Water-Resistant Analogue Watch-SM34021.05 ₹15,960 ₹26,600 (40% off) Offer Price: ₹ 15,210"
Ajio,watches,Invicta,6555.0,16500.0,60.0,9945.0,4.7,None,False,No,False,https://www.ajio.com/invicta-men-quartz-silver-bracelet-style-watch--47355/p/701002092_silver?,"Quick View Invicta Men Quartz Silver Bracelet Style Watch - 47355 4.7 |   23 ₹6,555 ₹16,500 (60% off) Offer Price: ₹ 5,555"
Ajio,watches,Casio,4495.0,3596.0,,-899.0,,None,False,Unknown,False,https://www.ajio.com/casio-men-enticer-stainless-steel-analogue-watch-mtp-1302da-3avdf/p/4935329800_multi?,"Quick View Casio Men Enticer Stainless Steel Analogue Watch-MTP-1302DA-3AVDF ₹4,495 Offer Price: ₹ 3,596"
Ajio,watches,Giordano,2999.0,7950.0,62.0,4951.0,3.7,None,False,No,False,https://www.ajio.com/giordano-women-analogue-wrist-watch-with-stainless-steel-strap--gz-60103-11/p/702105971_silver?,"Quick View Giordano Women Analogue Wrist Watch with Stainless Steel Strap - GZ-60103-11 3.7 |   12 ₹2,999 ₹7,950 (62% off) Offer Price: ₹ 2,499"
Ajio,watches,Giordano,4299.0,10950.0,61.0,6651.0,,None,False,No,False,https://www.ajio.com/giordano-men-square-dial-chronograph-watch/p/701419000_blue?,"Quick View Giordano Men Square Dial Chronograph Watch 4 |   7 ₹4,299 ₹10,950 (61% off) Offer Price: ₹ 3,799"
Ajio,watches,Invicta,7334.0,23500.0,69.0,16166.0,4.5,None,False,No,False,https://www.ajio.com/invicta-men-analogue-multicolor-bracelet-style-watch--40010/p/466874074_silver?,"BESTSELLER Quick View Invicta Men Analogue Multicolor Bracelet Style Watch - 40010 4.5 |   25 ₹7,334 ₹23,500 (69% off) Offer Price: ₹ 6,334"
Ajio,watches,Timex,2877.0,4795.0,40.0,1918.0,4.2,None,False,No,False,https://www.ajio.com/timex-men-tweg184smu12-analogue-wrist-watch/p/467196852_black?,"Quick View Timex Men TWEG184SMU12 Analogue Wrist Watch 4.2 |   19 ₹2,877 ₹4,795 (40% off) Offer Price: ₹ 2,377"
Ajio,watches,TITAN,1906.0,1995.0,4.0,89.0,3.9,None,False,No,False,https://www.ajio.com/titan-np1802sl06-water-resistant-analogue-watch/p/4928527420_multi?,"BESTSELLER Quick View TITAN NP1802SL06 Water-Resistant Analogue Watch 3.9 |   30 ₹1,906 ₹1,995 (4% off) Offer Price: ₹ 1,406"
Ajio,watches,D1 Milano,13983.0,16450.0,15.0,2467.0,,None,False,No,False,https://www.ajio.com/d1-milano-analogue-wrist-watch-with-synthentic-strap-pcbj49/p/703255906_blue?,"Quick View D1 Milano Analogue Wrist Watch with Synthentic Strap-PCBJ49 ₹13,983 ₹16,450 (15% off) Offer Price: ₹ 12,983"
Ajio,watches,TREX,280.0,999.0,72.0,719.0,3.5,None,False,No,True,https://www.ajio.com/trex-women-analogue-watch/p/701051070_blue?,BESTSELLER Quick View TREX Women Analogue Watch 3.5 |   174 ₹280 ₹999 (72% off) Offer Price: ₹ 200
Ajio,watches,Unltd.,1559.0,11995.0,87.0,10436.0,,None,False,No,True,https://www.ajio.com/unltd-men-analogue-watch/p/701092085_blue?,"Quick View Unltd. Men Analogue Watch ₹1,559 ₹11,995 (87% off)"
Ajio,watches,LORENZ,449.0,1499.0,70.0,1050.0,3.5,None,False,No,True,https://www.ajio.com/lorenz-mk-4039r-round-dial-analogue-watch/p/466248071_brown?,"Quick View LORENZ MK-4039R Round Dial Analogue Watch 3.5 |   34 ₹449 ₹1,499 (70% off) Offer Price: ₹ 314"
Ajio,watches,Haute Sauce,930.0,1859.0,50.0,929.0,3.5,None,False,No,False,https://www.ajio.com/haute-sauce-hswc1159-analogue-wrist-watch-with-embellished-dial/p/466625121_rosegold?,"Quick View Haute Sauce HSWC1159 Analogue Wrist Watch with Embellished Dial 3.5 |   69 ₹930 ₹1,859 (50% off) Offer Price: ₹ 651"
Ajio,watches,GUESS,16146.0,18995.0,15.0,2849.0,3.8,None,False,No,False,https://www.ajio.com/guess-gw0265g8-analogue-watch-with-metal-strap/p/464945732_multi?,"Quick View GUESS GW0265G8 Analogue Watch with Metal Strap 3.8 |   20 ₹16,146 ₹18,995 (15% off) Offer Price: ₹ 14,531"
Ajio,watches,Giordano,2499.0,7500.0,67.0,5001.0,3.5,None,False,No,False,https://www.ajio.com/giordano-women-water-resistant-analogue-watch-gz-60057/p/4933858080_multi?,"BESTSELLER Quick View Giordano Women Water-Resistant Analogue Watch-GZ-60057 3.5 |   4 ₹2,499 ₹7,500 (67% off) Offer Price: ₹ 1,999"
Ajio,watches,Timex,2097.0,3495.0,40.0,1398.0,4.3,None,False,No,False,https://www.ajio.com/timex-women-analogue-watch-with-metal-strap-twtl121smu02/p/467199843_rosegold?,"BESTSELLER Quick View Timex Women Analogue Watch with Metal Strap-TWTL121SMU02 4.3 |   58 ₹2,097 ₹3,495 (40% off) Offer Price: ₹ 1,597"
Ajio,watches,ARMANI EXCHANGE,9447.0,13495.0,30.0,4048.0,,None,False,No,False,https://www.ajio.com/armani-exchange-women-round-dial-shape-watch/p/702384656_black?,"BESTSELLER Quick View ARMANI EXCHANGE Women Round Dial Shape Watch ₹9,447 ₹13,495 (30% off) Offer Price: ₹ 8,447"
Ajio,watches,Joker & Witch,2500.0,9999.0,75.0,7499.0,3.6,None,False,No,True,https://www.ajio.com/joker--witch-women-round-dial-analogue-watch/p/701505702_white?,"BESTSELLER Quick View Joker & Witch Women Round Dial Analogue Watch 3.6 |   28 ₹2,500 ₹9,999 (75% off) Offer Price: ₹ 2,000"
Ajio,watches,Timex,1995.0,5495.0,64.0,3500.0,,None,False,No,False,https://www.ajio.com/timex-unisex-smart-wrist-watch-with-silicone-strap--twixw1500t/p/702250189_black?,"BESTSELLER Quick View Timex Unisex Smart Wrist Watch with Silicone Strap - TWIXW1500T 4 |   5 ₹1,995 ₹5,495 (64% off) Offer Price: ₹ 1,796"
Ajio,watches,Invicta,6412.0,16500.0,61.0,10088.0,4.2,None,False,No,False,https://www.ajio.com/invicta-men-analogue-silver-bracelet-style-watch--26970/p/467074106_silver?,"BESTSELLER Quick View Invicta Men Analogue Silver Bracelet Style Watch - 26970 4.2 |   35 ₹6,412 ₹16,500 (61% off) Offer Price: ₹ 5,412"
Ajio,watches,Unltd.,1619.0,8995.0,82.0,7376.0,,None,False,No,True,https://www.ajio.com/unltd-women-analogue-watch/p/701105653_gold?,"Quick View Unltd. Women Analogue Watch ₹1,619 ₹8,995 (82% off) Offer Price: ₹ 1,457"
Ajio,watches,Casio,3995.0,3196.0,,-799.0,4.4,None,False,Unknown,False,https://www.ajio.com/casio-men-water-resistant-analogue-watch-mtp-1302pd-2avef/p/469595324_blue?,"Quick View Casio Men Water-Resistant Analogue Watch-MTP-1302PD-2AVEF 4.4 |   71 ₹3,995 Offer Price: ₹ 3,196"
Ajio,watches,Daniel Klein,3308.0,7350.0,55.0,4042.0,4.2,None,False,No,False,https://www.ajio.com/daniel-klein-women-dk11138-7-embellished-dial-watch-with-metal-strap/p/460607313_blue?,"Quick View Daniel Klein Women DK11138-7 Embellished Dial Watch With Metal Strap 4.2 |   296 ₹3,308 ₹7,350 (55% off) Offer Price: ₹ 2,808"
Ajio,watches,FASTRACK,2395.0,1895.0,,-500.0,4.6,None,False,Unknown,False,https://www.ajio.com/fastrack-men-stunners-water-resistant-analogue-watch-38159wl01/p/4934181690_multi?,"BESTSELLER Quick View FASTRACK Men Stunners Water-Resistant Analogue Watch-38159WL01 4.6 |   5 ₹2,395 Offer Price: ₹ 1,895"
Ajio,watches,FASTRACK,2419.0,3195.0,24.0,776.0,1.0,None,False,No,False,https://www.ajio.com/fastrack-men-style-up-1-0-analogue-watch--ns3184qm01/p/4934053770_multi?,"Quick View FASTRACK Men Style Up 1.0 Analogue Watch - NS3184QM01 4.5 |   2 ₹2,419 ₹3,195 (24% off) Offer Price: ₹ 1,919"
Ajio,watches,GUESS,10447.0,18995.0,45.0,8548.0,,None,False,No,False,https://www.ajio.com/guess-women-analogue-watch/p/701239703_gold?,"Quick View GUESS Women Analogue Watch ₹10,447 ₹18,995 (45% off) Offer Price: ₹ 9,447"
Ajio,watches,Crestello,460.0,1999.0,77.0,1539.0,4.1,None,False,No,True,https://www.ajio.com/crestello-women-analogue-watch-with-metal-strap-cr-jwl151-brwn/p/700021292_brown?,"Quick View Crestello Women Analogue Watch with Metal Strap-CR-JWL151-BRWN 4.1 |   90 ₹460 ₹1,999 (77% off) Offer Price: ₹ 400"
Ajio,watches,SONATA,1450.0,2140.0,32.0,690.0,,None,False,No,False,https://www.ajio.com/sonata-men-water-resistance-analogue-watch-sp70040nm01w/p/4935095460_multi?,"Quick View SONATA Men Water-Resistance Analogue Watch-SP70040NM01W 5 |   7 ₹1,450 ₹2,140 (32% off) Offer Price: ₹ 1,015"
Ajio,watches,Casio,2695.0,2156.0,,-539.0,4.2,None,False,Unknown,False,https://www.ajio.com/casio-men-d306-vintage-a168xes-1bdf-black-digital-dial-transparent-resin-strap/p/469538611_black?,"BESTSELLER Quick View Casio Men D306 Vintage A168XES-1BDF Black Digital Dial Transparent Resin Strap 4.2 |   370 ₹2,695 Offer Price: ₹ 2,156"
Ajio,watches,Crestello,520.0,2599.0,80.0,2079.0,3.9,None,False,No,True,https://www.ajio.com/crestello-women-chain-analogue-watch/p/700990627_rosegold?,"Quick View Crestello Women Chain Analogue Watch 3.9 |   110 ₹520 ₹2,599 (80% off) Offer Price: ₹ 468"
Ajio,watches,TITAN,4055.0,8630.0,53.0,4575.0,4.4,None,False,No,False,https://www.ajio.com/titan-women-acetate-analogue-watch--ns95205kp01/p/4934044060_multi?,"BESTSELLER Quick View TITAN Women Acetate Analogue Watch - NS95205KP01 4.4 |   5 ₹4,055 ₹8,630 (53% off) Offer Price: ₹ 3,244"
Ajio,watches,Joker & Witch,850.0,3399.0,75.0,2549.0,4.8,None,False,No,True,https://www.ajio.com/joker--witch-analogue-watch-with-chain-strap/p/463414101_multi?,"Quick View Joker & Witch Analogue Watch with Chain Strap 4.8 |   19 ₹850 ₹3,399 (75% off) Offer Price: ₹ 680"
Ajio,watches,Giordano,2799.0,8350.0,66.0,5551.0,4.5,None,False,No,False,https://www.ajio.com/giordano-women-analogue-watch/p/702373829_rosegold?,"Quick View Giordano Women Analogue Watch 4.5 |   2 ₹2,799 ₹8,350 (66% off) Offer Price: ₹ 2,299"
Ajio,watches,Casio,5995.0,4995.0,,-1000.0,4.4,None,False,Unknown,False,https://www.ajio.com/casio-a832-enticer-men-mtp-1374d-1avdf-analog-wrist-watch/p/460812828_grey?,"BESTSELLER Quick View Casio A832 Enticer Men (MTP-1374D-1AVDF) Analog Wrist Watch 4.4 |   286 ₹5,995 Offer Price: ₹ 4,995"
Ajio,watches,Daniel Radcliffe,300.0,999.0,70.0,699.0,,None,False,No,True,https://www.ajio.com/daniel-radcliffe-men-analogue-watch/p/703509602_silver?,Quick View Daniel Radcliffe Men Analogue Watch 2 |   2 ₹300 ₹999 (70% off) Offer Price: ₹ 210
Ajio,watches,Casio,1895.0,1395.0,,-500.0,4.2,None,False,Unknown,False,https://www.ajio.com/casio-men-d011-vintage-a158wa-1df-black-digital-dial-silver-stainless-steel-band/p/460812866_black?,"Quick View Casio Men D011 Vintage A158WA-1DF Black Digital Dial Silver Stainless Steel Band 4.2 |   3.9K ₹1,895 Offer Price: ₹ 1,395"
Ajio,watches,French Accent,679.0,1358.0,50.0,679.0,2.6,None,False,No,False,https://www.ajio.com/french-accent-men-analogue-watch-with-leather-strap-ss25-fawc1067/p/701264019_brown?,"Quick View French Accent Men Analogue Watch with Leather Strap-SS25-FAWC1067 2.6 |   12 ₹679 ₹1,358 (50% off) Offer Price: ₹ 475"
Ajio,watches,TITAN,4445.0,3556.0,,-889.0,4.7,None,False,Unknown,False,https://www.ajio.com/titan-men-analogue-watch-nu1823qm01/p/4935353590_multi?,"NEW Quick View TITAN Men Analogue Watch-NU1823QM01 4.7 |   7 ₹4,445 Offer Price: ₹ 3,556"
Ajio,watches,Joker & Witch,1225.0,4899.0,75.0,3674.0,,None,False,No,True,https://www.ajio.com/joker--witch-analogue-watch-with-tang-buckle-closure/p/466689532_black?,"Quick View Joker & Witch Analogue Watch with Tang Buckle Closure 4 |   77 ₹1,225 ₹4,899 (75% off) Offer Price: ₹ 980"
Ajio,watches,TREX,476.0,1699.0,72.0,1223.0,2.4,None,False,No,True,https://www.ajio.com/trex-men-analogue-wrist-watch-trx-021/p/702592116_silver?,"BESTSELLER Quick View TREX Men Analogue Wrist Watch-TRX-021 2.4 |   16 ₹476 ₹1,699 (72% off) Offer Price: ₹ 340"
Ajio,watches,TREX,532.0,1899.0,72.0,1367.0,3.8,None,False,No,True,https://www.ajio.com/trex-men-analogue-wrist-watch--900/p/702564411_black?,"BESTSELLER Quick View TREX Men Analogue Wrist Watch - 900 3.8 |   110 ₹532 ₹1,899 (72% off) Offer Price: ₹ 380"
Ajio,watches,Redux,320.0,1599.0,80.0,1279.0,3.3,None,False,No,True,https://www.ajio.com/redux-rws0042s-analogue-watch-with-contrast-dial/p/469161988_silver?,"BESTSELLER Quick View Redux RWS0042S Analogue Watch with Contrast Dial 3.3 |   362 ₹320 ₹1,599 (80% off) Offer Price: ₹ 288"
Ajio,watches,SONATA,895.0,627.0,,-268.0,,None,False,Unknown,False,https://www.ajio.com/sonata-men-water-resistant-analogue-watch-nu77049sm02/p/469818101_white?,NEWSEASON Quick View SONATA Men Water-Resistant Analogue Watch-NU77049SM02 ₹895 Offer Price: ₹ 627
Ajio,watches,Crestello,500.0,1999.0,75.0,1499.0,3.2,None,False,No,True,https://www.ajio.com/crestello-men-stainless-steel-analogue-watch--cr-wt246-brw-ch/p/702029535_silver?,"BESTSELLER Quick View Crestello Men Stainless Steel Analogue Watch - CR-WT246-BRW-CH 3.2 |   46 ₹500 ₹1,999 (75% off) Offer Price: ₹ 400"
Ajio,watches,SONATA,1448.0,1495.0,3.0,47.0,4.5,None,False,No,False,https://www.ajio.com/sonata-men-water-resistant-digital-watch-nt77134pm01w/p/469753138_black?,"BESTSELLER Quick View SONATA Men Water-Resistant Digital Watch--NT77134PM01W 4.5 |   44 ₹1,448 ₹1,495 (3% off) Offer Price: ₹ 1,014"
Ajio,watches,ARMANI EXCHANGE,5998.0,11995.0,50.0,5997.0,,None,False,No,False,https://www.ajio.com/armani-exchange-ax5578-water-resistant-analogue-watch/p/410342911_001?,"Quick View ARMANI EXCHANGE AX5578 Water-Resistant Analogue Watch ₹5,998 ₹11,995 (50% off) Offer Price: ₹ 4,998"
Ajio,watches,Daniel Klein,5543.0,12050.0,54.0,6507.0,,None,False,No,False,https://www.ajio.com/daniel-klein-dk-1-13321-6-chronograph-watch-with-silicone-strap/p/465284090_green?,"Quick View Daniel Klein DK.1.13321-6 Chronograph Watch with Silicone Strap 4 |   26 ₹5,543 ₹12,050 (54% off) Offer Price: ₹ 4,989"
Ajio,watches,Carlington,1700.0,4999.0,66.0,3299.0,3.8,None,False,No,False,https://www.ajio.com/carlington-men-legacy-9955-silver-analogue-watch-with-push-button-clasp/p/701361320_silver?,"BESTSELLER Quick View Carlington Men Legacy-9955-Silver Analogue Watch with Push-Button Clasp 3.8 |   67 ₹1,700 ₹4,999 (66% off) Offer Price: ₹ 1,200"
Ajio,watches,Casio,3795.0,3036.0,,-759.0,3.8,None,False,Unknown,False,https://www.ajio.com/casio-a1177-enticer-men-mtp-v300l-7audf-analog-wrist-watch/p/460901204_white?,"Quick View Casio A1177 Enticer Men (MTP-V300L-7AUDF) Analog Wrist Watch 3.8 |   219 ₹3,795 Offer Price: ₹ 3,036"
Ajio,watches,FASTRACK,1492.0,2205.0,32.0,713.0,4.7,None,False,No,False,https://www.ajio.com/fastrack-men-vyb-water-resistant-analogue-watch-fv30031qm01w/p/469792543_grey?,"Quick View FASTRACK Men Vyb Water-Resistant Analogue Watch-FV30031QM01W 4.7 |   6 ₹1,492 ₹2,205 (32% off) Offer Price: ₹ 1,044"
Ajio,watches,Skylona,390.0,1299.0,70.0,909.0,3.8,None,False,No,True,https://www.ajio.com/skylona-analogue-watch-with-tang-buckle-closure/p/464538499_brown?,"Quick View Skylona Analogue Watch with Tang Buckle Closure 3.8 |   303 ₹390 ₹1,299 (70% off) Offer Price: ₹ 273"
Ajio,watches,FASTRACK,985.0,995.0,1.0,10.0,3.9,None,False,No,False,https://www.ajio.com/fastrack-unisex-water-resistant-analogue-watch-nt68011pp08/p/469752167_grey?,BESTSELLER Quick View FASTRACK Unisex Water-Resistant Analogue Watch-NT68011PP08 3.9 |   57 ₹985 ₹995 (1% off) Offer Price: ₹ 690
Ajio,watches,GUESS,8247.0,14995.0,45.0,6748.0,3.8,None,False,No,False,https://www.ajio.com/guess-men-analogue-watch/p/700770736_black?,"BESTSELLER Quick View GUESS Men Analogue Watch 3.8 |   65 ₹8,247 ₹14,995 (45% off) Offer Price: ₹ 7,247"
Ajio,watches,ARMANI EXCHANGE,9897.0,16495.0,40.0,6598.0,3.8,None,False,No,False,https://www.ajio.com/armani-exchange-men-water-resistant-chronograph-watch-ax2862/p/4934126720_multi?,"BESTSELLER Quick View ARMANI EXCHANGE Men Water-Resistant Chronograph Watch-AX2862 3.8 |   8 ₹9,897 ₹16,495 (40% off) Offer Price: ₹ 8,897"
Ajio,watches,Joker & Witch,2000.0,7999.0,75.0,5999.0,4.3,None,False,No,True,https://www.ajio.com/joker--witch-women-round-dial-analogue-watch-/p/701505914_rosegold?,"Quick View Joker & Witch Women Round Dial Analogue Watch 4.3 |   6 ₹2,000 ₹7,999 (75% off) Offer Price: ₹ 1,600"
Ajio,watches,Casio,1295.0,907.0,,-388.0,4.3,None,False,Unknown,False,https://www.ajio.com/casio-d002-vintage-unisex-f-91w-1q-digital-wrist-watch/p/460901354_grey?,"BESTSELLER Quick View Casio D002 Vintage Unisex (F-91W-1Q) Digital Wrist Watch 4.3 |   570 ₹1,295 Offer Price: ₹ 907"
Ajio,watches,Casio,1995.0,1495.0,,-500.0,4.2,None,False,Unknown,False,https://www.ajio.com/casio-men-d339-vintage-a159w-n1df-black-digital-dial-silver-stainless-steel-band/p/469620646_black?,"BESTSELLER Quick View Casio Men D339 Vintage A159W-N1DF Black Digital Dial Silver Stainless Steel Band 4.2 |   585 ₹1,995 Offer Price: ₹ 1,495"
Ajio,watches,FERRO,6650.0,33250.0,80.0,26600.0,,None,False,No,True,https://www.ajio.com/ferro-men-analogue-wrist-watch-with-deployant-clasp-fm31443a-g/p/702469174_black?,"Quick View FERRO Men Analogue Wrist Watch with Deployant Clasp-FM31443A-G ₹6,650 ₹33,250 (80% off) Offer Price: ₹ 6,150"
Ajio,watches,French Connection,4052.0,15995.0,75.0,11943.0,3.5,None,False,No,True,https://www.ajio.com/french-connection-women-snake-shaped-wrap-around-analogue-watch-fcn0189urgm/p/702559041_rosegold?,"Quick View French Connection Women Snake-Shaped Wrap-Around Analogue Watch-FCN0189URGM 3.5 |   6 ₹4,052 ₹15,995 (75% off) Offer Price: ₹ 3,552"
Ajio,watches,SONATA,1397.0,1995.0,30.0,598.0,3.9,None,False,No,False,https://www.ajio.com/sonata-women-water-resistant-analogue-watch-sp80111wm03/p/469792762_rosegold?,"BESTSELLER Quick View SONATA Women Water-Resistant Analogue Watch-SP80111WM03 3.9 |   8 ₹1,397 ₹1,995 (30% off) Offer Price: ₹ 978"
Ajio,bags,Puma,1283.0,2999.0,57.0,1716.0,4.1,None,False,No,False,https://www.ajio.com/puma-storm-water-resistant-backpack-27l/p/466826583_black?,"BESTSELLER Quick View Puma Storm Water-Resistant Backpack 27L 4.1 |   828 ₹1,283 ₹2,999 (57% off) Offer Price: ₹ 1,200"
Ajio,bags,ARISTOCRAT,1199.0,7990.0,85.0,6791.0,4.5,None,False,No,True,https://www.ajio.com/aristocrat-unisex-trolley-bag-with-number-lock/p/703066948_blue?,"BESTSELLER Quick View ARISTOCRAT Unisex Trolley Bag with Number Lock 4.5 |   2 ₹1,199 ₹7,990 (85% off)"
Ajio,bags,NIKE,2096.0,2795.0,25.0,699.0,,None,False,No,False,https://www.ajio.com/nike-logo-print-duffle-bag/p/469813263_red?,"BESTSELLER Quick View NIKE Logo Print Duffle Bag 4 |   8 ₹2,096 ₹2,795 (25% off) Best Price ₹ 1,886"
Ajio,bags,ARISTOCRAT,2845.0,18880.0,85.0,16035.0,4.1,None,False,No,True,https://www.ajio.com/aristocrat-unisex-comet-set-of-2-trolley-bag-hard-luggage-with-combination-lock--s-m/p/702108039_blue?,"BESTSELLER Quick View ARISTOCRAT Unisex Comet Set of 2 Trolley Bag Hard Luggage with Combination Lock - S|M 4.1 |   71 ₹2,845 ₹18,880 (85% off)"
Ajio,bags,ENSAC,823.0,1799.0,54.0,976.0,2.8,None,False,No,False,https://www.ajio.com/ensac-girls-striped-duffle-bag-with-adjustable-strap/p/703086585_cream?,"BESTSELLER Quick View ENSAC Girls Striped Duffle Bag with Adjustable Strap 2.8 |   19 ₹823 ₹1,799 (54% off) Offer Price: ₹ 576"
Ajio,bags,NIKE,1957.0,2795.0,30.0,838.0,,None,False,No,False,https://www.ajio.com/nike-logo-print-duffle-bag/p/469813262_blue?,"BESTSELLER Quick View NIKE Logo Print Duffle Bag 5 |   4 ₹1,957 ₹2,795 (30% off) Best Price ₹ 1,761"
Ajio,bags,Puma,2609.0,4499.0,42.0,1890.0,4.4,None,False,No,False,https://www.ajio.com/puma-convertible-gym-bag/p/700778632_black?,"BESTSELLER Quick View Puma Convertible Gym Bag 4.4 |   82 ₹2,609 ₹4,499 (42% off) Offer Price: ₹ 2,087"
Ajio,bags,Puma,1890.0,4499.0,58.0,2609.0,4.2,None,False,No,False,https://www.ajio.com/puma-trailblazer-extra-large-rucksack/p/700007157_black?,"BESTSELLER Quick View Puma Trailblazer Extra Large Rucksack 4.2 |   42 ₹1,890 ₹4,499 (58% off) Best Price ₹ 1,390"
Ajio,bags,Urban Yog,2520.0,6999.0,64.0,4479.0,,None,False,No,False,https://www.ajio.com/urban-yog-makemeebold-3-in-1-hot-air-brush-hair-dryer/p/4946117880_multi?,"BESTSELLER Quick View Urban Yog Makemeebold 3 In 1 Hot Air Brush Hair Dryer 4 |   409 ₹2,520 ₹6,999 (64% off) Offer Price: ₹ 2,020"
Ajio,bags,NIKE,1647.0,2995.0,45.0,1348.0,4.3,None,False,No,False,https://www.ajio.com/nike-men-hayward-patrol-crossbody-bag/p/469755004_black?,"BESTSELLER Quick View NIKE Men Hayward Patrol Crossbody Bag 4.3 |   49 ₹1,647 ₹2,995 (45% off) Best Price ₹ 1,482"
Ajio,bags,TOMMY HILFIGER,1750.0,3499.0,50.0,1749.0,,None,False,No,False,https://www.ajio.com/tommy-hilfiger--laptop-bag/p/700535281_black?,"BESTSELLER Quick View TOMMY HILFIGER Laptop Bag 4 |   38 ₹1,750 ₹3,499 (50% off) Best Price ₹ 1,250"
Ajio,bags,MOKOBARA,16298.0,38999.0,58.0,22701.0,,None,False,No,False,https://www.ajio.com/mokobara-men-set-of-3-hard-body-luggage-bags-/p/702163411_green?,"BESTSELLER Quick View MOKOBARA Men Set of 3 Hard Body Luggage Bags 4 |   13 ₹16,298 ₹38,999 (58% off) Offer Price: ₹ 14,668"
Ajio,bags,ARISTOCRAT,4910.0,17790.0,72.0,12880.0,2.4,None,False,No,True,https://www.ajio.com/aristocrat-unisex-aristocrat-trolley/p/703306009_blue?,"BESTSELLER Quick View ARISTOCRAT Unisex Aristocrat Trolley 2.4 |   5 ₹4,910 ₹17,790 (72% off) Offer Price: ₹ 4,665"
Ajio,bags,Skybags,399.0,1880.0,79.0,1481.0,3.9,None,False,No,True,https://www.ajio.com/skybags-unisex-active-nxt-colourblock-travel-duffel-bag-with-adjustable-strap--29l/p/469200749_green?,"BESTSELLER Quick View Skybags Unisex Active Nxt Colourblock Travel Duffel Bag with Adjustable Strap - 29L 3.9 |   653 ₹399 ₹1,880 (79% off) Offer Price: ₹ 342"
Ajio,bags,NIKE,895.0,806.0,,-89.0,4.3,None,False,Unknown,False,https://www.ajio.com/nike-heritage-s-crossbody-bag/p/469212393_black?,BESTSELLER Quick View NIKE Heritage S Crossbody Bag 4.3 |   52 ₹895 Offer Price: ₹ 806
Ajio,bags,NIKE,2495.0,2246.0,,-249.0,4.5,None,False,Unknown,False,https://www.ajio.com/nike-brsla-s-duffel-bag--9-5-41l-/p/469349789_black?,"BESTSELLER Quick View NIKE BRSLA S Duffel Bag - 9.5 (41L) 4.5 |   130 ₹2,495 Offer Price: ₹ 2,246"
Ajio,bags,NIKE,1721.0,2295.0,25.0,574.0,4.7,None,False,No,False,https://www.ajio.com/nike-brsla-duffel-bag-25-l/p/469811199_red?,"BESTSELLER Quick View NIKE BRSLA Duffel Bag-25 L 4.7 |   3 ₹1,721 ₹2,295 (25% off) Best Price ₹ 1,549"
Ajio,bags,SUPERDRY,1895.0,4210.0,55.0,2315.0,4.4,None,False,No,False,https://www.ajio.com/superdry-tarp-crossbody-bag/p/410409141_1km?,"BESTSELLER Quick View SUPERDRY Tarp Crossbody Bag 4.4 |   210 ₹1,895 ₹4,210 (55% off) Best Price ₹ 1,395"
Ajio,bags,Skybags,6642.0,22500.0,70.0,15858.0,4.5,None,False,No,True,https://www.ajio.com/skybags-unisex-set-of-3-striped-large-trolley-bags-/p/702958151_black?,"BESTSELLER Quick View Skybags Unisex Set of 3 Striped Large Trolley Bags 4.5 |   4 ₹6,642 ₹22,500 (70% off) Offer Price: ₹ 6,310"
Ajio,bags,SUPERDRY SPORT,2700.0,5999.0,55.0,3299.0,4.6,None,False,No,False,https://www.ajio.com/superdry-sport-sport-kit-duffel-bage/p/410206697_o2a?,"BESTSELLER Quick View SUPERDRY SPORT Sport Kit Duffel Bage 4.6 |   1K ₹2,700 ₹5,999 (55% off) Offer Price: ₹ 2,160"
Ajio,bags,TOMMY HILFIGER,3999.0,4999.0,20.0,1000.0,,None,False,No,False,https://www.ajio.com/tommy-hilfiger-unisex-crossbody-nexo-bag/p/443805087_black?,"BESTSELLER Quick View TOMMY HILFIGER Unisex Crossbody Nexo Bag ₹3,999 ₹4,999 (20% off) Best Price ₹ 3,199"
Ajio,bags,TOMMY HILFIGER,1864.0,4499.0,59.0,2635.0,4.7,None,False,No,False,https://www.ajio.com/tommy-hilfiger-padded-business-case/p/702596918_navy?,"BESTSELLER Quick View TOMMY HILFIGER Padded Business Case 4.7 |   12 ₹1,864 ₹4,499 (59% off) Offer Price: ₹ 1,364"
Ajio,bags,TOMMY HILFIGER,3766.0,9799.0,62.0,6033.0,4.1,None,False,No,False,https://www.ajio.com/tommy-hilfiger-unisex-tsa-lock-luggage-bag/p/700072492_navy?,"Quick View TOMMY HILFIGER Unisex TSA Lock luggage Bag 4.1 |   10 ₹3,766 ₹9,799 (62% off) Best Price ₹ 3,578"
Ajio,bags,ARISTOCRAT,1339.0,7990.0,83.0,6651.0,3.9,None,False,No,True,https://www.ajio.com/aristocrat-unisex-comet-cabin-trolley-bag--hard-luggage-with-combination-lock--s/p/701737260_grey?,"BESTSELLER Quick View ARISTOCRAT Unisex Comet Cabin Trolley Bag  | Hard Luggage with Combination Lock | S 3.9 |   345 ₹1,339 ₹7,990 (83% off)"
Ajio,bags,IMPULSE,1625.0,6500.0,75.0,4875.0,,None,False,No,True,https://www.ajio.com/impulse-colourblock-rucksack-with-adjustable-shoulder-straps/p/469043455_blue?,"Quick View IMPULSE Colourblock Rucksack with Adjustable Shoulder Straps 4 |   64 ₹1,625 ₹6,500 (75% off) Offer Price: ₹ 1,300"
Ajio,bags,Miraggio,2274.0,3499.0,35.0,1225.0,4.5,None,False,No,False,https://www.ajio.com/miraggio-bella-shoulder-bag-with-detachable-sling-strap/p/466306469_tan?,"BESTSELLER Quick View Miraggio Bella Shoulder Bag with Detachable Sling Strap 4.5 |   410 ₹2,274 ₹3,499 (35% off) Offer Price: ₹ 1,774"
Ajio,bags,NETPLAY,450.0,1499.0,70.0,1049.0,4.1,None,False,No,True,https://www.ajio.com/netplay-men-13-laptop-crossbody-bag/p/442950593_grey?,"BESTSELLER Quick View NETPLAY Men 13"" Laptop Crossbody Bag 4.1 |   144 ₹450 ₹1,499 (70% off) Offer Price: ₹ 315"
Ajio,bags,NIKE,995.0,896.0,,-99.0,4.5,None,False,Unknown,False,https://www.ajio.com/nike-acdmy-shoe-bag--sp21/p/469687896_blackgrey?,BESTSELLER Quick View NIKE ACDMY Shoe Bag- - SP21 4.5 |   63 ₹995 Offer Price: ₹ 896
Ajio,bags,STEVE MADDEN,8399.0,11999.0,30.0,3600.0,3.7,None,False,No,False,https://www.ajio.com/steve-madden-bjude-7-tote-bag-with-adjustable-strap/p/410541176_blk?,"Quick View STEVE MADDEN Bjude-7 Tote Bag with Adjustable Strap 3.7 |   11 ₹8,399 ₹11,999 (30% off) Offer Price: ₹ 7,399"
Ajio,bags,Little Surprise Box,4480.0,7000.0,36.0,2520.0,,None,False,No,False,https://www.ajio.com/little-surprise-box-girls-unicorn-print-backpack-with-lunch-bag/p/702013654_purple?,"BESTSELLER Quick View Little Surprise Box Girls Unicorn Print Backpack with Lunch Bag ₹4,480 ₹7,000 (36% off) Offer Price: ₹ 3,980"
Ajio,bags,ARISTOCRAT,1714.0,10890.0,84.0,9176.0,3.6,None,False,No,True,https://www.ajio.com/aristocrat-unisex-comet-check-in-trolley-bag-hard-luggage-with-combination-lock--m/p/702104053_blue?,"BESTSELLER Quick View ARISTOCRAT Unisex Comet Check-in Trolley Bag Hard Luggage with Combination Lock | M 3.6 |   118 ₹1,714 ₹10,890 (84% off)"
Ajio,bags,Scarters,16499.0,19411.0,15.0,2912.0,4.4,None,False,No,False,https://www.ajio.com/scarters-16-panelled-backpack/p/464928750_blue?,"BESTSELLER Quick View Scarters 16' Panelled Backpack 4.4 |   11 ₹16,499 ₹19,411 (15% off) Offer Price: ₹ 15,999"
Ajio,bags,STEVE MADDEN,3300.0,10999.0,70.0,7699.0,4.8,None,False,No,True,https://www.ajio.com/steve-madden-women-bjude-2-patterned-tote-bag/p/410537829_rds?,"Quick View STEVE MADDEN Women BJUDE-2 Patterned Tote Bag 4.8 |   9 ₹3,300 ₹10,999 (70% off) Offer Price: ₹ 2,800"
Ajio,bags,STEVE MADDEN,4500.0,8999.0,50.0,4499.0,,None,False,No,False,https://www.ajio.com/steve-madden-women-bjinny-satchel-bag/p/410518038_blk?,"Quick View STEVE MADDEN Women Bjinny Satchel Bag ₹4,500 ₹8,999 (50% off) Best Price ₹ 3,600"
Ajio,bags,HIDESIGN,13677.0,14995.0,9.0,1318.0,,None,False,No,False,https://www.ajio.com/hidesign-leather-formal-briefcase/p/702596183_brown?,"BESTSELLER Quick View HIDESIGN Leather Formal Briefcase ₹13,677 ₹14,995 (9% off) Offer Price: ₹ 12,309"
Ajio,bags,Decathlon,399.0,499.0,20.0,100.0,3.9,None,False,No,False,https://www.ajio.com/decathlon-unisex-waterproof-swimming-pool-pouch-3l/p/703111928_white?,BESTSELLER Quick View Decathlon Unisex Waterproof Swimming Pool Pouch 3L 3.9 |   7 ₹399 ₹499 (20% off) Offer Price: ₹ 279
Ajio,bags,STEVE MADDEN,2580.0,5999.0,57.0,3419.0,4.3,None,False,No,False,https://www.ajio.com/steve-madden-bbernie-crossbody-bag-with-adjustable-strap/p/410519734_blk?,"BESTSELLER Quick View STEVE MADDEN Bbernie Crossbody Bag with Adjustable Strap 4.3 |   73 ₹2,580 ₹5,999 (57% off) Offer Price: ₹ 2,064"
Ajio,bags,ARISTOCRAT,6500.0,33470.0,81.0,26970.0,2.7,None,False,No,True,https://www.ajio.com/aristocrat-unisex-comet-set-of-3-trolley-bag-hard-luggage-with-combination-lock--s-m-l/p/702108044_blue?,"BESTSELLER Quick View ARISTOCRAT Unisex Comet Set of 3 Trolley Bag Hard Luggage with Combination Lock - S|M|L 2.7 |   17 ₹6,500 ₹33,470 (81% off)"
Ajio,bags,ARISTOCRAT,1577.0,10450.0,85.0,8873.0,,None,False,No,True,https://www.ajio.com/aristocrat-unisex-trolley-bag-with-number-lock/p/703066945_blue?,"BESTSELLER Quick View ARISTOCRAT Unisex Trolley Bag with Number Lock ₹1,577 ₹10,450 (85% off)"
Ajio,bags,NIKE,1097.0,1995.0,45.0,898.0,4.5,None,False,No,False,https://www.ajio.com/nike-men-tote-bag-with-double-handles/p/469744877_white?,"Quick View NIKE Men Tote Bag with Double Handles 4.5 |   25 ₹1,097 ₹1,995 (45% off) Offer Price: ₹ 987"
Ajio,clothing,Nyrika,672.0,2799.0,76.0,2127.0,2.9,None,False,No,True,https://www.ajio.com/nyrika-women-printed-2-piece-co-ord-sets/p/703351180_cream?,"Quick View Nyrika Women Printed 2-Piece Co-Ord Sets 2.9 |   118 ₹672 ₹2,799 (76% off) Offer Price: ₹ 560"
Ajio,clothing,ASHRIFAB,585.0,4999.0,88.0,4414.0,2.2,None,False,No,True,https://www.ajio.com/ashrifab-women-shirt--pants-co-ord-set-/p/702691624_brown?,"Quick View ASHRIFAB Women Shirt & Pants Co-Ord Set 2.2 |   542 ₹585 ₹4,999 (88% off) Offer Price: ₹ 501"
Ajio,clothing,LEIA,550.0,2199.0,75.0,1649.0,3.2,None,False,No,True,https://www.ajio.com/leia-women-2-piece-co-ord-set-with-elasticated-waist/p/702589172_black?,"BESTSELLER Quick View LEIA Women 2-Piece Co-Ord Set with Elasticated Waist 3.2 |   1.6K ₹550 ₹2,199 (75% off) Offer Price: ₹ 440"
Ajio,clothing,INF FRENDZ,350.0,999.0,65.0,649.0,4.3,None,False,No,False,https://www.ajio.com/inf-frendz-printed-assorted-clothing-set/p/443099629_assorted?,BESTSELLER Quick View INF FRENDZ Printed Assorted Clothing Set 4.3 |   15 ₹350 ₹999 (65% off) Offer Price: ₹ 245
Ajio,clothing,NAINVISH,560.0,1999.0,72.0,1439.0,,None,False,No,True,https://www.ajio.com/nainvish-women-tropical-print-2-piece-co-ord-set/p/703481921_blue?,"NEW Quick View NAINVISH Women Tropical Print 2-Piece Co-Ord Set ₹560 ₹1,999 (72% off) Offer Price: ₹ 400"
Ajio,clothing,Outzidr Global,1673.0,1799.0,7.0,126.0,,None,False,No,False,https://www.ajio.com/outzidr-global-women-shirt--pants-co-ord-set/p/702405054_navy?,"Quick View Outzidr Global Women Shirt & Pants Co-Ord Set 4 |   6 ₹1,673 ₹1,799 (7% off) Offer Price: ₹ 1,173"
Ajio,clothing,COTTINFAB,2160.0,5999.0,64.0,3839.0,3.8,None,False,No,False,https://www.ajio.com/cottinfab-embellished-2-piece-clothing-set/p/464657852_black?,"BESTSELLER Quick View COTTINFAB Embellished 2-piece Clothing Set 3.8 |   318 ₹2,160 ₹5,999 (64% off) Offer Price: ₹ 1,660"
Ajio,clothing,MYRIE,839.0,1998.0,58.0,1159.0,,None,False,No,False,https://www.ajio.com/myrie-women-printed-2-piece-co-ord-set/p/702613895_blue?,"Quick View MYRIE Women Printed 2-Piece Co-Ord Set 3 |   42 ₹839 ₹1,998 (58% off) Offer Price: ₹ 587"
Ajio,clothing,FASHFUN CLOTHING,1000.0,1999.0,50.0,999.0,2.3,None,False,No,False,https://www.ajio.com/fashfun-clothing-women-2-piece-co-ord-set/p/702600492_rust?,"Quick View FASHFUN CLOTHING Women 2-Piece Co-Ord Set 2.3 |   3 ₹1,000 ₹1,999 (50% off) Offer Price: ₹ 700"
Ajio,clothing,Nyrika,483.0,2299.0,79.0,1816.0,3.9,None,False,No,True,https://www.ajio.com/nyrika-women-embroidered-2-piece-co-ord-set/p/701858583_lavender?,"Quick View Nyrika Women Embroidered 2-Piece Co-Ord Set 3.9 |   158 ₹483 ₹2,299 (79% off) Offer Price: ₹ 414"
Ajio,clothing,Revangi,584.0,3245.0,82.0,2661.0,2.9,None,False,No,True,https://www.ajio.com/revangi-women-2-piece-co-ord-set/p/702041290_black?,"Quick View Revangi Women 2-Piece Co-Ord Set 2.9 |   71 ₹584 ₹3,245 (82% off) Offer Price: ₹ 500"
Ajio,clothing,KIARABEL,999.0,2599.0,62.0,1600.0,3.7,None,False,No,False,https://www.ajio.com/kiarabel-women-embroidered-2-piece-set-/p/701027634_black?,"Quick View KIARABEL Women Embroidered 2-Piece Set 3.7 |   41 ₹999 ₹2,599 (62% off) Offer Price: ₹ 699"
Ajio,clothing,TIKHI IMLI,1999.0,4997.0,60.0,2998.0,4.7,None,False,No,False,https://www.ajio.com/tikhi-imli-women-embroidered-2-piece-co-ord-set/p/702029838_brown?,"Quick View TIKHI IMLI Women Embroidered 2-Piece Co-Ord Set 4.7 |   3 ₹1,999 ₹4,997 (60% off) Offer Price: ₹ 1,499"
Ajio,clothing,FASHFUN CLOTHING,700.0,1999.0,65.0,1299.0,3.1,None,False,No,False,https://www.ajio.com/fashfun-clothing-women-polyester-2-piece-sets/p/701068245_navy?,"Quick View FASHFUN CLOTHING Women Polyester 2-Piece Sets 3.1 |   487 ₹700 ₹1,999 (65% off) Offer Price: ₹ 490"
Ajio,clothing,Nyrika,2649.0,4999.0,47.0,2350.0,3.5,None,False,No,False,https://www.ajio.com/nyrika-women-embroidered-2-piece-set/p/702912815_pink?,"BESTSELLER Quick View Nyrika Women Embroidered 2-Piece Set 3.5 |   6 ₹2,649 ₹4,999 (47% off) Offer Price: ₹ 1,987"
Ajio,clothing,AAYUSIKA,1000.0,4999.0,80.0,3999.0,,None,False,No,True,https://www.ajio.com/aayusika-women-regular-fit-2-piece-shirt-with-trousers-co-ord-set/p/702857283_grey?,"Quick View AAYUSIKA Women Regular Fit 2-Piece Shirt with Trousers Co-Ord Set ₹1,000 ₹4,999 (80% off) Offer Price: ₹ 857"
Ajio,clothing,Deebaco,2254.0,4599.0,51.0,2345.0,,None,False,No,False,https://www.ajio.com/deebaco-women-2-piece-co-ord-set/p/701852855_black?,"Quick View Deebaco Women 2-Piece Co-Ord Set ₹2,254 ₹4,599 (51% off) Offer Price: ₹ 1,754"
Ajio,clothing,ASHRIFAB,582.0,4999.0,88.0,4417.0,3.1,None,False,No,True,https://www.ajio.com/ashrifab-women-shirt--pants-co-ord-set-/p/702703668_yellow?,"Quick View ASHRIFAB Women Shirt & Pants Co-Ord Set 3.1 |   173 ₹582 ₹4,999 (88% off) Offer Price: ₹ 499"
Ajio,clothing,Nyrika,1529.0,6949.0,78.0,5420.0,3.2,None,False,No,True,https://www.ajio.com/nyrika-women-embroidered-3-piece-co-ord-set/p/702130296_yellow?,"Quick View Nyrika Women Embroidered 3-Piece Co-Ord Set 3.2 |   20 ₹1,529 ₹6,949 (78% off) Offer Price: ₹ 1,310"
Ajio,clothing,MYRIE,500.0,1998.0,75.0,1498.0,,None,False,No,True,https://www.ajio.com/myrie-women-printed-2-piece-co-ord-set/p/703005159_black?,"Quick View MYRIE Women Printed 2-Piece Co-Ord Set 3 |   17 ₹500 ₹1,998 (75% off) Offer Price: ₹ 400"
Ajio,clothing,SVARAA,799.0,4999.0,84.0,4200.0,,None,False,No,True,https://www.ajio.com/svaraa-women-v-neck-2-piece-co-ord-set/p/702807643_grey?,"Quick View SVARAA Women V-Neck 2-Piece Co-Ord Set ₹799 ₹4,999 (84% off) Offer Price: ₹ 684"
Ajio,clothing,VASTRAANVI,1078.0,2200.0,51.0,1122.0,,None,False,No,False,https://www.ajio.com/vastraanvi-women-printed-2-piece-co-ord-set/p/703477981_white?,"NEW Quick View VASTRAANVI Women Printed 2-Piece Co-Ord Set ₹1,078 ₹2,200 (51% off) Offer Price: ₹ 755"
Ajio,clothing,Outzidr Global,2229.0,2449.0,9.0,220.0,3.4,None,False,No,False,https://www.ajio.com/outzidr-global-women-top--skirts-co-ord-set/p/701975122_offwhite?,"Quick View Outzidr Global Women Top & Skirts Co-Ord Set 3.4 |   5 ₹2,229 ₹2,449 (9% off) Offer Price: ₹ 1,729"
Ajio,clothing,AVAASA MIX N' MATCH,254.0,499.0,49.0,245.0,,None,False,No,False,https://www.ajio.com/avaasa-mix-n-match-women-diya-sprout-print-straight-kurta/p/443102068_wine?,Quick View AVAASA MIX N' MATCH Women Diya Sprout Print Straight Kurta 4 |   612 ₹254 ₹499 (49% off) Offer Price: ₹ 178
Ajio,clothing,SVARAA,708.0,4163.0,83.0,3455.0,,None,False,No,True,https://www.ajio.com/svaraa-women-printed-2-piece-co-ord-sets/p/702984545_grey?,"Quick View SVARAA Women Printed 2-Piece Co-Ord Sets ₹708 ₹4,163 (83% off) Offer Price: ₹ 606"
Ajio,clothing,Nyrika,1732.0,6413.0,73.0,4681.0,,None,False,No,True,https://www.ajio.com/nyrika-women-polyester-2-piece-sets/p/702671889_blue?,"Quick View Nyrika Women Polyester 2-Piece Sets ₹1,732 ₹6,413 (73% off) Offer Price: ₹ 1,283"
Ajio,clothing,TUHIRAAJ,779.0,2499.0,69.0,1720.0,,None,False,No,False,https://www.ajio.com/tuhiraaj-women-crepe-2-piece-sets/p/703290735_red?,"Quick View TUHIRAAJ Women Crepe 2-Piece Sets 1 |   3 ₹779 ₹2,499 (69% off) Offer Price: ₹ 545"
Ajio,clothing,SELVIA,878.0,2073.0,58.0,1195.0,2.8,None,False,No,False,https://www.ajio.com/selvia-top-and-trouser-2-piece-sets/p/702405455_blue?,"Quick View SELVIA Top and Trouser 2-Piece Sets 2.8 |   18 ₹878 ₹2,073 (58% off) Offer Price: ₹ 615"
Ajio,clothing,GUFRINA,700.0,2499.0,72.0,1799.0,,None,False,No,True,https://www.ajio.com/gufrina-women-printed-2-piece-co-ord-set/p/467267552_pink?,"Quick View GUFRINA Women Printed 2-Piece Co-Ord Set ₹700 ₹2,499 (72% off) Offer Price: ₹ 500"
Ajio,clothing,FASHFUN CLOTHING,720.0,1999.0,64.0,1279.0,4.1,None,False,No,False,https://www.ajio.com/fashfun-clothing-women-v-neck-2-piece-co-ord-set/p/702762643_black?,"Quick View FASHFUN CLOTHING Women V-Neck 2-Piece Co-Ord Set 4.1 |   9 ₹720 ₹1,999 (64% off) Offer Price: ₹ 504"
Ajio,clothing,FUSIONIC,3600.0,9000.0,60.0,5400.0,3.6,None,False,No,False,https://www.ajio.com/fusionic-women-embroidered-2-piece-co-ord-set/p/700412382_black?,"Quick View FUSIONIC Women Embroidered 2-Piece Co-Ord Set 3.6 |   8 ₹3,600 ₹9,000 (60% off) Offer Price: ₹ 3,100"
Ajio,clothing,Nyrika,800.0,3999.0,80.0,3199.0,2.4,None,False,No,True,https://www.ajio.com/nyrika-women-round-neck-top-2-piece-sets/p/703172172_mustard?,"NEW Quick View Nyrika Women Round-Neck Top 2-Piece Sets 2.4 |   125 ₹800 ₹3,999 (80% off) Offer Price: ₹ 685"
Ajio,clothing,MITTOO,1249.0,4997.0,75.0,3748.0,,None,False,No,True,https://www.ajio.com/mittoo-women-embroidered-2-piece-co-ord-set/p/702918405_green?,"Quick View MITTOO Women Embroidered 2-Piece Co-Ord Set ₹1,249 ₹4,997 (75% off) Offer Price: ₹ 999"
Ajio,clothing,STREET9,750.0,2499.0,70.0,1749.0,,None,False,No,True,https://www.ajio.com/street9-women-leaf-print-2-piece-co-ord-set/p/702551150_multi?,"Quick View STREET9 Women Leaf Print 2-Piece Co-Ord Set ₹750 ₹2,499 (70% off) Offer Price: ₹ 525"
Ajio,clothing,TIKHI IMLI,1699.0,4247.0,60.0,2548.0,,None,False,No,False,https://www.ajio.com/tikhi-imli-women-printed-2-piece-co-ord-set/p/702974330_blue?,"Quick View TIKHI IMLI Women Printed 2-Piece Co-Ord Set ₹1,699 ₹4,247 (60% off) Offer Price: ₹ 1,199"
Ajio,clothing,FASHFUN CLOTHING,850.0,1999.0,57.0,1149.0,,None,False,No,False,https://www.ajio.com/fashfun-clothing-women-2-piece-sets/p/701199166_beige?,"Quick View FASHFUN CLOTHING Women 2-Piece Sets 1 |   2 ₹850 ₹1,999 (57% off) Offer Price: ₹ 595"
Ajio,clothing,Nyrika,1470.0,6999.0,79.0,5529.0,,None,False,No,True,https://www.ajio.com/nyrika-women-embroidered-shirt--pants-co-ord-set/p/702048917_offwhite?,"Quick View Nyrika Women Embroidered Shirt & Pants Co-Ord Set ₹1,470 ₹6,999 (79% off) Offer Price: ₹ 1,259"
Ajio,clothing,Styli,1424.0,2499.0,43.0,1075.0,,None,False,No,False,https://www.ajio.com/styli-crinkled-shirt--pants-co-ord-set/p/703285845_green?,"Quick View Styli Crinkled Shirt & Pants Co-Ord Set ₹1,424 ₹2,499 (43% off) Offer Price: ₹ 997"
Ajio,clothing,SHOWOFF,3329.0,8998.0,63.0,5669.0,,None,False,No,False,https://www.ajio.com/showoff-women-graphic-print-cotton-2-piece-co-ord-sets/p/702777596_offwhite?,"Quick View SHOWOFF Women Graphic Print Cotton 2-Piece Co-Ord Sets ₹3,329 ₹8,998 (63% off) Offer Price: ₹ 2,829"
Ajio,clothing,Marziyaa,540.0,1999.0,73.0,1459.0,3.7,None,False,No,True,https://www.ajio.com/marziyaa-women-round-neck-2-piece-set/p/702039238_aqua?,"Quick View Marziyaa Women Round-Neck 2-Piece Set 3.7 |   12 ₹540 ₹1,999 (73% off) Offer Price: ₹ 400"
Ajio,clothing,BinduDi,528.0,1199.0,56.0,671.0,2.8,None,False,No,False,https://www.ajio.com/bindudi-women-shirt--pants-co-ord-set/p/703112230_teal?,"Quick View BinduDi Women Shirt & Pants Co-Ord Set 2.8 |   32 ₹528 ₹1,199 (56% off) Offer Price: ₹ 370"
Ajio,clothing,Nyrika,644.0,2299.0,72.0,1655.0,2.3,None,False,No,True,https://www.ajio.com/nyrika-women-2-piece-top--pants-co-ord-set-/p/703313297_teal?,"Quick View Nyrika Women 2-Piece Top & Pants Co-Ord Set 2.3 |   30 ₹644 ₹2,299 (72% off) Offer Price: ₹ 460"
Ajio,clothing,DAWINAR,250.0,999.0,75.0,749.0,,None,False,No,True,https://www.ajio.com/dawinar-girls-ribbed-top--shorts-set/p/700863867_white?,BESTSELLER Quick View DAWINAR Girls Ribbed Top & Shorts Set 3 |   1.1K ₹250 ₹999 (75% off) Offer Price: ₹ 188
Ajio,clothing,SVARAA,492.0,1697.0,71.0,1205.0,2.4,None,False,No,True,https://www.ajio.com/svaraa-women-2-piece-shirt--pants-set/p/701809626_orange?,"Quick View SVARAA Women 2-Piece Shirt & Pants Set 2.4 |   938 ₹492 ₹1,697 (71% off) Offer Price: ₹ 344"
Ajio,clothing,Cutiekins,477.0,2649.0,82.0,2172.0,3.4,None,False,No,True,https://www.ajio.com/cutiekins-girls-printed-top--pants-set/p/702908314_mustard?,"Quick View Cutiekins Girls Printed Top & Pants Set 3.4 |   13 ₹477 ₹2,649 (82% off) Offer Price: ₹ 409"
Ajio,clothing,TEXSTILE,399.0,1996.0,80.0,1597.0,2.2,None,False,No,True,https://www.ajio.com/texstile-women-floral-print-2-piece-co-ord-sets/p/702761934_yellow?,"Quick View TEXSTILE Women Floral Print 2-Piece Co-Ord Sets 2.2 |   18 ₹399 ₹1,996 (80% off) Offer Price: ₹ 342"
Ajio,clothing,Kiana House Of Fashion,440.0,1998.0,78.0,1558.0,2.8,None,False,No,True,https://www.ajio.com/kiana-house-of-fashion-women-printed-2-piece-co-ord-set/p/702102370_red?,"Quick View Kiana House Of Fashion Women Printed 2-Piece Co-Ord Set 2.8 |   512 ₹440 ₹1,998 (78% off) Offer Price: ₹ 377"
Ajio,clothing,SVARAA,523.0,2178.0,76.0,1655.0,1.8,None,False,No,True,https://www.ajio.com/svaraa-women-printed-2-piece-co-ord-set/p/702943606_black?,"Quick View SVARAA Women Printed 2-Piece Co-Ord Set 1.8 |   4 ₹523 ₹2,178 (76% off) Offer Price: ₹ 436"
Ajio,clothing,ASHRIFAB,899.0,4999.0,82.0,4100.0,3.1,None,False,No,True,https://www.ajio.com/ashrifab-women-embroidered-shirt--pants-co-ord-set/p/703001727_lime?,"Quick View ASHRIFAB Women Embroidered Shirt & Pants Co-Ord Set 3.1 |   157 ₹899 ₹4,999 (82% off) Offer Price: ₹ 750"
Ajio,clothing,TIKHI IMLI,1619.0,4497.0,64.0,2878.0,,None,False,No,False,https://www.ajio.com/tikhi-imli-women-embroidered-2-piece-co-ord-set/p/702128901_peach?,"Quick View TIKHI IMLI Women Embroidered 2-Piece Co-Ord Set 4 |   28 ₹1,619 ₹4,497 (64% off) Offer Price: ₹ 1,133"
Ajio,clothing,Popmantra,559.0,3995.0,86.0,3436.0,,None,False,No,True,https://www.ajio.com/popmantra-women-leaf-print-2-piece-co-ord-set/p/703402819_navy?,"NEW Quick View Popmantra Women Leaf Print 2-Piece Co-Ord Set ₹559 ₹3,995 (86% off) Offer Price: ₹ 479"
Ajio,clothing,FASTDEAL X AG,342.0,950.0,64.0,608.0,4.7,None,False,No,False,https://www.ajio.com/fastdeal-x-ag-boya-printed-shirt--shorts-set/p/702199507_blue?,Quick View FASTDEAL X AG Boya Printed Shirt & Shorts Set 4.7 |   3 ₹342 ₹950 (64% off) Offer Price: ₹ 239
Ajio,clothing,Revangi,480.0,1999.0,76.0,1519.0,2.5,None,False,No,True,https://www.ajio.com/revangi-women-printed-2-piece-sets/p/702223126_blue?,"Quick View Revangi Women Printed 2-Piece Sets 2.5 |   30 ₹480 ₹1,999 (76% off) Offer Price: ₹ 400"
Ajio,clothing,SVARAA,749.0,2997.0,75.0,2248.0,2.3,None,False,No,True,https://www.ajio.com/svaraa-women-printed-2-piece-co-ord-set/p/702859379_black?,"Quick View SVARAA Women Printed 2-Piece Co-Ord Set 2.3 |   36 ₹749 ₹2,997 (75% off) Offer Price: ₹ 599"
Ajio,clothing,Nyrika,605.0,2749.0,78.0,2144.0,2.6,None,False,No,True,https://www.ajio.com/nyrika-women-printed-2-piece-co-ord-set/p/703207121_white?,"Quick View Nyrika Women Printed 2-Piece Co-Ord Set 2.6 |   29 ₹605 ₹2,749 (78% off) Offer Price: ₹ 518"
Ajio,clothing,SVARAA,1271.0,3099.0,59.0,1828.0,3.4,None,False,No,False,https://www.ajio.com/svaraa-women-embroidered-2-piece-co-ord-set/p/702772117_pink?,"BESTSELLER Quick View SVARAA Women Embroidered 2-Piece Co-Ord Set 3.4 |   34 ₹1,271 ₹3,099 (59% off) Offer Price: ₹ 890"
Ajio,clothing,ASHRIFAB,904.0,4999.0,82.0,4095.0,2.7,None,False,No,True,https://www.ajio.com/ashrifab-women-printed-2-piece-co-ord-set/p/702703650_blue?,"Quick View ASHRIFAB Women Printed 2-Piece Co-Ord Set 2.7 |   134 ₹904 ₹4,999 (82% off) Offer Price: ₹ 750"
Ajio,clothing,Nyrika,655.0,2730.0,76.0,2075.0,2.8,None,False,No,True,https://www.ajio.com/nyrika-women-cotton-2-piece-sets/p/702951349_green?,"Quick View Nyrika Women Cotton 2-Piece Sets 2.8 |   113 ₹655 ₹2,730 (76% off) Offer Price: ₹ 546"
Ajio,clothing,ASHRIFAB,606.0,4999.0,88.0,4393.0,3.1,None,False,No,True,https://www.ajio.com/ashrifab-women-printed-2-piece-co-ord-set/p/702703672_cream?,"Quick View ASHRIFAB Women Printed 2-Piece Co-Ord Set 3.1 |   120 ₹606 ₹4,999 (88% off) Offer Price: ₹ 519"
Ajio,clothing,Nyrika,750.0,3749.0,80.0,2999.0,1.6,None,False,No,True,https://www.ajio.com/nyrika-women-rayon-2-piece-sets/p/703201261_cream?,"NEW Quick View Nyrika Women Rayon 2-Piece Sets 1.6 |   9 ₹750 ₹3,749 (80% off) Offer Price: ₹ 642"
Ajio,clothing,ASHRIFAB,654.0,4999.0,87.0,4345.0,2.7,None,False,No,True,https://www.ajio.com/ashrifab-women-printed-2-piece-co-ord-set/p/702703650_green?,"Quick View ASHRIFAB Women Printed 2-Piece Co-Ord Set 2.7 |   134 ₹654 ₹4,999 (87% off) Offer Price: ₹ 560"
Ajio,clothing,SVARAA,600.0,2499.0,76.0,1899.0,,None,False,No,True,https://www.ajio.com/svaraa-women-cotton-2-piece-sets/p/703397680_offwhite?,"Quick View SVARAA Women Cotton 2-Piece Sets ₹600 ₹2,499 (76% off) Offer Price: ₹ 500"
Ajio,clothing,Modestouze Attires,840.0,2799.0,70.0,1959.0,2.8,None,False,No,True,https://www.ajio.com/modestouze-attires-women-rayon-2-piece-sets/p/702610470_multi?,"Quick View Modestouze Attires Women Rayon 2-Piece Sets 2.8 |   17 ₹840 ₹2,799 (70% off) Offer Price: ₹ 588"
Ajio,clothing,Nyrika,546.0,2599.0,79.0,2053.0,,None,False,No,True,https://www.ajio.com/nyrika-women-printed-2-piece-sets/p/703322700_black?,"NEW Quick View Nyrika Women Printed 2-Piece Sets ₹546 ₹2,599 (79% off) Offer Price: ₹ 468"
Ajio,clothing,Revangi,570.0,2999.0,81.0,2429.0,2.4,None,False,No,True,https://www.ajio.com/revangi-women-printed-2-piece-co-ords-sets/p/702609224_cream?,"Quick View Revangi Women Printed 2-Piece Co-Ords Sets 2.4 |   58 ₹570 ₹2,999 (81% off) Offer Price: ₹ 488"
Ajio,clothing,KASHIANXSTYLE,638.0,1999.0,68.0,1361.0,,None,False,No,False,https://www.ajio.com/kashianxstyle-women-printed-2-piece-co-ord-set/p/702739296_beige?,"Quick View KASHIANXSTYLE Women Printed 2-Piece Co-Ord Set 4 |   3 ₹638 ₹1,999 (68% off) Offer Price: ₹ 447"
Ajio,clothing,TOONYPORT,902.0,2909.0,69.0,2007.0,3.9,None,False,No,False,https://www.ajio.com/toonyport-girls-embroidered-top--pants-set-with-shirt/p/702196961_green?,"Quick View TOONYPORT Girls Embroidered Top & Pants Set with Shirt 3.9 |   51 ₹902 ₹2,909 (69% off) Offer Price: ₹ 631"
Ajio,clothing,Nyrika,822.0,3289.0,75.0,2467.0,3.1,None,False,No,True,https://www.ajio.com/nyrika-women-floral-print-2-piece-co-ord-sets/p/702548759_black?,"Quick View Nyrika Women Floral Print 2-Piece Co-Ord Sets 3.1 |   108 ₹822 ₹3,289 (75% off) Offer Price: ₹ 658"
Ajio,clothing,FASHION DREAM,630.0,1499.0,58.0,869.0,3.9,None,False,No,False,https://www.ajio.com/fashion-dream-girls-graphic-print-top--pants-set/p/703111976_white?,"Quick View FASHION DREAM Girls Graphic Print Top & Pants Set 3.9 |   22 ₹630 ₹1,499 (58% off) Offer Price: ₹ 441"
Ajio,clothing,BUMZEE,300.0,999.0,70.0,699.0,,None,False,No,True,https://www.ajio.com/bumzee-colourblock-2-piece-round-neck-set/p/702975369_green?,Quick View BUMZEE Colourblock 2-Piece Round-Neck Set 5 |   2 ₹300 ₹999 (70% off) Offer Price: ₹ 210
Ajio,clothing,SVARAA,612.0,3599.0,83.0,2987.0,2.5,None,False,No,True,https://www.ajio.com/svaraa-women-printed-2-piece-co-ord-set/p/703311280_maroon?,"NEW Quick View SVARAA Women Printed 2-Piece Co-Ord Set 2.5 |   10 ₹612 ₹3,599 (83% off) Offer Price: ₹ 524"
Ajio,clothing,Nyrika,660.0,5999.0,89.0,5339.0,2.3,None,False,No,True,https://www.ajio.com/nyrika-women-printed-2-piece-co-ord-set/p/702372662_cream?,"Quick View Nyrika Women Printed 2-Piece Co-Ord Set 2.3 |   10 ₹660 ₹5,999 (89% off) Offer Price: ₹ 565"
Ajio,clothing,MYRIE,400.0,1998.0,80.0,1598.0,,None,False,No,True,https://www.ajio.com/myrie-women-floral-print-2-piece-co-ord-sets/p/703010431_red?,"Quick View MYRIE Women Floral Print 2-Piece Co-Ord Sets 3 |   24 ₹400 ₹1,998 (80% off) Offer Price: ₹ 343"
Ajio,clothing,Fyre Rose,479.0,1711.0,72.0,1232.0,3.3,None,False,No,True,https://www.ajio.com/fyre-rose-women-printed-2-piece-co-ord-set/p/703025996_white?,"Quick View Fyre Rose Women Printed 2-Piece Co-Ord Set 3.3 |   7 ₹479 ₹1,711 (72% off) Offer Price: ₹ 342"
Ajio,clothing,SVARAA,1047.0,4550.0,77.0,3503.0,3.3,None,False,No,True,https://www.ajio.com/svaraa-women-embroidered-2-piece-co-ord-set/p/703326173_cream?,"NEW Quick View SVARAA Women Embroidered 2-Piece Co-Ord Set 3.3 |   3 ₹1,047 ₹4,550 (77% off) Offer Price: ₹ 897"
Ajio,clothing,Toochki,768.0,2561.0,70.0,1793.0,3.4,None,False,No,True,https://www.ajio.com/toochki-women-rayon-2-piece-sets/p/700997008_offwhite?,"Quick View Toochki Women Rayon 2-Piece Sets 3.4 |   151 ₹768 ₹2,561 (70% off) Offer Price: ₹ 538"
Ajio,clothing,Revangi,429.0,1949.0,78.0,1520.0,,None,False,No,True,https://www.ajio.com/revangi-women-printed-2-piece-co-ord-set-/p/702765657_black?,"Quick View Revangi Women Printed 2-Piece Co-Ord Set 1 |   2 ₹429 ₹1,949 (78% off) Offer Price: ₹ 367"
Ajio,clothing,Nyrika,340.0,1999.0,83.0,1659.0,,None,False,No,True,https://www.ajio.com/nyrika-women-printed-2-piece-co-ord-set/p/702323102_black?,"Quick View Nyrika Women Printed 2-Piece Co-Ord Set 4 |   2 ₹340 ₹1,999 (83% off) Offer Price: ₹ 291"
Ajio,clothing,Kasya,1583.0,4165.0,62.0,2582.0,,None,False,No,False,https://www.ajio.com/kasya-women-embroidered-2-piece-co-ord-set/p/467042515_green?,"BESTSELLER Quick View Kasya Women Embroidered 2-Piece Co-Ord Set 3 |   685 ₹1,583 ₹4,165 (62% off) Offer Price: ₹ 1,108"
Ajio,clothing,SVARAA,475.0,1899.0,75.0,1424.0,2.4,None,False,No,True,https://www.ajio.com/svaraa-women-rayon-2-piece-set/p/702891659_orange?,"Quick View SVARAA Women Rayon 2-Piece Set 2.4 |   14 ₹475 ₹1,899 (75% off) Offer Price: ₹ 380"
Ajio,clothing,Nyrika,578.0,2890.0,80.0,2312.0,1.2,None,False,No,True,https://www.ajio.com/nyrika-women-polyester-2-piece-sets/p/703061591_teal?,"Quick View Nyrika Women Polyester 2-Piece Sets 1.2 |   5 ₹578 ₹2,890 (80% off) Offer Price: ₹ 495"
Ajio,clothing,LEIA,520.0,1999.0,74.0,1479.0,,None,False,No,True,https://www.ajio.com/leia-women-v-neck-2-piece-co-ord-set/p/702255954_black?,"Quick View LEIA Women V-Neck 2-Piece Co-Ord Set ₹520 ₹1,999 (74% off) Offer Price: ₹ 400"
Ajio,clothing,PLAYDAY,509.0,999.0,49.0,490.0,4.2,None,False,No,False,https://www.ajio.com/playday-girls-embroidered-top--shorts-set/p/443628898_beige?,BESTSELLER Quick View PLAYDAY Girls Embroidered Top & Shorts Set 4.2 |   19 ₹509 ₹999 (49% off) Offer Price: ₹ 356
Ajio,clothing,Nyrika,689.0,2996.0,77.0,2307.0,2.3,None,False,No,True,https://www.ajio.com/nyrika-women-floral-print-2-piece-co-ord-set/p/703030137_offwhite?,"Quick View Nyrika Women Floral Print 2-Piece Co-Ord Set 2.3 |   6 ₹689 ₹2,996 (77% off) Offer Price: ₹ 590"
Ajio,clothing,BERRYLICIOUS,740.0,2550.0,71.0,1810.0,4.3,None,False,No,True,https://www.ajio.com/berrylicious-women-rayon-2-piece-sets/p/703031433_black?,"Quick View BERRYLICIOUS Women Rayon 2-Piece Sets 4.3 |   6 ₹740 ₹2,550 (71% off) Offer Price: ₹ 518"
Ajio,clothing,Nyrika,1313.0,4863.0,73.0,3550.0,,None,False,No,True,https://www.ajio.com/nyrika-women-printed-2-piece-co-ord-set/p/703069295_black?,"Quick View Nyrika Women Printed 2-Piece Co-Ord Set 5 |   3 ₹1,313 ₹4,863 (73% off) Offer Price: ₹ 973"
Ajio,clothing,MOGAL FASHION,585.0,1299.0,55.0,714.0,3.2,None,False,No,False,https://www.ajio.com/mogal-fashion-women-embroidered-2-piece-co-ord-sets/p/703069106_pink?,"Quick View MOGAL FASHION Women Embroidered 2-Piece Co-Ord Sets 3.2 |   59 ₹585 ₹1,299 (55% off) Offer Price: ₹ 410"
Ajio,clothing,Hariguru Fashion,1085.0,1973.0,45.0,888.0,3.5,None,False,No,False,https://www.ajio.com/hariguru-fashion-women-cotton-2-piece-sets/p/700774934_coffee?,"Quick View Hariguru Fashion Women Cotton 2-Piece Sets 3.5 |   307 ₹1,085 ₹1,973 (45% off) Offer Price: ₹ 760"
Ajio,clothing,Stylum,952.0,3399.0,72.0,2447.0,,None,False,No,True,https://www.ajio.com/stylum-women-printed-2-piece-co-ord-set/p/703370284_cream?,"NEW Quick View Stylum Women Printed 2-Piece Co-Ord Set ₹952 ₹3,399 (72% off) Offer Price: ₹ 680"
Ajio,clothing,WARTHY ENT,1507.0,2599.0,42.0,1092.0,,None,False,No,False,https://www.ajio.com/warthy-ent-women-cotton-2-piece-sets/p/702831678_aqua?,"Quick View WARTHY ENT Women Cotton 2-Piece Sets ₹1,507 ₹2,599 (42% off) Offer Price: ₹ 1,055"
Ajio,clothing,Revangi,392.0,2179.0,82.0,1787.0,2.4,None,False,No,True,https://www.ajio.com/revangi-women-v-neck-2-piece-co-ord-set/p/701963808_aqua?,"Quick View Revangi Women V-Neck 2-Piece Co-Ord Set 2.4 |   7 ₹392 ₹2,179 (82% off) Offer Price: ₹ 336"
Ajio,clothing,LIRIT,802.0,2507.0,68.0,1705.0,,None,False,No,False,https://www.ajio.com/lirit-women-rayon-2-piece-sets/p/702752141_khaki?,"Quick View LIRIT Women Rayon 2-Piece Sets ₹802 ₹2,507 (68% off) Offer Price: ₹ 561"
Ajio,clothing,BOLDSTICH,800.0,1999.0,60.0,1199.0,3.5,None,False,No,False,https://www.ajio.com/boldstich-women-rayon-2-piece-set/p/703399480_black?,"NEW Quick View BOLDSTICH Women Rayon 2-Piece Set 3.5 |   4 ₹800 ₹1,999 (60% off) Offer Price: ₹ 560"
Ajio,clothing,SVARAA,649.0,2499.0,74.0,1850.0,2.3,None,False,No,True,https://www.ajio.com/svaraa-women-printed-rayon-2-piece-sets/p/702126802_cream?,"Quick View SVARAA Women Printed Rayon 2-Piece Sets 2.3 |   123 ₹649 ₹2,499 (74% off) Offer Price: ₹ 500"
Ajio,clothing,INDOSTREET,1362.0,3999.0,66.0,2637.0,,None,False,No,False,https://www.ajio.com/indostreet-women-2-piece-co-ord-set/p/702738760_peach?,"Quick View INDOSTREET Women 2-Piece Co-Ord Set 5 |   2 ₹1,362 ₹3,999 (66% off) Offer Price: ₹ 953"
Ajio,clothing,MYRIE,440.0,1998.0,78.0,1558.0,3.1,None,False,No,True,https://www.ajio.com/myrie-women-cotton-2-piece-sets/p/702875802_blue?,"Quick View MYRIE Women Cotton 2-Piece Sets 3.1 |   10 ₹440 ₹1,998 (78% off) Offer Price: ₹ 377"
Ajio,clothing,COTTINFAB,1209.0,3899.0,69.0,2690.0,,None,False,No,False,https://www.ajio.com/cottinfab-women-spread-collar-2-piece-co-ord-set/p/702865572_beige?,"Quick View COTTINFAB Women Spread-Collar 2-Piece Co-Ord Set 5 |   2 ₹1,209 ₹3,899 (69% off) Offer Price: ₹ 846"
Ajio,clothing,STREET9,480.0,2399.0,80.0,1919.0,3.5,None,False,No,True,https://www.ajio.com/street9-women-printed-2-piece-co-ord-set/p/702549061_multi?,"Quick View STREET9 Women Printed 2-Piece Co-Ord Set 3.5 |   6 ₹480 ₹2,399 (80% off) Offer Price: ₹ 411"
Ajio,clothing,FASHION DREAM,663.0,1699.0,61.0,1036.0,,None,False,No,False,https://www.ajio.com/fashion-dream-girls-floral-print-2-piece-pants--top-set/p/703419989_pink?,"NEW Quick View FASHION DREAM Girls Floral Print 2-Piece Pants & Top Set ₹663 ₹1,699 (61% off) Offer Price: ₹ 464"
Ajio,clothing,SYKON,1218.0,3690.0,67.0,2472.0,1.8,None,False,No,False,https://www.ajio.com/sykon-women-printed-round-neck-2-piece-co-ord-set/p/702627660_black?,"Quick View SYKON Women Printed Round-Neck 2-Piece Co-Ord Set 1.8 |   18 ₹1,218 ₹3,690 (67% off) Offer Price: ₹ 853"
Ajio,clothing,SVARAA,720.0,2999.0,76.0,2279.0,3.7,None,False,No,True,https://www.ajio.com/svaraa-women-embroidered-shirt--pants-co-ord-set/p/702672723_offwhite?,"Quick View SVARAA Women Embroidered Shirt & Pants Co-Ord Set 3.7 |   6 ₹720 ₹2,999 (76% off) Offer Price: ₹ 600"
Ajio,clothing,LERIYA FASHION,800.0,2499.0,68.0,1699.0,3.2,None,False,No,False,https://www.ajio.com/leriya-fashion-women-2-piece-co-ord-set/p/701459803_khaki?,"Quick View LERIYA FASHION Women 2-Piece Co-Ord Set 3.2 |   172 ₹800 ₹2,499 (68% off) Offer Price: ₹ 560"
Ajio,clothing,FASHION DREAM,779.0,1899.0,59.0,1120.0,3.5,None,False,No,False,https://www.ajio.com/fashion-dream-girls-printed-top--pants-set/p/702767199_navy?,"Quick View FASHION DREAM Girls Printed Top & Pants Set 3.5 |   34 ₹779 ₹1,899 (59% off) Offer Price: ₹ 545"
Ajio,clothing,BUMZEE,275.0,1059.0,74.0,784.0,2.8,None,False,No,True,https://www.ajio.com/bumzee-girls-printed-shorts--top-set/p/703261909_beige?,"NEW Quick View BUMZEE Girls Printed Shorts & Top Set 2.8 |   5 ₹275 ₹1,059 (74% off) Offer Price: ₹ 206"
Ajio,clothing,Nyrika,719.0,3997.0,82.0,3278.0,3.2,None,False,No,True,https://www.ajio.com/nyrika-women-printed-2-piece-co-ord-set/p/701668818_black?,"Quick View Nyrika Women Printed 2-Piece Co-ord Set 3.2 |   46 ₹719 ₹3,997 (82% off) Offer Price: ₹ 616"
Ajio,clothing,MUHANA,685.0,1560.0,56.0,875.0,,None,False,No,False,https://www.ajio.com/muhana-women-rayon-2-piece-sets/p/703001665_black?,"Quick View MUHANA Women Rayon 2-Piece Sets 4 |   4 ₹685 ₹1,560 (56% off) Offer Price: ₹ 480"
Ajio,clothing,MYRIE,396.0,1798.0,78.0,1402.0,2.4,None,False,No,True,https://www.ajio.com/myrie-women-cotton-2-piece-sets/p/701127294_pink?,"Quick View MYRIE Women Cotton 2-Piece Sets 2.4 |   31 ₹396 ₹1,798 (78% off) Offer Price: ₹ 339"
Ajio,clothing,MITTOO,950.0,4999.0,81.0,4049.0,2.5,None,False,No,True,https://www.ajio.com/mittoo-women-embroidered-2-piece-co-ord-set/p/702327489_beige?,"Quick View MITTOO Women Embroidered 2-Piece Co-Ord Set 2.5 |   2 ₹950 ₹4,999 (81% off) Offer Price: ₹ 814"
Ajio,clothing,SVARAA,644.0,2574.0,75.0,1930.0,2.8,None,False,No,True,https://www.ajio.com/svaraa-women-colourblock-2-piece-co-ord-set/p/701775258_beige?,"Quick View SVARAA Women Colourblock 2-Piece Co-Ord Set 2.8 |   5K ₹644 ₹2,574 (75% off) Offer Price: ₹ 515"
Ajio,clothing,Revangi,539.0,2449.0,78.0,1910.0,2.7,None,False,No,True,https://www.ajio.com/revangi-women-floral-print-2-piece-co-ord-sets/p/702788876_white?,"Quick View Revangi Women Floral Print 2-Piece Co-Ord Sets 2.7 |   616 ₹539 ₹2,449 (78% off) Offer Price: ₹ 462"
Ajio,clothing,SVARAA,560.0,1599.0,65.0,1039.0,2.2,None,False,No,False,https://www.ajio.com/svaraa-women-printed-2-piece-co-ord-set/p/702810401_black?,"Quick View SVARAA Women Printed 2-Piece Co-Ord Set 2.2 |   1.3K ₹560 ₹1,599 (65% off) Offer Price: ₹ 392"
Ajio,clothing,Fyre Rose,706.0,1899.0,63.0,1193.0,3.5,None,False,No,False,https://www.ajio.com/fyre-rose-women-ribbed-2-piece-co-ord-sets/p/703179500_khaki?,"Quick View Fyre Rose Women Ribbed 2-Piece Co-Ord Sets 3.5 |   44 ₹706 ₹1,899 (63% off) Offer Price: ₹ 494"
Ajio,clothing,ASHRIFAB,681.0,4999.0,86.0,4318.0,,None,False,No,True,https://www.ajio.com/ashrifab-women-embroidered-2-piece-co-ord-set/p/702703628_rust?,"Quick View ASHRIFAB Women Embroidered 2-Piece Co-Ord Set 3 |   578 ₹681 ₹4,999 (86% off) Offer Price: ₹ 583"
Ajio,clothing,Kiana House Of Fashion,460.0,2298.0,80.0,1838.0,2.7,None,False,No,True,https://www.ajio.com/kiana-house-of-fashion-women-leaf-print-2-piece-co-ord-set/p/702147067_green?,"BESTSELLER Quick View Kiana House Of Fashion Women Leaf Print 2-Piece Co-Ord Set 2.7 |   305 ₹460 ₹2,298 (80% off) Offer Price: ₹ 394"
Ajio,clothing,LERIYA FASHION,950.0,2499.0,62.0,1549.0,,None,False,No,False,https://www.ajio.com/leriya-fashion-women-2-piece-co-ord-set/p/701459839_offwhite?,"Quick View LERIYA FASHION Women 2-Piece Co-Ord Set 3 |   66 ₹950 ₹2,499 (62% off) Offer Price: ₹ 665"
Ajio,clothing,FASHION DREAM,612.0,1799.0,66.0,1187.0,3.1,None,False,No,False,https://www.ajio.com/fashion-dream-girls-printed-pants--top-set/p/702028574_black?,"Quick View FASHION DREAM Girls Printed Pants & Top Set 3.1 |   24 ₹612 ₹1,799 (66% off) Offer Price: ₹ 428"
Ajio,clothing,Banno's Swagger,840.0,4199.0,80.0,3359.0,3.4,None,False,No,True,https://www.ajio.com/banno-s-swagger-women-slub-2-piece-sets/p/700673779_purple?,"Quick View Banno's Swagger Women Slub 2-Piece Sets 3.4 |   173 ₹840 ₹4,199 (80% off) Offer Price: ₹ 672"
Ajio,clothing,FASHION DREAM,752.0,2149.0,65.0,1397.0,3.8,None,False,No,False,https://www.ajio.com/fashion-dream-girls-embroidered-pants--shirt-set-/p/702464534_white?,"BESTSELLER Quick View FASHION DREAM Girls Embroidered Pants & Shirt Set 3.8 |   100 ₹752 ₹2,149 (65% off) Offer Price: ₹ 526"
Ajio,clothing,GUFRINA,625.0,2499.0,75.0,1874.0,,None,False,No,True,https://www.ajio.com/gufrina-printed-2-piece-shirt-with-trousers-set/p/467114614_white?,"Quick View GUFRINA Printed 2-Piece Shirt with Trousers Set 3 |   416 ₹625 ₹2,499 (75% off) Offer Price: ₹ 500"
Ajio,clothing,BERRYLICIOUS,655.0,2260.0,71.0,1605.0,3.7,None,False,No,True,https://www.ajio.com/berrylicious-women-printed-2-piece-sets/p/702439408_pink?,"Quick View BERRYLICIOUS Women Printed 2-Piece Sets 3.7 |   522 ₹655 ₹2,260 (71% off) Offer Price: ₹ 459"
Ajio,clothing,SELVIA,827.0,3323.0,75.0,2496.0,3.3,None,False,No,True,https://www.ajio.com/selvia-women-t-shirt--pants-co-ord-set/p/700214955_brown?,"Quick View SELVIA Women T-Shirt & Pants Co-Ord Set 3.3 |   302 ₹827 ₹3,323 (75% off) Offer Price: ₹ 665"
Ajio,clothing,INF FRENDZ,180.0,599.0,70.0,419.0,4.2,None,False,No,True,https://www.ajio.com/inf-frendz-printed-dungaree--t-shirt-co-ord-set/p/443054022_beige?,Quick View INF FRENDZ Printed Dungaree & T-Shirt Co-Ord Set 4.2 |   161 ₹180 ₹599 (70% off)
Ajio,clothing,LERIYA FASHION,750.0,2499.0,70.0,1749.0,3.3,None,False,No,True,https://www.ajio.com/leriya-fashion-women-printed-2-piece-co-ord-set/p/702415266_offwhite?,"Quick View LERIYA FASHION Women Printed 2-Piece Co-Ord Set 3.3 |   173 ₹750 ₹2,499 (70% off) Offer Price: ₹ 525"
Ajio,clothing,LEIA,820.0,1999.0,59.0,1179.0,3.6,None,False,No,False,https://www.ajio.com/leia-women-2-piece-co-ord-set-with-tie-up/p/701623788_grey?,"Quick View LEIA Women 2-Piece Co-Ord Set with Tie-Up 3.6 |   307 ₹820 ₹1,999 (59% off) Offer Price: ₹ 574"
Ajio,clothing,Kiana House Of Fashion,400.0,1998.0,80.0,1598.0,2.7,None,False,No,True,https://www.ajio.com/kiana-house-of-fashion-women-printed-2-piece-co-ord-set/p/701135766_pink?,"Quick View Kiana House Of Fashion Women Printed 2-Piece Co-Ord Set 2.7 |   2.6K ₹400 ₹1,998 (80% off) Offer Price: ₹ 343"
Ajio,clothing,HARIKS,744.0,1618.0,54.0,874.0,3.3,None,False,No,False,https://www.ajio.com/hariks-women-embroidered-2-piece-co-ord-sets/p/702872308_green?,"Quick View HARIKS Women Embroidered 2-Piece Co-Ord Sets 3.3 |   4 ₹744 ₹1,618 (54% off) Offer Price: ₹ 521"
Ajio,clothing,Lofn,338.0,1299.0,74.0,961.0,3.2,None,False,No,True,https://www.ajio.com/lofn-self-design-shorts--t-shirt-set/p/700745144_multi?,"Quick View Lofn Self-design Shorts & T-shirt Set 3.2 |   232 ₹338 ₹1,299 (74% off) Offer Price: ₹ 237"
Ajio,clothing,Nyrika,460.0,1999.0,77.0,1539.0,2.7,None,False,No,True,https://www.ajio.com/nyrika-women-printed-t-shirt-2-piece-sets/p/702224090_blue?,"Quick View Nyrika Women Printed T-Shirt 2-Piece Sets 2.7 |   347 ₹460 ₹1,999 (77% off) Offer Price: ₹ 394"
Ajio,clothing,SVARAA,630.0,3499.0,82.0,2869.0,,None,False,No,True,https://www.ajio.com/svaraa-women-3-piece-co-ord-set/p/703081124_brown?,"Quick View SVARAA Women 3-Piece Co-Ord Set ₹630 ₹3,499 (82% off) Offer Price: ₹ 540"
Ajio,clothing,Outzidr Global,1409.0,1499.0,6.0,90.0,2.7,None,False,No,False,https://www.ajio.com/outzidr-global-women-shirt--trousers-co-ord-set/p/702591123_grey?,"Quick View Outzidr Global Women Shirt & Trousers Co-Ord Set 2.7 |   15 ₹1,409 ₹1,499 (6% off) Offer Price: ₹ 986"
Ajio,clothing,SVARAA,575.0,2299.0,75.0,1724.0,3.6,None,False,No,True,https://www.ajio.com/svaraa-women-embroidered-regular-fit-2-piece-sets/p/701860119_lavender?,"Quick View SVARAA Women Embroidered Regular Fit 2-Piece Sets 3.6 |   59 ₹575 ₹2,299 (75% off) Offer Price: ₹ 460"
Ajio,clothing,FABNEX,542.0,4999.0,89.0,4457.0,2.9,None,False,No,True,https://www.ajio.com/fabnex-women-v-neck-top--pants-co-ord-set/p/703127457_brown?,"Quick View FABNEX Women V-Neck Top & Pants Co-Ord Set 2.9 |   32 ₹542 ₹4,999 (89% off) Offer Price: ₹ 464"
Ajio,clothing,Revangi,406.0,1399.0,71.0,993.0,2.8,None,False,No,True,https://www.ajio.com/revangi-women-printed-2-piece-co-ord-set/p/701904765_black?,"Quick View Revangi Women Printed 2-Piece Co-Ord Set 2.8 |   486 ₹406 ₹1,399 (71% off) Offer Price: ₹ 284"
Ajio,clothing,SVARAA,525.0,3499.0,85.0,2974.0,3.2,None,False,No,True,https://www.ajio.com/svaraa-women-printed-2-piece-co-ord-set/p/703075388_blue?,"Quick View SVARAA Women Printed 2-Piece Co-Ord Set 3.2 |   60 ₹525 ₹3,499 (85% off) Offer Price: ₹ 450"
Ajio,clothing,ASHRIFAB,534.0,4999.0,89.0,4465.0,2.2,None,False,No,True,https://www.ajio.com/ashrifab-women-shirt--pants-co-ord-set-/p/702691624_yellow?,"Quick View ASHRIFAB Women Shirt & Pants Co-Ord Set 2.2 |   542 ₹534 ₹4,999 (89% off) Offer Price: ₹ 457"
Ajio,clothing,Nyrika,1450.0,4999.0,71.0,3549.0,2.8,None,False,No,True,https://www.ajio.com/nyrika-women-embroidered-2-piece-co-ord-sets/p/702756044_offwhite?,"BESTSELLER Quick View Nyrika Women Embroidered 2-Piece Co-Ord Sets 2.8 |   723 ₹1,450 ₹4,999 (71% off) Offer Price: ₹ 1,015"
Ajio,clothing,MOGAL FASHION,579.0,999.0,42.0,420.0,3.4,None,False,No,False,https://www.ajio.com/mogal-fashion-women-embroidered-v-neck-2-piece-co-ord-set/p/703118971_yellow?,NEW Quick View MOGAL FASHION Women Embroidered V-Neck 2-Piece Co-Ord Set 3.4 |   10 ₹579 ₹999 (42% off) Offer Price: ₹ 405
Ajio,clothing,TIKHI IMLI,1679.0,3497.0,52.0,1818.0,,None,False,No,False,https://www.ajio.com/tikhi-imli-women-embroidered-2-piece-co-ord-sets/p/703271389_green?,"Quick View TIKHI IMLI Women Embroidered 2-Piece Co-Ord Sets ₹1,679 ₹3,497 (52% off) Offer Price: ₹ 1,179"
Ajio,clothing,MIRAPARI FASHION,990.0,2999.0,67.0,2009.0,2.5,None,False,No,False,https://www.ajio.com/mirapari-fashion-women-sweetheart-neck-3-piece-co-ord-set/p/700433945_maroon?,"Quick View MIRAPARI FASHION Women Sweetheart-Neck 3-Piece Co-Ord Set 2.5 |   13 ₹990 ₹2,999 (67% off) Offer Price: ₹ 693"
Ajio,clothing,MITTOO,1350.0,4999.0,73.0,3649.0,,None,False,No,True,https://www.ajio.com/mittoo-women-embroidered-2-piece-co-ord-set/p/701645391_purple?,"Quick View MITTOO Women Embroidered 2-Piece Co-Ord Set ₹1,350 ₹4,999 (73% off) Offer Price: ₹ 1,000"
Ajio,clothing,SPAN,1559.0,2599.0,40.0,1040.0,,None,False,No,False,https://www.ajio.com/span-women-embroidered-2-piece-co-ord-set/p/702959775_white?,"Quick View SPAN Women Embroidered 2-Piece Co-Ord Set ₹1,559 ₹2,599 (40% off) Offer Price: ₹ 1,091"
Ajio,clothing,ASHRIFAB,544.0,4999.0,89.0,4455.0,2.4,None,False,No,True,https://www.ajio.com/ashrifab-women-printed-2-piece-co-ord-set/p/702707871_black?,"Quick View ASHRIFAB Women Printed 2-Piece Co-Ord Set 2.4 |   16 ₹544 ₹4,999 (89% off) Offer Price: ₹ 466"
Ajio,clothing,INDOSTREET,1150.0,4599.0,75.0,3449.0,,None,False,No,True,https://www.ajio.com/indostreet-women-printed-3-piece-co-ord-set/p/702650940_red?,"Quick View INDOSTREET Women Printed 3-Piece Co-Ord Set ₹1,150 ₹4,599 (75% off) Offer Price: ₹ 920"
Ajio,clothing,Readiprint,1110.0,3700.0,70.0,2590.0,4.5,None,False,No,True,https://www.ajio.com/readiprint-women-embroidered-2-piece-sets/p/702482502_green?,"Quick View Readiprint Women Embroidered 2-Piece Sets 4.5 |   2 ₹1,110 ₹3,700 (70% off) Offer Price: ₹ 777"
Ajio,clothing,Nyrika,720.0,2998.0,76.0,2278.0,3.2,None,False,No,True,https://www.ajio.com/nyrika-women-embroidered-2-piece-co-ord-set/p/702939675_wine?,"Quick View Nyrika Women Embroidered 2-Piece Co-Ord Set 3.2 |   5 ₹720 ₹2,998 (76% off) Offer Price: ₹ 600"
Ajio,clothing,ASHRIFAB,518.0,4999.0,90.0,4481.0,3.1,None,False,No,True,https://www.ajio.com/ashrifab-women-printed-2-piece-co-ord-set/p/702707868_pink?,"Quick View ASHRIFAB Women Printed 2-Piece Co-Ord Set 3.1 |   29 ₹518 ₹4,999 (90% off) Offer Price: ₹ 444"
Ajio,clothing,INDOSTREET,1200.0,3999.0,70.0,2799.0,,None,False,No,True,https://www.ajio.com/indostreet-women-embroidered-2-piece-co-ord-sets/p/702672544_orange?,"Quick View INDOSTREET Women Embroidered 2-Piece Co-Ord Sets ₹1,200 ₹3,999 (70% off) Offer Price: ₹ 840"
Ajio,clothing,LERIYA FASHION,775.0,2499.0,69.0,1724.0,,None,False,No,False,https://www.ajio.com/leriya-fashion-women-polyester-2-piece-sets/p/702627392_multi?,"Quick View LERIYA FASHION Women Polyester 2-Piece Sets ₹775 ₹2,499 (69% off) Offer Price: ₹ 543"
Ajio,clothing,TUHIRAAJ,714.0,2499.0,71.0,1785.0,3.5,None,False,No,True,https://www.ajio.com/tuhiraaj-women-printed-2-piece-co-ord-sets/p/703285429_blue?,"Quick View TUHIRAAJ Women Printed 2-Piece Co-Ord Sets 3.5 |   2 ₹714 ₹2,499 (71% off) Offer Price: ₹ 500"
Ajio,clothing,SVARAA,700.0,2499.0,72.0,1799.0,,None,False,No,True,https://www.ajio.com/svaraa-women-printed-2-piece-co-ord-set/p/703260255_red?,"NEW Quick View SVARAA Women Printed 2-Piece Co-Ord Set ₹700 ₹2,499 (72% off) Offer Price: ₹ 500"
Ajio,clothing,Aavanya,2100.0,6999.0,70.0,4899.0,4.3,None,False,No,True,https://www.ajio.com/aavanya-women-2-piece-co-ord-set-with-full-sleeves/p/702741553_lime?,"BESTSELLER Quick View Aavanya Women 2-Piece Co-Ord Set with Full Sleeves 4.3 |   3 ₹2,100 ₹6,999 (70% off) Offer Price: ₹ 1,600"
Ajio,clothing,SVARAA,759.0,3997.0,81.0,3238.0,2.5,None,False,No,True,https://www.ajio.com/svaraa-women-printed-2-piece-co-ord-set/p/703021201_blue?,"Quick View SVARAA Women Printed 2-Piece Co-Ord Set 2.5 |   2 ₹759 ₹3,997 (81% off) Offer Price: ₹ 650"
Ajio,clothing,Nyrika,493.0,2899.0,83.0,2406.0,1.7,None,False,No,True,https://www.ajio.com/nyrika-women-printed-2-piece-co-ord-set-/p/467231811_white?,"Quick View Nyrika Women Printed 2-Piece Co-Ord Set 1.7 |   3 ₹493 ₹2,899 (83% off) Offer Price: ₹ 422"
Ajio,clothing,TANUKA,1200.0,3749.0,68.0,2549.0,,None,False,No,False,https://www.ajio.com/tanuka-women-embroidered-2-piece-co-ord-set/p/701714662_yellow?,"Quick View TANUKA Women Embroidered 2-Piece Co-Ord Set 3 |   4 ₹1,200 ₹3,749 (68% off) Offer Price: ₹ 840"
Ajio,clothing,BERRYLICIOUS,856.0,2950.0,71.0,2094.0,4.5,None,False,No,True,https://www.ajio.com/berrylicious-rayon-2-piece-sets/p/702848943_multi?,"Quick View BERRYLICIOUS Rayon 2-Piece Sets 4.5 |   4 ₹856 ₹2,950 (71% off) Offer Price: ₹ 599"
Ajio,clothing,Clothing Culture,999.0,3499.0,71.0,2500.0,,None,False,No,True,https://www.ajio.com/clothing-culture-women-2-piece-tunic--pants-set/p/702005213_navy?,"Quick View Clothing Culture Women 2-Piece Tunic & Pants Set ₹999 ₹3,499 (71% off) Offer Price: ₹ 700"
Ajio,clothing,SYKON,2027.0,7505.0,73.0,5478.0,,None,False,No,True,https://www.ajio.com/sykon-women-2-piece-co-ord-sets/p/702632574_pink?,"Quick View SYKON Women 2-Piece Co-Ord Sets 1 |   2 ₹2,027 ₹7,505 (73% off) Offer Price: ₹ 1,527"
Ajio,clothing,Nyrika,679.0,3997.0,83.0,3318.0,,None,False,No,True,https://www.ajio.com/nyrika-women-graphic-print-co-ord-set/p/701575688_cream?,"Quick View Nyrika Women Graphic Print Co-Ord Set 3 |   41 ₹679 ₹3,997 (83% off) Offer Price: ₹ 582"
Ajio,clothing,Readiprint,1892.0,4400.0,57.0,2508.0,,None,False,No,False,https://www.ajio.com/readiprint-women-spread-collar-shirt-2-piece-sets/p/701154845_offwhite?,"Quick View Readiprint Women Spread Collar Shirt  2-Piece Sets ₹1,892 ₹4,400 (57% off) Offer Price: ₹ 1,392"
Ajio,clothing,Kiana House Of Fashion,484.0,2198.0,78.0,1714.0,2.5,None,False,No,True,https://www.ajio.com/kiana-house-of-fashion-women-printed-2-piece-co-ord-set/p/702179487_pink?,"Quick View Kiana House Of Fashion Women Printed 2-Piece Co-Ord Set 2.5 |   24 ₹484 ₹2,198 (78% off) Offer Price: ₹ 415"
Ajio,clothing,Maheshvi,325.0,1299.0,75.0,974.0,3.2,None,False,No,True,https://www.ajio.com/maheshvi--women-collar-neck-2-piece-sets/p/702711249_navy?,"Quick View Maheshvi Women Collar-Neck 2-Piece Sets 3.2 |   25 ₹325 ₹1,299 (75% off) Offer Price: ₹ 260"
Ajio,clothing,Eshami,799.0,1997.0,60.0,1198.0,,None,False,No,False,https://www.ajio.com/eshami-women-high-neck-2-piece-co-ord-set/p/703309813_maroon?,"Quick View Eshami Women High-Neck 2-Piece Co-Ord Set ₹799 ₹1,997 (60% off) Offer Price: ₹ 559"
Ajio,clothing,SVARAA,947.0,2699.0,65.0,1752.0,,None,False,No,False,https://www.ajio.com/svaraa-women-embroidered-2-piece-co-ord-set/p/703031952_offwhite?,"Quick View SVARAA Women Embroidered 2-Piece Co-Ord Set ₹947 ₹2,699 (65% off) Offer Price: ₹ 663"
Ajio,clothing,IKI CHIC,7889.0,11999.0,34.0,4110.0,,None,False,No,False,https://www.ajio.com/iki-chic-women-cotton-2-piece-sets/p/702465256_blue?,"BESTSELLER Quick View IKI CHIC Women Cotton 2-Piece Sets ₹7,889 ₹11,999 (34% off) Offer Price: ₹ 7,389"
Ajio,clothing,Nyrika,600.0,3999.0,85.0,3399.0,2.2,None,False,No,True,https://www.ajio.com/nyrika-women-leaf-2-piece-co-ord-sets/p/703244415_offwhite?,"NEW Quick View Nyrika Women Leaf 2-Piece Co-Ord Sets 2.2 |   108 ₹600 ₹3,999 (85% off) Offer Price: ₹ 514"
Ajio,clothing,MIRCHI FASHION,1000.0,3999.0,75.0,2999.0,3.6,None,False,No,True,https://www.ajio.com/mirchi-fashion-women-cotton-2-piece-set/p/701910274_orange?,"Quick View MIRCHI FASHION Women Cotton 2-Piece Set 3.6 |   24 ₹1,000 ₹3,999 (75% off) Offer Price: ₹ 800"
Ajio,clothing,PRADHRUHE,499.0,2495.0,80.0,1996.0,3.9,None,False,No,True,https://www.ajio.com/pradhruhe-women-printed-2-piece-top-with-pants/p/702035339_maroon?,"Quick View PRADHRUHE Women Printed 2-Piece Top with Pants 3.9 |   40 ₹499 ₹2,495 (80% off) Offer Price: ₹ 427"
Ajio,clothing,Styli,1200.0,2499.0,52.0,1299.0,,None,False,No,False,https://www.ajio.com/styli-crinkled-shirt--pants-co-ord-set/p/703285706_navy?,"Quick View Styli Crinkled Shirt & Pants Co-Ord Set ₹1,200 ₹2,499 (52% off) Offer Price: ₹ 840"
Ajio,clothing,Nyrika,771.0,2854.0,73.0,2083.0,1.6,None,False,No,True,https://www.ajio.com/nyrika-women-printed-2-piece-co-ord-set/p/702471236_offwhite?,"Quick View Nyrika Women Printed 2-Piece Co-Ord Set 1.6 |   5 ₹771 ₹2,854 (73% off) Offer Price: ₹ 571"
Ajio,clothing,Nyrika,684.0,2629.0,74.0,1945.0,1.6,None,False,No,True,https://www.ajio.com/nyrika-women-embroidered-2-piece-co-ord-set/p/702770461_black?,"Quick View Nyrika Women Embroidered 2-Piece Co-Ord Set 1.6 |   5 ₹684 ₹2,629 (74% off) Offer Price: ₹ 526"
Ajio,clothing,FFU,1250.0,6249.0,80.0,4999.0,2.5,None,False,No,True,https://www.ajio.com/ffu-women-printed-2-piece-co-ord-set-/p/702512203_black?,"Quick View FFU Women Printed 2-Piece Co-Ord Set 2.5 |   2 ₹1,250 ₹6,249 (80% off) Offer Price: ₹ 1,071"
Ajio,clothing,Raamony,997.0,2695.0,63.0,1698.0,2.7,None,False,No,False,https://www.ajio.com/raamony-women-printed-2-piece-co-ord-set/p/701260519_offwhite?,"Quick View Raamony Women Printed 2-Piece Co-Ord Set 2.7 |   26 ₹997 ₹2,695 (63% off) Offer Price: ₹ 698"
Ajio,clothing,Pookiie,1960.0,3999.0,51.0,2039.0,,None,False,No,False,https://www.ajio.com/pookiie-women-embroidered-2-piece-co-ord-set/p/703335026_black?,"NEWSEASON Quick View Pookiie Women Embroidered 2-Piece Co-Ord Set ₹1,960 ₹3,999 (51% off) Offer Price: ₹ 1,460"
Ajio,clothing,FASHFUN CLOTHING,740.0,1999.0,63.0,1259.0,3.8,None,False,No,False,https://www.ajio.com/fashfun-clothing-women-self-design-top/p/701311536_multi?,"Quick View FASHFUN CLOTHING Women Self-design Top 3.8 |   35 ₹740 ₹1,999 (63% off) Offer Price: ₹ 518"
Ajio,clothing,Derifa,2449.0,3499.0,30.0,1050.0,2.5,None,False,No,False,https://www.ajio.com/derifa-women-printed-2-piece-co-ord-set/p/701154398_blue?,"Quick View Derifa Women Printed 2-Piece Co-Ord Set 2.5 |   8 ₹2,449 ₹3,499 (30% off) Offer Price: ₹ 1,949"
Ajio,clothing,Weavllite,1075.0,4299.0,75.0,3224.0,3.5,None,False,No,True,https://www.ajio.com/weavllite-women-embroidered-2-piece-co-ord-set/p/702746489_green?,"Quick View Weavllite Women Embroidered 2-Piece Co-Ord Set 3.5 |   2 ₹1,075 ₹4,299 (75% off) Offer Price: ₹ 860"
Ajio,clothing,Stylum,1131.0,3899.0,71.0,2768.0,,None,False,No,True,https://www.ajio.com/stylum-women-printed-2-piece-co-ord-set/p/703370273_black?,"NEW Quick View Stylum Women Printed 2-Piece Co-Ord Set ₹1,131 ₹3,899 (71% off) Offer Price: ₹ 792"
Ajio,clothing,CHHABRA 555,3920.0,11200.0,65.0,7280.0,,None,False,No,False,https://www.ajio.com/chhabra-555-women-embroidered-3-piece-co-ord-set/p/702062268_beige?,"Quick View CHHABRA 555 Women Embroidered 3-Piece Co-Ord Set ₹3,920 ₹11,200 (65% off) Offer Price: ₹ 3,420"
Ajio,clothing,BERRYLICIOUS,1517.0,5232.0,71.0,3715.0,,None,False,No,True,https://www.ajio.com/berrylicious-embroidered-cotton-2-piece-sets/p/701733716_cream?,"Quick View BERRYLICIOUS Embroidered Cotton 2-Piece Sets 4 |   2 ₹1,517 ₹5,232 (71% off) Offer Price: ₹ 1,062"
Ajio,clothing,Nyrika,648.0,2399.0,73.0,1751.0,,None,False,No,True,https://www.ajio.com/nyrika-women-printed-2-piece-co-ord-set/p/703411611_purple?,"NEW Quick View Nyrika Women Printed 2-Piece Co-Ord Set ₹648 ₹2,399 (73% off) Offer Price: ₹ 480"
Ajio,clothing,Pspeaches,750.0,4997.0,85.0,4247.0,3.6,None,False,No,True,https://www.ajio.com/pspeaches-girls-printed-top-with-bottomwear/p/467205573_black?,"Quick View Pspeaches Girls Printed Top with Bottomwear 3.6 |   51 ₹750 ₹4,997 (85% off) Offer Price: ₹ 642"
Ajio,clothing,FASHFUN CLOTHING,760.0,1999.0,62.0,1239.0,,None,False,No,False,https://www.ajio.com/fashfun-clothing-women-printed-2-piece-co-ord-set/p/702407273_black?,"Quick View FASHFUN CLOTHING Women Printed 2-Piece Co-Ord Set ₹760 ₹1,999 (62% off) Offer Price: ₹ 532"
Ajio,clothing,Outzidr Global,983.0,1199.0,18.0,216.0,3.3,None,False,No,False,https://www.ajio.com/outzidr-global-women-tr-shirt--pants-co-ord-set/p/701798926_black?,"Quick View Outzidr Global Women TR-Shirt & Pants Co-Ord Set 3.3 |   15 ₹983 ₹1,199 (18% off) Offer Price: ₹ 688"
Ajio,clothing,TIKHI IMLI,1499.0,3747.0,60.0,2248.0,,None,False,No,False,https://www.ajio.com/tikhi-imli-women-embroidered-2-piece-sets/p/702854515_maroon?,"Quick View TIKHI IMLI Women Embroidered 2-Piece Sets ₹1,499 ₹3,747 (60% off) Offer Price: ₹ 1,049"
Ajio,clothing,Kasya,1312.0,3123.0,58.0,1811.0,,None,False,No,False,https://www.ajio.com/kasya-women-embroidered-2-piece-co-ord-set/p/702352283_offwhite?,"Quick View Kasya Women Embroidered 2-Piece Co-Ord Set ₹1,312 ₹3,123 (58% off) Offer Price: ₹ 918"
Ajio,clothing,FASHFUN CLOTHING,800.0,1999.0,60.0,1199.0,3.7,None,False,No,False,https://www.ajio.com/fashfun-clothing-women-cropped-shirt--pants-co-ord-set/p/700286237_green?,"Quick View FASHFUN CLOTHING Women Cropped Shirt & Pants Co-Ord Set 3.7 |   1.6K ₹800 ₹1,999 (60% off) Offer Price: ₹ 560"
Ajio,clothing,Nyrika,1419.0,3999.0,65.0,2580.0,4.5,None,False,No,False,https://www.ajio.com/nyrika-women-embroidered-2-piece-co-ord-set/p/702589055_green?,"Quick View Nyrika Women Embroidered 2-Piece Co-Ord Set 4.5 |   2 ₹1,419 ₹3,999 (65% off) Offer Price: ₹ 993"
Ajio,clothing,COTTINFAB,1800.0,4499.0,60.0,2699.0,,None,False,No,False,https://www.ajio.com/cottinfab-women-v-neck-2-piece-co-ord-set/p/702284957_black?,"Quick View COTTINFAB Women V-Neck 2-Piece Co-Ord Set ₹1,800 ₹4,499 (60% off) Offer Price: ₹ 1,300"
Ajio,clothing,Nyrika,1290.0,2999.0,57.0,1709.0,4.1,None,False,No,False,https://www.ajio.com/nyrika-women-embroidered-2-piece-sets/p/702582476_navy?,"Quick View Nyrika Women Embroidered 2-Piece Sets 4.1 |   14 ₹1,290 ₹2,999 (57% off) Offer Price: ₹ 903"
Ajio,clothing,SVARAA,1480.0,3699.0,60.0,2219.0,,None,False,No,False,https://www.ajio.com/svaraa-women-printed-2-piece-co-ord-set-with-bracelet-sleeves/p/701118037_multi?,"Quick View SVARAA Women Printed 2-Piece Co-Ord Set with Bracelet Sleeves ₹1,480 ₹3,699 (60% off) Offer Price: ₹ 1,036"
Ajio,clothing,SVARAA,594.0,2199.0,73.0,1605.0,,None,False,No,True,https://www.ajio.com/svaraa-women-terry-2-piece-sets/p/703214825_brown?,"NEW Quick View SVARAA Women Terry 2-Piece Sets 3 |   2 ₹594 ₹2,199 (73% off) Offer Price: ₹ 440"
Ajio,clothing,Nyrika,898.0,2245.0,60.0,1347.0,,None,False,No,False,https://www.ajio.com/nyrika-women-2-piece-co-ord-set/p/701999877_black?,"Quick View Nyrika Women 2-Piece Co-Ord Set ₹898 ₹2,245 (60% off) Offer Price: ₹ 629"
Ajio,clothing,BERRYLICIOUS,1001.0,3450.0,71.0,2449.0,3.3,None,False,No,True,https://www.ajio.com/berrylicious-women-printed-2-piece-co-ord-set-/p/702382290_pink?,"Quick View BERRYLICIOUS Women Printed 2-Piece Co-Ord Set 3.3 |   3 ₹1,001 ₹3,450 (71% off) Offer Price: ₹ 701"
Ajio,clothing,Readiprint,980.0,3500.0,72.0,2520.0,2.7,None,False,No,True,https://www.ajio.com/readiprint-women-embroidered-2-piece-co-ord-set/p/701302830_navy?,"Quick View Readiprint Women Embroidered 2-Piece Co-Ord Set 2.7 |   6 ₹980 ₹3,500 (72% off) Offer Price: ₹ 700"
Ajio,clothing,INDOSTREET,1260.0,3599.0,65.0,2339.0,,None,False,No,False,https://www.ajio.com/indostreet-women-2-piece-co-ord-sets/p/702745276_yellow?,"Quick View INDOSTREET Women 2-Piece Co-Ord Sets ₹1,260 ₹3,599 (65% off) Offer Price: ₹ 882"
Ajio,clothing,SHAE BY SASSAFRAS,1330.0,3499.0,62.0,2169.0,,None,False,No,False,https://www.ajio.com/shae-by-sassafras-embroidered-shirt--pants-co-ord-set/p/702516755_maroon?,"Quick View SHAE BY SASSAFRAS Embroidered Shirt & Pants Co-Ord Set ₹1,330 ₹3,499 (62% off) Offer Price: ₹ 931"
Ajio,clothing,FUSIONIC,3960.0,8800.0,55.0,4840.0,,None,False,No,False,https://www.ajio.com/fusionic-women-embroidered-2-piece-co-ord-set/p/702416888_mustard?,"Quick View FUSIONIC Women Embroidered 2-Piece Co-Ord Set ₹3,960 ₹8,800 (55% off) Offer Price: ₹ 3,460"
Ajio,clothing,TIKHI IMLI,1899.0,4747.0,60.0,2848.0,,None,False,No,False,https://www.ajio.com/tikhi-imli-women-embroidered-2-piece-co-ord-set/p/702128836_mustard?,"Quick View TIKHI IMLI Women Embroidered 2-Piece Co-Ord Set 4 |   2 ₹1,899 ₹4,747 (60% off) Offer Price: ₹ 1,399"
Ajio,clothing,Nyrika,766.0,3330.0,77.0,2564.0,,None,False,No,True,https://www.ajio.com/nyrika-women-printed-2-piece-co-ord-sets/p/702989451_blue?,"Quick View Nyrika Women Printed 2-Piece Co-Ord Sets ₹766 ₹3,330 (77% off) Offer Price: ₹ 656"
Ajio,clothing,SHAE BY SASSAFRAS,1620.0,4499.0,64.0,2879.0,,None,False,No,False,https://www.ajio.com/shae-by-sassafras-women-embroidered-2-piece-co-ord-set/p/702500772_purple?,"Quick View SHAE BY SASSAFRAS Women Embroidered 2-Piece Co-Ord Set 3 |   6 ₹1,620 ₹4,499 (64% off) Offer Price: ₹ 1,134"
Ajio,clothing,Fabzoo,1196.0,1899.0,37.0,703.0,3.8,None,False,No,False,https://www.ajio.com/fabzoo-women-embroidered-2-piece-co-ord-set/p/702856941_mustard?,"Quick View Fabzoo Women Embroidered 2-Piece Co-Ord Set 3.8 |   58 ₹1,196 ₹1,899 (37% off) Offer Price: ₹ 837"
Ajio,clothing,FASHFUN CLOTHING,500.0,1999.0,75.0,1499.0,4.1,None,False,No,True,https://www.ajio.com/fashfun-clothing-women-v-neck-2-piece-co-ord-set/p/701074550_teal?,"Quick View FASHFUN CLOTHING Women V-Neck 2-Piece Co-Ord Set 4.1 |   11 ₹500 ₹1,999 (75% off) Offer Price: ₹ 400"
Ajio,clothing,SVARAA,850.0,4999.0,83.0,4149.0,,None,False,No,True,https://www.ajio.com/svaraa-women-embroidered-2-piece-co-ord-sets/p/703296753_offwhite?,"Quick View SVARAA Women Embroidered 2-Piece Co-Ord Sets ₹850 ₹4,999 (83% off) Offer Price: ₹ 728"
Ajio,clothing,JAKANARY,2094.0,3950.0,47.0,1856.0,,None,False,No,False,https://www.ajio.com/jakanary-women-clothing-set/p/702015778_black?,"BESTSELLER Quick View JAKANARY Women Clothing Set 4 |   2 ₹2,094 ₹3,950 (47% off) Offer Price: ₹ 1,594"
Ajio,clothing,SVARAA,1019.0,2996.0,66.0,1977.0,,None,False,No,False,https://www.ajio.com/svaraa-women-printed-2-piece-co-ord-set/p/703037491_offwhite?,"Quick View SVARAA Women Printed 2-Piece Co-Ord Set ₹1,019 ₹2,996 (66% off) Offer Price: ₹ 713"
Ajio,clothing,SVARAA,480.0,1999.0,76.0,1519.0,2.3,None,False,No,True,https://www.ajio.com/svaraa-women-printed-2-piece-co-ord-set/p/702330711_orange?,"Quick View SVARAA Women Printed 2-Piece Co-Ord Set 2.3 |   3 ₹480 ₹1,999 (76% off) Offer Price: ₹ 400"
Ajio,clothing,MORLY,799.0,2499.0,68.0,1700.0,,None,False,No,False,https://www.ajio.com/morly-women-printed-2-piece-co-ord-set/p/702303576_cream?,"Quick View MORLY Women Printed 2-Piece Co-Ord Set 1 |   5 ₹799 ₹2,499 (68% off) Offer Price: ₹ 559"
Ajio,clothing,INDOSTREET,800.0,3199.0,75.0,2399.0,,None,False,No,True,https://www.ajio.com/indostreet-women-embroidered-2-piece-co-ord-set/p/702656114_peach?,"Quick View INDOSTREET Women Embroidered 2-Piece Co-Ord Set ₹800 ₹3,199 (75% off) Offer Price: ₹ 640"
Ajio,clothing,KASHIANXSTYLE,698.0,1999.0,65.0,1301.0,,None,False,No,False,https://www.ajio.com/kashianxstyle-women-printed-2-piece-co-ord-set/p/702739296_black?,"Quick View KASHIANXSTYLE Women Printed 2-Piece Co-Ord Set 4 |   3 ₹698 ₹1,999 (65% off) Offer Price: ₹ 489"
Ajio,clothing,MYRIE,532.0,2535.0,79.0,2003.0,2.3,None,False,No,True,https://www.ajio.com/myrie-women-embroidered-2-piece-co-ord-set/p/701526366_yellow?,"Quick View MYRIE Women Embroidered 2-Piece Co-Ord Set 2.3 |   33 ₹532 ₹2,535 (79% off) Offer Price: ₹ 456"
Ajio,clothing,Nyrika,1595.0,5499.0,71.0,3904.0,,None,False,No,True,https://www.ajio.com/nyrika-women-embellished-3-piece-co-ord-sets-with-shurg/p/703487983_orange?,"NEW Quick View Nyrika Women Embellished 3-Piece Co-Ord Sets with Shurg ₹1,595 ₹5,499 (71% off) Offer Price: ₹ 1,117"
Ajio,clothing,BANI WOMEN,1258.0,2995.0,58.0,1737.0,,None,False,No,False,https://www.ajio.com/bani-women-women-embroidered-2-piece-co-ord-set/p/703185931_blue?,"Quick View BANI WOMEN Women Embroidered 2-Piece Co-Ord Set ₹1,258 ₹2,995 (58% off) Offer Price: ₹ 881"
Ajio,clothing,HARIKS,845.0,1838.0,54.0,993.0,3.4,None,False,No,False,https://www.ajio.com/hariks-women-printed-2-piece-co-ord-set/p/702544702_orange?,"Quick View HARIKS Women Printed 2-Piece Co-Ord Set 3.4 |   5 ₹845 ₹1,838 (54% off) Offer Price: ₹ 592"
Ajio,clothing,Outzidr,1549.0,1084.0,,-465.0,2.7,None,False,Unknown,False,https://www.ajio.com/outzidr-women-printed-shirt--pants-co-ord-set/p/702171774_black?,"Quick View Outzidr Women Printed Shirt & Pants Co-Ord Set 2.7 |   20 ₹1,549 Offer Price: ₹ 1,084"
Ajio,clothing,Gignar,2939.0,2999.0,2.0,60.0,,None,False,No,False,https://www.ajio.com/gignar-women-spread-collar-2-piece-set/p/700287769_blue?,"Quick View Gignar Women Spread-Collar 2-Piece Set ₹2,939 ₹2,999 (2% off) Offer Price: ₹ 2,439"
Ajio,clothing,SVARAA,629.0,3499.0,82.0,2870.0,,None,False,No,True,https://www.ajio.com/svaraa-women-polyester-2-piece-sets/p/703429650_blue?,"NEW Quick View SVARAA Women Polyester 2-Piece Sets ₹629 ₹3,499 (82% off) Offer Price: ₹ 539"
Ajio,sunglasses,Decathlon,1699.0,2299.0,26.0,600.0,2.8,None,False,No,False,https://www.ajio.com/decathlon-quechua--men-mh570-anti-uv-hiking-sunglasses/p/702582400_blue?,"BESTSELLER Quick View Decathlon Quechua - Men MH570 Anti UV Hiking Sunglasses 2.8 |   4 ₹1,699 ₹2,299 (26% off) Offer Price: ₹ 1,199"
Ajio,sunglasses,MOSCHINO,8816.0,30400.0,71.0,21584.0,,None,False,No,True,https://www.ajio.com/moschino-unisex-uv-protected-oval-sunglasses-20769100055ir/p/469750667_grey?,"BESTSELLER Quick View MOSCHINO Unisex UV-Protected Oval Sunglasses-20769100055IR 5 |   11 ₹8,816 ₹30,400 (71% off) Offer Price: ₹ 8,066"
Ajio,sunglasses,Ted Smith,371.0,3090.0,88.0,2719.0,3.9,None,False,No,True,https://www.ajio.com/ted-smith-men-ts-candy-gry-uv-protected-rectangular-sunglasses/p/466714524_grey?,"BESTSELLER Quick View Ted Smith Men TS-CANDY-GRY UV-Protected Rectangular Sunglasses 3.9 |   77 ₹371 ₹3,090 (88% off) Offer Price: ₹ 340"
Ajio,sunglasses,MOSCHINO,4842.0,26900.0,82.0,22058.0,3.7,None,False,No,True,https://www.ajio.com/moschino-unisex-full-rim-wayfarer-sunglasses-mos214-s/p/469805659_red?,"BESTSELLER Quick View MOSCHINO Unisex Full-Rim Wayfarer Sunglasses-MOS214/S 3.7 |   3 ₹4,842 ₹26,900 (82% off) Offer Price: ₹ 4,358"
Ajio,sunglasses,Ted Smith,291.0,2290.0,87.0,1999.0,3.8,None,False,No,True,https://www.ajio.com/ted-smith-eyez-c4-men-rectangular-sunglasses/p/466709401_grey?,"BESTSELLER Quick View Ted Smith EYEZ-C4 Men Rectangular Sunglasses 3.8 |   30 ₹291 ₹2,290 (87% off) Offer Price: ₹ 262"
Ajio,sunglasses,FUNGLASSES,500.0,999.0,50.0,499.0,3.6,None,False,No,False,https://www.ajio.com/funglasses-men-uv-protected-full-rim-oversized-sunglasses/p/700827161_blue?,BESTSELLER Quick View FUNGLASSES Men UV Protected Full-Rim Oversized Sunglasses 3.6 |   114 ₹500 ₹999 (50% off) Offer Price: ₹ 350
Ajio,sunglasses,VOYAGE,799.0,3000.0,73.0,2201.0,,None,False,No,True,https://www.ajio.com/voyage-58243-full-rim-wayfarers-sunglasses/p/466296885_black?,"BESTSELLER Quick View VOYAGE 58243 Full-Rim Wayfarers Sunglasses 4 |   23 ₹799 ₹3,000 (73% off) Offer Price: ₹ 600"
Ajio,sunglasses,Ted Smith,359.0,2990.0,88.0,2631.0,4.2,None,False,No,True,https://www.ajio.com/ted-smith-blaze-c1-polarised-wayfarer-sunglasses/p/466707528_grey?,"BESTSELLER Quick View Ted Smith BLAZE-C1 Polarised Wayfarer Sunglasses 4.2 |   180 ₹359 ₹2,990 (88% off) Offer Price: ₹ 329"
Ajio,sunglasses,RICH CLUB,350.0,699.0,50.0,349.0,,None,False,No,False,https://www.ajio.com/rich-club-boys-uv-protected-full-rim-frame-cat-eye-sunglasses/p/702732016_red?,BESTSELLER Quick View RICH CLUB Boys UV Protected Full-Rim Frame Cat-Eye Sunglasses ₹350 ₹699 (50% off) Offer Price: ₹ 245
Ajio,sunglasses,Ted Smith,346.0,2880.0,88.0,2534.0,3.8,None,False,No,True,https://www.ajio.com/ted-smith-men-lenon-c1-uv-protected-round-sunglasses/p/466714376_black?,"BESTSELLER Quick View Ted Smith Men LENON-C1 UV-Protected Round Sunglasses 3.8 |   46 ₹346 ₹2,880 (88% off) Offer Price: ₹ 317"
Ajio,sunglasses,VOYAGE,1350.0,3000.0,55.0,1650.0,3.5,None,False,No,False,https://www.ajio.com/voyage-unisex-sunglasses-metal-frame-/p/701058554_black?,"BESTSELLER Quick View VOYAGE Unisex Sunglasses Metal Frame 3.5 |   28 ₹1,350 ₹3,000 (55% off) Offer Price: ₹ 945"
Ajio,sunglasses,Ray-Ban,15672.0,19590.0,20.0,3918.0,,None,False,No,False,https://www.ajio.com/ray-ban-unisex-uv-protected-square-sunglasses-0rb4940b68648047/p/469814738_black?,"BESTSELLER Quick View Ray-Ban Unisex UV-Protected Square Sunglasses-0RB4940B68648047 ₹15,672 ₹19,590 (20% off) Offer Price: ₹ 14,922"
Ajio,sunglasses,MOSCHINO,4910.0,24900.0,80.0,19990.0,4.2,None,False,No,True,https://www.ajio.com/moschino-men-gradient-lens-sunglasses-mos201-s/p/469796668_clearblack?,"BESTSELLER Quick View MOSCHINO Men Gradient Lens Sunglasses-MOS201/S 4.2 |   10 ₹4,910 ₹24,900 (80% off) Offer Price: ₹ 4,419"
Ajio,sunglasses,Sam & Marshall,737.0,1249.0,41.0,512.0,3.5,None,False,No,False,https://www.ajio.com/sam--marshall-unisex-lexen-uv400-protection-square-sunglasses/p/703224963_red?,"NEW Quick View Sam & Marshall Unisex Lexen UV400 Protection Square Sunglasses 3.5 |   2 ₹737 ₹1,249 (41% off) Offer Price: ₹ 516"
Ajio,sunglasses,VOYAGE,510.0,3000.0,83.0,2490.0,3.8,None,False,No,True,https://www.ajio.com/voyage-g15059-uv-protected-oval-sunglasses/p/466466366_black?,"BESTSELLER Quick View VOYAGE G15059 UV-Protected Oval Sunglasses 3.8 |   528 ₹510 ₹3,000 (83% off) Offer Price: ₹ 459"
Ajio,sunglasses,MOSCHINO,4960.0,26900.0,82.0,21940.0,3.8,None,False,No,True,https://www.ajio.com/moschino-unisex-square-sunglasses-208564/p/469807887_greenblack?,"BESTSELLER Quick View MOSCHINO Unisex Square Sunglasses -208564 3.8 |   6 ₹4,960 ₹26,900 (82% off) Offer Price: ₹ 4,464"
Ajio,sunglasses,GUESS,7386.0,8490.0,13.0,1104.0,,None,False,No,False,https://www.ajio.com/guess-gradient-square-sunglasses-gus002505601psg/p/469754708_black?,"Quick View GUESS Gradient Square Sunglasses-GUS002505601PSG ₹7,386 ₹8,490 (13% off) Offer Price: ₹ 5,909"
Ajio,sunglasses,MOSCHINO,4670.0,28900.0,84.0,24230.0,3.8,None,False,No,True,https://www.ajio.com/moschino-unisex-full-rim-wrap-sunglasses-mos209-s/p/469805666_rosegold?,"BESTSELLER Quick View MOSCHINO Unisex Full-Rim Wrap Sunglasses-MOS209/S 3.8 |   11 ₹4,670 ₹28,900 (84% off) Offer Price: ₹ 4,203"
Ajio,sunglasses,RICH CLUB,400.0,999.0,60.0,599.0,3.3,None,False,No,False,https://www.ajio.com/rich-club-men-uv-protected-sunglasses--/p/701219140_black?,BESTSELLER Quick View RICH CLUB Men UV Protected Sunglasses 3.3 |   34 ₹400 ₹999 (60% off) Offer Price: ₹ 280
Ajio,sunglasses,VOYAGE,840.0,3000.0,72.0,2160.0,4.1,None,False,No,True,https://www.ajio.com/voyage-men-uv-protected-square-sunglasses-86367/p/467004156_black?,"Quick View VOYAGE Men UV-Protected Square Sunglasses-86367 4.1 |   172 ₹840 ₹3,000 (72% off) Offer Price: ₹ 600"
Ajio,sunglasses,VOYAGE,1050.0,3000.0,65.0,1950.0,3.7,None,False,No,False,https://www.ajio.com/voyage-men-uv-protected-wayfarer-sunglasses--952mg3669/p/466249705_black?,"BESTSELLER Quick View VOYAGE Men UV-Protected Wayfarer Sunglasses - 952MG3669 3.7 |   177 ₹1,050 ₹3,000 (65% off) Offer Price: ₹ 735"
Ajio,sunglasses,ALDO,2099.0,3499.0,40.0,1400.0,,None,False,No,False,https://www.ajio.com/aldo-men-wayfarers-sunglasses-/p/703398884_black?,"Quick View ALDO Men Wayfarers Sunglasses ₹2,099 ₹3,499 (40% off) Offer Price: ₹ 1,599"
Ajio,sunglasses,Ray-Ban,10600.0,13590.0,22.0,2990.0,,None,False,No,False,https://www.ajio.com/ray-ban-women-uv-protected-square-sunglasses-0rb22861292b152/p/4936690170_multi?,"Quick View Ray-Ban Women UV-Protected Square Sunglasses-0RB22861292B152 ₹10,600 ₹13,590 (22% off) Offer Price: ₹ 9,850"
Ajio,sunglasses,Carlton London,740.0,1345.0,45.0,605.0,4.2,None,False,No,False,https://www.ajio.com/carlton-london-boys-black-lens-blue-aviator-sunglasses--clsb062/p/464956152_blue?,"BESTSELLER Quick View Carlton London Boys Black Lens Blue Aviator Sunglasses - CLSB062 4.2 |   530 ₹740 ₹1,345 (45% off) Best Price ₹ 666"
Ajio,sunglasses,Ray-Ban,14211.0,15790.0,10.0,1579.0,,None,False,No,False,https://www.ajio.com/ray-ban-unisex-polarized-pilot-sunglasses-0rb3925002-4858/p/469768842_black?,"Quick View Ray-Ban Unisex Polarized Pilot Sunglasses-0RB3925002/4858 ₹14,211 ₹15,790 (10% off) Offer Price: ₹ 13,461"
Ajio,sunglasses,Sam & Marshall,945.0,1750.0,46.0,805.0,4.2,None,False,No,False,https://www.ajio.com/sam--marshall-unisex-dario-uv400-protection-square-sunglasses/p/702661668_blue?,"NEW Quick View Sam & Marshall Unisex Dario UV400 Protection Square Sunglasses 4.2 |   5 ₹945 ₹1,750 (46% off) Offer Price: ₹ 662"
Ajio,sunglasses,Vincent Chase,999.0,1999.0,50.0,1000.0,3.7,None,False,No,False,https://www.ajio.com/vincent-chase-unisex-polarized-and-uv-protected-wayfarer-sunglasses-vc-s11742/p/466199439_black?,"Quick View Vincent Chase Unisex Polarized and UV Protected Wayfarer Sunglasses -VC S11742 3.7 |   52 ₹999 ₹1,999 (50% off) Offer Price: ₹ 699"
Ajio,sunglasses,Carlton London,1451.0,4145.0,65.0,2694.0,,None,False,No,False,https://www.ajio.com/carlton-london-premium-men-polarised-uv-protected-lens-rectangle-sunglasses--clsm134/p/465920384_black?,"Quick View Carlton London Premium Men Polarised UV Protected Lens Rectangle Sunglasses - CLSM134 ₹1,451 ₹4,145 (65% off) Offer Price: ₹ 1,161"
Ajio,sunglasses,Oakley,9586.0,11690.0,18.0,2104.0,,None,False,No,False,https://www.ajio.com/oakley-unisex-uv-protected-lens-rectangular-sunglasses--0oo9522/p/4936696680_multi?,"NEW Quick View Oakley Unisex UV-Protected Lens Rectangular Sunglasses - 0OO9522 ₹9,586 ₹11,690 (18% off) Offer Price: ₹ 9,086"
Ajio,sunglasses,Ray-Ban,9012.0,10990.0,18.0,1978.0,,None,False,No,False,https://www.ajio.com/ray-ban-men-gradient-aviators-0rb3449i/p/4933744880_multi?,"Quick View Ray-Ban Men Gradient Aviators-0RB3449I 3 |   3 ₹9,012 ₹10,990 (18% off) Offer Price: ₹ 8,262"
Ajio,sunglasses,Ted Smith,362.0,1780.0,80.0,1418.0,4.3,None,False,No,True,https://www.ajio.com/ted-smith-men-full-rim-frame-uv-protected-lens-sunglasses/p/702558009_black?,"Quick View Ted Smith Men Full-rim Frame UV Protected Lens Sunglasses 4.3 |   6 ₹362 ₹1,780 (80% off) Offer Price: ₹ 326"
Ajio,sunglasses,Carlton London,718.0,1795.0,60.0,1077.0,,None,False,No,False,https://www.ajio.com/carlton-london-premium-men-polarised-uv-protected-lens-rectangle-sunglasses--clsm158/p/465953541_clear?,"Quick View Carlton London Premium Men Polarised UV Protected Lens Rectangle Sunglasses - CLSM158 4 |   541 ₹718 ₹1,795 (60% off) Offer Price: ₹ 574"
Ajio,sunglasses,Ted Smith,370.0,3080.0,88.0,2710.0,3.8,None,False,No,True,https://www.ajio.com/ted-smith-men-fun-rim-metal-frame-sunglasses/p/700445077_clear?,"BESTSELLER Quick View Ted Smith Men Fun-Rim Metal Frame Sunglasses 3.8 |   63 ₹370 ₹3,080 (88% off) Offer Price: ₹ 339"
Ajio,sunglasses,Sam & Marshall,1825.0,2500.0,27.0,675.0,2.7,None,False,No,False,https://www.ajio.com/sam--marshall-unisex-kun-uv400-protection-square-sunglasses/p/702661680_orange?,"Quick View Sam & Marshall Unisex Kun UV400 Protection Square Sunglasses 2.7 |   12 ₹1,825 ₹2,500 (27% off) Offer Price: ₹ 1,325"
Ajio,sunglasses,MOSCHINO,7801.0,26900.0,71.0,19099.0,,None,False,No,True,https://www.ajio.com/moschino-unisex-full-rim-wayfarer-sunglasses-mos214-s/p/469805657_black?,"BESTSELLER Quick View MOSCHINO Unisex Full-Rim Wayfarer Sunglasses-MOS214/S 4 |   5 ₹7,801 ₹26,900 (71% off) Offer Price: ₹ 7,051"
Ajio,sunglasses,CARRERA,5768.0,10300.0,44.0,4532.0,4.5,None,False,No,False,https://www.ajio.com/carrera-men-uv-protected-aviator-sunglasses--206155lks63gb/p/700191792_gold?,"Quick View CARRERA Men UV-Protected Aviator Sunglasses - 206155LKS63GB 4.5 |   2 ₹5,768 ₹10,300 (44% off) Offer Price: ₹ 5,191"
Ajio,sunglasses,TOMMY HILFIGER,7693.0,10990.0,30.0,3297.0,,None,False,No,False,https://www.ajio.com/tommy-hilfiger-uv-protected-lens-sunglasses-th-8009-c3-bkgdgn-19-56/p/703137546_black?,"Quick View TOMMY HILFIGER UV Protected Lens Sunglasses-TH 8009 C3 Bkgdgn-19 56 ₹7,693 ₹10,990 (30% off) Offer Price: ₹ 6,693"
Ajio,sunglasses,Resist Eyewear,1450.0,4999.0,71.0,3549.0,3.7,None,False,No,True,https://www.ajio.com/resist-eyewear-uv-protected-black-wayfarer-sunglasses-for-men-and-women/p/465601331_black?,"BESTSELLER Quick View Resist Eyewear UV Protected Black Wayfarer Sunglasses for Men and Women 3.7 |   662 ₹1,450 ₹4,999 (71% off) Offer Price: ₹ 1,015"
Ajio,sunglasses,GUESS,4909.0,7670.0,36.0,2761.0,,None,False,No,False,https://www.ajio.com/guess-men-uv-protected-gradient-square-full-rim-sunglasses--gus69736102wsg/p/460896337_black?,"Quick View GUESS Men UV Protected Gradient Square Full-Rim Sunglasses - GUS69736102WSG 3 |   2 ₹4,909 ₹7,670 (36% off) Offer Price: ₹ 3,927"
Ajio,sunglasses,John Jacobs,1999.0,6000.0,67.0,4001.0,4.1,None,False,No,False,https://www.ajio.com/john-jacobs-unisex-uv-protected-square-sunglasses-jj-s12961/p/464856716_grey?,"Quick View John Jacobs Unisex UV Protected Square Sunglasses -JJ S12961 4.1 |   34 ₹1,999 ₹6,000 (67% off) Offer Price: ₹ 1,499"
Ajio,sunglasses,VOYAGE,600.0,3000.0,80.0,2400.0,4.4,None,False,No,True,https://www.ajio.com/voyage-men-uv-protected-round-sunglasses-2206mg3770/p/466285908_black?,"Quick View VOYAGE Men UV-Protected Round Sunglasses-2206MG3770 4.4 |   542 ₹600 ₹3,000 (80% off) Offer Price: ₹ 540"
